   -8.59408e-05    -2.40102e-04    -2.51995e-04
    3.45110e-04     4.24225e-04     2.03551e-04
    2.56932e-04    -1.18952e-04     3.38192e-04
   -5.24639e-05     3.00802e-04    -1.21802e-04
    8.84388e-05     1.74315e-03    -2.73600e-04
    3.56071e-05    -4.01770e-04    -4.77716e-04
   -2.18300e-03     1.59628e-03     1.37860e-03
   -6.16954e-05     2.08341e-04     4.30774e-05
   -2.31756e-04     6.59882e-05    -3.80736e-04
   -2.16090e-04    -1.28920e-04    -2.16934e-04
    1.88377e-04    -2.88188e-04     5.00269e-04
   -2.34137e-04     2.18206e-03    -1.23064e-03
    1.77914e-04     4.75697e-04     4.05136e-04
    6.90877e-05     3.00597e-04    -5.20981e-05
    2.51843e-04    -3.51438e-04     7.64220e-04
    7.46848e-07     5.06148e-04     1.73067e-04
    2.44617e-04    -1.01116e-03    -1.04233e-03
    2.25395e-05     2.08522e-04     2.86787e-04
    4.22857e-04     2.66619e-03    -4.50619e-03
   -2.56369e-04     4.97463e-04    -1.42209e-03
    7.49950e-05     1.23427e-04     3.04934e-04
    2.43005e-04     2.63438e-04    -3.16570e-04
   -2.28282e-04    -1.38824e-04     3.38687e-04
    1.22405e-04    -1.42973e-04    -9.58408e-05
    2.10674e-04     1.05853e-04    -3.29672e-04
    1.09404e-04     1.64819e-04     1.07314e-05
    2.14905e-04    -1.89938e-04     4.34900e-04
   -5.48434e-05     2.79932e-04     1.61057e-04
    6.49074e-05    -1.60991e-04     1.56597e-04
   -3.55818e-05     2.36069e-04     1.60141e-04
   -3.95155e-04     6.20281e-04     6.29958e-04
    1.15262e-03    -8.84290e-04    -1.61991e-03
   -4.54058e-05     1.57719e-04     2.25576e-04
   -1.63715e-04    -2.26594e-04    -1.05337e-04
    1.58913e-04     6.04043e-04     2.96177e-04
   -8.71410e-04    -2.24714e-03    -2.61648e-05
   -7.22682e-05    -3.70500e-04     3.02872e-05
   -1.16031e-04     1.26064e-04     1.45355e-03
    5.17680e-04    -2.39725e-04     4.07621e-04
   -1.98957e-04     1.42216e-04     2.85755e-04
   -4.77326e-04    -2.36697e-04     1.16677e-04
   -5.83038e-05    -1.41149e-04     2.16090e-04
    2.57145e-04     7.73505e-04    -3.11598e-04
    2.26610e-04     5.46100e-04    -2.80867e-04
    2.93790e-04     2.46006e-04    -2.83824e-04
    2.52830e-04     6.23050e-05     3.69533e-05
   -3.02906e-04    -1.01453e-04    -1.39038e-04
    7.11500e-04     5.85103e-04    -1.13252e-03
    7.84778e-05    -1.57779e-04     1.50784e-04
    2.40706e-04     7.41676e-06     4.58361e-05
   -3.51941e-04    -4.08775e-04     8.88127e-04
    1.10000e-04     9.75635e-05    -2.01314e-04
    1.09646e-04     8.75821e-05     1.21884e-03
   -1.17853e-04    -7.43622e-06    -2.21127e-04
    1.40338e-04     1.39117e-04    -6.47382e-05
   -9.22201e-04     8.05719e-04     8.69912e-04
   -9.73995e-05     8.12364e-04     2.55710e-04
   -9.99230e-04    -5.72273e-05     1.31700e-03
    9.47834e-05    -1.86385e-04     4.80640e-05
   -3.92433e-05     5.45026e-04     1.12508e-03
    8.80935e-05    -5.28400e-04     1.07817e-04
    1.96908e-04     2.33305e-04    -2.88614e-04
    9.26927e-05     6.35353e-05    -3.87555e-04
   -6.74917e-05    -1.97364e-04    -1.72010e-05
    1.13770e-03    -3.42512e-03    -3.88929e-03
   -5.27900e-04    -2.41058e-04     1.49938e-04
    9.80879e-04    -5.07352e-04    -1.84089e-03
   -2.83734e-04     1.68134e-04    -3.16725e-03
   -1.82163e-04    -2.01202e-04     2.33188e-04
   -2.14459e-04    -2.28481e-04     2.82357e-04
    6.89426e-06     4.87606e-05     6.33189e-04
    3.78950e-04     2.91401e-04     1.87212e-04
    1.15388e-03    -3.07344e-04     1.26476e-03
   -8.65081e-04    -1.08295e-03    -7.12758e-04
   -2.60230e-04    -1.62858e-03     4.92682e-04
   -4.69231e-04     4.15746e-04    -2.92452e-04
    1.63094e-04     5.63289e-04     6.71110e-04
    4.12676e-04     1.29551e-04     3.98694e-04
   -1.08427e-03    -1.54097e-04     3.35184e-04
    1.08766e-04    -4.24749e-04    -2.90617e-04
    2.99315e-04    -1.41468e-04    -2.60936e-04
    2.50090e-04     2.50769e-04    -1.50775e-04
   -4.28119e-04     2.78640e-04     3.18940e-04
    2.16507e-04     2.54025e-04    -1.51257e-04
    6.31185e-05     2.32253e-04    -5.74883e-06
   -9.84666e-05    -1.42875e-04     8.38705e-05
    2.27734e-04     1.67624e-03     4.70707e-04
   -3.24250e-04     1.28518e-03     2.45759e-04
    6.16670e-04     1.23168e-03     2.59461e-04
    5.76967e-04    -2.92916e-04    -3.34865e-04
   -3.38394e-04    -5.92636e-04    -4.10408e-04
    1.06702e-03    -1.59118e-03    -6.94776e-04
    3.08271e-04     5.26008e-05    -3.64057e-04
   -3.68565e-04     1.21672e-04     2.07451e-04
    1.21967e-03    -2.16091e-04     9.71345e-04
    2.73627e-04     1.31464e-05    -3.92367e-04
    1.00975e-04    -7.38791e-04    -5.17860e-04
   -1.64910e-04     8.93524e-04     1.00581e-03
   -9.47282e-04    -5.36714e-04     3.59013e-05
   -2.21648e-04    -4.76906e-04    -3.71235e-04
    6.39402e-04     3.25247e-03    -2.66692e-03
    4.30286e-05     1.64691e-04     8.32063e-05
   -1.58853e-05     6.13081e-05    -2.27434e-04
    5.07395e-04     3.22820e-04     9.19226e-04
   -1.86307e-04     4.14674e-05     2.90363e-04
   -1.63646e-04    -2.47712e-04     3.71896e-04
   -1.94093e-04    -4.28156e-05     1.43459e-04
    1.36621e-04     1.03659e-04     2.35205e-04
   -2.37135e-04    -2.31907e-04    -1.08869e-04
   -7.12460e-04     4.23178e-04     2.66218e-03
    1.61874e-04    -1.14097e-03    -2.75374e-03
   -2.24145e-04    -6.81658e-04     1.10923e-04
    3.20587e-04    -9.62990e-05    -2.70642e-04
   -4.68910e-04     3.60986e-04     1.07945e-03
   -1.22021e-04     1.30797e-04     2.73861e-04
    2.73526e-07    -1.53273e-04     2.11782e-04
    9.56907e-06     1.53161e-04    -1.13052e-04
   -8.45061e-05    -1.96512e-04     2.87810e-05
   -2.34836e-04     1.81755e-04    -5.19403e-05
    6.19216e-04     2.93240e-03     9.50118e-05
    6.02306e-04     2.88999e-03     5.72576e-04
   -2.37522e-04     1.88272e-04     1.33358e-05
    3.28461e-04     2.48868e-03    -5.77208e-04
    7.57632e-04     9.38731e-04     1.59625e-04
    2.97680e-05    -1.26183e-04    -1.58878e-04
   -4.14261e-04    -7.42724e-04    -4.57153e-04
    1.12618e-04    -2.09246e-04    -3.51166e-05
    8.78568e-04     3.98642e-03     1.71292e-03
   -1.78446e-04    -2.26921e-04    -2.25127e-05
   -4.91467e-04    -2.32947e-04     3.36543e-04
    1.61914e-04    -4.53294e-04     7.23247e-04
    4.63543e-05     3.23502e-05     1.94257e-04
   -3.07189e-04     5.44904e-04     3.52242e-04
    1.33194e-04    -1.25141e-03    -6.13739e-04
   -1.18810e-04    -2.43464e-04    -1.32125e-04
   -3.69807e-04    -5.08487e-04     3.90601e-04
   -1.57254e-03    -1.81434e-04     1.32937e-03
   -9.19879e-05    -2.04657e-04    -7.29629e-05
    2.27225e-05     5.48970e-04     4.19444e-04
    9.12959e-04     1.69517e-03     3.08762e-03
   -1.41865e-03    -2.81359e-04     3.45998e-04
   -4.36442e-05     3.52861e-05     2.93857e-04
   -1.13456e-03     7.76247e-05     2.17905e-03
    8.95431e-05     4.44613e-05     5.29090e-04
   -5.32523e-04    -4.31910e-04    -5.76916e-04
   -9.36479e-04    -2.39483e-05    -4.89766e-04
    6.88249e-05     4.57876e-04    -4.26435e-04
   -2.22506e-04    -3.16890e-04     2.75810e-04
    1.44215e-03     4.43148e-03     1.69675e-03
    3.78166e-05    -3.36397e-04    -1.16565e-04
   -4.52037e-04     6.76368e-05     7.31702e-04
    4.65540e-04     1.37849e-03     1.08817e-03
    2.98529e-04    -1.39843e-05     2.25366e-04
   -9.11280e-05    -8.77804e-05     4.90588e-04
   -2.23424e-05     8.38842e-04     6.78912e-04
   -6.69215e-05     7.29114e-04    -2.03525e-04
    4.14864e-06     2.01755e-04     8.14343e-04
   -5.92813e-04     4.27183e-04    -3.31555e-04
    7.92423e-04     3.56092e-03     2.97132e-05
    1.07093e-03     1.40956e-03     1.60419e-03
   -9.33539e-05    -3.22759e-04    -3.38471e-04
    4.93047e-04     2.14446e-03    -5.54681e-04
   -6.49583e-04     2.57605e-04     1.42955e-03
   -2.25236e-04     2.26786e-04     4.66940e-04
   -1.03902e-03    -5.94452e-05    -8.28191e-04
   -7.12688e-05     1.74130e-04    -1.23278e-04
    8.40413e-04     5.32424e-04     1.31763e-03
   -1.29776e-04    -2.10397e-04    -5.00267e-05
   -2.12030e-04     1.90884e-04     5.25345e-05
   -1.28074e-03     1.54158e-04     8.15764e-04
    1.00266e-04     8.12165e-04    -7.38633e-04
    2.49040e-04    -3.22832e-04    -7.58687e-05
    7.88151e-05    -1.76845e-04     1.53464e-04
   -7.33230e-04     1.41073e-03     3.88976e-04
   -1.84922e-05    -8.85168e-05     3.51307e-04
    3.81912e-05     3.52313e-04     1.68215e-04
   -3.57940e-04    -2.12456e-04    -7.00000e-05
   -5.50884e-05     1.84710e-04    -5.13192e-05
    8.60186e-05     6.13545e-04    -2.69749e-03
    1.50898e-04     5.35188e-04    -2.44732e-05
    1.00601e-04     1.08147e-04     2.13483e-04
    3.77777e-04    -7.61094e-06    -4.19105e-04
   -4.93464e-05    -1.37266e-04    -6.30355e-04
    1.17116e-03     7.31894e-04     1.08521e-03
    9.49818e-05    -3.69510e-05     2.68156e-04
   -1.51063e-04    -3.78160e-05     3.82033e-04
    8.07463e-04     3.50794e-05     1.39565e-05
    2.01216e-05     3.40137e-04    -4.41349e-05
    1.39902e-04    -2.12739e-05    -3.20443e-04
    7.21850e-04    -2.00844e-03     8.26333e-04
    8.32343e-05     1.25352e-04     6.46786e-04
    7.93861e-05    -4.17865e-04     6.77057e-04
    3.11030e-04    -2.40087e-04     2.10807e-04
    6.98905e-04     3.67777e-03    -2.29809e-03
   -1.35506e-03    -2.89879e-03     1.40303e-03
    4.34122e-05    -5.18908e-05     3.91628e-04
    8.79634e-04     1.79702e-03     1.12555e-03
   -7.72788e-05    -6.55754e-05    -2.85569e-04
    3.48689e-04     2.62706e-03    -1.47898e-03
    3.72461e-04    -1.32877e-03     1.20792e-04
   -2.48686e-04     3.09270e-05    -7.12887e-05
    2.51582e-05    -1.12108e-04     2.38049e-04
   -2.12468e-04     2.46758e-04    -2.89182e-04
   -1.15959e-03     6.61083e-04     3.73223e-04
    2.44338e-05     1.51779e-04    -1.45047e-04
    5.46884e-05     2.63271e-04    -7.10218e-05
   -2.34622e-04    -7.24566e-05     1.58858e-04
    1.77375e-03    -1.63081e-03     2.65177e-03
    4.18863e-05    -2.61377e-04     3.21494e-04
    1.64925e-05    -3.04982e-05     2.73834e-04
   -1.35183e-03    -1.48921e-03    -9.69446e-04
   -1.01161e-05     4.48015e-04    -4.76722e-05
    9.48005e-04     1.12212e-04     6.18261e-04
    2.52509e-04     5.26191e-04     5.85668e-04
    1.15804e-04    -3.22226e-04    -3.41059e-04
   -5.12764e-07    -2.85903e-04    -8.12375e-06
    1.32750e-04    -4.89374e-05     2.24723e-04
    2.66143e-04     1.61262e-04     1.98781e-05
    2.23788e-04    -2.81171e-05    -1.23960e-05
   -3.77607e-03    -4.78605e-04    -1.25859e-03
    9.27687e-05    -6.63139e-05     1.91210e-03
   -2.05140e-04    -2.03299e-05     5.26956e-05
   -2.39857e-04     1.69495e-04    -7.82070e-04
   -4.85821e-05     5.42382e-05    -2.03815e-04
    4.77634e-04    -8.99862e-04     1.73078e-04
    3.70905e-04     8.88860e-04    -2.02679e-03
   -1.83459e-04     8.55059e-05     5.64364e-05
   -4.30971e-05    -1.85264e-04    -1.05673e-04
   -3.16801e-05    -1.87309e-04     1.26967e-05
    5.29104e-04    -4.67407e-04    -1.69317e-03
   -1.78405e-04    -1.11665e-04     5.72040e-04
    2.95588e-04     5.16331e-04    -9.61133e-06
    5.68856e-04     3.05512e-03     1.68967e-03
   -2.79555e-04     1.35765e-04     1.21377e-04
    1.87753e-04    -2.15057e-04    -3.31436e-04
    3.21746e-05    -1.19888e-04     2.13986e-04
    1.82272e-04    -2.26208e-04     4.53588e-04
   -1.13891e-04     2.48293e-04    -1.08792e-04
   -1.59800e-04     1.21711e-04    -5.64383e-05
    4.99795e-04    -3.43881e-04    -1.10049e-03
    4.74864e-05    -5.21615e-04     5.59607e-04
   -7.87730e-04    -3.16637e-04     2.05822e-04
   -1.33832e-04    -1.76838e-04    -2.50362e-05
    2.64351e-04     2.18490e-04     4.80710e-05
   -4.98235e-04    -4.95633e-04     2.13730e-04
    7.80361e-05    -2.98821e-04     7.80281e-05
   -4.59938e-04    -2.19838e-04     1.50267e-05
    2.42617e-04     2.69529e-04    -6.35570e-06
    1.57394e-04     5.32204e-04     1.17635e-06
   -2.73119e-04     4.66311e-04     3.90821e-04
    1.60192e-04    -6.94449e-04     9.03161e-04
    1.22635e-05     4.46663e-04     7.64621e-04
    1.65111e-04     7.66826e-05     9.93712e-05
   -2.65268e-04    -7.59509e-05     6.05670e-05
    3.55823e-04     2.10159e-04    -4.59352e-04
    5.02685e-04     1.30726e-03     3.96383e-04
   -9.16670e-05    -2.54061e-04    -8.16579e-04
   -1.39912e-05     1.66225e-04     1.06903e-03
    5.68391e-05     5.54115e-05    -3.17502e-04
    3.47925e-05     7.04377e-04    -1.78851e-04
    5.55057e-04     9.64459e-04    -3.64674e-04
    1.78529e-03    -6.06074e-04     1.54472e-04
   -9.12447e-05     1.35401e-04    -1.20184e-04
   -4.67536e-05     2.27064e-04     1.84045e-06
   -2.37151e-04     8.46557e-04     1.69038e-03
    9.59198e-05     5.46195e-04     1.10438e-03
    1.16668e-04     3.39426e-04    -1.53488e-04
    2.83502e-04    -5.24276e-05    -1.33525e-04
   -1.43035e-04     1.98673e-04     3.07755e-05
    1.54540e-04     2.95829e-04     1.91282e-04
   -1.05292e-03    -1.08583e-03     2.33951e-03
    5.22918e-04     1.45430e-03    -4.79807e-03
    3.27409e-04    -3.16507e-04    -4.79054e-04
   -2.94061e-04    -7.04501e-05    -6.25626e-05
    2.95785e-04     2.46292e-04     9.94199e-04
   -1.40300e-04     2.20178e-04    -1.68124e-04
    5.27993e-04     1.57355e-03     2.82185e-03
    1.72601e-04     4.43367e-04    -4.79492e-05
   -1.87997e-04    -1.06754e-04     4.65224e-05
    1.12754e-03    -1.13739e-03    -1.30988e-04
   -7.75042e-04    -3.15725e-04     3.51896e-04
   -1.33568e-04    -2.83141e-04     2.30232e-04
    4.98180e-04     3.59996e-04    -8.36360e-04
   -4.54887e-04    -1.25031e-03    -1.18673e-03
   -1.82349e-04    -4.51354e-04    -6.13389e-04
    7.47892e-04     8.89734e-04     4.64699e-03
   -2.10716e-07     2.12968e-04    -5.71605e-06
   -5.43878e-05    -4.27056e-04     4.22813e-03
   -1.37535e-04     1.05141e-04    -2.48891e-04
   -1.93690e-05    -2.54281e-03     2.92526e-04
   -3.61957e-05    -1.20362e-03     7.91745e-04
    4.28113e-04     1.81669e-03    -5.88557e-04
   -6.61991e-04     6.67918e-04     7.99614e-04
   -8.17865e-05     8.98778e-06     5.17187e-04
    7.95799e-04     2.86569e-03     1.77900e-03
    7.52407e-05    -1.80629e-04     9.72267e-04
    8.20286e-04     3.05290e-03    -2.26869e-03
   -3.78693e-05     3.38574e-04     1.57950e-03
    8.38416e-05     9.37525e-05     1.48896e-04
   -5.45691e-05    -5.35464e-05    -1.80714e-04
   -4.97784e-04    -3.94643e-03    -2.04867e-03
    4.98594e-04    -4.95751e-05     2.46610e-04
    1.18892e-03    -1.17192e-03     3.83765e-03
    6.62068e-04     4.86319e-04     1.49562e-04
    1.74136e-04     3.44860e-05    -1.11651e-04
   -3.35813e-05    -1.02552e-04    -1.83685e-04
   -2.04679e-04    -4.19341e-04     6.12487e-04
    3.44331e-04     1.75501e-05     6.02101e-04
   -2.07785e-04     9.98168e-06     1.65697e-04
    3.64516e-04    -3.52038e-04     4.14250e-04
    3.38988e-04     1.61294e-03     3.36162e-04
    4.56970e-05     4.65257e-05     2.14055e-04
   -7.34726e-04    -5.11978e-04    -5.38327e-04
   -1.82119e-04    -3.07100e-04    -1.31859e-04
   -7.65325e-04    -1.84055e-03     4.97174e-04
    4.86592e-05    -2.75128e-04     1.86241e-04
    5.43849e-04     1.69771e-04     1.70566e-05
   -2.38825e-05     2.14445e-04    -1.75999e-04
   -3.96634e-05     4.03293e-05     2.07655e-04
    6.51154e-04     1.53108e-03     5.93905e-04
   -2.01402e-04     3.17865e-04     1.64077e-04
    1.32165e-04     1.02506e-04    -1.27687e-04
    4.10918e-04     3.69975e-04    -3.22820e-03
    3.31228e-04     1.00279e-04    -2.61143e-04
   -1.28611e-04     1.23892e-04     3.54656e-04
   -4.94984e-04    -2.27524e-04     4.14361e-04
   -1.68792e-05     1.55805e-04    -6.05450e-04
   -8.17498e-04    -1.61369e-03     1.94931e-05
   -4.75548e-04    -2.31294e-04    -1.03589e-04
   -4.85723e-04    -2.39477e-04     1.65818e-04
    6.46022e-04     5.09697e-05     2.59141e-04
    1.16877e-03     2.75670e-04    -1.02761e-03
    3.65155e-04    -2.93868e-04    -2.24310e-04
    8.58930e-04     3.06437e-03     2.30377e-03
   -2.06328e-04    -1.97888e-04    -3.77287e-04
    4.36425e-04    -1.50304e-03    -7.08691e-04
   -2.55773e-03    -4.51879e-04     4.99262e-04
    1.77188e-04    -1.38704e-04    -1.45552e-04
   -1.42523e-04     1.38997e-04     1.23219e-04
    1.94319e-04     1.01961e-04     1.39993e-04
   -3.15788e-04     1.10420e-04    -7.18505e-04
   -1.55643e-04     1.62458e-04     4.17896e-04
   -4.59362e-05     3.38032e-04     1.03348e-04
   -2.61213e-04    -6.29007e-05    -7.14276e-05
   -7.00818e-04     4.49372e-04     4.06548e-03
    7.66380e-04     9.08547e-04     4.34029e-03
   -7.79923e-05    -3.00397e-04     1.82989e-04
   -1.70355e-04     1.86290e-04     3.85256e-05
   -1.19002e-04    -7.18142e-04     4.06949e-04
   -1.07594e-03    -3.53085e-03    -1.46860e-03
    1.74853e-05     1.08759e-04     2.86495e-04
   -5.12562e-04     7.80185e-05     2.73346e-04
    8.81222e-04     3.06918e-04     7.20206e-05
   -2.66065e-06    -3.29663e-04    -2.11220e-04
   -1.21925e-04    -2.30807e-05    -4.29901e-04
    1.77585e-04     1.54481e-04    -2.28495e-05
   -5.25823e-04     1.19050e-04    -6.25220e-04
    1.04922e-04    -3.60326e-04     3.18217e-05
   -2.88770e-04     1.45229e-04    -6.62132e-05
   -9.67271e-05    -2.34969e-04     6.86832e-05
    4.01786e-04     5.24830e-04    -1.93531e-04
    1.02294e-03    -1.06359e-03     1.42842e-03
    1.53498e-03    -4.01799e-03     1.16931e-03
   -8.67954e-04    -3.22512e-04    -2.54727e-04
   -1.51099e-04     1.80289e-04     6.05162e-05
    6.46306e-04     2.85478e-03    -1.44858e-03
   -1.04299e-04    -7.21414e-05     2.90451e-04
    1.91746e-04    -2.94721e-04    -1.60780e-04
   -5.76836e-05     4.34622e-04    -2.15656e-04
    2.52149e-04    -7.90045e-04    -2.40956e-04
   -9.65444e-05     1.40336e-03    -1.20575e-03
    9.67720e-05     6.49164e-06    -2.03995e-04
   -2.24735e-04    -3.60599e-05     6.23640e-06
    6.72271e-05     1.61774e-04     3.95353e-04
    1.21584e-03    -7.70548e-04     2.22047e-03
   -2.39988e-04     6.55300e-05    -1.18262e-04
   -1.01328e-04     2.04820e-04     1.60378e-05
    5.78644e-04     2.96049e-03    -1.71316e-03
    1.01892e-04     6.82086e-05     1.97729e-04
    4.81832e-04    -1.66374e-05     2.98252e-04
    1.56855e-04    -6.88483e-05    -2.48030e-04
    2.05961e-05    -2.65858e-04     2.25410e-04
    1.71587e-04    -1.09772e-03    -1.86483e-04
    6.02379e-04     3.18480e-03     1.01278e-03
    6.84747e-06    -6.25736e-05    -2.14321e-04
    4.04920e-04     1.03534e-04    -7.44767e-04
   -2.31582e-04    -1.82840e-04    -6.58327e-06
    9.56186e-05     4.31328e-04    -1.50944e-04
   -1.59613e-04     1.54555e-04    -8.94781e-05
    2.37230e-04     1.25300e-04    -2.05632e-04
   -4.67373e-04     2.60223e-07     2.15062e-04
   -2.81800e-04    -7.12706e-04    -5.19025e-04
   -5.28936e-04    -6.94285e-05    -6.45489e-05
    3.36192e-04    -1.02416e-04     1.27328e-04
   -5.50787e-04     4.73104e-04    -1.87607e-03
   -2.16832e-04     3.95449e-04    -2.24096e-04
    3.46979e-04    -6.27136e-05    -2.55604e-04
    1.58855e-04    -1.62108e-04     3.12546e-04
   -1.06515e-05    -6.99483e-05     1.83722e-04
    1.50180e-04    -5.53740e-04    -1.46020e-04
    4.36980e-05     2.00010e-04    -1.02876e-04
   -1.77440e-05    -3.11759e-04    -1.69355e-04
   -4.20604e-04    -7.76743e-05    -3.83089e-04
   -1.18516e-04    -1.59383e-03    -4.28848e-03
    6.28731e-04    -7.53205e-04     4.06626e-04
   -8.51407e-04     4.66090e-04     3.34857e-04
    6.61028e-05     3.43830e-05     3.47890e-04
    5.94791e-05    -2.48598e-04     1.87847e-04
    6.23353e-04     1.45104e-04     1.04221e-03
    2.24425e-04     8.17544e-04    -3.65366e-04
    1.15761e-04    -4.91023e-04    -3.27948e-04
   -1.78644e-04     4.52861e-04     1.39392e-03
   -4.26883e-04     3.34330e-04     1.98723e-04
   -1.02134e-05     2.01171e-04     5.28688e-04
    1.16671e-05    -2.18526e-04    -7.10969e-05
   -3.83925e-04     1.75507e-04     4.50706e-04
   -1.02037e-04     1.19730e-04     1.76490e-03
    1.99987e-04     1.39832e-03    -1.11016e-03
   -1.22404e-03     2.80623e-03     3.32577e-03
   -1.16139e-04    -1.07220e-03     5.44713e-05
    3.75761e-04     9.84501e-06    -8.26723e-04
   -7.28919e-05     2.08834e-04     2.82256e-05
   -1.84664e-04     5.54205e-05     7.97670e-05
    5.35015e-04     1.25047e-03     1.61886e-03
    4.71528e-07    -2.91599e-04     4.31823e-04
    2.33209e-04     7.51563e-04     3.55706e-04
   -5.07807e-05    -1.76000e-05    -5.87249e-04
   -2.30143e-04     5.44520e-04     2.36500e-04
   -3.82804e-05    -2.98819e-04     1.25876e-04
   -3.01708e-04     1.36018e-04    -1.63647e-04
    3.47992e-04    -2.23914e-05    -9.58201e-04
   -2.94365e-04    -3.40691e-04     1.38805e-04
   -2.12881e-04     4.98627e-05     3.51561e-04
   -4.39195e-04    -8.48650e-05     6.59244e-04
    2.07515e-04     5.10216e-04    -3.58342e-04
   -4.34277e-04    -6.51350e-04    -6.38431e-05
   -1.58158e-04    -2.55140e-04    -1.18887e-04
    3.61027e-04     6.61973e-04    -2.87808e-05
   -1.81584e-03     2.72757e-05     8.16855e-04
    2.13966e-04     7.06085e-04    -8.43159e-05
    2.39766e-04     1.77864e-03    -1.36995e-03
    3.10527e-04    -9.44208e-04    -7.92024e-04
    1.28741e-03    -1.93422e-03    -6.04746e-04
   -4.99562e-05    -2.35887e-04    -4.75074e-05
   -4.32879e-04    -2.20076e-06    -2.44353e-04
   -2.54167e-03    -4.20034e-03     1.75209e-03
    7.12100e-04    -3.78817e-05     6.38015e-04
   -8.81080e-04    -3.01987e-03    -4.74031e-04
    4.20774e-04     1.18793e-03    -2.44660e-03
   -3.52612e-05    -2.69493e-04     1.51458e-04
    3.07482e-05    -6.97751e-04     5.12672e-04
   -3.41822e-05     1.79695e-03     1.56412e-03
   -7.79445e-04     6.79160e-04     2.87491e-03
   -2.64734e-04    -8.14350e-04    -1.77273e-04
    6.30987e-04     3.07365e-03    -3.42109e-04
    7.43474e-05     2.31922e-04    -6.08545e-05
    8.81389e-06    -2.52632e-04    -1.04475e-05
   -3.25599e-04     2.11626e-04    -1.72337e-04
    2.71508e-04     6.56917e-05     4.58590e-05
    2.84581e-04     1.43786e-04    -4.48532e-04
    8.56553e-05    -1.90625e-04    -3.59565e-05
    1.17731e-04    -2.69981e-04    -9.36558e-04
    1.02314e-04    -2.25839e-04    -5.10496e-04
   -1.53250e-04     1.99368e-05     3.91014e-04
    3.13024e-04     9.97225e-04    -6.72262e-04
    2.20701e-04     4.60371e-04     1.64784e-04
    7.41083e-04     5.78581e-04     1.66544e-04
   -1.11761e-03    -1.27927e-03     4.92888e-03
    8.37226e-04    -4.32282e-04    -4.31783e-04
   -2.80599e-04    -1.20364e-03    -8.89241e-04
   -2.97326e-04    -2.19378e-04     6.44701e-05
   -3.42578e-04     5.49145e-04    -7.11531e-04
   -1.93763e-03    -1.58342e-03    -3.57941e-03
   -2.97813e-04     5.87461e-05     1.35876e-04
    1.38314e-04    -2.98884e-04     5.18112e-05
    4.90604e-04    -3.82767e-04    -2.19548e-04
   -3.69227e-04    -5.22061e-04     4.48109e-04
   -1.66428e-04    -1.90043e-04     2.30599e-04
    3.81712e-04    -2.67125e-04     1.40545e-04
    1.93273e-04     2.04861e-04    -2.36329e-04
   -1.02612e-04    -1.19767e-04     1.24816e-04
   -1.55429e-04     2.48615e-05    -2.98798e-04
   -1.92733e-04    -4.74593e-04     4.32756e-04
    3.08588e-05     7.48329e-04    -7.31393e-04
    7.47965e-04    -9.75935e-05    -1.04680e-04
   -1.87211e-05     2.13823e-04    -8.34930e-05
    4.00380e-05    -1.29682e-04     1.89567e-04
   -1.54660e-03    -5.05717e-04     1.42517e-03
    2.51176e-04    -6.32968e-05    -3.31939e-04
    2.44635e-04     9.43882e-04     1.66610e-03
   -4.17447e-04    -2.23312e-04     5.26288e-05
    2.22288e-04     4.79872e-04    -1.54774e-04
    2.57954e-04    -5.00359e-04     5.91318e-04
    1.08046e-03     2.95364e-03     4.84917e-04
   -2.50593e-05    -1.86163e-04    -5.91913e-05
    1.71087e-05    -1.82359e-04    -5.41625e-05
   -2.49212e-04     1.18120e-04     1.20246e-05
   -1.04413e-04     2.35578e-04    -1.68979e-04
   -8.42296e-05    -1.15863e-04    -1.31450e-04
    1.03848e-04     1.48280e-04     1.05509e-04
   -7.70329e-05     2.09937e-03    -2.94373e-03
    5.33492e-05     5.73468e-04    -3.88687e-04
    8.35716e-04     1.55593e-04    -6.29338e-04
   -5.21246e-04    -7.60579e-04    -5.50064e-05
   -3.00709e-04    -1.05459e-04    -4.96792e-04
   -3.50949e-04     1.49557e-03     6.01307e-05
   -1.16500e-03    -2.33140e-03    -1.56443e-03
    1.76572e-04     3.03352e-05     1.52464e-04
   -2.18577e-04     1.13677e-03     2.56301e-03
   -1.25661e-03    -1.04967e-03     3.37603e-03
    2.92286e-04     9.92522e-04     6.70626e-05
    3.86173e-04    -6.15494e-05    -3.45815e-04
   -1.93966e-04    -3.97074e-04     3.38843e-04
   -2.84509e-04    -1.45047e-04    -3.09769e-04
   -1.11814e-03    -4.50232e-04    -7.55364e-04
   -8.75298e-06    -1.58392e-04     1.21511e-04
   -3.05039e-04    -3.00914e-04     1.00914e-04
    8.99305e-05    -7.08243e-05    -6.87954e-04
   -7.72367e-05    -2.39298e-05     2.52377e-04
    1.35003e-04     1.87117e-03    -4.76965e-03
   -4.72843e-05    -8.56503e-05    -2.14406e-04
    3.36068e-05     2.27213e-03     4.98633e-04
   -4.96533e-04    -1.65888e-03     1.74445e-03
    1.10341e-03     3.82865e-03     8.36452e-04
   -5.91436e-04     5.20832e-04    -3.95249e-04
   -9.76524e-05     2.43444e-05    -6.11650e-04
   -1.89301e-04    -9.50358e-05    -1.14180e-04
    2.57070e-04    -4.01621e-03    -2.42220e-03
    7.72577e-05     2.36598e-04    -8.04796e-05
    7.13480e-04     2.34800e-03     2.62704e-03
    1.57083e-05     1.87838e-05    -2.19303e-04
    8.95561e-05    -1.46371e-04    -1.12206e-04
    3.03846e-04     1.33632e-03     1.76775e-03
    1.18165e-04    -2.45015e-04    -4.53318e-04
   -5.48080e-04    -1.29446e-03    -1.98359e-04
   -1.22075e-05     2.27366e-04     2.93058e-04
   -1.50359e-04    -2.85797e-04     1.64222e-04
   -5.33393e-04    -4.20108e-04     2.16436e-04
    1.26764e-05     9.40629e-05     2.42472e-04
   -1.38632e-04     1.40061e-04    -1.41207e-04
   -7.14755e-04    -5.92825e-04    -2.69021e-03
   -8.33318e-04    -2.61894e-03     2.46671e-03
    3.51676e-04    -2.23598e-04     2.36747e-04
    5.57860e-04    -1.42003e-03    -2.04015e-04
   -6.65166e-04     2.00379e-04    -5.81753e-04
   -1.83420e-04    -1.87059e-04     4.54620e-04
    3.74041e-05     1.37340e-04    -1.58075e-04
    1.57710e-04    -1.46853e-04    -7.26332e-05
   -9.90149e-05     1.97561e-03     5.13043e-04
   -9.96328e-05     1.25483e-04    -2.40704e-04
   -1.68277e-04     6.91810e-05    -1.69169e-04
   -1.99906e-04    -5.96500e-04     8.61416e-05
    3.62103e-04    -1.77943e-04     5.26264e-04
   -3.91457e-04     6.96783e-05     8.47690e-05
   -2.57237e-05     3.69720e-04    -4.86903e-04
   -1.19943e-03    -3.24978e-03    -1.06068e-03
   -2.63829e-04     1.41965e-04    -2.38157e-04
   -1.33980e-04     2.96602e-04    -4.36343e-05
    4.98291e-04    -6.03459e-04    -1.10124e-03
   -8.07213e-04    -1.62518e-03    -9.06142e-04
   -1.73860e-03    -1.30542e-03     1.08328e-03
   -1.71400e-04    -1.22263e-04    -1.41345e-05
   -1.40016e-04     1.29933e-04     1.26527e-04
   -2.15047e-04    -4.52732e-04    -4.98438e-04
    2.76692e-04    -3.80537e-04    -2.05964e-05
    5.23068e-05     8.58946e-05     3.78402e-04
    1.38449e-04     1.16725e-04    -8.20936e-05
    1.76034e-03    -3.19936e-03    -1.52714e-03
    1.17170e-04    -1.26931e-04    -1.14337e-04
    2.56881e-04     7.83325e-05    -4.26727e-05
    1.16007e-03    -8.54157e-04    -1.79778e-04
    6.18720e-05     3.19668e-04     5.19554e-04
    3.37163e-05     1.07751e-03    -5.87875e-04
   -9.52579e-05    -2.80949e-04    -2.40030e-04
   -1.87832e-04     2.61832e-04     3.13851e-04
   -2.43090e-04    -5.28788e-05     1.04274e-04
   -7.86314e-04     8.46152e-04    -9.09969e-04
    2.35860e-04     9.83186e-05     1.70694e-04
   -4.71029e-04    -1.23193e-03     4.15568e-03
    4.01273e-04    -4.06278e-03     3.44671e-03
    4.40052e-04     2.80372e-03    -4.43170e-03
   -8.29905e-05     1.79301e-04     3.67237e-04
   -7.46654e-04    -1.65763e-03     1.52255e-03
   -3.97875e-05    -4.83473e-04    -4.88668e-04
    1.28365e-04     3.41531e-05    -2.04205e-04
    2.64250e-05    -2.38532e-04     1.23860e-04
   -1.39459e-04    -3.62177e-05    -2.37047e-04
    1.48858e-04     1.67425e-04     3.79707e-05
    8.73405e-05     1.38738e-05    -2.36973e-04
   -7.08090e-04    -5.98478e-04    -2.71640e-03
    5.27480e-04     2.59241e-03     3.84312e-03
   -1.35230e-04     9.06228e-06    -6.94365e-04
   -9.88160e-05     3.82653e-04    -6.55653e-05
    2.98810e-04    -5.73122e-04     3.00695e-04
    1.97466e-04    -4.16261e-04    -3.51765e-04
    4.95670e-04    -1.31169e-03     2.05118e-03
    1.94266e-04    -7.72266e-05     3.86134e-05
    8.19773e-05     4.96754e-05     2.09582e-04
    1.47525e-04     1.46804e-04     5.44100e-05
   -9.64216e-05    -2.07230e-04     1.01750e-04
   -1.36336e-04     1.68843e-04    -6.89747e-05
    5.28429e-04     2.50387e-03    -3.04796e-04
    1.51965e-03     8.97069e-05     9.25796e-04
   -1.26112e-04     1.77679e-04     4.39166e-05
   -5.04188e-04    -9.63394e-05     2.59706e-04
    1.04445e-04     1.39117e-04    -9.80127e-05
    3.15452e-04     2.89813e-03    -1.81194e-03
    4.97659e-06    -6.12327e-04     2.86283e-04
    9.68085e-05    -1.61943e-04     1.58491e-04
   -1.97946e-04     6.10112e-04     2.19220e-03
    2.51420e-04     1.04669e-03    -3.15218e-04
   -7.46011e-05     7.64735e-04     9.74616e-04
    3.53363e-05     7.96858e-05    -5.43420e-04
    3.13869e-04     1.14393e-04    -2.64283e-04
    1.94847e-04     9.46887e-05    -1.49018e-04
   -1.15159e-03    -2.91283e-04    -9.14225e-04
    5.06506e-04     1.30260e-03     4.44184e-03
    3.22367e-05     2.13485e-04     2.72522e-04
   -4.83179e-04    -2.38607e-03     8.44457e-04
    9.93077e-04     4.81617e-03    -9.70892e-04
   -5.49624e-05     1.02118e-04     1.71001e-04
    2.51850e-04     1.66666e-03    -3.70589e-03
    2.41341e-04    -6.90069e-04     1.03670e-03
    8.05224e-05    -1.10758e-04    -2.03262e-04
   -2.06738e-04     5.69954e-05    -4.69573e-04
   -5.80199e-04    -2.72671e-03    -3.78266e-04
   -1.12428e-04    -4.85392e-04     3.94581e-04
   -1.71993e-04    -2.74011e-04     1.40416e-04
    1.33473e-03     1.18012e-04    -2.21354e-03
    1.45884e-05    -3.51930e-04    -2.28186e-04
    7.42237e-04     5.26784e-04    -1.02082e-03
   -9.01545e-05    -4.97046e-05    -2.34622e-04
    8.17428e-05    -8.42110e-05     1.81080e-04
    2.83136e-04    -7.58228e-05    -3.24753e-05
    7.49610e-04     3.57369e-03    -2.68343e-03
    4.57114e-05     2.45338e-04     1.86349e-04
   -1.17706e-04    -9.05967e-04     1.51916e-03
   -1.61915e-04    -3.22015e-05    -3.11348e-04
    6.29117e-06    -1.93763e-04    -5.66040e-05
    3.29270e-04     5.22981e-04     3.99257e-04
   -1.88510e-03    -5.71476e-04    -1.53776e-03
    1.34737e-03    -3.60986e-04     2.87774e-03
   -1.17356e-04     1.70444e-04    -1.57095e-05
   -3.61028e-04     2.15102e-04     3.55865e-04
   -1.91985e-04    -1.34060e-03     7.05319e-04
   -6.52940e-04    -2.58615e-06     8.13151e-04
   -2.52060e-04    -1.62344e-04    -7.74804e-04
    6.67104e-05    -1.29988e-04     3.56722e-04
   -5.12246e-05     3.01176e-04    -3.81150e-04
   -3.33172e-04    -3.17907e-04     7.59425e-04
    8.15623e-05     1.11480e-03     3.23974e-04
    5.89641e-05     1.27665e-04    -2.40192e-04
   -2.35209e-04     9.16132e-04    -8.56478e-04
   -5.18054e-04     3.35492e-04    -7.42075e-04
    3.09426e-05    -4.48950e-05    -3.89456e-04
   -2.87957e-04    -6.68418e-05    -5.15300e-04
    1.28369e-04     4.07890e-04    -6.85056e-04
    5.06229e-04    -3.95936e-04     2.58535e-03
   -1.85300e-04     2.59767e-04     7.23526e-06
    7.46704e-05     9.05393e-05    -1.51295e-04
    1.26209e-04    -3.04399e-04     6.00999e-04
   -3.75655e-03     2.26626e-03     1.36245e-03
    1.22034e-03    -4.97057e-04    -4.75088e-04
   -8.40729e-04    -1.92389e-04    -5.88842e-04
   -1.70602e-04    -8.72342e-05     1.54346e-04
    2.35568e-04    -6.50250e-04     5.84215e-05
    5.49141e-05     4.15875e-05     3.30285e-04
    9.03325e-04    -3.22008e-04     8.54814e-04
   -6.46833e-04    -5.28780e-04     9.81259e-04
   -1.88422e-04    -2.67318e-04     1.30142e-04
   -4.71330e-04     7.24019e-04    -7.68290e-04
    5.40061e-05     5.42548e-04    -1.02212e-04
    2.70595e-04    -3.21544e-04    -1.08970e-04
   -8.84318e-05     1.92367e-04     2.46949e-04
   -5.56481e-04    -7.64651e-04     2.72294e-03
   -1.84604e-04    -8.80738e-05    -1.52078e-04
   -1.57660e-04     3.44320e-04    -1.41800e-03
   -3.82289e-04     2.22682e-04    -9.09068e-04
   -4.77055e-04    -8.48829e-04    -4.36919e-04
    1.48088e-04     7.68967e-05    -1.44092e-04
   -1.16249e-03    -7.45024e-04    -5.08632e-05
    1.28403e-04     3.96663e-04    -1.91189e-04
    7.42343e-04     1.85281e-04    -4.14776e-05
   -2.10531e-04     1.51734e-04     2.58385e-05
   -1.69351e-04     2.88024e-04     8.41482e-05
   -4.52578e-04    -4.41275e-04    -1.73672e-04
    1.33379e-04     2.49803e-04    -5.83040e-05
    5.03141e-04     7.83026e-05     1.40236e-03
    3.19536e-04    -2.56928e-04    -6.14343e-04
    3.06036e-05     2.14792e-04     1.07548e-04
   -8.45779e-05    -1.66836e-04     8.00893e-05
    2.08121e-04    -2.05905e-04    -1.09366e-04
   -2.27983e-04    -2.77318e-03    -9.40589e-04
    2.41803e-05    -6.94879e-05     1.96736e-04
   -4.40355e-04    -1.46412e-03     2.69810e-03
    1.96986e-04    -2.16240e-05    -8.27896e-05
    4.90425e-04     8.28027e-04     6.74634e-04
    1.13560e-04     5.12218e-04    -3.72938e-04
   -9.12713e-04    -3.41524e-03    -5.17334e-04
    7.76503e-05    -6.12383e-04     4.42126e-05
    3.79588e-04    -1.29813e-05    -4.78734e-05
    4.39190e-05     2.50153e-04     3.10303e-04
   -1.35953e-04    -1.65302e-03     2.24484e-04
    7.05655e-05     2.53795e-04    -2.24930e-05
   -9.98091e-05    -1.65698e-04     1.45880e-04
    2.77489e-04     2.32014e-03     7.63940e-04
   -7.74408e-04    -4.34886e-04     2.14517e-04
   -2.77893e-04     4.55736e-04    -2.33265e-03
    7.86732e-04    -1.84247e-03    -8.84324e-04
   -1.36099e-04     9.19622e-04     1.25530e-03
    1.60600e-04     2.17839e-04     1.24517e-04
    4.79756e-05     2.20779e-04    -2.06850e-04
    5.59164e-04     2.86951e-03    -1.07323e-03
   -1.31744e-04     2.75984e-05    -6.32628e-04
   -1.40712e-03    -4.50667e-03    -9.95338e-04
   -4.03462e-05    -1.22369e-05     2.01139e-04
   -4.33755e-06    -1.79849e-04    -1.02592e-04
   -3.09072e-05    -5.41311e-04     7.18944e-04
    5.06167e-05     1.83177e-04     1.14996e-04
    1.42537e-04     3.86633e-05    -1.40318e-04
   -1.89569e-04     8.70909e-05     7.97723e-05
    1.59089e-03    -5.48515e-04    -1.76839e-03
   -1.03941e-04     1.69140e-04    -5.71245e-05
   -7.77910e-05     1.35956e-03    -3.58283e-03
   -4.79825e-04    -4.24287e-04     2.32589e-05
    2.77459e-05     1.97682e-03    -6.03156e-05
   -4.55874e-05    -6.18697e-05     2.47635e-04
   -1.28553e-05     1.64071e-03     1.34611e-03
   -3.94778e-04     5.11681e-04     6.02802e-04
   -2.19424e-04    -2.75534e-04     2.16717e-04
   -2.70463e-04     1.84409e-04    -3.36897e-04
    3.71335e-04    -2.71837e-04     3.47687e-04
   -2.82724e-04    -1.01400e-03     5.97013e-04
    4.14946e-04     9.28013e-04    -1.16930e-03
    9.36409e-04    -1.09892e-03     9.65324e-04
    1.38431e-04     1.36656e-04    -2.21924e-04
   -3.67337e-04    -2.14131e-04    -5.04613e-05
    6.36087e-04     6.34614e-04     1.83244e-04
   -6.38674e-04     4.93012e-04    -3.00319e-03
    2.34965e-04     9.88291e-05    -2.38991e-05
    2.85438e-05     4.05379e-04    -1.31377e-04
   -2.52399e-04    -3.41869e-04    -1.71024e-04
   -3.25852e-04    -2.28138e-05    -7.25037e-04
    8.95633e-04     2.22680e-03     4.86384e-04
    2.22645e-04     6.76532e-05     1.29759e-05
   -5.73420e-05     8.93676e-04    -2.25347e-05
   -5.01029e-05     1.16124e-04     1.81483e-04
   -6.88392e-04     2.21213e-04    -5.24418e-04
    4.01753e-05     3.59676e-05    -1.83983e-04
    1.03251e-04    -5.99098e-04     5.14223e-04
   -2.82505e-04     1.03261e-03    -2.20668e-04
    4.57501e-04    -6.17822e-04     6.55503e-04
    2.24661e-04     3.09649e-04    -1.20865e-03
    9.05272e-04     4.27794e-03     3.26659e-03
   -8.47562e-04     1.36694e-04     1.05610e-03
    2.07771e-04    -1.12793e-04    -2.10664e-05
    1.29459e-04     1.03307e-04     1.58824e-04
   -3.80194e-04     5.77995e-05    -4.92814e-04
    4.90890e-05     1.03308e-04     4.89608e-04
   -1.91713e-04    -1.17862e-04     5.80417e-06
   -2.96343e-04     3.78439e-05     2.38907e-04
   -2.26749e-04    -2.66955e-04     6.13025e-04
    3.70430e-04    -6.20434e-04    -1.06114e-05
   -4.36855e-04    -1.08951e-05     3.98207e-04
    3.87531e-04     1.52224e-03    -7.54431e-04
   -4.22855e-04     4.71951e-04     1.10298e-03
    6.81882e-05    -5.45204e-05    -4.49447e-04
   -4.50190e-05    -2.02572e-04    -2.96163e-05
   -1.92218e-05     1.63778e-03    -1.19863e-03
   -3.70267e-05    -3.04713e-04     1.89290e-04
    2.40682e-04    -2.70710e-05    -3.95292e-04
   -1.65964e-04    -4.38043e-05    -2.21143e-04
   -3.99601e-04    -6.44762e-04    -1.97315e-03
    7.68055e-04     2.16994e-03     1.54708e-03
   -1.89134e-04    -1.40053e-05     1.19466e-04
   -2.87984e-04     1.89780e-04     2.54140e-04
    9.68853e-05    -2.96788e-04    -5.28500e-05
    6.61130e-05    -2.44440e-04    -1.57486e-04
    9.11656e-04     4.62545e-03     4.20434e-04
    4.98602e-04     4.60403e-04     8.48572e-05
   -2.30211e-03    -9.16792e-05     9.95094e-04
    5.69913e-04     1.08023e-03    -1.33257e-03
   -8.10185e-04    -1.90498e-03    -4.80991e-04
   -2.17957e-04     2.10951e-03    -2.17326e-04
    4.91005e-05     1.06085e-03    -2.33394e-03
    5.80490e-04     6.40616e-04     3.93725e-03
   -3.16393e-04     3.16883e-04     2.36548e-04
   -2.92995e-04    -4.24838e-05     2.53340e-04
    5.86011e-05     1.01680e-03     3.70227e-03
   -5.37771e-04     4.97634e-04    -3.05135e-04
   -1.24397e-04     1.87474e-04     4.40301e-05
    9.13741e-05     1.87575e-04    -1.23250e-03
    4.43533e-05    -9.34694e-05    -2.93936e-04
    1.15275e-03     5.92646e-04     1.35940e-04
   -1.67930e-04    -1.41445e-03    -8.80420e-04
   -2.20770e-04     2.63137e-04    -1.27257e-04
   -7.12402e-04    -2.10746e-03     1.62110e-03
    1.39885e-04    -1.60010e-04    -5.20684e-05
   -8.81953e-06     2.74690e-04     1.17248e-04
    5.92050e-05    -1.76519e-04    -6.65027e-05
    5.92026e-05     5.77098e-05    -1.95814e-04
   -4.55595e-05     2.16898e-05    -2.64232e-04
   -1.51372e-04     1.71141e-04     1.06464e-04
    2.00462e-04     3.57794e-04    -7.09833e-04
    3.60203e-04    -6.62477e-05    -1.44176e-04
   -3.58790e-05    -3.33819e-04    -2.08457e-04
   -3.26915e-04     1.00122e-03     2.28491e-04
   -8.34345e-04    -9.53354e-04    -8.99970e-04
   -1.16178e-04    -4.45825e-04    -5.62920e-04
   -4.22393e-04    -2.42438e-03    -2.11777e-03
    3.08434e-04     2.59551e-04    -1.19548e-04
    8.49512e-04     3.11805e-03     2.70211e-03
   -3.05693e-04     2.96264e-05    -1.24658e-05
   -8.17236e-05    -1.72563e-04     1.16689e-04
    2.50778e-04    -5.35196e-05     7.38220e-05
   -3.63837e-04    -6.44707e-04     3.16056e-05
    1.47576e-04    -1.93210e-04     6.61266e-05
   -9.60752e-05     2.91986e-05     2.41329e-04
   -1.27414e-04    -1.45162e-04    -7.09112e-05
    2.83508e-05    -2.32864e-04    -1.87362e-05
   -1.68403e-04     1.11292e-03    -3.94466e-04
   -8.58376e-04     1.77976e-04     4.09276e-04
   -8.56771e-04    -1.06310e-03     1.84649e-03
    5.52003e-04     4.64357e-04    -3.87349e-04
    1.12065e-05     3.60412e-04    -5.97772e-05
   -9.88793e-05     7.75804e-05    -1.63114e-04
   -1.74740e-04    -1.12255e-04     7.37350e-05
   -9.01339e-05    -2.05125e-04     9.29884e-06
   -2.27308e-03    -1.94169e-03    -1.57477e-03
   -2.01267e-04    -5.03122e-03    -6.94602e-04
   -1.03783e-04    -2.88288e-04    -3.25302e-04
   -3.90406e-04    -3.54784e-05     1.70273e-05
   -2.37281e-04    -2.84520e-04     3.31913e-04
    9.37722e-04     3.19519e-03     1.03311e-03
    6.40330e-05     4.69573e-04    -1.85442e-04
   -1.05857e-03     1.21682e-03     2.75604e-03
   -2.18739e-04     1.71524e-04     1.75947e-04
    7.24806e-05    -1.46789e-04    -1.15462e-04
    2.54036e-04     2.84324e-03     3.88196e-03
   -2.21721e-05    -2.42269e-04    -8.21027e-05
    3.89386e-04    -1.81372e-04    -3.06916e-05
    1.54956e-04     4.85031e-05    -1.84046e-04
    3.01674e-04     3.80006e-05    -9.56341e-05
    2.84954e-04    -2.06218e-04    -4.96077e-04
    5.75563e-04    -8.66560e-04    -1.68187e-03
    2.61207e-04    -6.99609e-04    -1.24227e-03
    4.10349e-04    -3.44846e-04     8.67315e-05
    2.03688e-04    -5.94519e-05     1.08004e-04
    1.32324e-04    -1.29015e-04    -1.05970e-04
    1.13879e-04     1.92493e-04    -1.64107e-04
   -9.01397e-04     1.49697e-03    -2.89189e-04
    1.95075e-04     1.06545e-04    -3.26395e-05
    1.65841e-03    -1.57334e-03    -7.99646e-04
    2.81269e-06    -8.16969e-04    -1.70986e-04
   -4.66181e-05     5.76096e-05    -1.97771e-04
   -1.24399e-04    -2.79610e-04     6.11618e-04
    1.01022e-03     1.19854e-03    -6.36894e-04
    7.07113e-04     3.52743e-03    -6.96904e-04
    2.49374e-05     1.93786e-04     1.45355e-04
    1.26441e-04    -1.52870e-04    -7.44441e-05
   -1.97699e-04    -4.94793e-04    -1.89677e-06
    5.99278e-06     8.46773e-04     1.51958e-04
   -9.63661e-05    -4.65815e-04    -1.83302e-04
    2.49761e-05     1.40468e-04     2.34819e-04
    3.60500e-04     4.16820e-04    -9.81785e-04
    5.51177e-05    -2.99108e-04     1.53938e-04
   -7.85633e-05     4.22735e-05    -5.03099e-04
   -2.70482e-04     4.69614e-06    -1.79405e-04
    9.97588e-04     8.67724e-04     1.85332e-03
    4.16868e-05     2.88711e-04    -5.66840e-04
   -3.34509e-03    -2.16393e-03     1.55517e-03
   -1.46263e-04     1.90275e-04    -1.77097e-04
   -2.91963e-05     6.02787e-08     2.01530e-04
    4.18080e-05     4.89108e-05     2.23391e-04
   -1.53949e-04     3.82811e-04    -9.77494e-04
    1.21358e-04     1.25062e-04    -4.53536e-04
    1.81650e-03    -2.05162e-03    -3.65928e-03
    7.62180e-04     2.00047e-04    -2.61138e-04
   -3.92274e-05     2.59396e-04    -5.65303e-05
   -6.41469e-06    -4.27898e-04    -1.54659e-04
    5.86387e-04    -1.64243e-04    -3.39909e-05
   -2.03822e-04     4.14649e-04    -5.50841e-04
    2.99240e-04     8.09175e-04     2.65801e-04
    8.46822e-05    -1.05880e-04     3.88691e-04
   -1.15466e-04    -1.52059e-04    -2.95979e-04
    7.87779e-05    -5.88993e-05     1.91946e-04
    2.01560e-04    -6.43832e-04     3.10067e-04
    1.39287e-04     2.95350e-04     4.50601e-05
   -2.62949e-04    -1.60549e-04    -1.58695e-04
    1.24592e-03     4.58480e-03     1.21932e-03
   -6.55146e-05    -2.00072e-05    -2.32603e-04
   -5.07483e-04    -9.99419e-06     4.82179e-04
   -3.70972e-04    -9.76788e-04    -6.74658e-04
   -5.69851e-05     8.15709e-04     1.64710e-05
   -2.24414e-04     1.08698e-04    -5.04937e-06
    1.65674e-04    -2.95957e-04     1.95923e-04
   -1.20224e-04     5.68980e-04     7.83858e-04
   -4.14436e-04     5.60973e-04    -2.67707e-04
    8.01195e-04     3.38552e-03     3.26883e-03
    3.25682e-04     2.48963e-04     1.99480e-04
   -9.26997e-05     7.95964e-05    -1.93939e-04
    1.59203e-04    -5.70385e-05     2.67509e-04
   -2.71053e-05    -4.82416e-04     2.90241e-04
   -8.28264e-05     2.20824e-04    -3.01723e-05
    1.17165e-03     1.13448e-03    -4.72746e-03
    7.43825e-04    -3.01189e-05     3.74882e-04
   -1.42003e-03    -2.32646e-04     1.66228e-04
   -2.32624e-04     7.08190e-05    -3.69411e-06
    9.92298e-04     4.03257e-03     5.52766e-04
    6.49932e-05    -3.35825e-04    -8.01897e-05
    9.66036e-05     6.80330e-07     2.36162e-04
    6.98026e-05     5.67681e-05    -2.86506e-04
    1.07152e-04    -3.99527e-04     7.08139e-07
    1.22095e-03    -4.93894e-04     2.23981e-03
   -3.06827e-04    -1.07513e-04    -1.25131e-04
    5.99276e-04     5.10180e-04     1.52980e-05
   -2.19783e-04     2.69448e-04    -1.11413e-04
   -1.10891e-04     2.19854e-04    -4.64111e-05
    3.03344e-06     1.20614e-03     6.94724e-04
    1.24808e-03     7.50866e-04    -3.59487e-04
    1.20730e-04     1.13377e-04     1.15338e-04
   -1.06354e-04     4.55529e-04     2.11687e-04
    4.09182e-04     2.26484e-04    -7.45871e-05
    2.84179e-04     3.81407e-04    -3.34516e-04
   -1.01816e-04     1.60209e-04     1.53477e-04
   -6.24853e-05     7.22111e-04     7.85803e-04
    8.76456e-04     2.11088e-03    -1.11207e-04
   -1.48848e-04     7.87836e-04     5.68739e-04
    4.12106e-04    -6.60896e-05    -2.74985e-04
    4.87556e-05    -2.91646e-04    -2.98185e-04
    2.76135e-04     5.59976e-04     2.37477e-03
    1.17870e-03     4.59166e-03    -1.55348e-03
   -2.77177e-04    -1.23574e-04    -3.58082e-05
   -1.23726e-04    -7.64058e-05     2.90287e-04
    2.47704e-04     5.07278e-04    -1.12774e-04
    7.10928e-04     1.65776e-04     4.56281e-04
    5.09491e-04    -2.00524e-04    -2.85816e-03
    1.86932e-04    -7.11867e-04     3.94750e-04
   -2.26614e-04    -3.05319e-05     6.28872e-05
    1.58912e-04    -9.46038e-04    -3.81387e-04
   -4.88199e-05    -2.09499e-03     3.20715e-04
   -4.92383e-04    -1.01615e-04     5.97282e-04
   -5.47186e-05     4.28390e-04     1.13406e-03
    2.92246e-04    -7.30324e-04     7.24045e-04
   -7.82482e-05     6.83473e-05    -1.93010e-04
    2.29856e-04     2.54509e-03    -1.11475e-03
   -7.39908e-04     2.25154e-04     2.24953e-03
   -1.95716e-05     5.68870e-06    -1.96168e-04
    8.39786e-04     3.17462e-03    -2.96223e-03
    7.08851e-05    -2.06295e-04    -2.97764e-04
   -1.26581e-03     1.04830e-03     1.09580e-03
   -2.60552e-04    -1.00223e-04     1.60870e-04
   -4.09325e-05    -2.64572e-04    -8.92620e-05
    2.38526e-04    -3.92082e-04     1.05127e-03
    1.95318e-03    -2.69406e-03    -3.09293e-04
   -4.45265e-04     5.14498e-05    -7.00863e-04
    1.11131e-03     3.91739e-03    -4.98551e-04
   -8.35413e-05    -2.11060e-04     1.67739e-04
    2.30346e-04     1.88839e-04     2.48656e-04
   -5.64753e-04     2.78415e-04     1.88561e-04
   -8.49189e-04    -1.58285e-03    -8.60630e-04
   -9.66976e-04     4.01158e-05    -9.98092e-04
   -1.18586e-04    -1.84887e-04     1.49942e-04
   -1.20713e-04     3.03305e-04     1.07248e-04
    1.20327e-04     2.97708e-04     7.69984e-04
    2.18786e-04    -1.65579e-04    -8.64589e-05
   -1.89250e-04    -9.40923e-04     8.34255e-05
   -2.75462e-05     2.47613e-04    -1.55960e-04
   -1.25855e-04     2.12625e-04    -2.89611e-04
    2.61074e-04     6.03377e-05    -1.95730e-04
   -7.68434e-05     5.33684e-04     5.56083e-04
   -1.32918e-03    -9.31614e-04     5.19467e-03
   -2.77681e-04    -4.34634e-04     2.05907e-04
   -9.80507e-05     3.78269e-04    -2.83343e-04
    1.43299e-04    -8.57732e-05     2.29299e-04
    5.06309e-04    -1.81874e-03     2.30312e-03
   -4.97009e-04    -1.57104e-03    -2.26021e-03
    5.92870e-04     2.94101e-03    -1.35783e-03
    1.81996e-04    -5.71067e-05    -1.28349e-04
    3.75850e-04     1.83477e-04    -5.67370e-04
    1.08579e-04     1.86299e-04     1.50746e-04
   -6.09294e-04    -1.65060e-03    -1.03373e-03
   -3.92893e-05     4.13766e-05    -3.44519e-04
    9.06654e-05     3.20382e-04     2.79244e-04
    2.60294e-04    -1.55345e-04     2.26871e-04
   -2.02316e-04     2.73840e-04     2.08666e-04
   -1.52484e-05    -1.51438e-04    -3.93631e-04
    2.63339e-04     1.37935e-04     3.32089e-04
   -6.70993e-04    -1.84003e-04     4.63612e-04
    1.50831e-03    -2.94159e-03     3.01989e-04
   -1.28446e-04    -1.79361e-04     8.48149e-06
   -1.60031e-03    -2.61329e-03     3.70319e-03
   -5.25582e-04    -2.27999e-04    -6.01280e-04
    3.69052e-04    -7.64383e-04    -2.09502e-04
    1.70162e-04    -2.47718e-04    -1.57631e-04
    9.48636e-04     3.56703e-03     1.46864e-03
   -1.52328e-04     5.80973e-05    -1.58960e-04
   -4.11674e-04    -5.39596e-04     9.10626e-05
    1.05466e-03     2.03098e-04     2.29923e-05
    5.95192e-05    -8.38214e-06     1.81901e-04
    1.28523e-03    -1.67067e-03     9.31845e-04
   -1.15662e-03     7.10132e-04     1.05761e-03
    1.09053e-03     1.79508e-04     1.03180e-04
   -1.37220e-04     4.73559e-04     1.04519e-04
   -3.23815e-04     3.54181e-04     2.04740e-04
    3.40649e-05     7.06301e-04     1.08810e-03
    1.88401e-03    -1.15676e-03    -3.96956e-03
   -6.01734e-04    -3.97433e-04     2.27930e-04
    1.85508e-04    -3.59328e-05    -1.00092e-04
   -4.79283e-04    -1.92697e-03    -1.36191e-03
   -5.27543e-05    -2.03336e-04     2.69347e-05
   -1.00335e-03    -3.38083e-03     2.75106e-03
    3.00388e-04    -4.82687e-04    -1.62189e-04
   -3.80663e-04     2.72902e-04    -2.96531e-04
    5.82219e-04    -4.24652e-04    -2.76183e-03
   -2.12571e-04    -4.93725e-04     1.36374e-04
    2.80809e-06     2.96304e-04     2.03357e-05
   -2.90475e-04    -1.87184e-04     7.24182e-04
   -5.49486e-04    -4.39467e-04     6.78193e-04
   -3.78170e-04    -1.18260e-04    -1.74586e-04
    1.77793e-04    -4.11807e-05     2.66653e-04
    1.01188e-03     4.11523e-03     1.07063e-03
   -2.85634e-04    -7.35888e-04     3.55376e-04
    1.42317e-03     9.82473e-04     3.15609e-03
    2.81193e-04     1.26780e-03    -2.26642e-03
   -1.75548e-03     1.20600e-03    -5.84085e-05
    1.87514e-04     5.23736e-05     5.88573e-04
   -1.77305e-04     3.21460e-05    -1.39867e-04
    7.02216e-04     7.84994e-04    -2.28459e-03
   -1.87681e-04    -1.10584e-05     1.05554e-04
    5.06769e-04    -9.82244e-05    -6.37207e-05
    5.11327e-04     1.08628e-04     4.69687e-04
   -2.04572e-04    -3.22753e-04    -1.04365e-04
    9.36542e-04     4.62616e-03     7.37583e-04
   -9.76860e-05    -1.19645e-04    -3.71934e-04
   -2.89061e-04    -1.95926e-04    -9.54229e-05
   -3.09496e-04    -2.42799e-06    -2.02525e-04
   -2.16983e-04    -2.64512e-04    -3.41900e-05
   -1.39153e-03    -1.01722e-03    -6.51531e-04
   -1.44933e-04    -7.34246e-05    -1.83117e-04
   -1.59873e-03    -2.59356e-03     1.38536e-03
   -1.24464e-04     3.31636e-04    -1.72061e-04
    5.54914e-04     1.07294e-03    -8.06718e-04
   -5.38435e-05     3.31508e-04    -6.18659e-05
   -2.64472e-04    -1.58252e-04     9.81577e-05
   -1.22375e-03     1.62816e-04     9.96053e-04
   -5.18649e-04     6.26014e-04     3.31726e-04
    1.68057e-04     2.00636e-04    -7.02246e-05
   -4.77550e-04    -2.14427e-04    -1.98886e-05
    2.03463e-04    -1.70322e-04    -2.30061e-04
    3.85425e-04    -7.76730e-05    -1.83371e-04
    1.51590e-04     4.03135e-04    -1.36292e-04
    6.98774e-05    -5.46545e-04    -4.87856e-04
    5.83101e-04     2.28558e-03    -5.10748e-04
    2.17067e-03     4.13277e-05     3.40167e-03
    8.06750e-04     1.60303e-03    -1.62771e-03
   -1.99035e-05    -1.03141e-04     2.92893e-04
    4.02402e-05     6.15855e-04     1.16627e-04
    3.38782e-04    -1.10657e-04    -3.38289e-05
    1.68858e-03    -2.21580e-03     2.09237e-04
   -1.47305e-04     8.91385e-05     4.23639e-04
   -1.13838e-04    -1.77587e-04     3.53445e-04
    8.89888e-04     4.84143e-04     2.62306e-03
    6.40436e-04    -8.35690e-04    -4.02267e-04
    8.68980e-04     4.95554e-04     1.22042e-03
   -1.90341e-04     7.27984e-05     1.86451e-04
    6.60470e-05    -1.45384e-04     1.29509e-04
   -1.69300e-04    -1.49868e-04    -5.76210e-04
   -9.86948e-05     3.18803e-04    -2.45187e-04
   -4.57277e-05     6.53268e-05     2.81799e-04
   -1.58166e-04    -3.03419e-05     1.45830e-04
   -1.02992e-03    -4.30269e-04    -1.77641e-04
    2.71055e-04     3.02229e-03     1.84110e-03
   -9.06941e-05    -1.31623e-04     6.46415e-04
    1.44735e-03     2.62433e-03     1.54380e-04
    6.89055e-04    -1.08919e-04     8.51811e-04
    8.64083e-05    -2.64114e-04    -2.50330e-05
   -1.05952e-04    -4.80033e-05    -4.11771e-04
   -5.46023e-04     2.53028e-04     2.20362e-04
   -1.89041e-04     1.46523e-04    -2.85874e-04
    8.54340e-05     4.74517e-04     4.71370e-04
    3.39693e-04     6.54596e-04    -1.07409e-04
    2.06292e-04    -1.84608e-04    -1.47358e-04
   -1.26407e-03     8.98369e-05    -2.62587e-03
    2.22321e-04     9.93802e-04    -3.35139e-04
    9.54230e-04     1.37086e-04     2.54004e-03
    4.84076e-04    -2.71835e-03     2.70359e-03
   -2.19583e-04    -2.18565e-04     1.40939e-04
   -1.61260e-03     4.09296e-05    -3.59243e-03
    4.11032e-05    -3.57029e-04    -2.13431e-04
   -3.88705e-04    -1.18283e-03     9.16177e-04
   -1.60031e-04    -7.49196e-04     1.54099e-04
    2.95720e-05     8.79035e-04    -4.48295e-04
   -8.29870e-04     3.28129e-04    -2.58395e-04
    2.39884e-04     7.50312e-06     2.89255e-04
   -6.37801e-05    -5.67665e-04    -1.14751e-04
    3.26218e-04    -5.95621e-04    -1.60578e-04
   -2.59014e-04    -3.08731e-04     1.68318e-04
    1.26983e-04     3.17940e-04     4.30998e-04
    2.48800e-04    -2.27074e-04    -3.11250e-05
   -4.21051e-03    -2.73871e-03    -1.31458e-03
    1.33627e-03     5.31337e-05     1.04036e-03
    1.00547e-03     5.82778e-04    -1.85487e-03
   -2.94470e-04    -1.63098e-03    -4.62351e-04
   -9.46985e-04    -1.12346e-04    -7.74501e-04
    6.27470e-05    -2.27182e-05     1.83945e-04
    3.11889e-04     1.67886e-05     1.83170e-04
    5.24544e-04     7.10573e-04     1.17525e-03
    3.19907e-04     2.68761e-03     2.80050e-03
    2.03029e-04    -4.21863e-04    -1.72471e-04
   -5.79084e-04    -8.48874e-05    -6.11242e-04
   -1.33440e-05    -8.54486e-05    -2.93362e-04
    3.23313e-04     1.89148e-04     5.24274e-04
   -1.40340e-04     3.44354e-04     2.79627e-04
    4.93309e-05     2.25505e-04     2.27623e-04
   -1.87986e-06     2.19402e-04     4.46320e-05
   -4.17538e-04    -2.17488e-04    -1.43565e-04
    5.01293e-04    -3.06500e-04    -3.49647e-04
    1.45255e-04     5.67413e-04     2.78439e-04
    1.08607e-04     5.50080e-04    -2.52159e-05
   -7.55842e-05    -2.13429e-04     1.08429e-04
    2.55288e-04     1.65902e-03     8.22911e-04
   -2.31853e-04     9.91613e-05    -1.26478e-03
    5.53528e-04     1.02119e-03    -4.11665e-03
    1.41551e-04    -7.30515e-05     3.44237e-04
    5.05620e-04     1.41973e-03     3.32296e-05
    9.68922e-04     5.24422e-03     8.92917e-04
    3.39311e-04     1.13639e-03     1.15534e-03
   -3.81162e-04    -6.58572e-04     1.30437e-03
    1.68780e-04     3.86834e-04     5.48345e-04
   -7.23267e-04    -2.66302e-04    -1.38946e-04
    4.16926e-04    -2.50412e-04     1.31324e-03
   -1.27511e-04     2.29908e-04    -6.04850e-04
    7.58284e-04    -6.22620e-04    -1.16473e-03
    8.25067e-04    -6.40700e-04     3.48871e-04
   -2.35734e-04    -1.07150e-04    -3.40410e-04
   -2.30690e-04    -1.94741e-04     6.71012e-05
    6.20116e-04     1.47928e-04     4.60311e-04
    1.26477e-04     2.71863e-04     6.17263e-05
   -5.31388e-04    -4.38773e-04    -2.52173e-04
   -1.04275e-04     8.36600e-04    -1.60438e-03
    2.91651e-05     1.06765e-03     1.18460e-03
   -4.23534e-04    -2.51789e-04    -7.63453e-04
    5.44578e-05    -1.28777e-04     3.33038e-04
    2.79807e-04    -4.05723e-04    -1.14912e-03
    2.68286e-03    -9.13651e-07     1.39849e-03
    2.30944e-04    -8.08043e-05    -1.39890e-04
    6.85519e-05    -1.43648e-05     2.20468e-04
    6.21807e-04     7.73464e-04    -1.88844e-03
    1.22712e-04    -1.35590e-04    -1.43046e-04
   -8.55941e-04    -2.96232e-04     1.44646e-03
    2.23207e-04    -8.01005e-05    -3.65486e-06
   -3.12590e-04     3.16774e-04    -5.38071e-04
    4.86635e-05    -7.77256e-05     2.01337e-04
   -8.48306e-06    -3.23691e-04    -2.97799e-04
    2.74297e-05     2.13974e-04     3.56645e-04
    2.90097e-04    -1.12131e-03    -5.89292e-04
    9.25013e-04     1.05454e-07    -7.03009e-04
   -2.49279e-04    -9.34337e-05    -5.60674e-05
    9.00011e-05     9.02205e-04    -3.27118e-03
    2.06202e-05    -1.13742e-04    -1.86754e-04
    1.63428e-04    -9.61723e-04    -2.56775e-04
   -6.05011e-04    -8.83487e-04     8.84539e-04
   -8.70671e-05    -2.17834e-04    -2.18160e-04
    2.68410e-04    -9.17826e-05    -7.71787e-05
    1.55010e-04     2.39980e-04    -1.76603e-05
   -9.34218e-05     3.15432e-04    -3.07453e-04
    1.72377e-05    -1.01325e-04    -3.54340e-04
    3.71740e-05    -3.38284e-04    -2.25813e-04
    1.45070e-03    -2.70534e-03    -1.09439e-03
    3.26754e-04    -1.97934e-04     5.31394e-05
   -2.60878e-04     1.35634e-04    -4.59503e-04
   -2.02594e-05    -1.75372e-04    -8.04603e-05
    1.11096e-04    -4.18429e-05     1.76233e-04
    7.70971e-05     2.04799e-04    -1.20044e-04
   -3.76479e-04    -5.95009e-04    -2.05107e-03
   -1.81403e-04    -6.37201e-04    -9.93353e-04
   -1.12553e-05    -1.40819e-04     1.38357e-04
   -7.35554e-05     1.63975e-04    -1.52743e-04
   -9.12911e-05     8.30671e-05    -4.30344e-04
   -5.54999e-04    -1.39111e-04     1.76113e-05
    5.45479e-04     1.21608e-03    -3.05202e-03
   -1.63658e-04     8.53144e-04    -1.50304e-04
   -1.11445e-04     6.12392e-04    -1.10973e-03
    2.69528e-04     5.15612e-05     9.14509e-05
    2.46041e-05    -1.23203e-04     2.28055e-04
    3.40955e-05     5.68466e-05    -2.24711e-04
   -5.81728e-04    -4.82582e-04     2.31225e-04
   -1.76144e-04     7.85779e-04    -8.12742e-04
    2.93106e-05     1.20621e-04     3.13733e-04
   -1.20897e-03    -4.29826e-03     2.01936e-03
    2.75267e-05     3.49321e-05    -1.88293e-04
   -7.03386e-05     5.25523e-04    -1.61863e-03
    3.20901e-04    -6.59358e-05    -1.05900e-04
    4.65754e-04     3.34131e-04     9.47853e-06
   -4.94490e-04    -5.85462e-04    -8.85549e-04
    8.01918e-05    -1.97135e-05    -2.63539e-04
   -2.28339e-04     2.20596e-04     1.00922e-04
   -1.77246e-04     3.05879e-04    -4.03407e-05
    9.81424e-04    -2.84402e-04     7.17222e-05
   -2.20714e-04    -6.47967e-04    -3.70410e-04
   -4.49194e-04    -2.01650e-04     1.23951e-03
    1.64204e-04     1.64172e-04     1.57876e-04
    1.78144e-04     8.67048e-05    -1.54505e-04
   -5.80335e-04    -1.33816e-03    -3.55698e-03
    7.15249e-05     7.10500e-04     5.23200e-04
   -2.06609e-05    -4.96926e-05    -2.49671e-04
    1.34602e-04    -2.16696e-04    -2.53854e-04
    6.35762e-04     8.42562e-04     4.80268e-04
    1.78589e-04     2.57267e-04     1.02591e-04
    4.32216e-04     6.42257e-04    -7.03845e-04
    4.31737e-06     5.82904e-04    -4.67894e-04
   -3.28207e-04    -3.97508e-03    -8.87759e-04
   -1.01079e-06     2.84980e-04     1.07426e-04
    8.30586e-05     1.96421e-04    -1.56658e-04
   -5.31969e-04    -3.99963e-05    -1.52276e-04
   -6.54486e-06     1.77528e-04     6.17958e-04
    1.26572e-04    -8.22352e-04    -1.24588e-03
    7.53682e-04     3.64573e-04    -4.97701e-04
   -6.56037e-06    -1.38344e-04    -3.65741e-04
    2.78257e-04    -1.17248e-04     4.73203e-04
    4.92220e-05    -1.69221e-04    -8.68152e-05
   -1.02817e-03     2.04762e-03    -2.59725e-05
   -4.80827e-05    -3.67210e-04     5.97053e-04
   -7.88313e-05     4.40496e-04     3.03016e-04
    3.39449e-04     2.06719e-04     5.47820e-04
   -2.47867e-04     6.98842e-04     4.90722e-05
   -6.08879e-04     8.16646e-05    -1.13164e-03
   -2.73002e-04     6.08317e-05     1.59987e-04
   -1.79688e-03     7.92763e-04     3.45476e-03
    5.45584e-04     2.50477e-04     2.49358e-04
   -2.60100e-04    -1.94740e-04     1.56874e-04
    1.39401e-04     8.27064e-04    -1.90604e-03
    3.53405e-04     1.83514e-04    -8.89189e-05
    2.86814e-05     4.45417e-04    -3.67491e-04
    4.02492e-04    -1.30993e-04     2.03489e-04
   -3.41891e-04    -6.13021e-04    -2.63989e-04
   -3.11925e-04     1.08536e-06     9.00126e-05
   -4.06830e-04     4.04575e-04     1.21418e-04
   -1.08047e-04     4.07879e-04    -1.23447e-04
    3.24491e-04    -2.32355e-04     2.05510e-04
   -8.64789e-04    -3.56841e-03    -3.25014e-03
    5.63329e-05    -2.78276e-03     2.84411e-03
    4.81246e-04     8.05837e-04     1.08633e-03
   -5.29836e-05    -9.65331e-04     4.47299e-04
   -4.49072e-05     1.56614e-04    -1.04322e-04
    4.89046e-05    -2.80799e-04    -4.70738e-05
    1.75288e-03    -3.97028e-04     1.06508e-03
    2.82682e-05     2.48094e-04    -2.89944e-04
    4.81081e-05     1.21796e-04     5.83747e-04
    1.15265e-03    -1.04533e-03     1.13589e-03
    9.60430e-05     2.77256e-04    -1.89690e-05
    9.99250e-05    -1.19017e-04    -1.36200e-04
   -5.97589e-05    -4.99346e-04    -2.09588e-04
   -1.77382e-05     1.22796e-04     4.82985e-04
    2.48493e-04     1.25956e-03     1.74063e-03
   -3.50216e-04    -2.08371e-03    -8.60801e-05
   -5.37737e-04    -1.63986e-04    -4.58625e-04
   -2.99875e-05    -3.67998e-04     4.42132e-04
    8.44087e-05    -1.00553e-04     3.64627e-04
    2.97157e-04     2.38200e-04     7.06083e-04
   -2.32132e-05    -3.11339e-04     1.51001e-04
   -4.28736e-05    -3.62767e-04     7.82740e-04
   -1.82536e-04     1.10695e-03     5.76178e-04
    5.12551e-06     3.59024e-04    -1.45490e-04
   -1.62611e-04     8.98319e-04     1.68328e-04
    8.81882e-05    -3.75011e-04    -8.29605e-05
   -2.95714e-05     1.07091e-03     5.47176e-04
   -4.40499e-05    -2.74956e-04     2.15591e-04
    2.50088e-05    -1.26369e-04     6.22651e-04
   -2.34066e-04     4.20318e-04    -2.87785e-04
    5.75455e-06     1.14595e-04    -2.04072e-04
    1.09432e-04    -2.29175e-04     3.73195e-04
    7.86032e-05     3.93433e-05    -1.92044e-04
    1.10887e-04     3.72771e-04     2.91755e-04
   -2.00986e-05     4.70025e-06     1.94869e-04
    1.38849e-04     8.22623e-04     2.40658e-05
   -2.26760e-04     3.60892e-04     6.05527e-04
    2.94763e-05     3.66563e-05    -4.18702e-04
   -4.81756e-04     7.87037e-04    -5.46928e-04
   -2.83384e-04    -2.14750e-04     4.58830e-04
    5.54047e-04    -1.20788e-04     9.30708e-04
   -2.50133e-04    -7.73428e-05     1.17255e-04
   -2.00880e-04     5.49386e-05    -5.50219e-05
   -1.00875e-04    -6.78076e-04    -2.87738e-05
    9.30793e-05     1.06818e-03     7.06848e-04
    1.02533e-03    -1.30622e-03     1.47849e-03
    7.66944e-04    -7.47461e-04    -2.06336e-04
    8.75794e-07    -2.36867e-04     1.79691e-04
    1.06337e-04     6.51059e-06    -1.94584e-04
   -1.57267e-04    -3.93114e-04    -1.96799e-05
    2.10588e-04     1.15011e-03    -2.92515e-04
    1.91370e-05    -2.26890e-05    -4.23695e-04
    6.59875e-05     3.48618e-04    -3.46074e-05
    2.34985e-04    -3.98589e-05     8.89230e-06
   -3.34491e-04     1.92537e-04    -2.09516e-05
   -4.71783e-04    -1.09808e-03     1.17766e-04
    2.42187e-05     1.21657e-04    -1.50869e-04
   -3.46246e-04     4.58983e-04     1.40874e-04
   -1.20212e-03    -2.42733e-03     4.18809e-04
   -1.72333e-04     2.78232e-05     1.35403e-04
    6.67040e-05    -2.47422e-04    -3.06125e-04
   -2.13434e-04     1.33709e-04     1.88580e-04
   -1.04378e-03    -5.31969e-04    -1.23692e-03
    5.44285e-05    -3.13949e-04    -3.64906e-04
   -1.61872e-04     1.38972e-03    -9.98791e-04
    4.97629e-05    -4.26534e-04    -1.50431e-05
   -2.70286e-03    -3.54760e-03     1.53723e-03
    6.47068e-04     1.43844e-03     5.06534e-03
   -2.82798e-04    -4.54332e-05     4.65686e-04
   -1.40457e-03    -1.94860e-03     7.90841e-04
    5.52785e-05    -8.48295e-05    -2.29567e-04
    9.91997e-05     1.09105e-03     5.23928e-04
   -3.41089e-04    -1.45606e-04     6.35598e-05
   -2.03030e-04    -1.22365e-04     1.81907e-04
    3.85666e-04     2.86328e-03     7.05595e-04
   -1.91467e-04     1.67430e-03     1.68393e-03
   -1.71257e-04    -1.55241e-04     1.92650e-05
    1.92456e-04    -4.32155e-04     7.91501e-04
    2.74940e-04     4.76468e-04    -1.09839e-04
   -4.12962e-05    -1.22411e-04    -5.90378e-04
   -4.02773e-05    -1.36521e-04    -2.01643e-04
    1.65488e-04    -6.57403e-05    -2.60502e-04
    2.89981e-05     3.99746e-04    -1.31515e-04
   -1.05634e-04    -8.13896e-05     2.71836e-04
    1.07955e-03     2.18024e-04     1.28945e-03
   -9.94397e-05     1.66947e-04    -1.58900e-04
   -8.18013e-05     2.51609e-06    -1.88620e-04
    2.13212e-04     2.68195e-04     2.03772e-04
    4.26199e-05    -2.39349e-04     3.66692e-04
   -1.54405e-03    -3.48358e-03     1.85238e-03
   -3.20298e-04    -4.31868e-05     3.95275e-04
    4.54090e-04    -1.09437e-03    -9.03833e-05
    4.37978e-04     4.19724e-04     2.45396e-05
    2.04147e-04     7.13885e-05    -1.94399e-04
   -1.21151e-03    -5.03966e-04     3.13772e-04
   -1.45971e-04    -4.79643e-04     5.55333e-05
   -1.34208e-04    -3.21589e-05    -1.48417e-04
    2.00530e-04     1.41467e-05    -2.44360e-04
   -4.88463e-04    -3.51247e-03     1.75911e-03
    1.06203e-04    -4.07309e-05    -4.62757e-04
   -1.75756e-04     6.47774e-04    -1.31532e-05
   -6.36443e-05     1.43837e-03    -4.81468e-04
    3.09206e-05    -1.62490e-04    -1.51954e-04
    3.67725e-04     1.63393e-04    -5.89706e-06
   -6.54114e-04    -2.89411e-03    -3.86956e-03
   -3.56627e-05     1.55694e-04     1.14258e-04
   -1.72026e-04    -1.22504e-04     3.33930e-04
   -1.52694e-04     2.93500e-04    -1.45126e-04
   -5.44735e-05    -6.71730e-04    -5.57774e-04
    5.30922e-04    -2.79843e-04    -4.29658e-05
    2.34003e-04     4.53715e-05    -5.79804e-04
   -1.31808e-05     2.57513e-05    -2.77174e-04
   -1.19944e-04     8.47014e-05    -2.42491e-04
   -1.47192e-04     1.87978e-03     3.68070e-03
   -1.96913e-04     2.40791e-04    -1.30559e-03
   -1.84804e-04    -1.63093e-05    -1.45035e-04
   -1.23540e-04    -2.53989e-04     8.38526e-05
   -2.00268e-04     3.91529e-04    -1.46041e-05
    2.38055e-04    -9.25826e-04    -4.22141e-04
   -4.11917e-04     1.38486e-03    -7.73536e-04
    1.08488e-04     1.64932e-04    -2.07931e-04
   -5.50654e-04     5.53829e-04     7.60715e-04
    2.65354e-04     8.33031e-04     2.27898e-03
   -2.46936e-04     1.97414e-03    -8.04708e-04
    5.38533e-05     1.52810e-04     1.35268e-04
   -6.98944e-05     1.19126e-04     2.29606e-04
   -1.10723e-04    -2.44215e-04     2.69628e-05
   -1.03318e-03     4.37314e-05     4.00482e-04
    1.85422e-04     1.75610e-04     1.72288e-04
    1.34234e-04     2.12432e-04    -2.05033e-04
    3.16550e-04     5.98442e-04    -1.00002e-04
    1.85268e-04     7.03393e-05     7.00663e-05
   -2.48984e-04    -6.83386e-04    -3.90609e-04
   -3.44777e-05     4.21185e-06     2.17591e-04
   -2.66123e-04    -2.11408e-04     2.22748e-04
    8.21399e-04     3.94811e-03     4.19491e-04
    1.77395e-03     5.79560e-04    -3.96490e-04
    1.69773e-04    -1.40326e-03    -4.16070e-04
   -2.65461e-05    -1.89583e-04     2.45546e-04
    1.05510e-03     1.19812e-04    -1.22260e-03
    5.27772e-05     1.36256e-03    -4.86956e-03
    2.37641e-04     1.40891e-04     2.26801e-04
   -1.92334e-03    -2.58780e-03     1.05229e-03
    1.62382e-03    -1.60367e-03     1.97797e-03
    2.69259e-04    -1.75770e-04     2.07641e-04
    1.05331e-04     1.23084e-04     2.75301e-04
   -1.02736e-04     7.30447e-05    -2.05604e-04
   -7.36776e-04    -2.76155e-04     1.53524e-04
    9.61497e-04     5.18076e-04     2.51026e-04
   -1.07282e-04    -1.66513e-04     7.84980e-05
    3.82276e-05     1.93538e-04    -4.07049e-06
   -1.61198e-04    -2.01630e-04    -1.55227e-04
   -2.01346e-04    -1.16587e-05     3.23124e-04
    3.13565e-04     1.25316e-04    -7.73324e-04
   -6.60119e-04    -4.56867e-04     1.77716e-05
    6.29485e-05     1.94320e-05    -4.17576e-04
   -1.20703e-03    -6.17187e-04    -3.31870e-04
   -3.43989e-04    -6.02246e-04    -2.50392e-04
   -1.06416e-04     1.79878e-04    -1.34653e-04
   -9.52553e-05     4.11987e-04     1.14020e-04
    4.58569e-05    -1.75707e-04     8.46241e-04
    1.99727e-04    -1.75158e-04    -4.56977e-04
    2.11474e-03    -1.90860e-03     3.54421e-03
   -4.56479e-04    -8.59025e-05     2.02772e-04
    9.48171e-04     1.44917e-03     1.69280e-03
   -9.03690e-05     3.17923e-04     1.77474e-04
   -1.62920e-05    -1.56741e-04    -1.05751e-04
    1.41825e-03    -1.95237e-03    -1.07184e-03
    2.73455e-05    -4.06270e-04     6.40422e-04
    9.99096e-04     1.45597e-04    -1.64396e-03
    2.00481e-04    -4.13681e-04    -1.60670e-05
   -2.54745e-06    -2.04429e-06     1.95445e-04
   -7.80267e-04     2.41015e-04    -5.49452e-04
   -4.99280e-04    -1.08015e-03    -6.21716e-04
   -2.57106e-04    -8.48229e-04     7.47881e-04
   -5.03506e-04    -2.46979e-04     2.73452e-04
   -5.38142e-04     3.81157e-04     3.51700e-04
   -2.05417e-04     5.41909e-04     4.52632e-04
   -6.11387e-04    -1.30422e-03     2.96799e-04
   -2.70671e-04     6.53192e-04    -1.33137e-03
    8.14810e-04     6.83928e-05    -1.99488e-04
   -1.24247e-04    -1.38028e-04     7.56996e-05
   -1.73931e-04    -1.04207e-04     1.14990e-04
   -1.07492e-04    -1.27395e-03    -2.80463e-04
   -1.03417e-03     3.59566e-03    -1.34850e-03
    1.85745e-03    -1.26596e-03     3.78794e-03
    1.40161e-04     4.89847e-04    -1.06867e-03
    2.31212e-04    -2.12028e-04    -1.49050e-06
    1.31668e-04     1.39055e-04    -7.84498e-05
    1.11448e-04     5.41261e-04    -4.20435e-06
    1.91259e-04     3.67484e-06    -1.67900e-04
    4.87283e-05     9.82996e-04    -5.32428e-04
   -2.55524e-04     6.51333e-04     2.37248e-04
    4.70428e-04     2.38772e-04    -3.17242e-05
    7.70793e-04     6.80936e-04    -8.94985e-04
   -3.36754e-04     2.81561e-04    -3.05083e-04
   -1.42477e-04    -2.81799e-05    -2.74227e-04
    2.55716e-04     2.05392e-04    -2.70354e-04
   -1.38974e-03    -2.66885e-03    -4.28042e-03
   -1.78006e-04     6.25035e-04    -3.76806e-04
   -1.07347e-03    -2.27223e-03    -1.39410e-04
   -1.15875e-03    -3.65871e-03    -5.28934e-05
    1.75297e-04    -2.48235e-04    -2.62999e-04
   -5.49297e-05    -1.22202e-03    -6.35287e-04
   -7.36648e-05    -3.82268e-04     3.89271e-04
    8.20044e-04     6.67233e-04     1.00760e-03
    2.92720e-04    -3.73176e-05    -2.59669e-04
   -2.15469e-04    -1.60270e-04    -1.59937e-04
    5.09795e-04     6.31479e-05     9.07171e-05
   -8.24337e-05    -2.94105e-04     9.57871e-04
    4.85657e-04    -6.53066e-05     1.03134e-04
   -4.30687e-04    -3.59061e-03    -1.54319e-03
   -4.54087e-04    -5.09595e-05    -1.11650e-04
   -4.17659e-04     7.68909e-04    -1.51173e-03
    1.58448e-04    -1.74917e-04    -2.50448e-05
    1.40326e-03    -1.43484e-03    -2.57274e-04
   -4.55502e-04     1.05559e-03    -1.48514e-03
    6.21132e-05     1.11590e-03     6.11608e-04
    6.89500e-04     2.03168e-04     1.05444e-03
   -9.68732e-05     7.28704e-05     1.69626e-04
   -2.02929e-04     1.16819e-04    -1.96565e-05
    4.20878e-04    -1.03800e-04    -2.04223e-04
    1.07218e-04     7.11747e-04     3.44942e-04
   -3.27031e-04    -7.65630e-05     2.28666e-04
   -1.83250e-04    -2.95347e-04     9.50647e-04
    6.57013e-05    -5.11517e-05     2.14573e-04
   -1.93531e-04     4.82668e-04    -5.83205e-05
    6.74187e-04    -2.48125e-04    -5.67191e-04
    1.12683e-04     3.32451e-04     6.63842e-05
    1.21459e-04     1.59628e-04     2.19157e-04
    8.34531e-04     3.45728e-03     4.17111e-03
   -1.96336e-05     2.12276e-04     1.41593e-04
    4.16399e-04     2.64428e-04     1.06793e-03
    5.69727e-05    -3.57653e-04    -1.86755e-03
    1.64542e-04     5.32823e-04    -2.96069e-04
   -7.50483e-04    -6.65243e-04     4.23672e-05
    5.65132e-04     1.48068e-04    -6.95717e-04
   -1.30258e-04     1.11564e-04    -2.15502e-04
    2.67800e-04     6.52890e-05     1.59106e-04
    3.81628e-04     1.69092e-03    -1.15430e-03
    1.20611e-03     5.03479e-03     2.28730e-04
    1.75880e-04    -3.10061e-04    -2.86150e-04
   -3.88486e-06    -3.00953e-04     4.05031e-04
    3.28466e-04     7.97741e-04     5.93770e-04
   -2.37611e-04    -3.68231e-04     1.94372e-04
    8.89109e-05    -1.65861e-05    -1.76006e-04
   -1.07325e-03    -2.95129e-04     3.00323e-04
   -3.65765e-06     4.04528e-04     3.68624e-04
   -6.23176e-05    -2.25892e-04    -9.87357e-05
   -1.74250e-04     3.28641e-04    -1.60441e-04
   -2.72416e-05     2.15515e-04    -9.41704e-05
   -1.57202e-04    -3.41950e-04    -7.17859e-06
   -1.72989e-04     1.73212e-04    -2.38085e-04
   -1.61544e-04    -1.15467e-04    -4.33833e-05
   -8.28551e-05    -2.79997e-04    -5.95096e-05
    1.48927e-04    -1.67903e-04    -8.92574e-05
   -2.01419e-04    -2.48893e-05    -1.90931e-04
   -1.54580e-04     1.36778e-04     5.88556e-04
    1.02528e-03     1.09592e-03     1.19525e-03
   -1.14213e-04    -1.89406e-04    -2.46065e-04
   -3.73395e-05     3.86898e-04     3.28665e-04
   -3.41262e-04    -9.39534e-05    -2.31524e-04
   -4.00221e-04     4.68043e-04    -4.10211e-04
    3.38088e-04    -1.14086e-03     4.84311e-04
    4.95343e-04     1.15491e-04    -2.46101e-04
    2.48730e-04     3.12260e-04    -9.67230e-05
   -2.03700e-04     2.13631e-04    -2.13872e-04
    5.30651e-04     1.24269e-03     1.37235e-03
   -9.01819e-05    -1.51455e-05     2.01794e-04
    6.23017e-05     1.85383e-04     2.26301e-04
   -2.18197e-04     2.41242e-04    -4.83529e-04
    1.04420e-05     4.02288e-04    -1.80977e-04
    4.13526e-06    -9.52889e-04    -8.10654e-04
    2.41855e-04     1.53273e-05     7.51034e-05
   -1.57206e-04    -1.68211e-04    -6.92273e-05
    9.17711e-04     2.79499e-03    -6.74543e-04
    1.51107e-04     4.71553e-04     4.97780e-04
    1.34276e-04     2.00628e-04     2.03998e-04
   -4.02897e-04     2.69354e-04     3.89702e-04
    6.85900e-04     8.97963e-05     1.74509e-04
   -6.73720e-05     2.51388e-04     4.74363e-04
   -4.40186e-04    -3.85345e-04     1.50253e-04
    1.20287e-03    -3.05145e-04     4.67391e-04
    5.50137e-04     4.91430e-04    -1.20609e-03
    1.59429e-04    -2.00312e-04     2.27084e-04
   -3.14496e-04    -8.47566e-04    -5.02207e-05
    9.39502e-04     1.16125e-03    -4.70314e-04
    1.09610e-03     4.42653e-03    -3.02560e-04
   -9.13171e-04    -5.40229e-05    -1.19151e-04
   -6.02148e-04    -3.55718e-04    -1.05886e-03
    3.65782e-05     9.40663e-06    -2.71409e-04
    3.25401e-04     7.32640e-05     1.17671e-04
    2.77652e-04     2.48520e-04    -4.57063e-05
   -2.22663e-03    -4.55754e-03     1.94866e-03
    1.14316e-04     1.64573e-04    -1.40311e-04
    2.92319e-04     4.42836e-04     4.92392e-04
   -4.73492e-05    -1.46136e-04    -2.60262e-04
   -5.26226e-05     7.91554e-04     3.13845e-04
    2.00522e-04    -6.01968e-05    -6.81971e-05
    1.74764e-04    -6.94557e-04     7.88692e-04
    1.62779e-04     1.73241e-04    -1.79087e-04
   -7.42971e-06     6.73850e-04     3.97402e-05
   -4.98634e-05    -1.13318e-04    -2.09874e-04
   -5.74691e-04    -9.16340e-04    -4.07886e-04
    3.33509e-04     6.67939e-06     1.18720e-04
   -4.27343e-04    -6.73849e-05    -3.93828e-04
    1.58877e-04    -2.54809e-04    -6.26983e-05
    8.37281e-04    -2.97025e-03     4.88046e-04
    2.07665e-04     8.99161e-06     1.26151e-04
    3.97793e-04    -1.62704e-05    -1.20415e-04
    1.47488e-04    -2.24290e-04     5.99738e-05
   -2.36290e-05    -8.39794e-05    -4.11314e-04
   -2.42290e-04    -4.44367e-04     3.65691e-04
    2.83705e-04     1.33220e-04     3.42277e-05
    2.76843e-04    -1.08799e-04    -3.10720e-04
   -8.43303e-05     1.27100e-04    -3.18784e-04
    2.96875e-04     1.99548e-03    -2.53301e-03
   -9.42379e-05     1.10532e-04     4.18505e-04
   -5.54853e-05    -2.93244e-04    -2.29897e-03
   -2.27605e-04    -8.23909e-04    -1.48318e-04
    3.19740e-05     2.10387e-04    -1.13376e-04
    1.59994e-04     8.82336e-05     2.29224e-04
    2.82233e-04     1.93421e-04    -9.82317e-05
    6.91223e-04    -2.38470e-04     1.19825e-04
    1.13868e-04     7.12320e-05    -1.63069e-04
   -4.48399e-04    -4.21397e-04     2.22647e-03
   -8.37960e-05    -5.37287e-06    -5.15698e-04
    4.94779e-04     2.44358e-03    -2.56075e-03
   -6.53483e-05     1.24809e-03    -1.99369e-04
   -1.02583e-03     6.95820e-04     6.23718e-04
    1.86831e-05     9.94039e-05     1.61558e-04
   -7.86289e-05    -8.63095e-05    -2.08502e-04
    6.63586e-04     2.97095e-03     3.62140e-03
    5.02230e-04     7.07865e-04    -6.30215e-04
    2.20104e-04    -4.26194e-04    -2.55657e-04
   -5.64042e-05     7.62112e-04    -5.82520e-04
   -4.24047e-04    -3.78661e-04    -3.62667e-05
    4.25929e-04    -5.34635e-04    -2.18531e-03
    3.23739e-04    -2.80230e-04     1.73455e-04
   -4.70321e-05    -4.67640e-06    -3.01833e-04
    1.99921e-04     3.29711e-04     2.42480e-04
   -7.68216e-05     1.27270e-04     4.08640e-04
   -1.02458e-03    -8.52827e-04    -1.06622e-03
   -1.18491e-04    -1.70110e-04    -3.21472e-04
   -2.06980e-04    -2.39898e-04     4.43503e-04
   -1.40408e-03     1.40590e-04    -9.77251e-05
   -2.82536e-04    -1.22824e-03    -1.60507e-03
   -9.45569e-04     5.03742e-04     7.07810e-05
    6.28838e-04     8.88494e-07    -9.43083e-05
    1.04799e-04    -1.37272e-04    -1.23552e-04
   -2.82288e-04    -5.21858e-04     1.53373e-04
    8.88928e-05     5.64219e-04     1.13711e-04
   -1.37417e-04     3.10198e-04     4.84360e-04
    3.19519e-04    -1.57075e-03     1.84643e-03
   -1.96295e-04     2.59723e-05     2.83444e-04
    1.01187e-03     1.93205e-04     5.23995e-03
    4.35487e-04     1.38544e-03    -1.48058e-03
   -1.31021e-04    -1.84667e-04     6.33122e-05
   -5.51348e-04    -5.12012e-04    -1.60807e-04
   -1.40279e-04    -1.05098e-04    -5.13975e-04
    1.52326e-04     2.22555e-04     4.94890e-04
   -4.12871e-05     3.01448e-04     2.10531e-04
    5.60611e-05    -1.40821e-04     1.42330e-04
   -1.31099e-04     2.14138e-04    -3.21227e-06
    1.15296e-03     1.17511e-03     2.97370e-03
   -3.21646e-04     1.38297e-03     4.81283e-04
   -1.18891e-03    -2.76094e-03    -1.08757e-03
    5.21273e-05    -1.80058e-03    -2.89295e-04
    8.77391e-04     1.48612e-03     2.01478e-03
   -4.48036e-05     1.58497e-04    -2.14748e-03
   -1.56843e-04    -7.00223e-05    -3.17079e-04
    4.02810e-04     7.71746e-05     1.52083e-03
   -4.54826e-04    -9.69828e-04     2.49552e-04
    3.41439e-04    -1.64051e-04     7.98758e-04
    1.60798e-04    -2.06152e-04    -2.89727e-04
   -2.06862e-04    -1.00479e-04    -3.79426e-05
   -6.89846e-05     3.95608e-04    -1.11246e-04
    2.71893e-04     2.74729e-05    -1.27507e-04
   -5.50443e-05    -1.17574e-04     1.91532e-04
    7.47158e-04     1.59012e-04     4.66285e-04
    2.61013e-04     1.94953e-04    -6.08764e-05
    2.85567e-04    -1.13424e-04     7.28700e-05
   -7.30236e-04    -1.32811e-03    -7.70604e-05
   -2.92587e-03     4.88703e-04    -8.91461e-04
    1.96473e-04    -1.21984e-04     1.75163e-04
   -9.29699e-05    -1.12612e-04    -3.54886e-04
    1.55863e-04     2.46228e-04    -1.74245e-04
    8.49053e-04     1.22344e-03    -1.11609e-03
    2.94331e-04     4.64836e-04     1.49866e-04
    2.37952e-05    -1.18526e-04     3.11335e-04
    1.16558e-05     2.09199e-03     2.36475e-04
   -2.94282e-04    -1.51110e-04     7.14274e-04
    1.38882e-04    -1.43501e-04     3.76416e-04
   -1.12227e-03     5.57974e-04     5.15324e-04
   -9.71107e-05     1.71995e-04     7.47038e-05
   -1.89754e-04     1.40776e-04    -3.41232e-04
    7.17564e-05     6.11520e-05    -5.07762e-04
   -3.27979e-05     4.79261e-04    -3.71757e-04
    2.48687e-04    -4.47137e-04     5.03922e-05
    4.95175e-04    -6.40777e-04    -8.23812e-04
    1.97416e-04    -2.34447e-04     5.97887e-04
    1.40887e-03    -1.30688e-03    -1.03730e-03
    4.17479e-04     1.87849e-03    -5.82593e-05
   -2.56744e-05    -2.26163e-03     3.80856e-03
   -1.02274e-04    -2.24596e-04    -1.56446e-04
   -6.59622e-04    -2.87057e-03    -9.13202e-04
    4.09596e-05     2.48347e-04    -2.35158e-04
    1.81287e-04    -1.19439e-04    -3.29043e-03
   -4.32023e-04    -8.87230e-05     1.52935e-04
    5.79984e-05     1.33173e-03    -1.28484e-03
   -7.97122e-05    -1.10092e-04     1.88958e-04
   -2.52521e-04    -1.74753e-04     1.10197e-04
    3.80708e-06     2.18626e-04    -3.52290e-05
    1.44496e-04     1.95655e-04     1.74737e-04
   -9.92826e-05    -9.69873e-04    -1.77810e-04
   -2.94732e-04     2.85647e-04     2.27831e-04
   -2.39463e-04     1.49955e-04    -2.62305e-04
   -1.54849e-04    -3.86320e-04    -2.01668e-03
   -1.62246e-04    -2.80169e-04     2.14279e-03
   -1.08343e-03    -5.25634e-04     4.46888e-03
   -4.84700e-04    -3.93258e-03    -9.88184e-04
   -3.66977e-04    -4.45553e-04    -4.26216e-04
    8.60272e-04    -3.25228e-04     2.16230e-03
   -7.12647e-05    -1.82006e-04    -4.15681e-06
    1.70169e-04     2.69280e-04    -8.28175e-05
   -2.39407e-04     2.17506e-03    -3.12706e-03
   -4.06543e-04    -8.61781e-06     3.23099e-04
   -1.10722e-04     3.85544e-04    -3.39494e-06
   -1.24699e-04    -2.71415e-05     1.51584e-04
    1.45872e-03    -2.71189e-03     2.85378e-03
    4.82353e-04     1.39556e-03    -2.93828e-03
   -1.29069e-04     7.90432e-04    -1.85652e-03
    1.90182e-04    -7.82758e-04     1.28158e-03
    1.43136e-05    -2.99404e-04     1.50777e-04
    2.06654e-07     3.58686e-04    -1.70424e-05
    2.36644e-04     1.83908e-03    -1.32147e-03
    2.70127e-04     2.49368e-03    -1.38530e-04
   -1.92223e-04     6.74163e-05     5.39371e-05
    8.49547e-04    -1.06239e-03    -1.31726e-03
    3.31398e-04     6.84366e-04    -2.59603e-04
    2.54327e-04    -1.43220e-04     1.89323e-04
    1.19265e-03    -1.14068e-03    -7.89832e-04
    2.23731e-04    -1.88579e-04    -8.70765e-04
    6.92338e-04     8.98223e-05    -1.00220e-03
   -5.39512e-05     8.96862e-05    -2.05956e-04
    3.55143e-04     1.31367e-03    -3.64244e-04
    1.48273e-04     1.02847e-04    -2.98693e-04
   -2.14830e-04    -5.55916e-04    -1.54639e-03
    2.34993e-04     8.19805e-05    -6.10510e-05
    6.24511e-04     2.18224e-04     2.28473e-04
   -8.15049e-06     3.09279e-04     3.25165e-04
    1.16158e-03    -6.21946e-04    -9.12488e-04
    4.43274e-04     1.64079e-04     1.74817e-04
    8.19140e-05    -1.97487e-04     7.03451e-05
   -3.30806e-04    -7.58412e-04     3.00178e-04
    4.35458e-04     2.71787e-04     6.25411e-04
    4.47412e-04    -3.16776e-04     2.64385e-04
   -2.08394e-04    -8.83093e-05     2.57605e-04
   -5.78567e-04     4.33417e-04     1.02615e-03
   -4.11315e-04     2.26924e-04    -5.58860e-04
   -1.46180e-04    -1.43662e-05    -3.06699e-04
   -2.00696e-04     4.84079e-04    -1.44675e-03
   -6.35346e-04    -9.75319e-04     3.50424e-04
    7.78704e-04     2.00080e-03     6.15224e-04
    7.70179e-06    -1.37865e-04     1.93239e-04
    9.23814e-05     5.83351e-05    -1.88258e-04
    1.60276e-04     6.40040e-05     1.17650e-04
   -5.46908e-05    -1.75743e-04    -1.03660e-04
   -3.26979e-04     2.95326e-05     3.36583e-04
    2.03762e-03    -4.50418e-03    -6.18898e-04
    2.60655e-04    -3.89758e-04    -8.70401e-05
   -4.26898e-04    -1.13582e-04    -1.34540e-04
    2.00379e-04    -3.44818e-05     2.49615e-04
   -3.69712e-04    -1.98981e-04     1.00934e-04
    1.00075e-03     6.55345e-05     1.33873e-03
    1.05668e-04     3.11216e-04    -3.60987e-04
   -8.52391e-04    -7.55478e-04    -1.09035e-03
   -6.71393e-05    -5.02336e-04    -1.59824e-04
    4.85307e-04     3.05951e-04    -2.91046e-03
    9.63644e-04     4.24974e-04    -2.53277e-05
    1.00499e-03     4.62484e-04    -3.50168e-03
   -5.71395e-05     1.97025e-04    -1.05261e-04
    2.88080e-04    -2.28820e-03    -1.15247e-03
   -6.23484e-04    -7.18961e-04    -6.98298e-05
    3.40957e-04     1.79211e-04     4.35411e-04
   -2.06879e-05     7.14239e-04     2.94355e-04
   -3.29035e-05    -2.01583e-04     1.49693e-05
   -6.18830e-04    -4.68440e-04     2.40267e-05
    8.70763e-04     1.35160e-03     6.87273e-04
   -2.50707e-04     1.16019e-03    -1.34027e-03
   -1.01281e-04    -2.40760e-04    -5.92732e-05
   -1.92771e-04     1.35588e-04     4.18703e-04
   -6.15280e-05    -5.76754e-05     5.98098e-04
   -1.01813e-04    -1.15397e-04     2.78604e-04
   -5.92184e-05    -2.27073e-06     1.90292e-04
   -5.31916e-05     3.08165e-04    -1.83861e-05
    1.44615e-04     6.55564e-05    -1.91275e-04
    2.47295e-04     5.10089e-04     5.90261e-04
    2.30344e-04     3.71430e-05     2.78340e-05
   -6.15499e-05     4.57091e-04     8.32250e-04
   -8.24104e-06    -5.14412e-04    -2.52908e-05
    4.86818e-04     1.34341e-04    -3.76208e-04
   -1.14670e-04    -5.96826e-05    -8.09908e-04
   -1.63901e-04    -2.07599e-04    -4.87540e-05
   -2.81469e-04    -4.06886e-04     2.63520e-04
    2.61523e-04     6.50384e-04    -1.12164e-03
   -1.12652e-04    -9.73579e-05     1.37475e-04
   -3.14195e-06     3.98025e-04     1.97432e-05
   -6.51632e-04     1.67495e-03     1.35964e-03
    3.13334e-05     9.16297e-05    -3.40430e-04
    4.17840e-04     2.52635e-04    -2.99984e-04
   -2.41045e-05     3.33944e-04    -1.12949e-04
   -1.80527e-04     6.45133e-04     4.32595e-04
   -5.82331e-04    -1.64403e-04     7.94395e-04
   -9.08834e-05    -3.50319e-04    -3.01318e-04
    1.28095e-04     1.79198e-04     7.07637e-05
   -6.01920e-04    -1.87479e-04    -1.47970e-04
    1.72251e-03    -2.51151e-03    -3.57311e-03
   -4.39748e-04    -1.54839e-04     2.21525e-04
   -2.15472e-04    -1.67897e-04     1.15936e-04
    1.46114e-04    -6.31522e-04     4.80365e-04
   -1.25309e-03    -8.42126e-04     2.33915e-04
    1.42889e-04     9.54855e-05    -2.70050e-04
    5.73710e-04     2.86991e-03    -1.32312e-03
    1.65017e-04     1.47797e-03     4.71911e-04
    9.25041e-05     2.94239e-04    -1.07669e-04
   -4.50096e-04    -2.19370e-03     3.37877e-03
    3.98297e-05    -1.87721e-04    -3.02790e-06
   -1.47321e-03    -4.80734e-04    -1.07095e-03
   -2.30894e-04    -1.21233e-04    -2.94821e-04
    2.09335e-05     2.32078e-04     1.18478e-04
    1.49120e-05    -1.84435e-04    -4.81768e-04
   -1.78432e-04    -4.37435e-05     1.04742e-04
    6.53342e-04    -1.51352e-04    -1.59111e-03
    7.11362e-04     2.81546e-04     4.05369e-04
   -1.27261e-04    -4.65533e-04     1.55844e-04
   -1.66045e-04    -1.11663e-03     1.08358e-03
   -3.35926e-04    -8.30243e-04     1.38570e-04
   -2.05554e-04    -3.19023e-05    -1.76408e-04
    6.11622e-05    -1.95909e-04     2.00166e-03
    1.88219e-04    -2.32101e-05     1.78605e-04
    4.20928e-04     7.53608e-05     1.96585e-04
   -3.47715e-04     9.69187e-05     4.84032e-04
    2.59779e-06     6.14518e-04    -3.22210e-04
    5.05490e-04     3.33839e-03     2.42709e-04
    3.24130e-04    -1.46863e-03     3.11598e-03
    1.56053e-04    -1.67694e-04    -1.31479e-04
    8.51628e-04     3.68731e-03     4.02034e-03
    2.66996e-04    -3.40258e-05     2.63851e-04
   -1.27362e-04    -1.15442e-04    -1.48358e-04
    2.48807e-05    -2.84580e-04     5.18161e-05
   -1.27333e-03    -5.41297e-04     1.04897e-03
    3.02120e-04    -2.70407e-04    -5.71061e-04
   -3.68474e-04    -3.34339e-04    -1.60734e-04
    3.64319e-05     7.00409e-05    -2.28664e-04
    2.73656e-04     3.46841e-03    -2.31393e-03
    2.89999e-04    -3.40292e-04     2.36136e-04
    1.04333e-05    -6.30241e-05     3.60334e-04
   -1.13206e-04    -9.01434e-05     1.42566e-04
    2.10364e-04     2.14764e-03    -3.89754e-03
    8.95781e-05    -8.39183e-06     1.87109e-04
   -8.23745e-04     1.46286e-03    -2.59500e-04
   -4.27516e-04    -1.29645e-03    -3.07247e-03
   -2.24997e-05    -1.21400e-04    -3.74597e-04
    2.72109e-05     2.05988e-04    -5.94842e-04
   -1.14008e-04    -5.47194e-05     1.73563e-04
   -1.16294e-04     3.23976e-04     9.61180e-05
   -2.19992e-04     3.11201e-04     8.91220e-05
   -5.44047e-05     6.52970e-04    -5.12033e-04
   -3.76617e-04    -2.11953e-04     3.80950e-04
    1.28475e-03    -3.41207e-04     1.22796e-03
    3.70095e-05     9.96187e-04     7.28296e-06
   -1.71487e-04    -1.05006e-03     5.79790e-04
    2.82902e-04    -1.41545e-04     3.95282e-04
   -1.55591e-05    -1.38870e-04    -2.04845e-04
   -2.40405e-04     1.84276e-03     4.66270e-04
   -9.43374e-05     8.32696e-05    -1.98529e-04
   -1.27809e-04     3.87788e-04     2.12529e-04
   -1.12391e-03     2.66968e-04    -8.27318e-05
    5.56347e-04     1.70728e-03     2.48047e-04
   -3.18323e-04     2.50714e-04    -4.38731e-03
   -4.19800e-05     4.55259e-05     2.13411e-04
   -1.34024e-04     1.38701e-03    -4.76675e-03
   -1.09879e-03     1.85354e-04     4.54429e-04
    5.15581e-05     7.22415e-04    -5.02236e-04
   -1.28742e-04     1.25376e-03     4.99089e-03
   -1.78339e-04    -1.29050e-04     3.46983e-04
   -2.88169e-04     9.81351e-04     7.11727e-04
    2.74335e-05     2.23661e-04     2.40633e-05
   -1.89080e-04     4.87998e-05     3.45865e-04
   -4.82820e-04    -5.27464e-04    -7.04788e-05
    1.29305e-05    -1.88088e-04     7.37499e-05
   -7.22400e-04    -2.69482e-03    -4.39092e-04
    1.16708e-04     4.69397e-04    -2.48516e-05
   -1.56466e-03    -4.97174e-03     8.55826e-04
   -5.35801e-05     3.37778e-04    -7.23157e-05
   -5.94353e-05    -1.77723e-04    -2.37137e-04
   -6.11286e-04     4.15167e-04     2.55474e-03
   -7.91221e-04     1.37858e-04    -1.32264e-04
   -1.18252e-04    -6.30687e-06    -4.24206e-04
   -5.43119e-05    -1.32100e-04    -2.29366e-04
   -6.37392e-04     4.59432e-04    -1.31050e-03
    9.38615e-05     2.39910e-04     9.44559e-05
   -1.23423e-04     3.56564e-04    -9.58565e-05
   -1.58360e-04     8.17142e-06    -1.44702e-04
    1.97692e-04    -6.85172e-05    -1.60918e-04
    4.51049e-04     2.92781e-04     2.17099e-04
   -5.02277e-05     1.92262e-04    -1.10636e-04
   -1.70214e-05    -3.33240e-04    -8.22496e-04
    2.64209e-04     2.16748e-04    -3.21319e-04
   -2.48869e-04     3.65058e-05     7.85174e-05
   -1.72338e-04     1.91433e-04    -1.83975e-05
    1.60091e-04    -1.20438e-03    -7.21315e-04
    2.70745e-03    -2.27526e-04     7.70012e-04
    2.58366e-04     4.83210e-04    -4.47972e-04
    2.39583e-04     2.18593e-04     5.22714e-05
    6.51856e-05     2.51177e-04    -5.14570e-05
    4.03758e-05    -1.09264e-04    -3.00317e-04
    3.70085e-04    -1.57745e-04     1.06655e-03
    2.33180e-04    -2.06018e-03     1.40751e-03
    3.23884e-04    -1.60637e-04     6.67373e-04
   -1.58129e-03    -1.00790e-03     3.91467e-04
   -5.80181e-04     1.83343e-04     3.00273e-04
   -1.76483e-04    -4.11885e-04     2.76379e-04
   -7.57710e-04    -5.89082e-04     6.54720e-04
   -2.04775e-04     8.97208e-05    -5.57083e-05
   -2.82064e-04     8.55544e-04     6.65170e-04
   -3.67545e-04     6.09945e-05    -1.13595e-04
   -2.06270e-04     1.23889e-03    -7.78343e-04
   -1.60461e-03    -7.09780e-04     3.54476e-04
    3.10367e-04     1.71165e-04    -1.72659e-05
   -1.32011e-04    -1.87946e-04     4.12334e-05
    1.23989e-04     7.77322e-05     2.49019e-04
   -1.42498e-04    -8.98498e-05     1.37451e-04
   -8.44507e-05    -8.50798e-05    -1.71014e-04
   -1.57723e-04     2.21466e-04     2.14294e-04
    2.53307e-04    -6.41289e-04     2.43545e-05
    1.56216e-04    -3.30342e-04     6.30104e-04
   -1.27604e-04     8.04421e-05     3.32373e-04
    5.46785e-04     1.04783e-03    -1.95028e-04
   -8.26967e-05    -1.67183e-04    -5.54749e-04
   -2.98811e-04     3.56184e-04     2.64154e-05
   -9.62816e-05    -7.36805e-05     2.73958e-04
    7.06864e-04     7.13449e-04    -1.98867e-04
    1.59944e-04     1.98910e-04    -1.66004e-04
    5.09234e-04     2.14053e-06     7.77417e-04
   -1.15653e-04    -2.03340e-04    -2.48587e-04
    1.06303e-04     1.41162e-04     1.43890e-04
    1.77316e-04    -1.64122e-04    -1.63021e-06
    3.03400e-04     2.12159e-03    -3.16091e-03
   -3.58249e-05    -2.66956e-04    -3.04267e-04
    8.96557e-05     1.62465e-04     8.63665e-05
    5.90460e-05    -2.36140e-04    -1.40291e-04
   -9.69619e-05    -9.22416e-05     1.99786e-03
   -2.16379e-04     4.73806e-04    -1.87970e-04
   -2.52081e-04     3.83328e-04     1.18604e-04
   -2.03059e-04    -3.00022e-04     9.90192e-05
   -8.09622e-04    -1.11047e-03    -1.45163e-03
   -4.65418e-04    -4.63758e-04    -3.03161e-04
    5.14402e-05    -2.06772e-04     4.48670e-05
    1.37489e-03     5.61304e-04    -8.42882e-04
   -5.60610e-04     1.57647e-03     1.22433e-03
   -1.75098e-04     2.10806e-04    -8.26496e-05
    4.63875e-04    -1.08416e-03    -1.45355e-03
   -5.08486e-04    -4.54012e-04    -1.58530e-04
    3.95547e-04    -1.93974e-04    -4.82882e-04
   -2.61625e-04    -2.09101e-04     3.65196e-04
   -1.59038e-03    -8.35108e-04    -1.59874e-04
    1.04748e-04    -3.02419e-04    -9.55108e-05
    7.15597e-04     3.40703e-03    -2.03632e-03
   -8.25585e-05     3.66353e-04     1.04056e-04
   -1.30622e-05     2.28497e-05     4.09316e-04
   -1.67763e-04     3.50190e-04    -6.35669e-05
    3.73370e-04     3.08454e-04    -2.86870e-04
   -7.20704e-05    -9.28309e-05    -2.01691e-04
   -7.85787e-04    -3.82694e-04     1.57537e-03
   -9.06137e-04    -2.16510e-03     6.56850e-04
    1.50882e-05     6.85213e-04     2.00725e-04
    1.24756e-04    -1.50041e-04     2.31891e-04
    9.28155e-05    -6.54087e-04    -1.12523e-04
   -1.36431e-04    -7.78487e-05    -2.33118e-04
   -2.96963e-04     4.21710e-04    -5.44693e-04
    7.41691e-05    -3.02135e-05    -1.90944e-04
   -1.48113e-04     1.38750e-04     2.11449e-04
   -4.10007e-04     1.40074e-04     1.32039e-04
   -4.35994e-04     2.37684e-03     2.05509e-03
    7.70845e-04    -1.50927e-03     1.83757e-03
    1.83388e-04     2.77387e-04    -2.10409e-04
    1.10778e-03    -7.43122e-04    -4.14984e-05
    7.15703e-05     5.26136e-04     1.19992e-04
    1.60838e-04     5.78669e-04    -9.12318e-04
    9.28486e-04    -7.20868e-04    -1.38925e-03
    7.97388e-04    -8.85093e-04    -5.77661e-04
    1.64516e-04     1.34489e-04     1.12852e-04
    1.89423e-04     8.89684e-04    -4.87850e-04
   -1.45395e-04    -1.36611e-04    -9.11653e-05
    8.48816e-05     3.18832e-04     4.90778e-04
    9.99526e-04    -2.28025e-03     1.44071e-04
    2.31252e-04    -1.48087e-04     1.00107e-03
    2.11178e-04    -8.51833e-04    -8.90813e-04
    6.34600e-05     3.22470e-05     2.03892e-04
    1.78206e-04    -7.61416e-05     3.62710e-04
   -1.12758e-04     1.62765e-05    -2.45170e-04
   -4.92654e-04     2.18398e-04     6.18282e-05
    7.43294e-04     1.08329e-03    -1.47415e-03
    9.37981e-05     1.58271e-04    -2.23637e-04
    1.08355e-03     4.50067e-03    -1.99838e-03
   -9.26299e-05     3.50428e-05    -2.37694e-04
    1.33921e-04     2.64314e-04     1.62977e-04
    3.25265e-04    -1.16595e-04     2.49551e-04
   -1.28435e-04     2.33599e-04    -1.72204e-04
    3.92294e-04     1.48791e-03    -1.28824e-04
   -9.00892e-04    -3.91292e-04     4.48165e-04
    8.67970e-04     3.92134e-03     3.13468e-03
   -4.26585e-05     1.47183e-04     1.51557e-04
   -5.19290e-04     1.45046e-04    -6.39343e-04
   -1.99600e-04    -5.88545e-04    -1.77454e-03
    2.02451e-05     1.74830e-04     1.27866e-04
    3.27944e-05    -8.28659e-05    -5.29195e-04
   -4.17040e-05    -1.49852e-04     1.78970e-04
    2.05545e-04     3.66010e-03     3.46132e-03
    9.53734e-05     2.89617e-04    -3.35928e-05
    5.26473e-05     2.17497e-04    -1.31660e-04
    2.47873e-04    -3.39705e-04     6.59471e-04
    3.62452e-04     2.37641e-04    -6.74333e-05
   -4.30992e-04    -3.04711e-04     1.20980e-04
   -6.98787e-04    -2.18795e-04     3.49708e-04
   -1.47366e-04    -3.23643e-04     8.65205e-05
    2.25678e-05     7.01042e-04    -3.99756e-04
   -2.46605e-05    -3.30559e-04     1.00991e-04
   -6.93353e-05    -7.72540e-05    -1.99084e-04
   -2.27404e-04     1.92082e-04    -6.45082e-05
   -2.71006e-04     1.87833e-04     7.91397e-05
    1.68147e-05    -2.87703e-04    -1.34720e-04
   -1.06319e-04    -1.80979e-04     3.51684e-04
    2.30332e-05     1.81762e-04     9.99660e-05
    2.42796e-04     4.99111e-04    -4.20199e-05
   -5.76829e-05     5.26860e-04     1.75795e-04
   -1.38613e-04     1.45223e-04    -1.48132e-04
   -7.63060e-05     2.74162e-04     3.11798e-04
    6.69687e-04    -4.94124e-04    -4.41712e-04
    2.64296e-04    -6.29306e-05    -1.66288e-04
   -2.58135e-06     2.64131e-04     2.35184e-04
   -7.15915e-05     2.03967e-04    -4.56348e-05
   -1.70821e-04    -2.38376e-04     3.27918e-04
   -1.32703e-03    -1.30472e-03     3.30246e-04
    3.85226e-04    -6.20153e-04    -1.47578e-04
   -4.30835e-04     8.35324e-05     3.46780e-04
    1.08660e-04    -3.84743e-04     2.66783e-05
   -1.54605e-04    -2.63720e-05    -1.66773e-04
   -8.81869e-05    -3.90544e-04    -3.15980e-04
    1.22876e-04     7.57057e-04     1.87092e-04
    2.20883e-05     4.46466e-05     2.00182e-04
   -3.55742e-04    -1.09894e-04    -1.85151e-04
    2.87243e-04    -4.32914e-04    -2.39701e-04
    2.43119e-05     4.02029e-04    -7.20434e-04
   -1.54496e-04     1.91631e-04    -6.99025e-05
   -4.09530e-04     1.25112e-04     1.76133e-06
   -1.39848e-04     1.42462e-04     8.86759e-05
   -2.46705e-04     3.36674e-04    -2.70921e-04
    4.96492e-05     2.10274e-04     2.03792e-05
    1.44357e-04     2.66525e-04    -3.85753e-05
    1.62424e-03    -3.41725e-03     2.88160e-03
   -2.73063e-04    -6.66814e-04    -1.44135e-04
    2.70445e-05     4.35972e-04    -1.12380e-04
    7.15238e-04     2.36521e-03    -1.64871e-03
   -8.66920e-05    -1.37854e-04     1.25480e-04
   -2.43649e-04    -9.16348e-06    -1.54859e-04
    7.39051e-04     6.74889e-04    -2.85662e-03
    5.09982e-05     8.41658e-04     9.48575e-04
    3.22598e-04    -1.43419e-04     3.97332e-04
   -1.47742e-04     8.03763e-04     2.95062e-03
    5.58583e-04     1.53467e-04     4.39160e-04
   -2.55091e-04     2.53260e-04     5.11471e-05
    5.07868e-05    -1.59952e-05     1.85368e-04
    2.02064e-04     5.49744e-04    -2.53908e-04
   -6.65680e-06    -5.46161e-04     7.44022e-04
    1.79012e-05     2.50201e-04     4.34401e-05
    1.23225e-04     2.67168e-04     3.69327e-04
   -3.62709e-04    -3.69579e-05    -8.38883e-05
    5.01882e-05     1.11010e-04    -5.67642e-04
   -5.35365e-05     2.76527e-04    -2.45975e-04
   -1.68120e-04     1.03027e-03     1.46619e-03
   -4.95787e-04    -1.58081e-05    -8.88688e-04
    5.73762e-04     3.77129e-04    -4.35757e-04
   -5.27690e-04     1.14992e-03    -5.97776e-04
   -1.00053e-03    -2.00079e-03    -2.35322e-03
   -8.06417e-05    -1.52123e-04    -1.08331e-04
    1.85158e-04    -5.35976e-04     1.37189e-03
   -7.12606e-04     4.24462e-04     3.04311e-03
   -1.17741e-04    -9.70009e-05    -1.43176e-04
    4.65638e-04     5.26688e-06    -4.99907e-04
   -2.25477e-04     1.26302e-05     1.03577e-04
   -4.91244e-04     9.53342e-05     6.40157e-04
    3.45154e-04     1.55087e-04    -2.05068e-05
   -2.73819e-05    -3.11956e-04    -5.04052e-05
    8.69048e-04    -2.24885e-04    -1.04627e-05
    3.66966e-04    -5.45377e-05    -1.50663e-03
    1.26293e-03     3.70441e-03    -1.70088e-03
    1.85269e-04     2.79764e-04    -2.34003e-04
   -1.91597e-04    -4.35577e-04    -1.12430e-04
   -6.72138e-05    -1.13959e-04    -5.55426e-04
    5.05566e-05     6.01994e-04     9.42905e-04
    1.04969e-03    -8.81637e-05     4.51660e-04
    6.89414e-05     4.74084e-04    -3.74938e-04
    1.36016e-04     2.28986e-04    -1.99648e-04
    2.11327e-04     1.21525e-03     1.78721e-05
    4.41582e-04     4.04484e-04     6.86632e-04
   -8.48308e-04    -2.43886e-03    -2.57998e-03
    1.19719e-03     1.51723e-03     1.43950e-03
    9.53104e-05    -4.12780e-04     1.20193e-04
    2.42665e-04     3.19927e-04     6.75251e-05
    4.34372e-05     7.62700e-05    -1.09839e-03
    1.03607e-03     1.56937e-03    -2.49217e-03
    2.35470e-04    -2.33739e-04    -4.37361e-04
    6.32798e-06    -7.53711e-05     3.28654e-04
    4.92926e-04    -1.18667e-03    -4.71016e-04
   -1.67090e-04     1.29947e-04    -8.67117e-06
   -2.29881e-05    -1.53950e-04     2.33641e-04
    2.47577e-04    -7.91873e-05    -2.74770e-05
    6.77494e-04    -7.47989e-04    -4.23782e-04
    5.75210e-05     1.14226e-04    -1.61641e-04
    3.88612e-05     1.59119e-05     2.67082e-04
   -1.46679e-04     2.52664e-04    -5.95770e-06
   -3.25754e-04    -2.43656e-05    -2.60660e-04
    1.53252e-04     2.25255e-04     1.78212e-04
   -1.35904e-04    -1.48558e-04    -5.83952e-04
   -4.13969e-06     1.78102e-04    -8.00842e-05
   -2.93267e-04    -6.41016e-05    -5.39146e-04
   -9.52243e-05    -4.90395e-04     3.66200e-04
    1.72697e-04    -1.15080e-04    -9.64581e-06
   -7.53867e-05    -3.78567e-05     1.90285e-04
   -2.36373e-04     2.99677e-04    -4.83415e-04
    5.72545e-04     5.41582e-04    -8.45967e-04
   -2.71606e-04    -1.82566e-04    -2.53154e-04
   -1.26511e-04    -1.72695e-04    -4.99979e-04
    3.67572e-05    -1.96427e-04     9.17063e-05
   -3.51484e-04     7.06974e-04    -1.16578e-03
    6.70516e-04     3.53803e-03     1.73326e-04
    1.36051e-04     6.31679e-04     7.04663e-04
    1.04046e-04     2.05517e-04     6.71123e-05
    2.93050e-04     4.02802e-04    -1.03398e-05
    1.41199e-04    -1.32214e-04    -3.51898e-04
   -2.34001e-05     3.79173e-04     2.89898e-05
   -8.64723e-04    -3.52036e-03    -1.38461e-03
    7.68451e-05     2.95648e-04     4.53140e-04
    1.93379e-04    -8.14001e-04     4.71967e-04
    1.63371e-04     1.91663e-04     2.87621e-04
   -7.27920e-04     1.60594e-05     1.08967e-03
   -4.55546e-04    -4.56245e-04    -9.12142e-04
   -5.77635e-04    -4.56096e-04    -2.98372e-04
    1.41150e-03     1.74263e-03     2.33016e-03
   -9.27881e-04    -7.26007e-05    -4.87168e-04
    1.73170e-04     1.85636e-04    -4.79229e-04
    1.07783e-03     9.85078e-04     1.20935e-03
    4.46053e-04    -1.35283e-03    -2.54642e-04
   -1.00892e-05    -1.24959e-04    -2.88052e-03
   -1.14911e-05    -2.58458e-04    -2.18316e-04
   -7.89010e-05    -3.33003e-03     1.74517e-03
    1.11688e-04     9.61694e-05    -1.87742e-04
    3.77073e-04    -3.89515e-04    -3.44762e-04
    1.77480e-04    -1.16816e-04     8.01726e-06
    1.30536e-04     3.67311e-05    -4.12278e-04
   -4.86652e-04     6.63884e-04    -3.57760e-04
   -1.54609e-05     2.38884e-04    -1.37851e-05
   -1.77454e-04     2.73701e-04     3.30250e-05
   -1.34082e-04     2.39992e-04    -5.56648e-05
    8.56028e-05    -1.79574e-04    -9.77262e-04
   -9.22736e-04    -5.16540e-03    -1.21567e-03
   -1.45529e-04    -1.22152e-05    -2.92138e-04
    5.95122e-04     1.18415e-03     1.60911e-03
   -1.67415e-04     1.08761e-04    -6.24175e-05
   -1.82904e-04    -8.20369e-04     4.87489e-04
    9.35410e-05    -2.12518e-04    -5.06909e-05
    7.86404e-06    -1.38415e-04    -1.60048e-04
   -1.38996e-04     1.18369e-04     1.31444e-04
   -7.68124e-05     1.87808e-04     2.83897e-04
    1.32358e-05    -2.45010e-04     8.75170e-05
   -6.15093e-05    -2.29245e-04    -9.05333e-05
    6.41255e-05     1.37890e-05    -3.03691e-04
   -5.94335e-04    -1.54890e-04    -1.08195e-03
    3.22965e-04    -2.08856e-04     7.08191e-05
   -2.75662e-04    -1.96723e-04    -9.66670e-05
    9.60678e-04     4.83380e-04     5.69883e-04
   -5.75923e-04     1.99727e-04     1.95779e-05
    9.01861e-07     2.26477e-04     4.58954e-05
    1.20710e-04     1.58689e-04     7.40594e-05
   -2.30954e-04    -9.55482e-04    -3.23597e-04
   -8.73506e-05    -1.62090e-04    -7.77451e-05
   -3.30944e-04    -5.37140e-04    -6.23610e-04
    1.81913e-04    -5.97860e-05    -3.00850e-04
   -8.36062e-04    -9.47210e-05    -4.26854e-04
    1.53088e-04    -4.57768e-04    -3.40497e-04
    5.40284e-04     8.50313e-04     1.30872e-03
   -7.03009e-04    -8.08963e-06     2.19394e-04
    6.34759e-05     1.02606e-05     1.95585e-04
   -1.40864e-03    -2.31826e-03     1.78222e-03
   -1.06287e-04    -4.44051e-05    -4.05359e-04
    3.63184e-04    -1.10030e-03    -6.71462e-04
    4.86168e-04     2.47767e-04    -1.09956e-05
   -1.05099e-04     1.89621e-04    -6.86929e-05
   -5.23001e-04    -2.61992e-04     4.46095e-04
   -8.55373e-06    -6.09949e-04    -6.09679e-04
   -2.19737e-04     1.86229e-04     1.45636e-04
    3.86304e-05    -3.96294e-04    -1.46038e-04
    6.71235e-04     2.72099e-04     1.76512e-03
    3.82093e-05     3.85359e-04    -5.50128e-04
    1.15802e-04     9.01556e-04    -3.71725e-04
    1.60696e-04    -2.60770e-05     2.17059e-04
   -3.99255e-05    -1.93947e-04     4.34356e-04
    1.90818e-03     6.62097e-04     4.52433e-04
    2.92427e-04     3.66762e-03     2.20296e-03
    3.01908e-04     2.99989e-03    -7.12483e-04
   -3.74071e-04     1.16550e-03     2.90595e-04
   -1.04381e-04    -2.77959e-04     2.86920e-04
   -2.34813e-04     1.30936e-04    -2.38798e-04
   -8.99980e-05     2.13572e-03     9.54827e-05
   -4.86556e-04    -2.47812e-04     3.68756e-04
   -1.53250e-05     1.51961e-05     2.18884e-04
    3.51048e-04    -7.81834e-04     2.79514e-04
   -2.34509e-04     2.32777e-06    -7.69962e-05
    4.61219e-04    -5.73203e-04     5.39753e-05
    6.07911e-05     1.44010e-03    -1.94264e-03
   -2.29427e-04     2.29142e-04    -4.29098e-05
   -3.61207e-04    -3.17254e-04     1.67078e-03
   -2.85979e-04    -8.23739e-04     8.02673e-04
    7.37550e-04    -8.85839e-04    -9.05894e-04
   -5.05157e-04     7.27781e-05     6.23081e-04
    6.90938e-04     3.35666e-03     1.77916e-03
    1.27719e-03    -1.72354e-05     4.94035e-04
    1.52715e-04    -3.22076e-04     1.81899e-04
    7.41562e-05    -8.54272e-05     1.56226e-04
    7.57810e-04    -1.58897e-04     2.66141e-04
   -1.31865e-05     8.04518e-04     8.35405e-05
   -8.10827e-04     4.97906e-04     7.01796e-04
    1.76596e-04    -1.00744e-04    -1.47307e-04
    3.19896e-04     5.80520e-05    -3.22289e-04
   -3.69090e-04    -3.42082e-05    -9.69471e-05
    1.95429e-04    -1.00097e-04    -2.20230e-04
   -2.68707e-04    -4.65742e-04    -4.62457e-04
    2.96373e-04    -3.37584e-05    -3.96809e-04
    1.56913e-04     4.20032e-06    -1.46786e-04
    3.98409e-04     4.53774e-06     1.06397e-03
   -1.07002e-04     9.46618e-04    -1.13975e-04
   -1.53119e-04    -5.89918e-05    -3.20447e-04
    5.02091e-04     2.64569e-03    -3.42483e-03
    6.12407e-04     1.01938e-03    -2.96681e-03
    2.24800e-05    -3.28883e-05    -7.90011e-04
   -1.29332e-04    -1.15663e-03    -4.77719e-04
    6.58253e-07     1.07417e-04    -2.98595e-04
   -1.11105e-04     3.59788e-04     5.36035e-04
    4.89241e-05    -2.05025e-04    -1.44506e-04
    2.10249e-04     7.42906e-05     7.26978e-05
    2.53843e-05     1.23740e-04    -3.57151e-04
    6.41861e-05     1.37723e-05     2.12182e-04
    5.86392e-04     1.10329e-04     4.23473e-04
   -2.01746e-04    -1.65082e-03     7.34889e-04
    1.49164e-04     8.97141e-04     9.85070e-04
   -2.50489e-04    -3.61172e-06     8.04037e-04
    2.60361e-04     6.49274e-04     7.40528e-04
    5.53094e-04     3.74767e-04    -3.11851e-04
    1.44833e-03    -4.12410e-03     1.14116e-03
   -1.93804e-03    -2.09597e-03     1.36751e-03
    1.42172e-04     5.75627e-04     3.12341e-04
   -3.16043e-04    -2.06245e-03    -1.02353e-03
   -4.91353e-05     5.01220e-04    -6.26386e-04
    1.23116e-04    -1.63579e-04     1.54661e-04
   -2.54911e-04    -2.83409e-04    -2.50749e-03
    4.88181e-04     3.09570e-03     7.36676e-04
    2.55069e-04    -2.50726e-04    -2.75916e-04
    1.37514e-04    -1.89417e-04    -3.81034e-05
    2.60647e-03     6.72859e-04    -9.96796e-04
   -1.22124e-04     2.51654e-04    -1.79080e-04
   -2.14505e-04    -4.55340e-03    -1.67265e-03
   -2.06881e-04    -4.12802e-05     1.57290e-04
    2.04198e-05    -4.55599e-05     2.45234e-04
   -1.41215e-04    -1.52139e-04     1.19671e-04
   -1.21558e-04    -2.34366e-04    -6.63533e-05
   -2.01579e-03    -3.24970e-03     1.14165e-03
   -9.00360e-05     2.83073e-04     4.22553e-04
    3.99649e-04    -1.07774e-03     1.29818e-03
   -1.03743e-05    -1.63624e-04    -1.87542e-04
   -1.34549e-04     2.00322e-04     1.51396e-04
    1.94055e-04     7.58000e-04    -9.63978e-04
   -4.17129e-04     2.78555e-04    -1.94269e-04
   -4.50337e-04    -1.16564e-03     1.99164e-05
   -3.51980e-04     3.25038e-05     7.60929e-04
    1.73025e-04     2.85287e-04    -1.97966e-06
   -1.86815e-04    -2.55628e-04    -1.15199e-04
   -5.80887e-04    -9.84165e-04     4.45909e-03
    1.55571e-03    -2.26108e-03     1.78582e-03
    3.10490e-04    -1.73434e-04     1.42247e-04
   -9.08170e-05     1.89615e-04    -4.00008e-05
    5.55045e-04     2.09356e-03    -2.48256e-03
   -1.97569e-04    -2.86149e-05     1.18576e-04
   -3.27012e-04     8.82429e-04    -2.48734e-03
    3.36854e-04     3.70963e-05    -1.66025e-04
   -2.20537e-03    -4.54036e-03     1.79239e-03
    6.59602e-04     1.22954e-03    -3.99773e-04
    3.47248e-04    -7.92901e-05     8.95570e-04
    1.11648e-04    -3.37193e-04    -6.02002e-04
    3.19419e-05    -2.20246e-04     5.79292e-05
   -3.22618e-04     1.16215e-04    -3.07146e-04
    3.95802e-05     1.90291e-04     3.21964e-04
   -3.30892e-04     4.84512e-05     1.58598e-04
    9.71976e-06    -1.03063e-03     1.45396e-04
    2.77504e-04    -5.45225e-05    -2.17357e-04
   -2.25813e-03    -1.36421e-03    -7.09100e-04
    1.18449e-05    -3.21620e-05     7.66424e-04
    2.55188e-04     4.05574e-05    -5.94196e-05
    3.80787e-04     4.80508e-04    -2.01577e-04
   -1.27217e-03    -4.54946e-04     6.62616e-04
   -2.12049e-04     1.31167e-04     3.30158e-04
   -6.06038e-05    -6.78037e-04     8.75503e-05
   -6.28853e-04    -1.55030e-03    -2.42854e-03
   -6.58090e-04     3.06438e-04     2.96441e-04
   -3.50924e-06     1.76321e-04     1.46515e-04
   -1.05440e-04    -1.08379e-04    -1.65023e-04
   -2.81586e-04     4.35182e-04     3.01189e-04
   -1.74802e-04     2.25844e-04     8.30035e-05
   -3.20822e-04    -1.27490e-04    -3.44826e-04
    3.07821e-04     1.18880e-03    -1.13780e-03
   -3.79338e-04    -4.49927e-04     2.59195e-04
   -2.96271e-04     2.89218e-05     7.76460e-06
    5.99180e-06    -2.10684e-05    -4.88742e-04
    3.20638e-04     3.91200e-04    -7.07316e-05
   -1.19240e-04     5.47623e-05     1.79950e-04
    1.38181e-04     2.73355e-04    -1.15659e-03
    1.11836e-04    -1.77628e-04    -4.79675e-05
    2.17609e-04     7.15542e-05    -1.91346e-04
   -1.96746e-04     2.11202e-04     5.33570e-05
   -4.13379e-04     5.84154e-04    -2.94455e-04
   -6.86515e-04     8.50750e-05    -3.48767e-05
   -6.90932e-04     5.95785e-05     1.83012e-04
    5.10997e-04    -2.68027e-04    -3.98560e-04
   -6.71783e-04    -5.72344e-04    -6.47911e-04
    1.73355e-04    -1.96868e-04     3.86743e-04
   -1.32336e-03     7.35571e-04    -2.78665e-03
    2.95708e-04     4.94046e-05    -1.82168e-04
   -3.53401e-05     4.96212e-04    -8.52182e-04
   -2.01885e-04     2.91340e-04    -3.13438e-04
    4.62846e-04    -2.65190e-04    -2.98336e-04
    7.06815e-05     1.74877e-04     1.22290e-04
   -3.61183e-06    -5.64028e-04    -1.91014e-03
   -7.86728e-05    -2.28743e-04    -5.68921e-05
   -1.03523e-04     2.51674e-04    -3.90648e-05
    1.98351e-04     3.02530e-05    -1.31249e-04
    1.01801e-04     1.64253e-05     2.41171e-03
   -3.26429e-04    -1.06315e-04    -1.92308e-04
   -7.82726e-05    -8.07135e-05     2.16422e-04
    3.53956e-04     1.37405e-03     6.77480e-05
    1.07782e-04    -2.30557e-04    -4.25769e-05
    1.12521e-04    -3.65996e-04    -4.69843e-05
   -2.14354e-04     2.46734e-04    -1.75322e-04
   -2.08293e-04     2.73947e-04    -1.38788e-04
    1.42090e-04     9.87096e-04    -6.47938e-04
    1.75027e-05    -1.16991e-04    -1.67937e-04
    1.33963e-04    -1.81875e-04     2.13157e-06
   -9.56865e-05    -2.18874e-03    -2.17442e-03
    5.34338e-04     1.21670e-03    -8.53738e-04
   -4.10996e-04    -4.77034e-04    -5.58509e-05
    3.53310e-05    -3.93493e-05     2.16544e-04
    7.63870e-04     2.03445e-04     7.48064e-04
    3.50170e-04    -3.88919e-04    -1.37434e-04
   -1.00947e-04     3.26576e-04     4.95833e-04
   -3.57548e-04     8.89650e-05     1.83254e-03
   -5.03014e-04     3.26079e-04     4.65369e-04
    9.49626e-04    -4.00059e-04     1.65666e-04
   -1.44169e-04     1.60134e-04     6.54252e-05
   -2.49491e-03    -1.65056e-04    -1.89338e-03
   -1.29215e-04    -1.89882e-04    -3.91606e-04
    1.55597e-05    -8.25975e-04    -4.77385e-03
    1.14326e-05     2.42016e-04     2.57476e-04
    1.50252e-04    -2.36313e-04    -9.38906e-05
   -6.55855e-04    -8.32247e-05    -2.26725e-04
    7.91748e-04     4.21782e-03    -1.14441e-03
    1.89196e-04     1.97443e-03    -6.61511e-04
   -4.24693e-04     2.33398e-04    -1.17690e-04
   -9.06216e-04    -1.16163e-03    -5.44320e-04
    1.22425e-04    -3.16440e-05     1.54472e-04
   -2.45765e-04     5.20919e-04    -1.66645e-03
    2.60785e-05     9.45812e-05    -1.61206e-04
   -2.98251e-06    -1.54760e-05    -3.20640e-04
    2.30498e-04     1.24946e-03    -7.77582e-05
   -6.49387e-04    -8.30346e-04     4.92109e-04
   -1.58409e-03    -1.35659e-03     1.23098e-03
    5.78161e-04     2.81480e-03    -5.31368e-04
   -2.31791e-04    -5.48331e-04    -9.94732e-06
   -4.22246e-05     5.50262e-05    -2.19842e-04
    3.15193e-04     5.01423e-04    -8.59680e-04
    9.54721e-05     4.93798e-05    -2.73399e-04
   -1.12105e-04    -8.96697e-04    -1.60114e-03
    5.55952e-04     2.14946e-03     9.38411e-04
    7.62950e-04     2.56585e-03    -7.75129e-04
    1.57278e-04     1.15220e-04     5.00990e-05
    1.07780e-04     1.77883e-04    -3.43743e-04
   -1.25257e-04    -2.12373e-04     2.06511e-04
   -3.32347e-04     5.94770e-04    -1.50400e-03
    4.22249e-04    -2.90890e-04    -1.94018e-03
   -4.89779e-04     2.86630e-04     1.01314e-04
    2.95307e-04    -8.35539e-05     1.38031e-05
    7.16511e-04     1.62910e-03     4.78006e-04
   -1.86884e-04    -1.96128e-04     5.26442e-05
   -9.67335e-04    -3.79671e-03    -1.78265e-03
   -5.76570e-04    -1.15046e-04     1.54984e-04
   -6.53759e-06    -3.16615e-06    -7.07679e-04
   -5.66246e-05    -9.71291e-05     1.72651e-04
    2.14226e-04    -4.22557e-04    -7.35683e-04
    1.16498e-04    -1.14854e-04    -2.10238e-04
    5.17298e-05     2.48335e-04    -6.16640e-05
    2.27554e-04    -2.76818e-05     1.98643e-04
   -2.12353e-04     2.55371e-04    -2.46125e-04
   -4.98928e-04    -2.73766e-04     1.11078e-04
   -1.59455e-03    -2.93381e-05    -1.38826e-03
   -3.26406e-05    -6.22564e-05    -2.61340e-04
    6.56188e-04     1.70074e-04     8.29489e-04
   -1.60845e-04     1.35748e-04    -1.01757e-04
    1.71958e-04    -2.01890e-04    -3.35648e-03
    2.91296e-04    -3.41629e-04     1.63960e-04
    7.93634e-04     4.63194e-04     3.23796e-04
    2.79417e-04    -8.73843e-05     1.25197e-04
   -4.43280e-04     1.71623e-04    -1.48926e-04
    3.77683e-06     1.14728e-04    -1.92299e-04
    4.95077e-04     4.86216e-04     6.01165e-04
   -2.54670e-03     1.50961e-03     1.89574e-03
   -1.75464e-04     2.48206e-04    -1.08498e-04
    1.37644e-04     1.48933e-04     6.50239e-05
    8.70448e-04     4.32693e-03     2.82119e-03
   -1.19217e-04     7.62038e-04    -3.68356e-04
    7.82760e-04     3.67996e-03    -1.29244e-03
   -7.31771e-04    -6.76426e-04     5.92068e-04
   -1.37726e-03    -8.25484e-04    -2.50564e-03
   -1.72163e-04     4.86751e-04    -6.27015e-04
   -1.84945e-04     2.19605e-04    -2.68328e-04
   -7.83432e-05     1.33781e-03    -6.90863e-04
   -1.98892e-03    -2.87303e-03     2.38394e-03
   -2.22557e-04    -1.85425e-04    -1.42293e-04
    1.89131e-04     1.95169e-04    -1.77394e-04
   -5.78369e-05    -1.92466e-04    -5.55993e-05
   -4.96060e-04     6.05767e-04    -3.27482e-05
   -3.70928e-04    -3.67552e-06    -1.48980e-04
    1.84024e-04     2.17807e-03    -1.08271e-04
   -2.25368e-04     5.61617e-05     3.02418e-04
   -3.20094e-04    -3.02185e-03    -3.53084e-03
    1.31358e-04     6.50196e-04     3.53554e-05
    3.41754e-04     6.25893e-04     1.20587e-04
    1.53526e-04    -2.97632e-05    -1.49489e-04
   -1.41155e-03    -1.32677e-03    -1.59302e-03
   -1.52036e-04     7.95051e-05     1.51720e-04
    2.36813e-04     7.95658e-04     4.74488e-04
   -3.49502e-05     1.95729e-04     2.42971e-05
    1.18708e-04     5.85542e-04     4.60688e-04
   -2.07593e-04     2.38552e-04    -1.36844e-04
   -1.32012e-04     1.43988e-03    -8.42435e-05
   -5.80754e-05    -4.64855e-05     2.97361e-04
    1.04851e-04    -3.35608e-04     1.92572e-04
    1.32423e-04    -4.19910e-04    -1.33352e-04
    1.34498e-04     2.07438e-04    -6.27599e-04
    2.13836e-04    -5.20042e-04    -7.06340e-04
   -2.01445e-04    -9.75358e-04    -5.86608e-04
   -1.03122e-04    -1.42398e-05    -1.74786e-04
   -1.08958e-04     1.38638e-04    -1.37860e-04
   -2.26284e-04    -2.68239e-04     1.05080e-03
   -8.90231e-06    -5.14006e-04    -2.96372e-04
   -4.01620e-03    -1.16922e-03    -2.29804e-03
   -8.65174e-05     1.78786e-04     3.82670e-06
   -5.87440e-05    -8.92103e-04     2.63199e-04
   -2.46672e-04    -1.08302e-04    -3.93076e-04
   -5.26105e-05    -2.29298e-04    -1.04972e-04
    1.42858e-04     1.97328e-04     1.18026e-04
    9.06638e-05     9.56204e-04    -1.59140e-03
    7.48103e-05     7.53986e-04     1.19702e-03
    3.60576e-05     1.91288e-04    -1.90991e-04
   -1.10259e-03     4.46063e-04    -9.41143e-05
    3.78573e-05     9.88261e-06     4.80284e-04
   -1.10861e-03    -4.41655e-03    -7.38741e-04
    2.84815e-04    -1.82592e-04    -2.99068e-04
    6.89958e-05    -6.24395e-04    -4.47609e-04
   -1.72466e-03    -1.71493e-04     3.69969e-04
   -6.59564e-06     3.70489e-05     8.52029e-04
   -8.99010e-05     2.44710e-04    -2.26895e-05
    1.04616e-04    -1.65433e-04     1.67631e-04
    7.55148e-05     9.27171e-04     7.69746e-04
   -1.50543e-04     9.58500e-05     1.81957e-04
    2.72587e-04     1.35591e-03     7.68736e-04
   -9.36011e-04    -1.95152e-03     1.38202e-03
    2.19470e-04     3.99594e-04     3.89621e-04
    2.95688e-04    -1.45885e-04     3.80145e-04
   -2.35718e-05     5.05253e-04    -2.42201e-04
   -2.00526e-04    -8.37648e-04     4.06905e-04
    1.38619e-04    -2.53430e-04     8.82947e-05
    2.30188e-04     1.38698e-05     1.80427e-04
    4.03346e-05    -1.25775e-03    -2.38377e-03
    2.82999e-04     6.99506e-04    -4.41224e-04
   -3.77486e-04    -8.80103e-05     4.37730e-04
    6.25208e-05    -1.57497e-04     6.43987e-04
    1.60179e-04    -2.86936e-04     7.15238e-04
   -2.42442e-04    -6.29808e-04     1.19158e-04
   -3.12047e-04     1.40933e-03     1.37449e-04
   -1.05155e-04    -6.30216e-05    -3.18005e-04
    2.46990e-04     7.04924e-05    -8.81994e-04
   -6.39812e-04     2.90238e-05     1.56082e-03
    3.52385e-04    -2.29456e-04     8.56565e-04
    2.81298e-04     4.06329e-04    -2.99856e-04
    3.63231e-04    -1.78468e-04    -2.17592e-04
    5.72129e-04     3.94985e-04     1.30173e-03
    9.22103e-04     4.12342e-03    -2.60192e-05
   -2.38205e-04    -4.41492e-04     1.56049e-04
    1.14089e-03     1.81487e-03     6.54246e-04
    6.02326e-04     4.51014e-04     6.74684e-04
   -3.23838e-04    -5.68030e-04    -2.22417e-04
   -2.19715e-04    -1.61517e-04     3.85994e-06
   -1.52488e-04    -5.24352e-04     7.82520e-04
    8.01690e-05     2.94169e-04    -3.17960e-04
    4.96806e-04     3.48114e-04    -8.27228e-06
    2.52182e-04     1.52391e-04     1.81850e-04
   -3.65387e-05     4.30815e-04     3.42242e-05
    1.90785e-03    -2.98139e-03     2.47490e-03
    5.64843e-04    -6.43780e-04     7.13059e-04
   -1.21651e-04     1.59467e-04     4.11952e-04
    7.53352e-04    -3.41699e-04    -4.45451e-04
   -2.07637e-04    -8.23611e-05     1.41849e-04
   -1.31482e-03    -4.28535e-04    -1.15972e-03
    1.40937e-04     2.08596e-04    -3.51809e-04
    1.89465e-04    -7.09496e-05    -9.19793e-05
   -3.83828e-04    -5.07318e-05     2.65428e-04
    7.56433e-04    -1.73515e-03     1.51313e-03
   -2.88288e-04    -1.12844e-04     3.09609e-05
    6.18209e-04     4.69862e-04     2.50981e-03
   -6.99284e-05    -2.79023e-04     1.31406e-04
    6.39356e-05    -7.40631e-04     2.32526e-04
    2.54811e-04    -8.25686e-05     8.86395e-05
    2.31163e-04    -5.73705e-04     3.03615e-04
   -2.69665e-04    -5.58954e-06    -6.03739e-06
    1.41661e-05    -1.61136e-04     1.33550e-04
   -2.04922e-04     6.84390e-05     8.62305e-05
    5.94223e-04     2.77312e-04     1.39124e-03
    4.72270e-04     1.82368e-04     2.84273e-04
    6.80984e-04     9.68288e-04     2.30863e-04
   -7.03248e-05    -2.74987e-05     4.02183e-04
   -8.70965e-05    -9.06399e-05     2.13110e-04
    1.39446e-03     2.55251e-04    -1.72123e-03
    1.50516e-04     1.15794e-04     9.05508e-05
    6.69095e-06    -1.21772e-03    -1.69514e-03
   -3.02063e-03    -1.84312e-03     1.24358e-03
   -1.20748e-04     7.05770e-04    -5.66960e-04
   -3.30467e-04     2.28881e-04     1.59314e-04
   -2.96761e-04    -2.24066e-04    -2.56384e-04
    3.36016e-04     2.98335e-04     1.67289e-04
    6.58624e-04     3.13887e-03    -1.17085e-03
    5.99384e-04     1.05301e-03     5.25515e-04
   -5.44552e-04    -4.29484e-04    -4.52440e-04
   -8.65301e-05    -9.77728e-04     1.66103e-03
    3.22172e-04     2.65353e-04     4.01411e-04
   -2.22222e-04     1.12705e-04    -1.84349e-05
   -1.46424e-04     1.37983e-04    -4.60827e-05
    6.90834e-04    -8.13469e-04    -3.18358e-04
    4.49206e-04     2.34182e-03     3.08488e-03
   -4.31560e-05     4.14940e-04     8.63864e-04
   -2.00240e-04    -1.68302e-05    -6.90061e-05
    4.41122e-04     2.25329e-04     2.54348e-04
    4.54942e-04    -5.65927e-05     4.05855e-04
    8.15112e-05    -2.68766e-04    -1.22256e-04
   -2.91516e-04     1.04453e-05    -2.64922e-04
    3.22672e-04     3.50573e-04    -2.72912e-05
   -2.08606e-05     3.89793e-05    -2.11176e-04
    1.58443e-04    -4.29936e-05    -2.12955e-04
   -1.34060e-04    -5.64401e-05     2.64219e-04
    2.33944e-04     3.57475e-03    -2.62475e-04
    1.19995e-04     2.48465e-04     2.53213e-04
   -2.54472e-04    -5.11265e-05    -1.27303e-04
   -4.42696e-04    -1.23532e-03    -5.73823e-04
   -6.39662e-04     5.11861e-04    -5.32366e-04
    8.55102e-05     1.18344e-04     1.51768e-04
    1.89982e-05     3.34829e-04    -2.06188e-04
    5.47919e-04     2.60302e-03    -2.42824e-03
    1.13753e-04     9.87181e-04    -1.96479e-03
   -2.85581e-04    -9.57356e-05     1.39557e-04
    1.40836e-04    -3.18951e-04    -2.90236e-04
   -7.72519e-04     5.39013e-04    -7.57226e-04
    3.07100e-04     2.08032e-04     1.45983e-04
   -3.11146e-04     2.19354e-04    -1.47880e-04
    4.43683e-04     7.30364e-04     1.41937e-03
   -8.79112e-06     2.86221e-04    -1.92311e-05
    1.88127e-04     1.45250e-04    -8.29798e-05
    1.85005e-05     2.36821e-04    -1.56222e-04
   -5.20716e-05    -1.99729e-04     1.90561e-04
    1.77322e-04     1.91208e-04     1.19499e-04
    3.28962e-04     1.03311e-04    -2.14930e-06
    4.47011e-04     1.55331e-03    -2.51400e-03
    1.06701e-03    -7.22240e-05    -2.48736e-03
    3.69178e-04     2.00938e-04    -3.19420e-04
   -1.10576e-04     2.37789e-04     2.83416e-05
    5.30961e-04     1.07632e-03     3.55374e-03
    2.07173e-04    -4.05229e-05     4.21952e-04
   -5.83361e-04    -9.82855e-04     7.97610e-04
   -9.40478e-05    -3.29481e-04    -1.71620e-04
   -2.31089e-04     5.92430e-05    -7.76453e-05
    2.37359e-04    -1.70542e-04    -8.94367e-05
    7.48513e-05     1.94655e-03    -1.69616e-03
    8.17955e-05    -1.41791e-04    -1.61894e-04
   -2.31648e-04    -8.04684e-05    -2.19330e-04
   -1.48838e-04     2.71606e-04    -1.42332e-04
    4.28841e-05     1.36857e-04    -2.85975e-04
   -1.24554e-03    -3.25231e-04     5.74261e-04
   -7.11621e-04    -2.83990e-03    -3.21637e-03
    1.42924e-04    -8.31861e-05    -1.37863e-04
   -4.71220e-04    -9.73954e-04    -1.17339e-03
   -5.55881e-05    -5.01495e-04     1.88557e-04
   -8.63807e-04    -1.71007e-03    -2.23838e-03
    4.92335e-05    -1.97352e-04     3.29545e-05
   -1.61817e-05     2.96315e-04    -1.47205e-04
   -5.98692e-04    -3.92935e-04    -4.20057e-05
   -1.62445e-04    -3.25921e-07    -5.36987e-04
   -1.02173e-04    -1.74215e-04     1.54468e-04
   -4.86326e-04     2.17321e-04     3.60867e-04
   -5.95578e-04    -1.22433e-04    -3.13393e-04
    3.88773e-05    -6.23910e-05     2.09396e-04
   -4.28153e-04    -4.62389e-04    -9.53241e-06
   -3.78203e-05     2.28838e-04     1.12294e-04
   -1.39267e-06     2.81748e-04    -3.76767e-04
    3.25158e-04    -4.86898e-05    -1.35327e-05
   -1.02230e-03    -6.36359e-04    -2.26000e-03
    3.71345e-05     3.51522e-04     3.18984e-05
    2.26624e-04     2.77667e-04    -8.11282e-06
   -1.23868e-04    -2.18040e-04    -3.11407e-04
    4.77308e-04     6.47506e-04     1.12613e-04
   -1.52140e-04     9.81208e-04     3.33221e-03
    7.11107e-05     4.99206e-04    -5.53312e-04
   -2.41671e-04    -9.75108e-05    -3.34102e-04
   -3.33997e-04    -5.77496e-04    -6.51545e-05
    1.97222e-04     1.10168e-04     4.26889e-04
   -2.85984e-04    -1.01057e-04    -4.65276e-04
    1.36131e-03    -1.34521e-03     5.69046e-04
   -1.52854e-03    -7.63525e-04    -8.05238e-04
   -3.41877e-04     1.58530e-04     1.26500e-04
   -6.41436e-04    -4.63269e-05    -4.89399e-03
    6.38077e-04     2.89295e-04     9.61580e-05
   -7.41881e-05     1.95386e-04    -2.12004e-04
    4.33350e-04     1.38229e-03     6.88877e-04
    3.23547e-05    -2.15429e-04     7.89547e-05
   -3.57228e-04    -7.13604e-04    -2.17210e-05
   -6.04002e-04     4.26244e-04     2.61806e-04
    2.01964e-04     2.51184e-03     1.54498e-03
    1.00064e-04     9.61019e-05    -1.77940e-04
   -5.61274e-05     2.55151e-04    -5.94369e-04
   -4.92337e-05     3.90058e-04    -2.85666e-05
   -2.20808e-04    -1.87248e-04    -4.72445e-05
   -2.77529e-05     2.01409e-04     3.07771e-04
   -3.38795e-04    -6.97717e-05     7.31867e-05
   -3.98698e-04     2.30715e-04     4.95368e-04
   -2.24220e-04    -4.32480e-04     2.74419e-03
    9.63995e-05     1.46916e-04    -6.67435e-04
    2.71272e-04     1.71646e-06     1.89135e-04
    5.22062e-04    -4.55130e-04    -3.32040e-04
   -6.87476e-04    -1.26976e-03     1.14540e-04
   -7.08422e-04    -2.20698e-03    -1.61958e-04
    2.91991e-04     2.54125e-04     1.42576e-04
   -2.02534e-04     4.01733e-04    -3.90233e-04
    8.33662e-04     1.05707e-03     3.74336e-03
   -6.02332e-04    -5.05125e-04     1.24236e-05
    6.57549e-05     1.02043e-03     6.98212e-05
    7.66613e-04     2.94945e-03     1.14392e-03
    1.23596e-03     1.58752e-03    -1.38036e-03
    9.08892e-04     4.13562e-03     1.56250e-03
   -3.42983e-05     3.87822e-04    -6.68688e-05
    8.08787e-04     4.57176e-03     1.30189e-03
   -2.18457e-04     6.29442e-04    -5.01044e-04
    2.22605e-04    -1.22566e-04     4.30454e-04
   -1.03760e-04    -1.89804e-04    -1.54024e-04
   -1.51201e-04     1.05447e-05    -5.10112e-04
   -1.31709e-04     1.31882e-04    -2.63628e-04
    1.95966e-04     8.75120e-04     6.40202e-04
   -2.39220e-04    -3.36715e-04     7.60648e-04
    7.99757e-04    -6.71594e-04    -4.69398e-04
   -1.79260e-04    -4.49039e-05     2.50307e-04
   -7.61557e-05    -2.28984e-04     2.50378e-05
   -1.02744e-03     4.16433e-03     2.60898e-03
   -8.38959e-05    -2.17661e-04    -4.38911e-04
   -1.78843e-04    -1.95716e-04    -5.84312e-06
   -1.63131e-04     1.76416e-05     4.43478e-04
   -1.54752e-05    -1.86626e-04    -3.66579e-05
   -2.10186e-04     8.98064e-05     1.60999e-04
    1.51198e-03    -1.03097e-03     2.89429e-03
    2.56116e-04     2.79845e-04    -1.52270e-04
   -5.01479e-05     1.08127e-05    -2.25602e-04
    2.29755e-03    -4.51909e-03    -7.96991e-04
   -1.52924e-04     1.85632e-05     3.49686e-04
    8.34533e-04    -5.16322e-04    -4.01460e-03
    3.92330e-04     3.05207e-03    -5.35859e-04
   -5.59076e-04     1.05905e-04     9.28988e-04
    3.79849e-04     3.09515e-04    -5.52409e-04
    9.10873e-04     4.14907e-03     2.12652e-03
    5.12266e-04     6.98763e-04     7.96777e-04
    1.83514e-04     2.60760e-04     4.71761e-05
   -4.68093e-05     9.39606e-05    -1.87017e-04
   -2.07469e-03    -2.72085e-03     2.20640e-03
    2.54841e-04     1.76710e-03    -2.29651e-03
    2.66657e-06    -5.07190e-05     1.98898e-04
   -1.09438e-04     1.49665e-06     1.94800e-04
    1.16562e-04     2.09624e-04    -8.40770e-05
    3.08817e-05     8.08457e-04     2.56871e-03
    1.26323e-04     1.54852e-04     2.89269e-06
    1.74046e-05    -7.27615e-05    -2.07962e-04
    2.66096e-04     2.34485e-04     2.87808e-04
   -1.12329e-03    -2.46009e-03     2.61196e-03
    1.69978e-04    -2.94012e-04    -6.80474e-05
    2.47287e-05    -2.98463e-04     1.34494e-04
   -1.51638e-03    -2.65949e-03     1.93852e-03
   -3.22649e-04    -6.72883e-04    -2.27020e-04
   -1.53597e-03    -4.73333e-03    -1.53895e-03
   -3.98922e-04     1.39848e-04     5.34675e-04
    8.63342e-04     1.34976e-03     1.84164e-03
    1.50118e-04    -1.45962e-04    -5.06906e-04
    1.07668e-03     1.06220e-04     1.78745e-03
    1.30745e-04    -8.01973e-05    -1.32965e-04
   -3.74179e-04    -6.38707e-04     7.81602e-05
    4.57610e-04     2.16017e-03     8.84548e-05
   -1.09885e-04    -9.21071e-05     1.62068e-04
   -3.64432e-04    -2.22721e-04     6.66492e-04
   -2.26774e-04     9.34453e-05    -4.41364e-04
   -3.34539e-05     2.77615e-04     8.72237e-04
    9.89128e-05     3.05658e-03    -2.21625e-03
    4.43673e-04    -4.25886e-04     1.15775e-05
   -1.55364e-03    -3.43756e-04     2.48519e-04
    5.67654e-04     2.06279e-03    -9.20273e-04
   -1.25119e-04     2.13856e-04     1.67147e-04
    5.78343e-04     3.24011e-03     2.30288e-03
   -2.70442e-04     5.08103e-04    -5.80743e-05
   -9.96331e-05     3.98481e-04     7.92236e-04
   -9.75148e-04    -3.47929e-03     1.57279e-03
   -7.90760e-04    -9.29075e-04    -2.23955e-04
    3.93239e-05     1.75874e-04    -5.72656e-05
    2.58240e-04    -1.49254e-04    -6.16658e-04
   -6.47075e-04     3.05421e-04    -4.09350e-03
   -1.43302e-04     1.09653e-03    -2.17008e-03
    3.91780e-04    -4.25338e-04     7.04347e-04
   -5.22843e-04     6.18030e-04    -3.74944e-04
    2.95533e-04     7.48477e-04     1.46568e-04
    1.16092e-04    -2.47509e-04    -4.12277e-04
    3.30097e-04     2.19183e-04    -2.89072e-04
    4.62467e-05     7.24928e-05    -1.97777e-04
   -2.35229e-04     5.32189e-05     4.97664e-04
   -5.69272e-05    -1.69825e-04    -1.03746e-04
    1.52055e-04    -1.11382e-04     1.24759e-03
    2.36179e-04    -2.29174e-03    -2.91306e-03
   -3.97238e-04     2.07534e-04     2.09297e-04
    1.17127e-04     1.32966e-04     1.25257e-04
    9.75436e-05    -8.89963e-05    -1.68327e-04
   -4.59402e-04    -1.78231e-04     6.43258e-05
   -1.49284e-04     2.52688e-04    -6.72578e-05
    1.12103e-04     2.15529e-04     2.95231e-04
   -2.35579e-04    -2.94646e-04    -7.91389e-04
    6.12581e-05     3.98853e-05     2.44128e-04
    4.20412e-05     1.55465e-04     3.68382e-04
    5.28913e-04    -1.23663e-03    -2.77266e-03
    5.50255e-04     3.30132e-03    -1.48541e-03
    1.35427e-04     1.75522e-04     6.67086e-05
   -1.49890e-04     7.32167e-05    -1.84095e-04
    8.38211e-04    -3.78644e-04     9.55826e-04
    8.43689e-05    -8.49460e-05     1.61352e-04
   -3.87364e-04    -9.23222e-04     2.82291e-04
    1.55992e-04    -2.66211e-04    -2.25785e-05
    3.80456e-04    -8.59850e-05     1.75275e-04
    2.08324e-04    -3.49776e-03    -6.39483e-04
   -1.62666e-04     1.06780e-04     2.85114e-04
    3.15527e-04    -1.36679e-04     1.54448e-04
    4.00771e-04    -4.24190e-05     1.55092e-03
    3.35774e-04    -3.33148e-04    -3.25723e-04
    1.78590e-04     1.80868e-03    -5.57497e-04
   -3.88205e-04    -1.74740e-03     1.19176e-03
    3.46137e-04     1.20983e-03    -9.44236e-04
    2.37402e-04     6.54554e-04    -6.81358e-04
   -1.45083e-04     1.65491e-04    -2.76012e-04
    2.64501e-04     1.21045e-04    -5.67565e-04
   -8.17321e-04    -1.20862e-03    -4.28066e-04
   -1.21271e-04    -1.35432e-04     1.26904e-04
    4.96807e-04     1.13878e-03     8.30693e-04
   -1.14928e-04    -5.58177e-05    -3.46254e-04
   -3.74144e-05     2.27375e-03     1.66686e-04
    2.77295e-04     1.62259e-04    -1.70032e-05
    1.80825e-04    -2.73906e-04    -7.80057e-05
   -2.82054e-04    -1.79780e-04     1.32416e-04
   -3.71153e-05     1.19095e-04     2.45796e-04
   -1.12674e-04    -1.76405e-04     9.83219e-05
    1.78324e-04    -1.87926e-04    -2.01194e-04
   -9.98402e-04     2.79917e-05     1.57324e-03
    5.47444e-05    -9.98863e-04     1.48501e-04
   -7.73610e-05    -5.12174e-04     1.64409e-04
    5.69470e-04     1.54824e-03    -9.03406e-04
    7.78817e-05     2.94161e-05    -4.52987e-04
    7.20580e-04     5.00401e-05    -4.07676e-03
   -3.23946e-05     5.60215e-04    -7.20262e-04
   -1.36942e-04     4.19924e-04    -3.77144e-04
   -2.13194e-04     2.19187e-05    -1.42660e-04
   -7.62993e-05    -1.53186e-04    -8.84673e-05
   -5.72920e-05    -1.59261e-04     8.67208e-05
    4.13003e-04    -2.75100e-03    -2.99304e-03
    8.71052e-05     9.65658e-05     1.48901e-04
    1.75430e-04     4.75074e-05    -1.10912e-04
   -3.79919e-04     2.29618e-04     2.98173e-06
    6.71514e-05     2.75675e-04    -1.92522e-04
    2.32506e-04     2.97266e-04    -1.73685e-04
    1.14864e-04     1.63095e-04    -2.53754e-04
    1.77230e-04    -1.71939e-04    -9.30445e-05
   -1.03122e-04     6.04985e-04    -1.71209e-04
   -2.53177e-04     7.82100e-05    -2.14700e-04
    2.58133e-05    -1.68683e-04    -9.91934e-05
    6.48303e-05     4.48607e-04    -5.45960e-05
   -4.80300e-04    -3.99854e-04    -4.49750e-05
   -1.56539e-05    -1.85221e-04     1.26127e-03
   -4.79195e-04     5.00292e-04     8.71779e-04
    8.88889e-05     2.71151e-04    -1.93443e-04
    4.09816e-04     1.27573e-03    -8.64125e-04
   -7.32398e-04    -2.04020e-03     1.30100e-03
   -1.00688e-04     2.67773e-04     8.02591e-05
    2.48976e-04     7.35482e-05    -1.54141e-04
   -9.38201e-06     3.48593e-04     1.49286e-04
    4.49693e-04     4.37589e-04     8.95152e-04
   -4.09748e-05     2.36703e-04    -3.98292e-05
   -3.13165e-03    -2.94242e-03    -3.38579e-03
   -1.02350e-04    -1.14713e-04    -1.03991e-03
    4.29173e-04     5.36766e-04    -8.64604e-04
   -7.00931e-04    -5.85580e-04     1.16953e-03
    3.21829e-04    -1.68735e-04     1.19124e-04
   -2.86191e-04     7.09467e-04     6.35798e-04
    8.74908e-04     4.41171e-03     2.53722e-03
    3.32554e-04    -9.20930e-05    -1.99695e-04
   -1.99895e-03    -3.89974e-04    -1.56157e-03
    3.20702e-04    -1.01118e-04     3.00613e-05
   -1.40048e-03    -7.96021e-04     4.63472e-04
    7.89365e-04    -1.03355e-03     3.63539e-04
    4.26397e-04     2.27585e-04     3.23148e-04
   -8.25957e-05     1.85184e-04     3.81106e-04
    1.81547e-04     2.06909e-04    -9.57492e-05
    2.46244e-04    -2.40575e-04     9.49764e-06
    4.91385e-04     5.24076e-04    -2.89181e-04
    2.93873e-04    -2.96745e-04     1.15502e-03
    8.83544e-05     3.63773e-04    -4.49838e-04
    1.42280e-04     3.06556e-03     3.03924e-03
   -3.64827e-04    -8.13843e-06     3.85499e-04
    2.59213e-04     4.58696e-04     8.67783e-04
    1.00932e-04     5.73474e-04    -8.63190e-04
    6.36834e-04     2.46749e-03    -3.03878e-03
    6.92796e-04    -4.05526e-04    -4.67784e-04
    1.31318e-04     1.29111e-04     6.78774e-05
   -1.34758e-04     2.63115e-05    -2.47171e-04
    8.80294e-04     4.78534e-03     1.38480e-03
   -2.38932e-04     4.45943e-04    -2.03487e-04
    2.10249e-03     2.10347e-03    -2.34257e-04
   -1.51081e-04    -5.61135e-05     7.07266e-04
   -5.18415e-05    -4.60124e-05    -1.02311e-03
   -1.15678e-03     7.57829e-06     1.77724e-04
   -1.32937e-04     1.56002e-04    -3.71362e-04
   -1.00970e-04    -1.17049e-04    -1.34773e-04
    1.11209e-05    -9.88807e-05     2.27930e-04
   -1.41227e-04    -9.80892e-05     1.77483e-04
   -4.91497e-04    -2.46735e-04    -7.11232e-04
    5.68085e-04     1.17101e-03     2.39120e-03
    2.59610e-05     9.84538e-05     1.95060e-04
   -1.68715e-04     1.16560e-04     8.84910e-04
   -2.95358e-04     2.42840e-04     4.42388e-05
    2.63505e-04    -6.77222e-04     1.83652e-04
   -8.44296e-05    -2.00713e-04    -2.80932e-04
   -4.01387e-05     9.09292e-04    -3.53517e-04
    5.30669e-04     1.02331e-03    -7.87118e-05
    2.80312e-04     1.10664e-04    -5.09579e-05
    2.93869e-04     1.53183e-04    -3.04355e-05
   -4.22611e-06     4.82316e-04    -3.18279e-04
    9.88268e-05     1.10399e-04     2.19100e-04
    1.11992e-04    -7.45102e-04     5.96767e-05
   -2.45917e-05    -3.05948e-04    -5.38886e-05
    1.15376e-03    -1.47942e-03    -3.15507e-03
   -9.69098e-04    -1.34409e-03     2.91746e-03
    3.55471e-05     3.77021e-04     3.64559e-04
    1.97454e-04    -1.14036e-03    -2.29653e-04
   -1.70826e-05     2.23438e-04     4.83417e-05
   -3.84501e-04    -4.30765e-05    -6.56784e-04
   -2.39927e-03    -2.47894e-03     2.83932e-03
   -1.46274e-04     1.48851e-03     8.87023e-04
    1.42446e-04    -1.56853e-04     4.00062e-05
   -2.45579e-04     4.40101e-04     1.06665e-03
    8.65902e-05    -3.36244e-04     2.37266e-04
    6.01233e-05    -1.76854e-03    -4.37979e-03
    5.49456e-04     5.51982e-04     9.41952e-04
   -2.24841e-04    -1.40860e-04    -2.29677e-03
   -1.30663e-03     6.88057e-04    -2.33122e-03
   -1.26241e-03     4.08361e-03    -1.27670e-03
   -6.83549e-05    -2.06942e-04    -3.11597e-04
    1.17322e-04    -1.74842e-04     3.54849e-04
    6.75065e-05     2.89690e-05    -2.26988e-04
    2.61792e-04     4.48898e-04    -3.20872e-04
   -2.34252e-05     1.36699e-04     1.58576e-04
    1.18980e-04     9.83247e-06    -4.74502e-04
    2.31281e-05     9.82034e-05    -1.62980e-04
   -2.00057e-04    -4.98862e-05    -1.08263e-04
   -8.34565e-05     3.56557e-04     1.19424e-03
    1.26923e-04     5.45797e-04    -2.44328e-06
    1.01759e-04    -3.02168e-06    -2.07101e-04
   -5.88333e-04    -7.32495e-05     1.90169e-04
    9.44872e-04     9.41001e-04     5.15881e-04
   -6.91122e-04    -1.54383e-03    -1.61891e-03
   -1.56566e-03    -3.16546e-03     1.38840e-03
   -1.04384e-03    -3.62752e-03     1.41960e-03
    9.56803e-06     2.46765e-04    -1.86081e-06
   -4.45139e-05    -2.16855e-04    -1.68688e-05
   -1.11809e-04    -1.08180e-04     1.43879e-04
    1.48394e-04     5.61416e-04    -2.30558e-04
   -9.00651e-05     1.80850e-04     5.64619e-04
    2.42546e-04    -2.62609e-05    -2.35928e-04
   -2.28579e-04    -1.60988e-04     8.03985e-05
    3.26761e-04     1.89785e-04     7.34375e-04
    7.77962e-05    -2.82806e-04    -1.08102e-04
   -1.28455e-03    -4.51549e-03     1.50764e-03
    8.65339e-04     1.03206e-03    -6.51215e-04
    3.83995e-04    -4.37927e-05     1.88691e-04
   -9.82134e-05     1.27831e-04     1.36933e-04
   -1.19839e-04     7.38486e-04    -2.03441e-04
    1.43676e-04     1.69151e-03     3.09925e-03
    1.32597e-04     6.12500e-04     1.99122e-04
    1.58214e-04     9.60387e-04    -2.74611e-03
   -1.89448e-04    -3.99868e-04    -4.64791e-04
    5.11611e-04    -6.88126e-04     5.94722e-04
    2.08992e-04     9.92296e-05    -5.97594e-05
   -3.00254e-04    -2.97211e-04     1.32937e-04
    2.93955e-04    -1.09347e-03     3.53198e-04
    4.90752e-04     4.23780e-04    -6.28021e-04
   -7.00478e-04     3.14458e-03     3.19541e-03
    1.77341e-03    -6.73910e-04    -1.53673e-03
    6.87512e-04    -1.85083e-04    -1.54897e-04
   -1.34597e-05     3.69779e-04     4.13885e-04
   -1.88520e-04     1.17024e-04    -1.49212e-04
    1.38857e-05     7.72593e-05     1.79504e-04
    1.78037e-04     7.78207e-05     1.01482e-04
   -6.77711e-05    -1.60384e-04    -1.48890e-04
    6.85080e-05     2.59024e-04    -6.61685e-05
    6.61709e-05     4.99996e-05     5.58005e-04
    3.04319e-04    -6.92114e-05    -1.06141e-03
    6.16444e-04    -2.01569e-03    -2.55507e-04
    2.81766e-04    -2.17525e-03     1.10009e-03
   -2.52238e-04    -3.01544e-04    -1.61964e-03
    7.00573e-04     3.67427e-03     3.05502e-04
    2.21113e-04     1.90076e-05    -8.04775e-05
   -8.47924e-04    -2.89985e-03     4.09672e-04
    6.15228e-04     1.94062e-03    -1.30740e-03
   -4.34118e-04     2.70962e-04     1.17685e-03
   -6.55139e-05    -2.02461e-04    -1.23949e-04
   -2.78345e-04     2.03032e-04    -1.34062e-04
    7.92617e-04    -8.07687e-04    -8.58098e-04
    4.35719e-04     6.05847e-05    -4.59458e-04
    9.45088e-04     4.86195e-03    -1.09102e-03
   -6.30018e-05     2.40969e-04    -6.84644e-05
   -1.17352e-04    -4.12116e-04     6.04610e-04
   -3.65736e-05    -3.10092e-03     1.77320e-03
   -1.07609e-04     2.38758e-04    -2.22501e-04
    2.58526e-04    -2.17522e-04     1.76888e-05
    2.32534e-05     1.88977e-04     1.68805e-04
    1.55815e-05    -1.67578e-04    -1.88164e-04
    9.90030e-04    -1.03994e-04     3.35555e-03
   -5.71109e-04    -4.02510e-04    -2.27429e-04
   -1.64410e-04    -1.55173e-05    -4.13469e-04
    5.79015e-04     3.11486e-04     3.08352e-04
   -2.50102e-04     7.32163e-05    -1.23001e-04
   -6.88396e-04    -2.82368e-04    -9.77047e-04
   -4.24259e-04    -2.35316e-04    -3.39119e-04
    9.11558e-04     3.71737e-03    -2.96138e-03
    4.53886e-05    -6.90080e-04     1.60517e-04
   -3.18185e-04    -3.71204e-04     8.49095e-05
    5.37071e-05    -1.38960e-04    -1.23029e-04
    1.58771e-04     3.09217e-04    -8.90537e-04
    1.87065e-04    -1.48616e-04     6.79523e-04
   -2.81247e-04    -3.11312e-04    -7.98394e-04
    1.38511e-03     3.24655e-03     6.90813e-05
   -5.59941e-04     5.99720e-05     2.37009e-03
   -1.08715e-03    -9.49688e-04     1.48794e-03
    8.47251e-06     1.69098e-04     3.11681e-04
   -2.14453e-04     1.69402e-05    -1.86608e-04
   -3.68293e-04    -1.84729e-03    -1.36488e-03
   -3.95547e-04    -2.81860e-04    -2.15766e-03
   -5.52686e-05     6.87022e-06    -1.92920e-04
    1.16032e-04    -3.39585e-05    -2.10482e-04
   -7.89719e-04    -4.14523e-04     1.57489e-04
   -5.08367e-04     6.16500e-04    -4.75926e-04
   -3.48379e-04    -8.02617e-04     9.95736e-04
    2.51727e-04     1.55482e-03     3.33506e-03
   -1.23693e-04    -1.55784e-04    -2.25693e-04
   -3.20227e-05    -5.25465e-04    -6.57403e-04
   -1.09289e-04     6.98643e-05     2.28553e-04
    7.43035e-05    -1.94800e-04    -2.04091e-04
    7.36059e-04    -1.62475e-03     5.24542e-03
   -1.09691e-03    -3.27023e-03    -2.73228e-04
    3.27114e-04    -1.10584e-04    -9.42739e-05
   -6.51204e-04     3.06973e-04     4.27054e-05
    1.17522e-04     1.42122e-04     9.62876e-05
    5.41956e-04     4.34019e-04     3.86252e-04
   -1.55058e-04    -1.56577e-04    -4.07981e-04
    2.49214e-04     3.79762e-04    -6.97967e-05
    7.59886e-04    -5.58493e-04     3.28041e-04
   -6.94199e-04     6.66086e-04     5.85547e-04
   -8.13256e-05     6.44542e-04    -1.36740e-04
   -6.99026e-04     2.20430e-03     4.86534e-03
    2.29125e-04    -4.54157e-04    -9.61014e-05
    7.99381e-04     4.58093e-03    -6.07133e-04
    1.08869e-04     2.64443e-03    -7.67450e-04
    4.03906e-04    -9.24641e-05     6.06394e-04
    1.50120e-04    -1.40383e-03    -3.86538e-03
   -3.73127e-05     1.11709e-04     3.61178e-04
    1.50085e-04     2.00082e-04    -2.45028e-04
    1.44501e-04     2.99247e-04    -6.01505e-05
   -1.84333e-04    -2.40453e-04     6.60037e-06
   -3.04373e-04     1.58035e-04    -1.73458e-04
   -2.81824e-05     1.36239e-04    -1.29939e-04
    1.17263e-04    -2.26639e-04     2.76593e-05
   -4.28679e-04    -4.44995e-05     8.40162e-05
    2.91897e-04     2.01206e-03    -1.72193e-03
    1.84949e-04    -3.97128e-04     1.03992e-04
    1.47230e-03     2.38637e-03     3.06840e-03
    1.96283e-05     1.85092e-04    -6.90623e-05
   -2.29332e-04     2.34175e-04     1.39143e-04
   -2.06215e-04    -9.78858e-05     2.14478e-04
    1.32521e-05    -5.10515e-04     1.23631e-05
   -3.16812e-05    -2.31513e-04    -3.94536e-05
    9.04684e-05    -2.97236e-06     2.16378e-04
   -2.91861e-04     1.42175e-04     1.88482e-04
   -1.41089e-03    -9.17385e-04     2.20916e-04
   -1.92844e-03     5.49337e-04     2.94845e-03
    1.05483e-04    -1.82585e-04     1.20685e-04
    2.87301e-04     1.45061e-04     1.47396e-04
    2.94438e-04     9.92178e-04    -5.43578e-04
    5.28633e-04     4.32192e-05     1.29265e-03
   -3.41377e-03    -1.83118e-03    -2.24948e-03
   -1.06576e-04     1.86945e-04     1.06624e-04
    8.21634e-04     4.04892e-03     3.39257e-03
   -3.45463e-05     9.73606e-07     5.13130e-04
    9.98836e-04    -1.24345e-04     1.48511e-03
    2.68821e-04    -3.10585e-04     3.37368e-04
    1.14494e-04    -1.89510e-05     1.73136e-04
    1.50808e-04     6.13866e-04     2.67677e-04
    1.35400e-04     1.83586e-04     1.49833e-05
    9.10294e-05    -5.56806e-05     2.16178e-04
   -1.79778e-04    -3.37776e-04     2.53347e-04
    1.78136e-04     1.34220e-03     2.98247e-03
    2.03752e-04    -1.01306e-03    -2.39441e-03
   -7.65668e-05     1.23198e-04     1.60370e-04
   -1.23008e-04    -1.95070e-04     9.34948e-05
   -5.42787e-04    -1.30861e-03    -4.99590e-05
   -3.68742e-05    -1.49721e-05     2.36460e-04
   -2.96691e-04     6.21271e-05     1.64753e-04
    8.08558e-04     5.00550e-04    -1.01119e-03
    9.46455e-05    -2.24155e-04     7.43044e-05
   -8.08759e-05    -9.69811e-05     1.59839e-04
    8.86476e-05    -5.18564e-05     4.87592e-04
   -2.35383e-04     6.33783e-05     4.57538e-04
    8.60305e-06    -8.30780e-06     2.99901e-04
   -6.94145e-04     2.99183e-04    -6.99763e-04
    7.15689e-04     3.77770e-03    -1.07838e-03
   -1.69786e-04     6.86604e-04    -3.97110e-03
   -2.06952e-04     8.50773e-05     1.79661e-04
    1.65213e-04    -1.34703e-04     1.16225e-04
   -2.99477e-04     2.08116e-04    -9.88512e-04
    5.04713e-04     9.12727e-04    -2.34552e-03
   -6.65023e-04    -3.08994e-04    -1.63519e-05
   -2.97431e-04    -5.31105e-05     1.42050e-04
   -1.26182e-03    -7.56469e-04     3.79855e-04
   -7.22161e-04    -2.02688e-04    -1.66373e-04
    6.06170e-04    -3.04867e-04     2.59153e-04
    1.59502e-04    -6.45503e-04    -8.51929e-05
    7.28408e-05     2.02977e-03    -3.66253e-03
   -1.02285e-04     8.69183e-04    -6.45017e-04
    1.28959e-04     2.25103e-04     3.36694e-04
    7.50065e-04     2.09519e-03    -6.41974e-04
   -3.75741e-05     7.52790e-05     2.51230e-04
   -9.57143e-05     8.71288e-05    -1.72055e-04
    1.40171e-04     1.71117e-04    -1.01135e-03
    1.24785e-04    -1.19327e-03    -8.72880e-04
    1.18180e-04     2.22130e-04    -1.78868e-04
   -7.97163e-05     1.91762e-04    -2.77542e-04
   -7.46031e-04     1.83555e-04    -1.98233e-04
   -4.97820e-04    -1.73978e-04    -4.56844e-04
    4.03352e-05    -2.65843e-04     1.11949e-04
    1.62811e-04     2.52111e-04     4.73921e-04
    2.57706e-04     6.02387e-04     4.75552e-05
    1.13070e-04    -1.98643e-04    -2.92576e-05
    1.69813e-04     3.50110e-04     1.58225e-04
   -8.66801e-06     1.45055e-04     1.65884e-04
    2.61231e-04     6.60824e-05    -7.25638e-05
    6.02373e-04     1.39807e-03    -3.74283e-04
    2.29506e-04     7.47241e-05     4.41803e-07
    4.43555e-05     1.87940e-04     9.12059e-05
    6.35682e-04     4.76363e-03    -1.54723e-03
    4.76237e-04    -1.87776e-04    -6.41299e-04
   -1.68605e-05     2.39249e-04     5.43399e-04
   -2.86025e-04     8.71064e-04     4.38086e-04
   -1.26285e-03    -9.45489e-04    -9.34555e-05
   -1.14509e-03     4.68212e-04     1.69207e-04
    2.67335e-04    -1.13313e-05     1.06648e-05
    7.86496e-04     4.15528e-03    -4.52787e-04
   -8.35097e-05     1.54950e-04    -1.85397e-04
    3.12373e-06     9.82020e-05     1.60452e-04
    9.34017e-05     4.26444e-05     5.27607e-04
   -1.71073e-04    -7.05309e-05    -1.90013e-04
    1.38608e-04     2.20210e-03     3.37492e-03
    1.94160e-04     2.74900e-04     2.53835e-04
    3.87917e-05    -1.92314e-05    -4.38908e-04
   -4.45869e-04    -3.83580e-04    -6.46843e-04
   -7.17696e-04    -4.33912e-04     2.17579e-03
    3.50653e-05    -3.25689e-04     1.77380e-03
    1.37643e-04    -1.56728e-04     1.87374e-05
   -2.93898e-04     2.91742e-04    -1.59233e-04
   -2.09407e-05     2.20256e-04     1.11273e-04
    1.34247e-03     8.79536e-04     1.36557e-03
    1.25533e-04    -1.21897e-03    -3.29891e-03
   -1.70908e-04    -2.01237e-03    -3.19187e-05
    3.36137e-04     5.31200e-04     4.69729e-04
   -2.87946e-04    -1.17169e-03     7.52510e-05
   -4.71761e-05    -1.86599e-05    -1.85596e-04
    4.31428e-04    -3.08601e-04    -2.17904e-04
   -2.52840e-04    -5.22887e-04     2.92297e-04
   -9.06157e-05    -1.67451e-04     1.27722e-03
    1.62486e-04     1.36077e-04    -3.32045e-04
    7.26210e-05    -9.81213e-04    -1.12029e-03
    1.38756e-03     2.14117e-03    -1.21816e-03
    2.85193e-04     1.93371e-05     1.09164e-04
   -4.32491e-04    -4.49339e-04     2.01291e-04
    1.62812e-04    -3.12599e-05     3.34578e-04
   -5.68813e-04    -9.61755e-04     8.51454e-05
    1.36143e-04    -4.04071e-04    -2.86605e-04
    4.15210e-04     5.85748e-04    -3.38943e-04
   -3.91789e-04     6.60788e-04    -1.49677e-03
    1.18393e-03     3.26118e-03    -7.27614e-05
    4.90646e-05     3.22923e-04    -2.73907e-04
    3.84843e-04    -4.66516e-06     1.41491e-04
    7.46959e-05     5.41014e-05     2.58583e-04
    3.32913e-04    -1.47472e-04     4.44032e-04
   -1.97438e-04    -5.41019e-04     5.73805e-04
   -2.71612e-04    -1.59123e-04     1.58619e-04
    2.65731e-04    -3.56070e-05    -2.15250e-03
    2.11608e-04     2.41156e-05    -1.18622e-05
   -2.34444e-04    -2.69169e-04     1.67499e-04
   -8.10899e-05    -2.50595e-04    -8.71706e-04
   -5.32929e-04     2.64799e-04     1.00422e-03
   -1.58036e-04     5.24003e-04     3.56028e-04
   -2.03348e-04     3.45389e-04    -7.16312e-04
    6.63663e-05    -1.12045e-04     2.84211e-04
   -3.99171e-04    -2.38320e-04     7.48625e-05
   -1.75471e-03    -1.51124e-03     5.92466e-04
   -4.35950e-05    -1.44704e-04    -1.80149e-04
   -1.11747e-04    -1.48303e-04     5.55651e-05
    1.21065e-04     1.61811e-03    -3.63833e-03
   -8.71454e-06    -1.38716e-04    -1.89584e-04
   -2.54967e-05     1.43273e-05    -3.48577e-04
    9.75276e-05     6.44879e-04    -2.58635e-05
    2.32691e-04    -3.00039e-04    -2.82271e-04
    2.88842e-04    -7.12294e-04    -9.22152e-04
   -7.10940e-04    -6.83268e-04    -1.95663e-03
    1.88954e-04    -1.13816e-04    -7.91008e-05
    1.29587e-03     2.27724e-03     2.60266e-03
   -4.17896e-04     3.27300e-04     1.35983e-04
   -1.91087e-04    -4.57929e-04     3.02659e-04
    4.29932e-04     1.79232e-04     2.60541e-03
    3.71321e-04    -1.57261e-04     1.35706e-04
   -3.03756e-04     2.51541e-04    -1.73658e-04
    5.04309e-05    -7.64869e-05     1.72467e-04
   -1.84444e-03    -8.20301e-04     5.11804e-03
   -5.68590e-05    -3.73350e-04     2.55049e-04
    1.29935e-03     9.20630e-05    -4.35114e-04
   -6.36907e-06     2.11403e-04     2.69283e-05
    1.69203e-04     3.69128e-04     1.03975e-04
   -4.71940e-04    -3.45065e-04     4.46349e-04
    8.94989e-04     3.85697e-03     3.73180e-03
    8.24605e-05     5.85630e-05    -2.90181e-04
    8.89054e-04     4.63324e-03     9.02009e-04
    1.09358e-04     3.39523e-04    -5.71730e-05
    1.04613e-04    -6.87953e-05    -5.47718e-04
   -3.93444e-04    -5.80678e-04    -3.59769e-03
    1.86646e-04    -7.36346e-05    -2.36932e-04
   -1.62042e-03    -2.75641e-03     1.02647e-03
   -2.47336e-04     2.51897e-04    -1.30647e-04
    7.36710e-04     2.12959e-04     3.56778e-04
   -2.82882e-04     4.60728e-05    -3.88668e-04
   -6.74431e-04     3.02552e-04     1.64615e-04
   -2.23871e-04    -1.99105e-03    -1.30632e-03
    6.42124e-05    -1.32820e-04    -1.29446e-04
   -7.41854e-05     2.11337e-04    -1.26786e-04
    3.69811e-04    -2.87920e-04    -4.08094e-04
    4.21662e-05    -7.24152e-04    -1.38123e-03
   -7.00575e-05     1.79571e-04    -2.55520e-04
    7.06503e-04     1.68076e-03    -6.99833e-04
    1.11165e-03     1.79786e-03     3.78669e-04
    8.34166e-04     2.44858e-03    -2.46694e-03
    3.11172e-04     1.47916e-04     8.61627e-05
    1.12912e-04    -9.03780e-04     4.92008e-04
    2.67755e-05     2.03440e-04     2.51422e-05
   -4.72857e-04    -7.63789e-04    -1.21318e-03
    7.29570e-04    -7.59845e-04    -1.16882e-03
    2.97000e-04     1.60980e-06    -2.31612e-04
    3.36882e-04    -3.00661e-04     8.65412e-04
   -2.46180e-04    -2.06868e-04    -8.56043e-05
   -2.88055e-04    -1.93902e-04     1.40243e-04
   -6.37226e-04     7.24616e-05     1.07845e-03
    5.28404e-04     1.91178e-04     1.10274e-03
    1.07095e-03     9.65652e-05     9.14960e-04
   -7.23279e-05     1.86411e-04     5.08421e-05
    1.31420e-05     6.37127e-04    -4.54730e-04
    4.30800e-04    -8.83145e-05     1.47017e-03
    2.03564e-04    -8.39285e-05     9.86647e-05
   -2.01696e-04     1.64704e-04     7.43888e-05
    6.05008e-05    -1.65575e-04    -5.95380e-04
    6.64375e-04     3.20093e-03     2.15174e-04
   -2.74182e-04    -2.35788e-05     1.67683e-04
    4.77183e-05     1.85722e-04    -1.67144e-04
    1.20696e-04     1.83564e-04    -1.45994e-04
   -8.23932e-04    -6.66108e-04     7.61869e-04
   -4.09357e-04    -4.97012e-04     1.31140e-04
   -1.06120e-04     4.55939e-05     2.72397e-04
    2.91153e-04     3.59786e-04    -1.76967e-04
   -2.95804e-06     1.75610e-04    -9.49246e-05
    5.67540e-05    -2.24212e-04     2.48046e-04
    5.33804e-05    -2.46211e-04    -4.00517e-04
   -4.48252e-04    -4.58849e-04    -1.07123e-03
    1.06195e-04    -1.33258e-04    -3.81744e-04
    1.81607e-05     1.77000e-04    -7.65836e-05
   -1.60947e-04    -2.08274e-04    -2.50888e-04
    6.74448e-04    -1.06279e-03     2.02534e-04
    5.03926e-05    -1.29828e-04    -1.65596e-04
    4.13658e-04     1.37013e-03     1.33512e-03
   -1.47111e-03    -1.85548e-03     3.12366e-03
   -2.12407e-04    -2.44395e-04     1.40495e-03
   -7.74887e-06    -2.37787e-04     2.31446e-04
    3.14698e-04     4.16125e-04     8.67606e-04
    1.00332e-04     1.44791e-04     1.26189e-04
   -3.13296e-04    -3.11202e-04     1.59682e-04
   -2.84999e-05     1.92115e-04     4.90708e-05
   -3.20872e-04     2.50083e-04    -5.22690e-03
   -3.37099e-05    -3.67082e-05    -2.33424e-04
   -2.52120e-04     5.95610e-04     6.47985e-04
    1.57520e-04     2.84839e-04    -6.45266e-05
    2.77117e-04     2.99052e-04    -3.06371e-05
   -1.13646e-04     8.54155e-06     6.32309e-04
    2.01212e-04     4.83097e-04    -1.00527e-03
   -5.69540e-05    -2.64193e-04    -7.17707e-05
   -5.96819e-04     3.07167e-05    -2.88809e-04
    6.28562e-06    -1.39834e-04    -4.33434e-04
   -3.70807e-05     1.64895e-04     1.47697e-04
    1.96254e-04     1.56246e-05     1.90795e-04
    8.39065e-04     4.25723e-03     1.03338e-05
    1.67305e-03     2.12733e-03    -2.39073e-03
   -3.50602e-05    -9.09438e-05    -3.29502e-04
    2.47242e-04     1.28783e-04    -6.62813e-05
   -1.74012e-05    -2.75490e-04     2.90687e-04
   -5.44219e-04    -4.73642e-05    -4.10412e-04
    2.52879e-04     4.66064e-04    -1.50521e-03
   -4.89270e-04    -5.01823e-04    -4.32708e-04
   -3.75854e-04     4.00316e-05     5.08747e-04
    4.97468e-04    -1.75440e-03    -5.76036e-04
    1.08449e-04     4.53923e-04     8.01049e-05
    1.78248e-04    -3.56602e-04    -2.31034e-04
    5.11731e-04    -2.67922e-03     9.99838e-04
    1.29391e-04     3.10080e-04    -3.07289e-04
    5.12966e-04     1.22590e-03     1.77577e-03
   -3.33107e-04     2.39580e-05     1.96373e-04
    1.76126e-04     8.88040e-04     5.71721e-05
    6.15651e-05     5.57201e-07     8.57745e-04
    1.73142e-04     9.91523e-04    -4.56524e-04
    7.03352e-05     6.68604e-05     2.14286e-04
    3.11461e-05     3.23142e-04    -2.11393e-03
    2.24944e-04     3.52420e-03     3.65058e-03
   -6.22237e-04    -5.40822e-04     4.85774e-04
   -4.16739e-05    -1.61428e-04     3.79410e-04
    2.24451e-04     4.84177e-04    -1.88534e-03
    7.65612e-05    -2.56088e-04    -3.09516e-06
    2.06742e-03     1.13086e-03    -1.61709e-03
    1.10986e-04     1.77499e-04    -7.17139e-05
   -3.45390e-04     6.50316e-04     3.51983e-04
    1.18539e-04     2.45028e-04     1.63741e-05
    1.93040e-04    -9.11132e-04    -7.42391e-04
    1.16310e-03     1.66059e-04    -2.22579e-03
   -3.29581e-04    -6.36018e-04     1.22073e-04
   -5.88823e-05    -2.95451e-04     1.59412e-04
   -2.36543e-04    -1.29649e-04     1.42625e-04
    8.79520e-05     1.71481e-04     7.36439e-05
    1.50670e-04    -1.71155e-04    -1.39016e-03
   -1.37407e-04    -9.90089e-05    -6.19187e-04
    7.00843e-05     1.74450e-04     4.33383e-04
   -4.43218e-06     1.33198e-03    -4.77027e-03
    1.18099e-04     3.16400e-04     7.38164e-05
    2.32832e-04     1.38649e-04    -5.23651e-04
    1.16669e-04     3.38030e-04    -1.64524e-04
   -2.54886e-05     4.37615e-04     1.12240e-03
    6.72798e-05     3.02453e-04    -4.74752e-05
    3.29621e-04     3.23100e-04    -9.29900e-06
   -5.53512e-04    -7.09511e-04     2.19465e-04
   -1.01682e-04    -1.38920e-04    -3.43170e-04
   -8.97816e-05    -2.06913e-04    -5.73791e-05
    1.10366e-04     6.21991e-04    -6.33507e-04
    6.72047e-04     1.68678e-03     1.27600e-03
    8.17056e-05    -7.24138e-05     2.34247e-04
    4.50060e-04     2.65441e-03     1.12231e-03
    2.18866e-04     2.76278e-04     1.89756e-04
    5.96782e-04     2.29897e-03     2.02038e-03
   -2.85733e-04    -4.66052e-05    -2.80195e-04
   -3.08473e-04     2.94182e-04    -1.30136e-04
    1.78134e-05     2.43928e-04    -3.47835e-05
    8.50525e-05    -1.56051e-04     3.76404e-04
    6.80678e-04     2.65252e-03    -5.80178e-04
    8.47063e-05     1.74549e-04     4.60889e-06
    1.31091e-04     2.50823e-04     5.39249e-05
   -5.59872e-04     3.30802e-05    -9.80440e-04
    2.55342e-04    -7.35881e-06    -5.37122e-04
    1.46038e-04     2.44556e-04    -4.81144e-05
   -5.19995e-05     3.87227e-05     4.97061e-04
   -1.67253e-03    -1.91369e-03    -2.12641e-03
   -2.20161e-04     3.94845e-05    -2.03687e-05
    2.98616e-04     3.62219e-04     6.33409e-04
    1.03782e-03     5.12263e-03     1.17555e-03
   -9.53938e-05    -3.33597e-04    -7.93688e-04
   -2.59770e-05     3.92311e-04     3.44049e-04
   -8.74362e-05     1.01947e-04     4.44510e-04
    3.45197e-05    -3.81170e-04     5.45021e-04
   -1.70025e-04     3.47534e-04     3.90886e-04
    6.61781e-05     4.29252e-05     2.80561e-04
   -2.48840e-04    -1.53480e-04     1.69061e-04
    2.06492e-04    -2.34166e-05    -4.35706e-05
   -1.96191e-04    -6.30708e-04     4.19351e-04
   -1.44154e-04    -1.59568e-04     9.22073e-06
    3.00857e-04     7.37250e-04     7.62998e-04
   -1.27185e-04     3.55483e-04     1.89469e-03
    4.93908e-04     1.44779e-03    -1.29916e-03
    1.34342e-04     2.08849e-04     5.22922e-05
    1.47026e-04     5.54826e-05     1.64559e-04
    4.06575e-04     1.68645e-03     1.01635e-03
   -6.49680e-04    -8.60111e-04     1.67315e-03
   -2.96141e-04    -3.00301e-07     2.80121e-06
    4.84460e-04    -9.07692e-05     1.30175e-04
    9.07967e-05    -1.15323e-04     3.00290e-04
   -5.73852e-05    -2.14908e-04    -8.77945e-05
    1.22830e-03    -2.72461e-03     4.13964e-03
    3.61036e-04    -1.15194e-04     2.41110e-04
    1.10097e-04     2.99091e-04    -2.13043e-04
   -5.31248e-04    -6.60590e-05    -5.56106e-04
    9.33122e-05     1.02472e-04     1.74699e-04
    1.14252e-03     2.29447e-03     1.71833e-03
   -4.88244e-05    -4.60039e-04     6.29164e-04
    3.64507e-04     1.19653e-03     1.16213e-04
    4.48311e-04     3.74220e-04    -3.62325e-04
    2.37346e-04     1.35846e-05    -1.22094e-05
   -1.18063e-04    -1.39220e-04     2.57029e-04
   -1.36953e-04    -3.05768e-04     4.95970e-04
    7.15383e-05    -1.05937e-04     2.06281e-04
    9.22365e-04     9.83472e-04    -9.65883e-04
   -4.91426e-04    -7.68337e-04    -1.53348e-03
   -2.26327e-05     8.98045e-04    -5.24229e-04
   -1.89856e-04    -1.87756e-04    -1.58250e-04
    1.79981e-04    -1.89448e-04    -3.56953e-05
   -1.66661e-03     1.05263e-03    -1.61520e-03
   -1.96513e-04     1.46198e-04    -1.60294e-04
    3.11561e-04    -1.45849e-04     3.15333e-05
    4.38479e-04    -4.33097e-04     5.62304e-04
   -5.17202e-04    -3.06110e-04     1.70271e-03
   -1.21905e-04    -1.67179e-04     2.75290e-04
   -6.01968e-04     3.95344e-05    -6.02636e-04
    4.32216e-04     2.89605e-04    -4.92372e-04
   -1.58250e-04    -5.23312e-04     3.28429e-04
    7.20887e-05    -1.36039e-04     4.12273e-04
    8.32623e-04    -2.01603e-04     1.26192e-03
   -1.02946e-03     6.66078e-04     1.27494e-04
    1.29558e-04     1.06261e-04    -4.66616e-04
   -6.49969e-05    -3.28216e-04     4.09721e-04
    2.36210e-04     5.42277e-05    -4.52540e-05
    1.08993e-04     5.14804e-05     1.62739e-04
    3.91777e-04    -1.58315e-04    -2.67404e-04
   -2.36184e-03    -1.75400e-03    -2.80778e-03
    1.19203e-03    -2.25204e-03     1.89115e-03
    7.27212e-04     1.66613e-03     2.09430e-03
    1.28422e-03     9.36349e-04    -1.68371e-03
    1.31525e-04     2.39068e-04     8.46771e-05
   -1.13412e-04    -2.09371e-04     2.69264e-04
   -3.19950e-05     1.77804e-04     8.70760e-05
   -1.96462e-04    -5.40680e-04    -4.41751e-05
   -1.14332e-05    -6.96976e-04    -1.35939e-04
   -1.92511e-04     1.06179e-04     1.15466e-04
    3.72933e-04     1.47566e-03     3.12444e-04
    3.50411e-04    -2.02482e-04    -1.38192e-04
   -3.03094e-04     7.34865e-04     4.05261e-04
    1.43485e-05     1.97022e-04     3.13757e-05
    1.56173e-04     1.06376e-03    -1.04765e-03
   -3.14682e-04    -3.07536e-04    -4.72533e-04
   -3.15468e-05    -1.43187e-04    -1.29067e-04
   -7.80995e-05     1.81772e-04    -2.36647e-04
   -2.35027e-06    -7.29423e-05     2.24781e-04
    5.20466e-04     3.57637e-03     1.46070e-03
   -4.58437e-06    -9.13524e-05     1.98029e-04
    3.27534e-04     6.20334e-04     5.42693e-04
    1.50108e-04    -2.11296e-04    -1.09168e-03
   -3.05130e-04    -6.70850e-04    -3.35286e-06
    3.30215e-04    -4.50117e-05     6.91052e-05
    4.25643e-04    -1.57913e-04     2.24301e-04
    4.45769e-04    -7.17498e-04    -6.27121e-04
   -1.01749e-04    -5.23349e-04     7.48779e-04
    3.83456e-04    -4.54873e-04    -1.12226e-03
   -7.65905e-05    -3.44165e-04     1.49806e-04
    3.77147e-04    -3.02382e-04     6.76056e-04
   -4.79649e-04     2.75312e-04    -1.05181e-03
   -2.21362e-04    -1.19933e-04    -2.96227e-05
   -2.74454e-04     3.49001e-04     1.16507e-03
    2.01255e-05    -8.73691e-04     3.80962e-05
    1.38236e-04     2.53719e-04     3.30233e-04
   -2.20014e-04     2.89815e-08    -1.13738e-04
   -5.11278e-04     2.10804e-03    -2.29611e-03
    6.86365e-05    -3.99397e-04     3.61855e-04
    3.11666e-04     3.83048e-04    -1.20450e-04
    2.38891e-04     7.92010e-04     4.65946e-04
   -1.44696e-03     3.57627e-04    -1.82205e-04
    3.59511e-04    -2.90039e-04    -2.69787e-04
   -1.67065e-04    -3.30482e-05    -1.33865e-04
    6.07414e-04     4.06917e-04    -5.39984e-04
   -4.03203e-04    -2.68135e-04    -4.03409e-05
   -3.69902e-04    -9.09717e-04    -1.25867e-03
    3.99145e-04     2.19139e-03     1.27243e-03
    9.31785e-05     1.57639e-04    -4.30888e-04
    2.49684e-04    -4.33206e-04     9.91010e-05
   -2.68097e-04    -2.09546e-04    -1.66666e-03
   -1.81291e-04     9.32220e-04     2.04145e-03
    1.33998e-04     2.29939e-04    -4.95160e-04
    2.25130e-04    -3.65875e-04    -2.50827e-04
    2.64570e-04    -7.62253e-05    -5.51982e-05
    2.31187e-04     5.72906e-05     5.73730e-04
    2.78611e-04     9.00818e-04    -5.64773e-04
   -3.09209e-04    -2.64924e-05    -7.29502e-04
    2.43411e-04    -5.95265e-05    -2.86259e-04
    9.78755e-05    -1.25453e-04    -1.55656e-04
   -1.00463e-05     1.46282e-04    -3.83015e-04
    2.14721e-04     3.39488e-04     1.86683e-04
   -1.92137e-05     1.33067e-03     6.07709e-04
    5.36865e-05    -3.09563e-04    -6.31820e-05
   -8.43282e-05    -1.86870e-03    -1.71577e-03
   -1.23838e-04    -2.82761e-03    -2.53746e-03
    5.45409e-08    -1.95248e-04     1.24669e-04
    1.75632e-04     7.00763e-05    -1.21862e-04
   -4.69382e-05    -7.17478e-04    -8.33652e-05
   -1.99470e-03     5.56245e-04    -1.63690e-03
    6.91417e-04    -3.89284e-04     8.53731e-04
    2.26378e-04     2.82144e-04    -1.38343e-04
   -6.78804e-04    -5.03957e-04     4.92908e-06
    5.42843e-06    -3.04385e-04    -1.10111e-04
   -4.79354e-05    -1.58236e-04     1.58850e-04
   -8.26937e-05     1.44265e-04     4.05749e-04
   -2.75218e-04     3.25574e-04    -4.75038e-04
    3.64825e-04     1.88694e-03     5.64291e-04
    1.23157e-04     4.58477e-05    -1.47803e-04
   -3.53278e-04     2.22190e-04    -3.66161e-05
   -4.71072e-04    -1.21284e-03     3.57451e-03
    8.84767e-05     2.68592e-04     1.58863e-04
    1.36088e-03     3.78982e-04    -3.75872e-04
    2.11976e-04    -9.90510e-05    -3.79254e-04
   -6.12656e-06     2.39561e-04     1.47343e-04
   -7.08210e-05     1.36172e-04     2.36225e-04
   -1.41007e-04     2.41061e-05     4.12460e-04
   -1.56075e-04    -1.34162e-04     5.01857e-05
    5.04089e-04     7.32081e-07     7.28022e-04
   -2.29189e-04     3.15165e-04     4.14171e-05
    2.38822e-04     1.89217e-04    -1.80114e-04
   -2.73622e-03     9.74909e-04    -2.57784e-03
   -2.52869e-04     5.36721e-05     1.26393e-04
   -4.42788e-05     2.53379e-04    -3.70300e-05
    2.72431e-04     1.33336e-04    -2.11393e-03
   -5.59915e-04     9.16441e-04     5.34319e-05
   -3.83680e-04    -9.12790e-05     5.17040e-04
   -1.90685e-04     2.25020e-04    -6.06865e-04
    1.29289e-03     2.18547e-03    -3.52158e-04
    1.39572e-03     1.06799e-03     2.87273e-03
    2.06004e-04     3.00221e-04     3.51152e-05
   -7.59462e-04    -1.23167e-03    -9.62394e-04
   -4.93344e-04     5.80964e-05    -3.07797e-04
   -1.52361e-04    -1.70669e-05     2.73379e-04
   -6.21641e-05    -2.06112e-04     1.86448e-04
    1.18114e-04    -7.05416e-04     6.70663e-04
   -5.00347e-04    -1.08537e-03     9.46450e-04
    5.64622e-04    -6.13094e-05     7.94954e-05
    1.27680e-04     1.88070e-04     2.71553e-04
    1.46679e-04    -1.03289e-04     6.37301e-04
    9.25782e-04     3.25358e-03     2.79558e-03
    4.42756e-04     5.20070e-04    -1.31769e-03
   -2.77302e-04     5.03048e-04    -1.56993e-04
    4.95148e-04     9.70275e-05    -1.62200e-05
   -1.25049e-04     3.96924e-04    -1.34932e-04
   -3.82696e-04    -4.39767e-04     1.25244e-03
   -1.78473e-04     6.97303e-05    -5.15827e-04
   -1.55056e-05     1.48447e-04     1.25096e-04
    1.80896e-03    -2.18552e-03     1.17180e-03
   -2.35711e-04     1.07464e-04     5.03356e-05
   -3.31554e-05    -1.51646e-04    -1.78494e-04
    4.78064e-05    -1.36066e-03     1.95205e-04
    2.09407e-04    -4.38442e-04    -2.52726e-04
   -2.34863e-05     1.71893e-04     2.05772e-04
    4.05610e-04     2.53655e-04    -2.34063e-04
    5.30190e-05     1.68333e-04     1.20654e-04
    3.18856e-05     1.35225e-04    -1.35778e-04
   -9.27112e-04     2.43249e-04    -1.05004e-03
   -6.81468e-04     1.49350e-04    -9.47971e-04
   -6.05132e-05     1.95018e-04     5.10156e-05
   -4.50044e-04     7.29192e-04    -3.92719e-04
   -7.57420e-05    -1.24553e-03    -6.37500e-04
    1.54383e-04    -1.55426e-04    -2.37554e-04
    4.74060e-04     9.92154e-04     4.30894e-04
    3.19419e-04     5.82493e-04    -9.00718e-04
   -3.30844e-04    -1.63969e-03    -1.91323e-04
   -4.78530e-04     1.60525e-03     2.50910e-03
    8.43402e-04     6.40384e-04     7.61481e-04
    5.30327e-05    -1.90250e-04    -1.19788e-04
    5.02160e-04    -8.16207e-04    -1.38004e-04
   -1.05663e-03    -2.83213e-04    -3.47897e-04
   -1.00558e-05     3.72120e-04    -2.63901e-04
    4.99810e-05    -3.44864e-04     2.33260e-04
    2.48529e-05    -1.87529e-04     1.00328e-04
   -7.63071e-05    -8.44200e-05    -1.91272e-04
   -3.69778e-04    -7.79379e-05     1.28851e-04
    9.81873e-05     1.55458e-04     8.58778e-05
   -2.82611e-04    -4.80050e-04    -1.38583e-04
    1.44369e-04     1.60083e-04    -7.12757e-05
   -6.15866e-05    -1.80737e-04     6.45519e-05
   -1.29833e-04    -4.16426e-05    -2.62094e-04
    1.75683e-03    -5.04351e-04     1.04433e-03
    4.28897e-05     3.27440e-04    -2.84963e-05
   -1.01973e-03    -6.10922e-04    -7.94302e-04
    1.00724e-04    -4.55323e-04    -1.27481e-04
   -1.66929e-04     1.77291e-04     1.04632e-04
    1.51881e-04    -2.24331e-04    -4.79822e-05
    1.27971e-04    -5.70982e-04     6.50900e-04
    1.13637e-05    -2.71619e-04    -9.58321e-05
    2.58688e-04     5.54981e-04     8.15164e-05
   -2.06985e-04     1.20156e-04    -5.60180e-05
   -6.46845e-05     8.53248e-05     2.20825e-04
   -2.48747e-04    -5.87022e-04     4.40575e-04
    2.81495e-04     2.96265e-03     4.56521e-03
    1.65700e-04     1.55410e-04    -6.62923e-05
   -2.86154e-04     7.66192e-04     2.93702e-04
    6.24876e-04     2.41590e-03     2.59577e-04
   -4.86103e-04    -1.65373e-03     1.68805e-03
    2.36134e-04     3.91556e-04     4.23692e-04
    2.09446e-04     1.47616e-04     2.17279e-04
    3.39052e-04    -3.07261e-04    -1.47408e-04
    3.69232e-04     2.38156e-04     2.11821e-04
   -3.43993e-04    -1.00932e-03    -7.64161e-04
   -4.07997e-04    -5.46352e-04    -6.72111e-05
   -3.47516e-04    -4.53657e-04    -1.53822e-03
    5.72335e-04     4.53379e-04    -5.87231e-04
    1.92085e-04    -8.94683e-04     2.08207e-03
   -4.13082e-05     3.52638e-04    -1.84296e-03
    1.45356e-04     2.02381e-03     4.12829e-04
    2.74711e-04    -8.42302e-05     2.91026e-05
    1.00221e-03     1.37772e-03     2.12810e-04
    1.55337e-05     3.52522e-05     3.42864e-04
    9.29657e-04     3.30341e-03     2.82209e-03
    1.30748e-04    -6.15267e-04    -2.38881e-04
    3.19357e-04     6.43648e-04    -1.10840e-03
    5.70833e-04     1.72138e-03     2.29505e-03
    4.58970e-05    -5.82461e-05     1.98411e-04
    1.09674e-04    -2.47319e-04     6.06030e-04
    1.18527e-04    -1.38667e-04     3.38466e-04
   -1.23017e-04     2.04452e-05     2.33775e-04
    5.41836e-04     2.07321e-03    -4.96005e-03
   -3.94856e-04    -3.80428e-04    -4.62369e-04
   -5.96758e-04    -3.19318e-04    -3.12820e-03
   -3.24465e-04     2.24021e-03    -1.25161e-03
    1.28475e-03     3.32798e-03     2.15172e-04
   -2.97579e-04     2.55072e-04     3.29524e-04
    1.68930e-04     9.51805e-04    -1.31362e-03
   -1.39277e-04     2.66624e-05     2.78863e-04
   -1.19421e-03     2.94139e-03    -1.31363e-03
    2.91905e-04     2.41875e-05    -2.26338e-04
    2.13711e-04     1.11096e-04     2.88721e-04
   -2.76019e-04     1.13922e-03    -5.01849e-04
   -6.39964e-04    -4.42018e-04     3.73872e-04
    9.31043e-04    -8.46220e-05    -1.44818e-03
   -6.43868e-05     3.38600e-04    -1.68073e-04
    2.81462e-04     4.35020e-05    -1.15137e-04
   -8.64906e-05    -1.03587e-03    -4.97998e-04
    1.23066e-04     2.10845e-04     8.26294e-05
    6.91452e-04    -1.66934e-03     2.00243e-03
    5.67715e-04     4.24593e-04     6.04855e-04
    1.34525e-04    -2.65854e-04    -2.00609e-04
    1.00807e-04     2.64974e-04     2.10959e-04
   -2.14254e-04    -9.69407e-05    -4.63839e-05
   -4.93151e-06    -4.61008e-04     4.73892e-05
   -1.75224e-04    -5.22921e-04    -3.92822e-04
   -1.54395e-04     4.14756e-05     3.28072e-04
   -5.50704e-04    -2.57774e-03     9.80462e-05
    1.90247e-04    -1.49928e-03    -1.54968e-04
    6.10394e-05     2.60808e-04    -1.45816e-03
   -5.93057e-04     8.38925e-04    -2.37122e-04
   -1.29574e-03     3.54979e-04     1.68929e-03
   -5.53529e-04     1.58071e-04     9.06450e-05
   -1.05896e-04     2.37785e-03     3.26657e-03
   -2.37408e-04     1.81957e-04     2.63468e-04
    7.60072e-04     3.66827e-03     1.51062e-03
    3.01393e-04    -3.85322e-05     1.39444e-05
    1.59769e-03     3.98744e-04    -3.13079e-03
    7.58139e-04     8.86799e-04     5.01420e-03
   -1.46857e-04    -3.63585e-04    -2.92915e-03
    1.92422e-04     2.28291e-04    -2.74454e-07
    2.29669e-04     1.54990e-04     4.82707e-05
    1.84621e-04     1.10003e-04    -4.21860e-05
   -2.28690e-04    -3.41446e-05    -9.74899e-05
    5.42231e-04     2.54691e-04    -7.44884e-04
    6.12598e-05     1.08545e-03    -9.70580e-04
    3.44591e-04     2.40389e-04     9.24333e-04
   -1.18265e-04    -3.43531e-04     9.76883e-04
    3.91324e-05    -5.39535e-04     1.01262e-03
   -2.15451e-04    -1.85463e-04     1.27980e-04
   -2.74379e-05     1.53498e-04    -1.17388e-04
   -6.50917e-04    -9.65988e-04    -1.77471e-04
    2.40465e-04     2.93384e-04     6.13921e-04
   -6.44706e-04     1.63179e-04    -3.98683e-04
   -1.07126e-04    -1.30547e-04     1.58572e-04
    2.92609e-04     1.96924e-04    -2.59803e-04
    1.46764e-04     2.00560e-04    -9.56248e-05
   -1.44159e-03    -3.71287e-03     3.51881e-04
   -3.15963e-04     4.88341e-04    -5.44913e-03
   -7.63963e-06    -1.80048e-04    -1.84096e-04
   -6.39493e-04     7.35740e-05     6.55795e-04
   -1.77722e-04    -3.27513e-04     2.58196e-03
   -3.80659e-05     2.56584e-04     1.92050e-04
    1.79327e-04     8.89253e-05    -2.14846e-03
   -7.28671e-05     2.34512e-04    -1.31486e-04
    3.86992e-04    -1.40519e-04    -3.66498e-04
   -3.61403e-04    -2.16804e-04     4.24823e-04
   -7.69504e-05    -3.48111e-04     1.77292e-04
   -1.56554e-04     1.22216e-04    -1.38143e-04
    7.25266e-04     2.53452e-04     5.49120e-04
    3.84715e-04     3.64774e-03    -9.89320e-04
    6.39010e-05    -3.09428e-04     2.09403e-04
    3.94689e-04     7.43028e-04     2.46341e-04
    7.69057e-05    -7.54939e-05    -4.79379e-04
    9.68357e-04     1.47666e-03    -5.09278e-04
   -1.91416e-04     1.47814e-04    -3.52675e-04
    4.29392e-06    -2.05346e-04     1.71792e-04
   -3.98236e-04     4.53788e-04     1.07217e-03
    2.98043e-04    -6.54449e-04    -1.78302e-03
   -2.96306e-05    -2.91547e-04     1.07794e-05
    1.06772e-04     3.03022e-04     3.30969e-04
    6.96225e-05     1.51835e-04     1.52851e-04
    1.48683e-04    -2.67828e-04     8.52296e-05
    8.38210e-04     3.98564e-04    -1.97411e-03
    1.60001e-04    -2.59404e-04     1.03990e-04
    1.23182e-04    -1.82298e-04     2.07787e-04
   -1.62323e-04     1.71065e-04    -4.13931e-04
   -9.53696e-06    -1.65574e-04     2.99365e-04
   -3.89464e-04    -1.10943e-04    -4.91755e-05
   -1.02305e-03    -1.31862e-03    -4.84737e-05
    1.47822e-04     1.15547e-03     1.80516e-03
   -3.06560e-04    -1.91015e-04     2.46117e-04
    2.40189e-04    -2.68887e-04    -5.79496e-04
   -1.19326e-04     9.84929e-05    -4.51463e-04
    2.27485e-05     7.44338e-05     4.03695e-04
    1.65549e-04    -3.94257e-04    -7.24429e-05
    2.42827e-04     4.31905e-05    -4.65932e-04
    1.00192e-04     1.33579e-04    -1.16512e-04
    1.33185e-04    -6.99949e-04     3.51132e-04
   -1.01098e-04     1.77537e-03    -1.28912e-03
   -5.77164e-05     4.51791e-04    -3.02222e-04
    4.52733e-05     1.79309e-04    -6.87035e-05
    2.50318e-04    -7.23684e-05    -1.55874e-04
    1.23665e-03     2.65639e-04    -9.51494e-04
    3.86927e-06     3.91325e-04     1.83438e-04
    1.71473e-04     3.71013e-04    -2.12204e-04
   -5.39907e-04    -5.59080e-04    -6.87920e-04
    2.99364e-04     2.43951e-05     5.96838e-05
   -2.43554e-04     9.75906e-04    -2.21396e-03
    1.68120e-05     7.04466e-04    -2.55607e-03
    3.63437e-05     2.95668e-06    -5.48713e-04
   -1.25365e-05    -1.60171e-04    -1.17541e-04
   -5.51353e-04    -6.88688e-04     4.48772e-04
   -3.64949e-04     4.37192e-04     2.67775e-04
   -9.02354e-04    -4.97193e-03    -1.83281e-03
   -1.16325e-04    -7.84368e-05    -1.84341e-04
    7.57308e-04    -2.65710e-04    -6.79996e-04
    3.53149e-04    -6.36742e-04    -4.11447e-04
   -5.58359e-05     3.25047e-04    -5.13960e-04
   -1.27209e-04     7.79278e-05    -3.55543e-04
    2.75972e-05    -2.00011e-04    -6.14050e-05
   -5.04923e-04    -2.27672e-04     2.23817e-04
   -1.86095e-03    -2.75363e-03     3.93704e-03
    2.16510e-04    -3.73365e-05    -1.22534e-03
    3.43660e-04    -8.30328e-04    -7.89723e-04
    1.62561e-04    -2.06051e-05    -4.25007e-04
   -5.88355e-04     2.46417e-05    -3.82136e-04
   -1.26876e-04    -1.33811e-04     7.45163e-05
   -2.43682e-04    -1.28152e-04     6.43810e-05
    1.46028e-04    -8.59310e-05    -1.68499e-04
    5.12941e-04     7.20117e-04     1.73801e-03
    2.24648e-04     7.18981e-05    -1.39313e-04
   -4.29048e-04     1.29505e-03     1.13613e-03
    8.69643e-05    -4.56287e-04    -2.20912e-04
    6.26407e-05     3.80755e-04    -1.45832e-04
    1.68376e-05    -1.96469e-04     1.88694e-04
    8.04277e-05    -1.41458e-04    -5.04616e-04
    3.71155e-04     7.18092e-04    -2.45867e-04
    1.82333e-03    -2.48871e-03     3.96763e-03
   -9.23477e-05    -7.01364e-05    -1.83223e-04
   -8.33219e-04     1.34268e-03     4.14701e-03
   -2.14494e-04    -4.87727e-05    -2.85158e-04
    2.96638e-05    -7.02356e-06     3.33204e-04
    9.26462e-04     3.61959e-03     1.43393e-03
    8.45090e-05     2.22110e-05    -1.75731e-04
   -1.98976e-04    -1.11645e-04     5.51374e-06
    7.96359e-05    -8.65501e-05    -1.85526e-04
   -2.75610e-04     2.91158e-06    -3.40310e-04
   -2.36175e-04    -3.20705e-04     2.45931e-04
   -2.70427e-06     1.78181e-04    -2.45210e-04
   -9.98108e-04    -5.38316e-04     2.63578e-03
    5.26371e-04     7.75102e-05    -4.95402e-04
    7.39271e-05    -4.02799e-05     4.42693e-04
   -1.89620e-04    -2.22552e-04    -2.83720e-06
   -1.62089e-04    -4.88091e-05     2.51773e-04
   -1.42244e-04     2.60240e-04    -1.17818e-04
   -4.45775e-04    -8.80856e-05    -2.81887e-06
    5.00575e-05     2.93379e-04    -1.97524e-04
   -1.37762e-04    -5.03739e-04    -4.68339e-05
    5.77459e-05    -2.18648e-04    -5.21141e-05
   -1.34960e-04    -3.85951e-04     3.99245e-04
    1.65257e-04     4.43503e-04    -7.13600e-04
   -9.36492e-05    -2.25335e-04     9.06089e-05
   -3.16290e-04     3.80115e-04     2.56112e-04
    3.81059e-04     1.09521e-04    -1.02698e-03
    8.92050e-04     3.53866e-03    -3.54620e-03
    1.63079e-04    -1.86915e-04    -8.45708e-05
   -3.00795e-04    -1.09869e-04    -4.12445e-04
   -5.28000e-04    -7.55341e-04    -4.92919e-04
   -1.67718e-04    -1.30735e-03     8.72758e-04
    2.27940e-05    -3.54331e-04     1.53868e-04
    5.96938e-05     1.00218e-04     1.57157e-04
   -2.12979e-04    -4.42468e-04    -2.38556e-04
   -5.91229e-04    -3.73930e-05     6.95127e-04
   -1.17934e-04     2.03621e-04    -3.08857e-04
    2.78388e-04     8.50087e-04     9.87133e-04
   -2.27282e-04    -4.37231e-05    -7.39069e-06
   -1.06381e-04    -1.56605e-04     1.00262e-03
   -7.06249e-05     2.21431e-04     8.60651e-05
   -1.63159e-04     3.16946e-04    -1.32523e-04
    1.56701e-05     7.28439e-05    -4.61430e-04
   -3.03388e-05    -3.79801e-04     8.06296e-06
    4.06250e-04     2.90927e-04     7.12929e-05
    5.70082e-04     1.64148e-03    -3.01490e-04
    1.30978e-04     1.33987e-04     3.08196e-04
    9.06316e-04     4.13243e-03     3.60598e-04
   -1.38468e-04     2.48561e-04     2.57167e-04
   -4.09050e-04     1.22199e-03     3.22903e-04
    2.25168e-04    -8.54191e-05     1.61487e-04
    2.93710e-04     3.53090e-04    -5.68313e-06
    1.82786e-03     1.33807e-04    -9.68716e-04
   -7.61987e-04     4.15815e-04     1.79743e-04
    6.49194e-04    -9.56108e-04    -1.44105e-03
   -6.87181e-04    -7.68550e-04    -1.75571e-03
    1.47509e-04     3.75855e-04     1.09598e-04
   -1.20818e-04    -2.10599e-04    -5.50758e-04
   -1.55175e-04    -3.67710e-04     2.15736e-04
    1.30994e-04    -1.86706e-04    -2.94104e-04
    1.17604e-04    -1.19954e-04    -4.34219e-04
   -1.80352e-04    -2.72517e-04    -3.65408e-04
    2.62105e-04    -1.38129e-04    -3.55131e-04
   -3.27353e-04    -4.20796e-04     2.43277e-04
    1.78446e-04    -1.08981e-04     1.95433e-04
    8.91373e-04    -4.63137e-04     2.51847e-03
    2.55838e-04    -3.32574e-04     5.22821e-04
   -6.38859e-05    -2.69968e-04    -1.88402e-04
    1.86108e-04    -5.53517e-05     3.33186e-04
   -1.78100e-04     7.39185e-05     3.64549e-04
   -1.81811e-04    -1.85816e-04    -1.91953e-04
   -2.53060e-04    -2.31943e-04     1.57940e-04
   -1.06654e-03    -3.03923e-03     6.83163e-04
    6.04517e-05     3.02473e-04    -3.19864e-05
    6.47797e-04    -6.24558e-04     1.11133e-03
   -1.24571e-04    -3.40459e-04     6.17672e-04
    6.34777e-05    -1.29967e-04     1.45667e-04
    2.42299e-06     2.19204e-04     1.11141e-04
    1.99675e-04     4.85645e-04    -2.17339e-04
   -5.86430e-04     1.59486e-04    -3.81020e-04
   -1.28067e-04     2.94996e-04     7.08088e-04
    1.47008e-04     1.73377e-04    -1.18663e-04
    8.99339e-04    -5.66933e-04    -1.69489e-03
   -1.34365e-03    -5.64130e-04    -4.25065e-03
    7.55885e-04     6.48290e-04     5.32612e-05
    1.24954e-05     1.30822e-04    -1.89517e-04
   -2.95204e-04     3.37124e-05    -3.04901e-04
   -1.80695e-04    -6.88704e-04    -4.91508e-04
    4.17170e-04    -1.00055e-03    -1.07070e-04
    4.08571e-04     1.24405e-03    -1.74793e-03
    1.94527e-04     2.36462e-05    -7.25079e-05
    6.32794e-05    -1.85332e-04    -3.08833e-04
    5.08146e-04     2.15467e-03    -9.30065e-04
    1.75530e-04     3.12199e-04     4.94976e-04
    1.02050e-04    -4.94070e-04     3.94418e-03
    1.56566e-05    -7.48360e-04    -7.52953e-04
    1.20522e-04     2.72310e-04     2.12693e-04
    2.73499e-04     1.39647e-03     9.94485e-04
   -8.40023e-04    -2.26622e-04     2.00824e-03
   -3.87065e-04     1.21415e-04    -1.24230e-04
    3.72380e-04     4.08592e-04    -1.00064e-04
    1.58294e-05     2.74182e-04     4.95757e-04
   -2.38117e-04     4.85112e-04     2.85461e-04
   -3.81457e-04    -5.98805e-05    -1.69038e-04
   -5.24860e-05    -1.91674e-04    -1.78913e-04
    7.10609e-04    -1.57314e-03    -7.27602e-04
    2.72962e-04    -2.73701e-04     1.27377e-04
    1.67627e-04     3.14462e-04     3.39856e-04
    3.33715e-04     9.98214e-04     1.06919e-03
    1.92472e-04    -2.02254e-06    -3.02175e-04
   -4.84612e-04     3.39618e-04     4.22476e-04
   -1.24124e-05    -2.72672e-04     7.14970e-04
   -3.96261e-04    -1.55215e-03     1.09136e-05
    4.01182e-04     7.16302e-04    -8.69443e-04
   -6.18852e-05    -9.05908e-04    -1.52797e-04
   -5.14489e-04     2.88731e-04     7.07421e-04
    7.86160e-05    -1.04843e-03    -4.13396e-04
   -6.10072e-04    -8.14280e-04     5.88317e-05
    9.54856e-07    -3.66303e-04     2.96667e-05
   -9.96200e-04    -4.16829e-04    -6.95279e-04
   -2.79838e-04     1.22134e-04     1.18415e-04
    2.71062e-04    -1.14404e-04     3.63302e-06
   -2.19806e-03    -1.29167e-03    -5.45296e-04
   -1.79389e-04    -2.60801e-05     1.49266e-04
   -1.01175e-05    -2.46787e-04    -3.34290e-04
    5.59742e-04    -1.79615e-04    -3.42059e-04
   -2.01014e-04     2.26329e-04    -1.11865e-05
    1.57921e-04    -7.61257e-05     2.85722e-04
    5.93608e-04    -2.58166e-03     3.22751e-04
    2.52786e-05    -3.81836e-04    -5.63742e-04
    1.30825e-04     3.38377e-05     1.92823e-04
   -1.10990e-04     1.54669e-04     1.30535e-04
    2.71522e-04     2.29676e-04    -4.59498e-04
    1.53977e-04    -1.88667e-04     1.88254e-04
    8.92611e-04     4.05165e-04     8.38527e-04
    1.95157e-04     1.02364e-03    -3.96761e-04
   -6.48573e-04    -1.42841e-04    -4.31878e-04
   -1.36889e-06     1.58960e-04     4.16824e-04
    9.43349e-04     5.87668e-04     8.21063e-04
   -3.81076e-05     1.45113e-04    -1.62428e-04
    3.25475e-05     8.07787e-05    -4.39036e-04
    7.87337e-05    -2.02075e-04     2.88720e-04
    5.92564e-04    -1.93262e-03    -8.49819e-04
    1.43124e-04     7.78818e-04     1.06283e-03
    9.70140e-04    -2.68775e-04    -2.76976e-03
   -3.46786e-04    -7.82205e-05    -1.51162e-04
   -2.95401e-04     2.31804e-04    -7.60647e-05
   -1.03396e-04     1.28868e-04     1.94404e-04
   -4.25999e-04    -5.77942e-04    -3.15375e-04
   -2.15021e-04     1.74324e-04     1.21976e-04
    1.98752e-04     3.82138e-05     2.20397e-04
   -1.38818e-05     1.61389e-04    -2.31664e-04
    1.02467e-04    -6.28988e-05     4.36872e-04
    1.54037e-04     1.58149e-04    -4.40127e-05
   -1.43504e-04    -2.70295e-04    -3.39247e-04
   -1.95378e-03    -1.69147e-03    -1.73661e-03
    1.84372e-04    -2.62975e-04    -1.06608e-03
    4.06474e-04     9.43860e-04     9.54436e-04
    2.38070e-04     8.51652e-05    -5.22245e-05
    9.46916e-04     7.86845e-04    -1.77333e-04
    4.88268e-04     3.49454e-04    -1.27220e-03
   -8.65864e-06     8.95646e-04    -7.04091e-04
   -1.30997e-04     3.47350e-04     2.23170e-04
    5.71467e-05    -3.98372e-05    -2.05506e-04
    3.72592e-04    -1.65937e-03     2.64187e-03
   -4.99938e-05     1.58057e-04    -1.81872e-04
    1.44637e-06     1.98042e-04     8.90633e-05
    1.67889e-04    -1.45278e-04     3.18448e-04
    6.96291e-04    -7.35303e-04     1.55885e-03
    7.72687e-05    -1.74527e-04    -2.36045e-03
    1.44848e-04     1.11348e-03     5.64013e-04
    3.49824e-04    -1.02872e-04     3.04972e-04
    1.66774e-04     7.06020e-05    -3.60641e-04
   -8.20952e-04    -2.61129e-04    -4.48131e-04
   -1.25503e-03    -6.38392e-04     4.77872e-03
    9.08562e-05    -2.14287e-04    -5.10834e-05
    6.88885e-04     3.28799e-03    -3.30254e-04
   -3.05987e-04     1.27918e-04    -5.32252e-04
   -3.99675e-05    -2.81787e-04    -1.97347e-04
    2.21827e-04    -1.17762e-04    -4.90026e-05
    1.80795e-04    -1.51032e-04     5.94060e-05
    3.77340e-04    -3.49822e-04    -1.70656e-03
    1.24796e-04     7.58568e-05     1.65237e-04
   -1.46466e-03    -5.91988e-05     1.00164e-03
    3.92493e-04     1.89130e-03    -1.47132e-03
    7.92264e-05    -8.17616e-04     1.92328e-05
    3.68087e-04     8.36602e-04    -1.30259e-03
    2.12733e-04     1.22398e-04     7.06687e-04
   -3.48334e-04    -1.99311e-04     2.17611e-04
   -1.41159e-05     2.96839e-04     2.54997e-04
   -1.13218e-04    -3.43170e-04    -2.42459e-04
    3.94551e-05     9.72356e-04     5.57412e-04
   -1.33632e-04    -1.40412e-04     6.01310e-05
    1.00440e-04    -2.17888e-04    -2.06048e-04
   -2.67629e-04     2.01468e-03     3.54456e-04
    4.43154e-04     1.44761e-04     2.69701e-04
   -1.68313e-03    -9.50719e-04    -1.09804e-03
   -3.12424e-04    -2.19324e-04     3.16832e-04
    1.41821e-04     4.52660e-06    -2.40414e-04
    3.10912e-04    -2.45586e-03    -3.64709e-04
    1.82449e-04     2.82519e-03     3.52873e-03
   -2.72580e-04     5.01238e-04    -3.00400e-03
    7.42149e-04     4.13028e-03     3.03524e-03
    8.84762e-05    -3.46655e-04     3.74474e-04
   -5.43036e-04    -4.57524e-04    -1.63721e-03
   -1.70028e-04    -4.74589e-04    -6.22067e-04
   -2.42712e-04    -2.69084e-03     1.03920e-03
   -4.84442e-05     1.82107e-04    -1.04218e-04
   -2.28623e-05     3.14017e-04    -7.61582e-05
    1.28611e-03     2.47258e-03     2.26093e-03
   -1.04880e-03    -2.14881e-03     3.73305e-04
    4.24133e-04     8.00106e-05     3.78594e-06
    1.49621e-03     3.03859e-03     1.41064e-03
    8.51908e-05    -1.70567e-04    -9.52686e-05
   -5.02370e-05    -4.73314e-04     3.88002e-04
    4.00236e-04     2.07188e-03    -1.69273e-03
    1.81063e-03    -1.70865e-03     1.83898e-03
    4.52797e-05    -1.38388e-04    -1.38568e-04
    7.24808e-05    -1.80428e-04    -4.61576e-04
    8.62773e-04     3.98241e-03     1.91735e-03
    8.95279e-04     4.46664e-03     1.43579e-03
    8.88942e-05     3.45937e-04    -1.39787e-04
    2.22006e-04    -2.41360e-04     2.01366e-05
   -4.30652e-04    -6.53148e-05    -2.48469e-04
    1.10498e-04    -2.08253e-04     2.26834e-04
   -1.63322e-04     1.16215e-04     2.08278e-04
    4.48922e-04    -2.21720e-04    -4.06939e-04
    5.76190e-04     1.02596e-03     1.47588e-03
    1.11515e-04    -1.58081e-04    -2.43824e-04
    1.17517e-04     4.88963e-04     1.00894e-04
    9.12190e-05     3.26793e-04     1.72171e-04
   -1.38927e-03    -3.68715e-04     1.06194e-04
    7.61049e-04    -4.67088e-05     1.08979e-03
    1.86787e-04     6.70955e-05     6.11995e-05
   -6.35139e-05    -4.60724e-04     1.08545e-03
   -9.65036e-05     1.77622e-04     1.96086e-05
    1.05186e-03    -5.40231e-04    -4.56350e-03
    6.61670e-06    -2.56346e-04    -2.56249e-04
    1.38548e-04     1.04215e-04    -1.07204e-04
   -2.06393e-03    -1.54377e-03     1.78501e-04
    1.24323e-04     1.48496e-03    -5.22629e-04
   -8.55336e-04    -5.89107e-04    -7.68376e-04
    7.12957e-05     1.49587e-04    -1.11082e-04
    5.50476e-05    -1.37618e-04    -1.26703e-04
    1.35801e-04    -1.64352e-04     7.93950e-05
   -1.46538e-04     1.74293e-04     1.11769e-04
   -5.01605e-05     1.52690e-04    -8.98962e-04
   -1.27442e-03    -1.98073e-03    -7.35646e-04
   -3.45973e-03    -8.53455e-04    -6.42897e-04
   -4.01014e-04     6.74168e-05    -5.54583e-04
    1.32052e-04     1.64040e-04    -8.30845e-05
    6.46599e-04    -1.73889e-03     2.15753e-03
   -8.59554e-05     2.23438e-04    -5.40260e-05
   -1.89519e-04    -1.00658e-04     1.43362e-05
   -1.71890e-04     1.32239e-04     7.92774e-05
   -2.04201e-05     4.12545e-04    -2.33119e-05
    4.82109e-04    -9.16779e-04    -1.19014e-03
    1.33561e-04     1.43533e-03    -2.22917e-04
    1.33148e-04     2.87481e-04    -6.47530e-05
   -5.76291e-05    -4.51838e-04    -3.16505e-04
    8.88650e-04    -5.53610e-04    -1.40301e-03
    9.00435e-05     1.70146e-04     6.51782e-04
   -1.59055e-04     4.16633e-05     1.98437e-04
    1.84877e-04    -5.46203e-04    -4.80302e-04
    1.29157e-04     2.33661e-04    -1.37977e-04
    4.96657e-04     7.35893e-04    -6.65039e-04
   -6.63188e-06    -3.26103e-04    -3.66655e-04
    3.86197e-04     6.20563e-05    -4.32331e-04
   -1.34101e-04     2.62463e-04     1.49090e-04
   -9.98848e-05    -1.23620e-03     1.51777e-03
    1.34995e-05    -2.17095e-04    -3.15467e-05
    4.95570e-04     8.27329e-04    -5.08100e-04
   -6.85247e-05     4.15325e-04    -3.57060e-04
    1.73818e-04    -6.37767e-05    -1.33942e-04
   -2.13533e-04     1.11006e-04     6.99295e-05
    1.63553e-04     4.05469e-04    -3.57574e-04
    1.18692e-03     4.50728e-05    -1.93169e-03
   -3.37843e-04    -5.43679e-04    -9.38082e-04
   -1.15548e-04    -6.17479e-05     1.69315e-04
    1.25602e-04     2.26830e-04     4.71116e-05
    9.76612e-05     6.47107e-04     2.16213e-04
    5.14652e-04     3.08562e-04    -1.06446e-03
    5.44762e-05    -2.29694e-04    -1.17423e-05
   -9.68953e-05     5.35543e-04     7.10035e-04
    1.30745e-04    -1.96869e-03    -1.34249e-03
   -5.37307e-04    -2.69015e-04    -3.49800e-05
    9.53366e-04     3.33837e-03     1.37734e-03
    2.71169e-04     2.15274e-04    -1.78483e-04
   -1.47031e-03     3.31086e-04    -6.01564e-04
    1.82990e-04     4.28259e-06     3.01644e-04
   -2.40053e-04     9.09845e-04    -1.00067e-03
   -2.31091e-05    -1.20827e-04     2.09231e-04
   -2.07825e-03    -1.40765e-03     2.36506e-03
   -3.23306e-04     1.93608e-04     3.66516e-04
   -8.59083e-04    -2.76195e-03    -1.04731e-03
    1.73785e-04     1.99933e-03     3.17074e-03
   -3.48325e-04     2.53221e-05     1.34903e-03
   -5.84206e-05    -2.69418e-04    -1.12439e-04
   -1.77609e-03    -5.13204e-04    -2.53809e-03
   -1.95250e-04    -2.74369e-04     4.64576e-05
    1.35402e-03     2.07330e-03     1.97805e-03
    6.02024e-04     9.31958e-04     2.00440e-03
   -5.93106e-04    -7.25357e-04     9.99054e-04
    2.02330e-04    -1.68231e-04    -3.70538e-04
    3.37707e-06     2.23517e-04    -8.05021e-04
    4.46488e-07    -5.82053e-04     2.85559e-04
    1.92166e-05     1.81880e-03     3.29725e-04
    1.15501e-04     9.73278e-04     1.30238e-05
   -1.57030e-03     1.01942e-04     2.66851e-04
   -1.42482e-04     2.68206e-05    -3.18025e-04
   -2.04784e-06     1.84558e-04    -9.28190e-05
   -1.10593e-04     5.02860e-04     8.83771e-06
    4.91404e-04     4.31060e-04     4.94112e-04
    1.80983e-04     2.52763e-04    -3.88379e-04
    1.52581e-04     6.91902e-05     1.49354e-04
    3.51175e-05    -2.56747e-04     6.12379e-06
    4.46925e-04     1.11167e-04     6.06066e-04
    2.72457e-04     2.86411e-04     9.89369e-04
    2.47249e-04    -3.18064e-04     6.57244e-05
   -4.70857e-04     1.10561e-03    -7.70454e-04
   -2.07086e-03    -1.03347e-03    -3.56867e-04
    3.99115e-04     7.82409e-04    -1.37819e-03
    1.47576e-04     1.25016e-04     1.09521e-04
   -1.06321e-03    -1.00655e-03    -6.27317e-04
    3.00609e-05    -1.84029e-04    -3.39742e-04
    1.09842e-04    -3.64669e-05    -1.89907e-04
    1.11839e-04    -6.53839e-05    -2.79834e-04
   -7.50422e-05    -1.65784e-04    -3.93301e-04
    6.12248e-05     1.94272e-04     8.57824e-06
    1.03728e-03     4.14565e-03    -2.21209e-03
   -4.25058e-05     1.01027e-04    -1.80925e-04
   -2.51599e-04     2.26810e-04     1.74906e-04
   -2.06698e-05     2.19516e-04    -1.12396e-04
   -3.81380e-04    -1.16891e-04     1.18351e-04
    1.05527e-03    -5.76263e-04     1.18910e-03
   -2.92672e-04    -5.13427e-04     3.82898e-04
    1.13809e-05     4.52366e-04     1.06123e-03
   -4.95313e-04    -2.87077e-04    -4.19052e-04
   -8.64186e-06    -1.00246e-04    -6.37585e-04
    6.63832e-05    -1.42801e-04    -3.30121e-04
    1.24457e-04     1.30963e-03    -4.86637e-03
    1.13525e-05     2.20863e-04     2.45469e-04
   -2.60255e-04    -5.16182e-05    -1.19337e-04
    7.07321e-04    -3.57657e-04     3.46102e-04
    5.36612e-04    -7.01836e-04     1.49315e-04
   -1.74050e-04     3.81257e-04     2.74072e-04
    1.26359e-03    -6.34702e-04     2.84241e-04
    3.92503e-04     3.74975e-03    -8.79895e-04
   -2.24502e-04    -2.19692e-04    -3.54360e-04
   -1.05641e-03    -7.32933e-04    -1.64187e-03
   -4.41711e-04     3.98945e-04     1.02679e-04
   -3.05338e-04    -1.34498e-03     2.31596e-04
    7.42756e-05     1.82948e-04     5.42927e-05
    2.29183e-04     1.84120e-03     2.86500e-03
   -5.28630e-04    -3.04169e-04     5.38151e-05
    5.64981e-04    -5.17760e-04     1.15688e-03
   -1.16731e-04    -1.47269e-04     7.53481e-05
    7.50138e-04     1.06004e-03    -5.11951e-06
    1.93938e-04     1.37352e-04     1.41651e-04
    1.05342e-04    -3.88961e-05     1.65335e-04
    4.97154e-04    -3.03594e-04    -2.24548e-03
   -9.51766e-05    -1.29082e-04     1.18037e-04
    1.02918e-04    -1.81119e-04     1.66805e-04
    1.37501e-04     5.77151e-05     3.09039e-04
   -4.83925e-04    -2.42107e-04    -1.28091e-03
   -7.06807e-05    -1.53408e-05     2.22776e-04
   -5.95660e-04    -6.71302e-04     6.67128e-04
    5.23335e-04     4.31617e-04     6.33628e-04
    1.05874e-04    -4.42057e-04     1.45100e-04
    6.37650e-04     3.73113e-03    -4.99278e-04
    8.03079e-05    -3.55373e-04     3.91151e-04
   -2.09193e-04     1.29245e-04    -8.63645e-05
   -3.44080e-04    -4.13882e-04     1.96319e-05
    3.88603e-05     1.59982e-04     1.27817e-04
    1.61537e-04    -1.01079e-04    -1.74164e-04
    2.70348e-04    -3.77720e-04    -1.64339e-06
    3.74701e-04     9.14113e-04     8.33298e-04
    5.94296e-06     1.58070e-04    -1.17448e-04
    2.43155e-04    -5.85810e-05    -1.18540e-04
    2.45302e-04    -9.30451e-05    -2.96585e-04
   -5.10777e-05     7.23117e-04    -4.77208e-04
   -4.49624e-05     9.61352e-05     2.14939e-04
    4.03285e-04     7.22262e-05    -1.69287e-04
    5.81575e-05    -3.51570e-04    -5.35743e-04
   -3.67697e-04    -1.09322e-03     5.08190e-04
   -2.16521e-03    -4.53438e-04     1.49275e-03
   -3.98549e-04    -6.77669e-04    -3.78836e-04
   -2.83859e-04     9.97923e-05    -2.19066e-04
    9.09491e-05     2.27761e-04     4.63382e-05
   -1.66241e-04    -1.05823e-04     9.77650e-05
    6.34369e-05     3.37494e-04    -5.96897e-04
    1.42446e-04     1.29828e-04    -9.25057e-05
   -7.46381e-04    -1.53693e-03     1.99423e-03
    4.69867e-05     6.03936e-04    -5.06055e-03
    2.35049e-04     5.30284e-04    -3.49192e-05
    3.45302e-04     3.01145e-05    -7.82682e-04
    1.66056e-04    -4.02149e-05    -2.66322e-04
    4.57439e-04     3.70515e-03     2.51837e-03
   -2.73300e-04     1.38900e-04     1.57723e-05
   -7.81622e-04    -1.27864e-03    -7.64513e-04
   -2.10007e-04    -1.77102e-04    -4.82209e-05
    1.31991e-04    -1.52449e-04     2.32408e-04
   -2.09028e-04    -3.07203e-05     6.88291e-05
   -2.58049e-04     8.95386e-05     1.55187e-04
    5.92015e-04     1.27403e-03    -3.88219e-03
    3.35939e-04     2.48882e-04     9.81577e-05
    2.69127e-04    -6.85703e-05     9.45185e-05
    1.25782e-04    -1.57200e-04    -2.46632e-04
    4.21248e-04     1.58974e-03    -2.11120e-03
    7.42560e-05     3.19573e-04     6.78006e-04
    5.32484e-07    -6.82041e-04     3.37950e-05
   -2.99086e-04     2.40778e-04     3.45666e-04
   -3.16713e-04     1.15905e-03    -1.47505e-05
    1.35889e-04    -1.61248e-04     2.55904e-04
   -4.70192e-04    -2.89670e-04     3.05357e-04
    1.80889e-04    -1.09259e-04    -9.29573e-05
    1.87149e-04     1.61467e-05     1.94209e-04
    2.58381e-05     1.98449e-04     2.28294e-04
    1.84806e-04     1.38949e-04    -7.01006e-05
   -1.63381e-05     2.83671e-05    -6.60761e-04
   -8.64555e-05    -1.17787e-04     3.17193e-04
   -2.37464e-04     8.45971e-05    -2.52404e-05
    3.15314e-04    -6.42240e-05     1.13060e-04
    4.90175e-05    -3.32662e-04     3.91135e-04
    1.66471e-04     3.17381e-04    -2.57407e-04
   -7.29683e-04     4.20452e-04     3.92687e-05
   -3.92447e-05    -2.39240e-04     7.70528e-06
    2.70430e-04    -1.30775e-04     2.55057e-04
   -4.00910e-05     7.74621e-04    -2.41378e-03
    1.50142e-04     3.11287e-04     3.27723e-04
   -2.76202e-04     1.09120e-04    -4.41975e-05
    2.67127e-05     1.41012e-04    -1.34839e-04
   -6.14035e-04     1.95030e-03     2.86798e-03
   -2.55064e-04     1.89703e-04     4.44804e-05
    5.11663e-05     1.84350e-04     1.81638e-04
    5.21988e-04     2.34815e-03    -3.74976e-03
    1.61976e-04     2.10391e-04     2.16600e-04
    1.49160e-04     4.61548e-04    -2.02524e-03
   -2.84292e-04    -1.62711e-03     8.39093e-04
    1.46124e-03     2.69577e-03     2.64302e-03
   -2.59099e-05     2.44591e-04     2.79673e-05
    1.68188e-04    -4.26733e-04    -7.48223e-04
    2.87881e-04    -1.44517e-03     2.83538e-03
   -1.93988e-04    -1.61718e-04    -8.44313e-05
    3.61733e-04    -3.64181e-05     1.02463e-04
   -2.29216e-04    -2.95509e-04    -8.38049e-06
    6.48856e-05     9.30312e-05     3.68536e-04
    4.35932e-04     3.39149e-04    -5.20897e-05
    4.52607e-06     6.91573e-05     2.09197e-04
    2.30766e-05     3.85143e-04     1.99794e-04
   -1.06728e-04     5.18736e-04     3.23078e-04
    1.09917e-03     4.71863e-03    -1.64256e-03
   -3.00900e-04     1.16534e-04     2.58312e-04
    1.08298e-04    -2.02317e-04    -3.35922e-04
   -2.69302e-04     4.07581e-05    -6.55481e-05
   -1.59609e-03     2.74109e-03    -2.26244e-03
   -2.64449e-04     2.56256e-04    -8.53652e-07
   -2.09614e-04    -1.12326e-03     2.81956e-04
   -3.20923e-04     9.81690e-05    -4.93930e-04
    1.69984e-04    -2.34130e-04     1.49163e-04
    3.70086e-04     2.21794e-04    -5.83722e-05
    2.26471e-04    -3.54301e-05    -1.62402e-05
    1.78297e-04    -1.65110e-04    -1.60568e-04
    3.97850e-04     5.10775e-04    -4.36537e-03
   -9.63863e-04     2.48284e-03    -4.22218e-04
   -1.42844e-04     8.71698e-05     1.30423e-04
    6.06389e-05    -1.67826e-05    -1.84058e-04
   -4.74332e-04    -4.17134e-05    -8.52792e-04
   -1.14133e-05     1.76610e-05     2.95864e-04
   -1.80718e-04     3.01373e-04    -3.97938e-05
    8.65758e-05    -2.04277e-04    -2.74416e-04
    1.20576e-03    -8.23779e-04     4.02807e-04
   -1.40569e-04    -1.36034e-04    -7.86350e-04
    6.16040e-05     2.70184e-04    -1.91354e-05
   -7.91284e-04    -3.14836e-04    -1.73919e-04
   -1.80420e-04    -7.00519e-05     1.06618e-04
   -1.03066e-04     3.93195e-04    -1.28354e-03
    1.98824e-04    -2.56259e-04     1.29016e-05
   -1.37704e-03     1.12857e-03    -6.20308e-04
   -6.82127e-05     2.40604e-04     1.25650e-04
    2.15957e-04    -3.03118e-04     8.17173e-05
   -1.50283e-04    -9.74975e-04    -5.51234e-04
   -5.82478e-05    -8.96977e-05    -1.77767e-04
    5.93692e-04     4.18854e-04    -1.24704e-03
   -9.37063e-04     8.37401e-04    -5.45078e-04
    8.32857e-04     3.69379e-03     2.66746e-03
    7.49895e-04     2.61954e-04    -2.71406e-04
    1.10708e-03     1.45039e-03    -3.05893e-03
   -7.80930e-04    -8.44675e-05    -1.03624e-04
   -5.06066e-04    -1.29917e-03    -1.73920e-05
   -3.13435e-04    -2.48560e-04     7.18695e-04
   -1.43124e-04     8.33944e-04    -1.22298e-03
   -4.86534e-05    -4.54934e-04    -3.62218e-05
   -6.76009e-04     2.15626e-04    -7.01046e-04
    3.91224e-04     5.05260e-04    -4.91080e-04
   -5.00659e-04    -6.96146e-05    -2.50747e-04
   -1.21208e-03     8.32159e-04    -7.27371e-04
    6.95459e-05    -2.57672e-04     1.57963e-04
    1.30692e-04     1.05304e-04     1.55577e-04
    1.40419e-04    -3.13739e-04    -1.72297e-04
    7.24442e-04    -8.33033e-04    -6.79965e-04
    2.31943e-04     1.41418e-04     1.63367e-04
   -8.43027e-06    -6.43221e-05    -2.38976e-04
    5.28859e-04    -3.47965e-04    -1.74037e-04
    2.86326e-04    -9.79716e-05     6.11720e-05
    1.59076e-04     2.35324e-04    -1.48158e-04
    2.30981e-04    -1.85606e-05     2.57574e-05
    2.99478e-04    -1.25042e-04     3.20355e-05
   -1.71058e-04    -1.35109e-03    -8.67795e-05
    2.91148e-04     3.41260e-04    -3.84261e-04
    6.61417e-04    -3.46894e-04    -6.35562e-04
   -8.04800e-04    -8.32143e-04     1.30844e-03
   -5.37197e-05     2.02622e-04     1.18127e-04
   -4.89551e-04    -9.51978e-05    -3.05987e-04
   -5.50062e-04    -6.76124e-04    -1.12746e-03
    1.17933e-04    -2.15164e-04     2.00270e-04
    1.16217e-04     1.02844e-03     3.29565e-04
   -9.46532e-05     4.57710e-04     8.70813e-04
    9.01417e-05     1.53572e-04     1.32961e-04
    1.32579e-04     6.70084e-05     7.99962e-04
    2.65063e-04     1.20060e-04    -1.42049e-03
    1.81964e-05     2.12757e-04    -4.07064e-04
    1.39324e-04     6.56915e-05    -2.17436e-04
    5.74604e-04     2.33380e-04    -5.13552e-04
    2.47949e-04    -3.77007e-04     1.48308e-03
    7.38172e-04     3.51818e-03     8.22833e-04
    2.36280e-05    -1.98467e-04     6.27914e-05
    9.34231e-05     2.02100e-05     2.64223e-04
   -1.92240e-04    -1.84447e-05    -1.67068e-04
    2.44156e-05    -9.81291e-05     3.90992e-04
    8.21635e-04     5.69568e-04     6.84162e-04
   -1.01685e-03     3.68929e-04     4.32967e-04
   -1.22134e-04    -7.54898e-04     3.00656e-04
   -6.49965e-04    -1.07920e-03     1.85632e-04
   -2.26805e-04    -5.14573e-04    -9.41678e-05
   -1.12856e-04     2.23166e-04     3.58814e-04
    8.72093e-05    -2.16024e-04     1.68992e-05
    6.26874e-05     2.63070e-05     2.42367e-04
   -3.39364e-04     5.43715e-04     1.54784e-04
   -1.35810e-04     3.10264e-05    -2.02297e-04
   -1.80828e-04     3.11760e-04     1.50540e-04
    1.95038e-04    -1.23982e-04    -3.41297e-04
    1.13535e-04     2.35063e-04     1.75274e-04
    6.97679e-05    -3.43169e-04    -1.20294e-03
   -5.37965e-04    -8.11509e-04     5.65623e-04
   -1.24170e-04     1.07880e-03     4.26175e-03
    5.61701e-05    -8.14388e-05    -1.64467e-04
   -1.27104e-04    -1.05100e-05    -1.91012e-04
    1.18232e-03    -2.55216e-03     2.70877e-04
    1.99758e-06     4.52193e-05     3.38972e-04
   -4.27081e-04    -1.40540e-03     4.55345e-04
   -1.71678e-04    -2.32527e-04    -9.24218e-04
    4.40736e-04     5.29023e-04     1.20275e-03
    8.48890e-04     1.60676e-04    -6.57614e-04
    2.74700e-04    -5.36451e-05     1.62445e-04
   -1.35947e-04     2.58593e-04    -3.28138e-04
    2.98071e-04    -9.76510e-04    -1.72740e-03
   -3.09046e-05    -3.50011e-04    -2.54241e-06
   -2.75388e-04    -4.65999e-04     3.83103e-04
   -4.85077e-05    -3.33383e-04     2.46029e-04
   -1.51956e-05     1.95413e-04    -4.22022e-05
    5.86159e-05    -1.61054e-04    -9.95241e-05
    1.03588e-04    -1.65311e-04    -3.28103e-04
   -1.28449e-04    -1.63649e-04    -9.89486e-05
   -8.29830e-04    -1.46974e-03     2.11691e-04
   -1.18665e-04     4.61559e-04    -5.04308e-04
    1.96065e-04     9.72415e-06    -1.40344e-04
   -5.14904e-05     5.72362e-05     1.89087e-04
   -2.66810e-04     4.74317e-04     4.11378e-04
    5.11176e-04     1.68187e-03     5.04848e-03
    3.02230e-05    -8.07138e-05     1.90197e-04
    2.58074e-04     1.30308e-04    -1.24304e-04
    7.83599e-05    -3.33340e-04     4.72724e-04
    3.05468e-04     2.07383e-04    -2.77387e-05
   -5.99638e-05     2.13090e-04     6.08646e-05
    5.33910e-05    -2.16706e-04     7.04505e-06
    1.27602e-04    -2.32605e-04     1.27835e-04
   -8.95789e-04    -1.85716e-03     5.14330e-04
    3.21183e-06     3.10801e-04     5.97631e-05
   -1.22992e-04     2.50336e-04    -3.67896e-04
   -1.93421e-04    -1.11618e-03     9.46747e-04
    1.51495e-05     4.33991e-04    -3.54559e-04
   -8.64339e-05    -3.24000e-04     3.03259e-04
    4.76398e-04     2.03383e-03    -7.64575e-04
    1.46411e-04     6.67761e-04    -2.27433e-05
    3.84536e-04    -1.52834e-03    -1.05672e-03
    1.86673e-04    -1.08234e-05    -1.21570e-04
   -1.10861e-03     9.47643e-05    -6.26758e-04
    1.73918e-05     2.80601e-04     3.49199e-04
    5.96660e-04     4.18282e-03     1.90328e-03
   -7.64371e-05     4.51979e-04     4.43552e-04
   -5.69025e-05     1.21326e-04     2.20553e-04
    4.54891e-04    -7.77924e-04    -5.82306e-04
   -2.39725e-05     3.13590e-04     1.47357e-04
   -1.20024e-04    -2.53431e-04    -1.63438e-03
   -1.12568e-04    -6.20730e-04     2.43016e-05
   -5.51699e-05     1.10028e-04    -2.77699e-04
    1.09254e-04     1.79674e-04     4.48441e-05
    7.93885e-04     3.83296e-03    -1.38673e-03
   -3.36033e-05    -1.31558e-04    -2.30657e-04
   -1.58565e-04    -1.73686e-04    -5.38433e-06
   -8.88313e-05     1.82441e-04    -5.11529e-05
    4.65401e-05     8.51124e-05     2.87396e-04
   -8.04678e-04    -1.01165e-03    -5.08685e-04
    3.62138e-04     3.84260e-04     9.76554e-05
    7.34758e-04     7.64403e-04    -1.41486e-03
    3.78483e-05     1.29330e-04     2.34386e-04
   -4.57057e-04     4.08921e-04     5.71765e-04
   -1.51582e-03    -2.69854e-03    -1.20338e-03
    1.98564e-04     9.60414e-05     1.43203e-04
   -1.97390e-04    -1.19269e-04     2.53168e-04
   -6.82981e-04    -2.40720e-04    -1.40364e-03
   -2.05979e-04     5.03609e-05     9.57006e-06
    3.87849e-05    -8.54183e-05    -1.73322e-04
    4.69144e-04    -2.06864e-04    -3.36464e-03
   -2.05502e-04     3.14314e-05    -2.94009e-04
   -4.21160e-05     2.13812e-04     7.56238e-05
   -1.06882e-04    -1.24171e-04     3.25844e-04
    3.63127e-04    -2.80715e-04     2.51662e-04
   -1.09832e-03     7.42639e-04    -5.49146e-04
   -2.54964e-04    -6.26552e-04     9.29714e-05
    8.03787e-05     2.18099e-03     4.74164e-03
    4.82838e-05     2.95340e-05     2.81812e-04
    6.50175e-04     3.31313e-03     1.91883e-04
    7.42074e-05     1.53800e-04    -1.12392e-04
   -6.38681e-05    -5.49479e-04     5.69781e-04
   -1.32567e-03    -3.22493e-03     1.00451e-03
   -4.53896e-05    -6.44172e-04    -1.58266e-03
    1.72976e-04    -9.44134e-05     9.48962e-04
    2.04444e-04     1.69465e-04     5.07537e-04
   -8.15147e-05    -4.08547e-04    -2.83294e-05
    9.75613e-05    -2.21624e-04     9.55962e-04
    2.38724e-04     1.79747e-04    -1.26812e-04
    3.45955e-04     2.17918e-04    -3.23453e-05
    2.57051e-04    -7.89637e-04    -8.28910e-05
    1.18646e-03    -1.61105e-04     2.07719e-03
   -9.22814e-05     6.71304e-04     3.07848e-04
   -8.71476e-04     1.38053e-03     1.45480e-03
   -1.72914e-03    -2.11012e-03     6.70659e-04
    9.16111e-04     4.37248e-04    -9.64348e-04
   -9.84795e-04     1.64334e-04    -2.30606e-04
    1.60922e-04    -2.39049e-03    -3.96385e-03
   -1.78601e-04     1.89783e-04     1.08023e-03
   -5.13263e-04    -2.75267e-04    -7.94223e-05
    6.65905e-05     3.10353e-04    -1.18567e-04
    4.99934e-05     2.69080e-04    -3.54119e-05
    3.20670e-04    -2.33483e-04    -1.22647e-03
    1.40312e-04     2.34792e-04    -4.45096e-04
   -6.29049e-05     1.08350e-04     2.88085e-04
    4.66852e-04     1.74386e-03    -2.97501e-03
   -2.44839e-04     5.56363e-05     1.58946e-04
   -6.21150e-04    -4.29325e-04    -1.87003e-04
   -1.43179e-04     2.22307e-04    -7.88232e-05
   -2.01727e-03     8.03859e-05    -4.46185e-03
    1.47064e-04     2.24653e-05    -6.88856e-04
   -2.31694e-04     3.04336e-04     9.73511e-04
    4.94084e-04     1.50374e-04     1.23187e-03
   -2.70982e-03     8.66845e-04    -1.24954e-03
    3.39921e-04    -7.96182e-05    -5.20140e-05
    3.13364e-04     1.33284e-04    -7.18497e-04
    6.77125e-04    -2.07341e-03    -4.74596e-03
    4.93383e-05    -1.14279e-03     3.49260e-04
    1.36897e-05     8.93303e-04     1.42939e-03
   -7.23097e-04    -6.58182e-05    -5.05275e-04
    1.51723e-04     1.19119e-04     6.64112e-05
   -3.40592e-05     1.20535e-04     1.71383e-04
   -4.08239e-04     1.90731e-04    -9.28085e-04
    2.49223e-04     3.91711e-05    -1.86541e-05
   -1.33575e-04     1.68362e-04     2.15237e-04
    4.60866e-04     2.64490e-03    -3.93569e-03
    2.43522e-04    -5.38741e-05    -5.45181e-04
   -3.44118e-04     1.00169e-03     9.38456e-04
    2.87223e-04     5.90206e-05     1.95860e-03
   -1.20258e-04     5.12708e-05    -1.74145e-04
   -1.21090e-04    -2.63422e-04    -9.28810e-05
   -7.63526e-04    -4.39592e-04     8.61448e-04
    2.18326e-04    -2.25306e-04     2.08714e-05
    1.08856e-03     2.31136e-03     5.61989e-04
    1.06761e-04     1.41152e-04    -1.13842e-04
    5.75070e-04     5.55950e-04     4.06214e-04
   -4.12083e-04     3.80897e-04    -9.79163e-05
   -1.14927e-05    -1.70283e-04    -5.14048e-04
   -1.99354e-03    -1.12916e-03     1.66954e-03
    2.97622e-04    -1.27294e-03    -1.55234e-03
   -4.74102e-04    -9.54582e-04    -1.41728e-03
    6.86551e-04    -7.55238e-04     2.57513e-04
    1.39059e-04    -1.26084e-04    -1.23206e-03
    2.31603e-04     4.18606e-05     7.22752e-05
   -5.49740e-04     4.47220e-04     2.56695e-03
    3.11681e-05     1.26629e-04    -2.76301e-04
    4.49341e-04    -1.09916e-03    -1.69169e-03
    9.04412e-04    -6.09050e-04    -5.69169e-04
    6.53188e-04     4.92854e-04    -3.94226e-04
   -6.62595e-04     3.59447e-04    -7.34040e-04
   -1.04493e-03    -4.17400e-03     2.97473e-03
    1.10443e-04     2.55282e-04     7.61937e-05
   -1.06895e-05     3.40212e-04     1.10468e-04
    9.86818e-04     9.27711e-05    -7.75197e-04
    6.66033e-04     1.34979e-04     2.56705e-04
   -2.27595e-04     3.78404e-04     2.12489e-04
   -2.08716e-04     2.49116e-04    -1.88435e-04
   -2.31717e-04     9.85782e-04     5.77828e-04
    2.81746e-04     2.21500e-03     1.74711e-03
    1.78821e-04    -1.74690e-04     1.69426e-05
   -3.36735e-04     8.95652e-05     1.22118e-04
    4.39491e-05     3.61529e-04    -1.16183e-04
    5.52715e-04     1.42325e-04    -3.78763e-04
    2.07470e-04     4.95022e-05    -6.48930e-04
    7.15730e-05    -2.78026e-04     6.94822e-05
   -1.30102e-04     1.73249e-04     6.83877e-05
    1.10614e-03     2.21313e-03     4.26485e-03
   -6.38673e-04    -7.09214e-04     3.21753e-04
   -1.22554e-03    -8.57106e-04    -1.80828e-03
    4.44267e-04     2.76233e-03    -6.11257e-04
   -2.39309e-04    -8.65310e-05     1.04002e-04
    2.51045e-05     3.04725e-04     1.22113e-04
    1.47830e-03    -1.64648e-03    -2.90264e-04
    7.33345e-04     3.32127e-04     1.39324e-03
   -2.28929e-04     6.30597e-04    -4.68909e-04
    6.75205e-05     9.64075e-05    -3.38348e-04
   -8.50824e-05     1.59378e-04    -1.33277e-04
    6.05724e-04    -3.55285e-04     3.13735e-04
    1.00581e-04     4.51259e-04     5.61660e-05
    9.17496e-05     7.13055e-05     1.86465e-04
    6.49928e-05    -9.93428e-05     2.18274e-04
   -1.12731e-03    -7.43267e-04     1.44565e-03
    1.39460e-04     1.54815e-04     3.16882e-05
    8.20490e-04    -7.98817e-04    -1.44543e-03
   -2.41992e-05    -2.57408e-04    -6.68454e-05
   -1.50514e-04     1.69196e-04     3.16160e-04
    1.24033e-04    -1.41409e-04    -1.11725e-04
   -7.64476e-04    -6.94366e-04     1.12738e-03
    4.02090e-04     2.72334e-04     1.09191e-04
    6.97305e-04    -5.84181e-04     5.21119e-04
    1.09616e-04    -2.18095e-04    -2.69868e-06
    1.58903e-04     1.18442e-04    -6.31146e-05
    6.19786e-05    -2.97157e-04    -2.14921e-04
   -1.32785e-04     1.34019e-04     5.54243e-04
    1.71902e-04    -2.80598e-04    -4.42115e-04
    6.75363e-05    -1.87862e-04    -7.81617e-06
   -1.27615e-03    -4.55137e-03     1.03391e-04
    2.66767e-04     1.43739e-03    -2.24709e-04
   -2.81450e-04    -8.40050e-04    -1.81775e-04
    1.56740e-04    -6.43322e-04     5.74031e-04
    2.39903e-04     1.34198e-03     3.19742e-04
    3.67041e-05    -1.58786e-04    -2.11813e-04
    6.07152e-05     2.20432e-05     1.81889e-04
    6.29874e-05     6.85536e-05    -1.89276e-04
   -3.68892e-04    -5.34066e-05     2.80093e-04
   -8.23490e-05    -2.74494e-04    -2.62323e-04
    1.82835e-04    -6.45170e-05    -1.54855e-04
   -2.50770e-04     3.73410e-04     4.07731e-04
    2.02881e-04     1.12684e-04    -7.63424e-05
    7.85235e-05    -4.19441e-04    -2.16184e-04
    1.53634e-04    -2.19522e-04     4.11789e-04
   -2.54827e-05     2.90557e-05     4.41016e-03
   -7.98430e-04     6.47919e-04    -4.30557e-04
   -1.18097e-04    -4.72667e-05     2.35979e-04
   -1.94941e-04     5.80791e-05     3.17567e-04
    2.88205e-05     1.90356e-04     5.72395e-06
   -4.64892e-04    -3.88193e-05     3.62251e-05
   -1.70681e-04    -7.36150e-04    -5.59076e-04
   -6.51309e-04    -6.54786e-04    -4.94609e-03
    1.01900e-04     3.58205e-04    -5.44711e-04
   -9.37315e-05     2.39123e-04     2.96433e-04
    4.88959e-05    -1.82417e-04    -9.43121e-05
    5.41199e-04     3.33873e-05     3.67379e-04
    8.81558e-05     1.15638e-04     2.26604e-04
    1.39810e-04    -1.23185e-04     2.19920e-04
   -1.85107e-04     1.21325e-05    -1.18327e-04
   -6.32758e-05     2.60783e-04     9.05910e-04
    6.75518e-04    -2.74199e-04     1.58471e-03
   -1.51710e-04     1.03109e-04     1.38338e-04
    1.90881e-04     1.75214e-04     1.71375e-05
   -2.53698e-06     2.13288e-04    -1.98496e-04
   -2.09171e-04    -4.53428e-04    -1.90279e-04
    2.84411e-05     1.24655e-04     4.14407e-04
    3.18230e-05     6.85201e-05    -2.02387e-04
   -6.75006e-05    -2.25030e-04     7.69032e-05
    1.63436e-04    -1.14295e-05    -1.27582e-04
   -3.44718e-04    -1.74586e-04    -5.12242e-04
    2.89191e-05    -5.40748e-04    -5.73566e-04
   -3.93059e-04     5.87685e-04     5.98678e-04
   -1.53149e-03     1.92796e-03    -3.11467e-03
    6.01712e-04     1.76565e-04    -8.81553e-04
   -9.47042e-04     1.94866e-03     8.29894e-04
    5.52414e-04    -3.41963e-04     3.46052e-04
   -6.75977e-05    -3.62679e-04    -1.72934e-04
   -1.18139e-04    -8.15493e-05    -2.54298e-04
   -3.60698e-04    -1.29678e-03    -7.37242e-04
   -1.57634e-04    -3.57145e-04     2.54830e-05
   -5.31283e-04    -8.32773e-04    -8.05782e-04
    6.78052e-06    -5.72791e-04     5.09724e-04
    1.00006e-04    -5.43382e-04     1.21876e-04
   -5.76858e-04     1.37557e-03     1.64909e-03
    5.10639e-04     1.23821e-03    -5.27818e-04
   -2.16918e-04    -1.33490e-04    -5.99501e-04
   -2.43551e-04    -4.25599e-04    -9.49895e-05
    4.80403e-05     4.29202e-05     1.85680e-04
    5.65148e-04    -3.41915e-04    -8.23130e-04
    5.43860e-04    -9.34001e-05     1.18815e-03
    1.99526e-04    -2.57487e-05     1.09232e-04
   -3.89789e-04    -3.29515e-04    -9.03615e-05
    2.01260e-04    -1.32577e-04    -1.73020e-04
   -7.86440e-04     3.42698e-04     2.00894e-04
    3.93003e-04     3.82254e-04    -7.48239e-04
    1.46099e-03    -3.31281e-03     1.01911e-03
   -1.15399e-04    -9.47112e-05     1.25628e-04
   -6.72161e-04    -7.01711e-04     1.19199e-04
   -1.34689e-04     1.75817e-04     2.62089e-04
    1.04368e-04    -8.58403e-05     2.86904e-04
    4.02104e-04    -1.84742e-04    -4.99176e-04
   -1.96339e-04    -5.59210e-04     4.15588e-04
   -3.70176e-04     1.20220e-04    -7.41944e-04
   -4.47580e-04    -2.34749e-04     6.74104e-04
    1.45011e-03    -2.35368e-03    -8.21681e-04
   -3.05661e-05    -1.26313e-04    -2.37019e-04
    3.35024e-04    -9.35067e-04    -3.58830e-05
    1.11231e-03     4.90991e-04    -1.31549e-04
   -6.36523e-04     4.15933e-04     1.38618e-03
   -8.22642e-04    -1.68523e-04    -4.02619e-04
    4.76954e-05    -3.67349e-05    -7.49677e-04
    1.08458e-04     5.47688e-04    -1.56157e-03
    4.25809e-04    -1.09129e-04     4.48909e-04
   -1.73906e-04    -7.74449e-04    -6.51380e-04
   -1.75067e-04    -1.05895e-04     4.72978e-05
    5.67670e-04     4.59100e-03    -1.99463e-03
    3.17856e-04     3.54633e-04     1.60246e-04
   -4.72790e-04    -2.19949e-04     5.62535e-04
    2.37430e-05    -1.31112e-04     1.99018e-04
   -4.50833e-06    -3.30990e-05    -7.34936e-04
   -3.99607e-04     1.97022e-04    -1.96148e-04
    1.54004e-04     1.87651e-04     2.29767e-04
    4.92359e-06    -3.92228e-04    -3.67879e-04
   -4.67545e-04    -1.55425e-04     2.02948e-03
   -1.65644e-05     6.08167e-04    -1.77316e-03
   -1.13529e-04    -1.59959e-04    -3.06221e-04
   -2.88289e-04    -8.21791e-04    -6.14453e-04
   -3.62730e-05    -7.38711e-04    -2.97091e-04
    5.54719e-04     4.90849e-04    -1.37183e-04
   -8.67565e-05    -1.07215e-04     1.88374e-04
   -9.04749e-05    -1.89631e-04    -9.36577e-05
   -2.09981e-05    -2.16768e-04     1.50323e-04
    6.20645e-04     6.47664e-04    -4.11351e-04
   -4.96002e-04    -2.06028e-04     2.24787e-05
    1.55666e-04    -1.54218e-03     2.24053e-03
   -6.30571e-04    -3.32873e-04     8.27128e-05
   -1.65799e-04    -2.76022e-04    -1.84521e-04
    2.87920e-05    -3.16600e-04    -1.80075e-04
   -1.55552e-04    -6.74909e-05     2.42425e-04
    1.72949e-03     1.02714e-03    -9.53493e-05
   -1.07692e-04    -6.37701e-05     1.55784e-04
   -1.76276e-04     1.56958e-04     6.56126e-05
   -6.75222e-04    -8.29665e-05    -6.85671e-05
   -2.03389e-04    -3.33758e-04    -1.70191e-04
   -2.13412e-03     4.80587e-04    -1.40282e-03
    7.37128e-04     3.67524e-03    -4.39423e-04
    3.49992e-04    -3.03400e-04    -6.71232e-04
   -1.39736e-04     8.36877e-05    -2.56589e-04
   -6.20292e-05    -4.45661e-04     1.78497e-04
    1.94298e-04     2.33636e-03    -2.34434e-03
   -2.67674e-04    -4.60031e-04    -1.77087e-04
   -1.39811e-04     2.75489e-04    -1.83167e-04
   -1.06622e-04     2.55227e-04    -2.09325e-04
   -6.24234e-05     7.68746e-04     4.57706e-05
    4.11178e-04     4.59239e-04     1.80472e-03
    9.74452e-05     2.92144e-04    -5.76153e-04
    8.28790e-05     1.86392e-04    -1.80191e-04
   -1.07575e-03     1.31728e-03    -1.63740e-03
    8.90297e-05    -4.93942e-05    -2.18064e-04
    7.34278e-04     2.76344e-03    -9.35058e-04
   -7.82724e-05    -5.15886e-04    -6.38730e-04
    2.99891e-04    -5.81073e-04    -1.66109e-04
    7.63891e-04     1.34829e-03     1.16241e-03
   -4.08448e-03    -1.18606e-03    -1.66785e-03
   -4.46009e-05     3.77142e-04    -1.13115e-04
    1.51618e-04    -6.78665e-04     4.92313e-04
    1.31268e-04    -1.77068e-04    -1.24676e-04
    3.13068e-04     1.85478e-04     2.71341e-04
    3.04430e-04     6.80428e-04    -6.42631e-04
    1.08383e-03     2.35183e-03     3.37206e-03
   -1.70955e-04     3.78757e-04     2.13830e-05
    2.36884e-04     4.12066e-04     2.11180e-05
   -1.70507e-04     1.26961e-04    -3.27018e-06
    2.27414e-05     1.31145e-04    -3.39857e-04
    2.01264e-04    -1.91331e-04     2.29156e-04
    5.95218e-04     2.77827e-03    -2.16082e-03
   -6.03339e-04    -1.53697e-03    -1.64325e-03
    9.74992e-05     1.74214e-04    -1.34653e-04
    7.14645e-05    -2.99847e-04     3.59689e-04
   -6.73119e-05    -3.97360e-04    -5.89594e-04
    1.53568e-04     2.60643e-04     1.13728e-04
   -3.70958e-04    -2.58847e-03    -7.89345e-04
   -4.03471e-04     2.51603e-04    -1.63867e-04
   -4.01157e-04    -3.08782e-04    -3.47712e-04
    2.19953e-04     2.29135e-04    -1.34127e-04
   -1.25511e-04    -3.72228e-04    -7.31696e-05
    2.46489e-04     2.07193e-04     3.14608e-04
    6.91152e-05     4.18114e-05    -2.73997e-04
    3.01807e-04    -8.67445e-04    -6.87594e-04
   -2.54289e-05    -1.79212e-04    -1.18402e-04
    3.25012e-05     1.67841e-03     5.22009e-04
   -2.09409e-04     4.79394e-05    -1.31384e-04
   -1.75930e-04     3.27731e-05     1.33118e-04
   -1.70873e-04    -2.21994e-04    -2.13292e-06
   -2.22634e-04     1.56513e-04    -3.69454e-04
   -4.95074e-04     6.01258e-04    -1.84665e-04
   -7.42091e-05    -2.67939e-04    -1.37206e-04
    3.36744e-04     6.96394e-04     1.32988e-04
   -8.15346e-04    -5.84190e-04     3.91797e-03
   -7.05099e-04    -1.12333e-04     8.52783e-04
   -1.50761e-04    -4.49388e-04    -5.10279e-05
    7.66827e-04    -2.00408e-04     8.87087e-04
    1.74244e-04     3.45853e-04    -1.35142e-04
    2.13289e-04     7.98311e-04    -3.57469e-04
    3.08654e-04     2.19658e-04     3.45473e-04
    1.53758e-04    -6.50901e-05     1.52716e-04
   -7.28070e-05     1.68462e-03     4.36234e-03
   -1.20380e-05    -2.39699e-04    -1.38681e-04
   -1.65746e-04     1.56751e-04     1.40209e-04
    1.86108e-04     2.73696e-04    -5.66637e-05
   -3.46602e-04    -4.42175e-04     3.25558e-04
   -2.26107e-04     2.27105e-05    -6.46723e-04
    1.50923e-04    -2.56872e-05    -4.71222e-04
    7.79389e-05    -3.39037e-04     3.21177e-04
   -1.44119e-04    -1.51908e-04     4.48976e-05
    4.23095e-04     2.30271e-03     9.82912e-04
    3.86725e-04     2.37284e-03    -1.40951e-03
    3.09558e-04     2.37365e-04    -7.26957e-05
    1.93646e-04    -6.00686e-04    -4.10171e-05
   -1.18207e-04    -8.20335e-05    -2.78057e-04
    1.22618e-05    -1.11300e-04     6.02387e-04
   -2.39712e-05     3.67016e-04     4.31339e-04
   -3.74455e-04    -9.54219e-04    -5.08877e-04
   -1.91980e-04     2.31464e-04    -5.52739e-05
   -2.97426e-04     9.51994e-04     1.09643e-03
   -1.93182e-04     3.23992e-05    -3.58064e-04
   -5.00357e-05    -2.95275e-04    -7.83262e-05
    1.55057e-04    -3.74103e-04    -3.76404e-04
    4.44732e-05     5.93872e-04    -1.89515e-04
   -4.69594e-04    -5.28789e-05    -7.67417e-04
    2.85714e-04     1.27073e-05     2.05040e-04
   -3.65121e-05     9.06086e-05     2.13338e-04
    4.26913e-05     1.62771e-04    -8.81917e-05
    1.43217e-03    -2.50075e-03    -1.88158e-04
    8.73743e-04     4.84138e-03     1.27429e-03
    7.92484e-04    -1.37742e-03     1.04535e-03
   -4.96853e-04     2.24145e-04     2.81636e-04
    9.31305e-04    -1.39035e-04    -4.91751e-04
   -1.80016e-04     1.01332e-04     4.65330e-04
    1.26329e-04     2.96468e-04    -1.12924e-04
   -3.16628e-04     1.87087e-04     3.98652e-04
    1.31158e-04     1.70012e-03     7.31267e-04
   -2.08351e-04     1.74101e-04     3.09823e-06
   -2.95538e-05    -1.28827e-04    -1.77990e-04
    2.14797e-04    -5.70110e-05    -1.72012e-04
    5.85010e-04    -4.00702e-04    -5.68217e-04
   -3.87272e-05    -2.36694e-04     4.12600e-05
    6.69269e-04     4.89403e-03    -1.01475e-03
    8.94679e-04    -1.31825e-03     5.48416e-04
   -7.93237e-05    -1.68219e-04    -5.39775e-05
    3.24355e-05    -2.83241e-05    -1.89076e-04
    4.92660e-04     5.20956e-04     6.93601e-04
    8.40921e-05    -1.54561e-05    -5.98714e-04
   -6.47290e-05    -2.12148e-04    -3.82998e-05
    5.97857e-04     1.52124e-04     6.71864e-05
    1.11758e-04     1.24535e-04     1.39144e-04
   -2.04250e-04    -4.33596e-05    -1.03067e-04
   -1.04905e-04     1.97517e-04     2.82029e-04
   -1.26001e-04     3.61073e-04    -1.88344e-04
    1.06294e-03    -1.85783e-03     3.12862e-03
    6.27426e-05     2.84212e-05    -5.78540e-04
    7.28802e-04     3.10111e-03     4.05206e-04
   -6.12602e-04    -1.38860e-03    -2.36926e-04
    7.84011e-04     2.85667e-03     3.01040e-03
    8.38690e-04     3.41975e-03    -1.05995e-04
    4.30817e-04    -3.63593e-03     4.15956e-03
   -3.24896e-05     2.32464e-04     7.00648e-05
    9.90565e-05     1.08694e-04     5.41741e-04
    1.00821e-04    -1.38983e-04     1.46900e-04
    2.54335e-04     2.33559e-04    -5.31671e-04
   -1.94003e-04     2.06993e-04     3.87335e-04
    2.55039e-04    -6.45644e-05    -6.16415e-05
   -3.58646e-04    -3.58987e-04    -7.67234e-04
    8.74543e-04    -1.70428e-03     4.65455e-03
    1.49412e-04     3.45015e-04     2.24882e-04
    6.95695e-04    -2.75290e-04    -2.49989e-03
    1.33860e-04     1.17454e-03    -3.29233e-03
    2.03039e-04     5.08804e-06     1.59902e-04
   -7.06542e-04    -9.05375e-04     1.08116e-04
   -1.38435e-04     5.29383e-05    -1.97146e-04
   -1.56790e-04    -5.12626e-04    -1.00006e-04
    3.05870e-04     1.50411e-03     4.52342e-04
   -1.76375e-04    -2.55765e-03    -1.19609e-03
    1.22586e-04     8.39712e-04    -7.13526e-04
    2.16356e-04     6.97773e-04    -7.94633e-04
    2.28405e-04     3.27172e-06    -1.27066e-04
    5.23443e-04     8.78544e-05     4.93039e-04
   -3.71177e-04     1.05383e-03     1.67522e-03
   -7.78841e-04     1.73420e-03    -7.81674e-05
    6.71317e-04     1.49756e-03    -6.22955e-04
    5.20985e-04     6.46595e-04    -3.09743e-04
    3.79082e-04     3.58604e-05     1.21398e-04
   -5.01695e-04     1.01003e-04     4.75981e-04
   -2.56707e-04    -1.13812e-03     2.83659e-03
   -2.03202e-04    -6.52805e-05    -1.39375e-04
    4.43240e-04    -9.07187e-04    -1.65713e-03
    9.95098e-04     1.74423e-03     1.46469e-03
   -2.82303e-04     2.77061e-04    -1.14060e-04
    2.33847e-04     1.09207e-03     2.45377e-04
    2.85471e-04     1.11193e-04     7.80996e-04
   -4.20581e-04    -2.20300e-04    -3.22290e-04
    7.16581e-04    -3.80157e-04     1.63724e-04
   -1.84379e-04    -3.96263e-04     2.91585e-04
   -2.01015e-04    -1.18588e-04     1.10774e-04
    6.45640e-06    -8.25912e-05     5.33198e-04
   -9.67823e-04    -5.39572e-04    -1.00630e-03
    7.36892e-05     9.50942e-05    -1.67831e-04
    4.08499e-04     6.83370e-04    -1.01535e-04
    5.79855e-04    -8.22518e-04     6.95429e-04
    1.76392e-04    -1.68900e-04     1.08600e-04
    2.84521e-04     1.01172e-03     4.23538e-04
   -2.64813e-04    -7.49154e-04     1.96273e-04
    6.11828e-04    -1.11707e-03    -1.13009e-03
   -2.00361e-04     2.31528e-05     1.19068e-04
    1.11683e-03     2.23805e-03    -1.14258e-03
   -2.69446e-05    -2.11644e-04    -1.49099e-04
    9.89535e-04     2.76773e-04    -5.49915e-04
   -9.27477e-04     9.37997e-04    -2.56147e-04
    1.59147e-04     1.59076e-05    -1.27059e-04
    9.09336e-05     2.17109e-04    -2.05798e-04
   -1.65411e-04    -3.36222e-04     3.69944e-04
   -7.61619e-05     4.36807e-04    -7.58852e-04
   -2.40143e-04    -5.09105e-05    -1.11362e-04
    2.63201e-05    -3.83381e-05    -2.99168e-04
    8.04685e-04     6.52920e-04     1.33993e-03
   -1.59485e-04    -5.36364e-05    -1.48730e-04
    9.19533e-05     1.51248e-04    -2.17613e-04
    6.52342e-04    -7.15280e-04     6.77546e-04
   -2.39174e-04     2.62232e-04     2.99037e-04
   -7.87639e-05     1.62628e-04     7.92773e-05
   -3.55862e-04    -1.45303e-04     1.56706e-05
   -4.71855e-05    -1.47912e-04     1.07786e-04
    9.66410e-05     1.24576e-04     1.47381e-04
   -1.16041e-05    -4.57210e-04     2.77970e-04
   -3.68469e-06    -2.32291e-04    -6.36928e-05
    5.39704e-04     6.83240e-04     5.17576e-04
   -6.43192e-05    -1.54805e-05     2.77966e-04
    1.32317e-04     3.89610e-05     2.19966e-04
    1.36357e-04     2.06732e-04     5.99108e-04
    3.87246e-04    -4.90208e-04    -3.26220e-04
   -2.29265e-04    -3.16744e-04    -6.58866e-05
    4.36620e-05    -2.28191e-04    -1.56634e-04
    3.83273e-05    -2.37642e-04    -1.82968e-04
   -7.75683e-05    -3.46960e-04     8.24464e-05
    1.86844e-04    -3.96414e-04     1.76067e-04
    2.92018e-04     7.63676e-04     6.30276e-04
   -2.72425e-04    -1.11090e-04     7.91542e-04
    1.24032e-04    -1.29277e-03     7.35087e-04
    1.52835e-05    -7.36777e-04    -3.93889e-04
   -7.94486e-04    -2.27689e-03    -1.88032e-03
   -2.49412e-04    -2.79821e-04     5.09085e-04
   -4.17673e-04     5.39977e-04     3.83427e-04
    1.85341e-04    -2.50891e-04    -1.55782e-04
    1.51622e-05    -7.21955e-05     4.21829e-04
    1.96158e-04     5.84571e-05     2.65834e-04
   -1.04279e-03    -4.03219e-03    -1.31864e-03
   -1.99401e-04     3.04897e-04     8.99733e-05
    6.52361e-04     3.92081e-04    -2.04345e-04
   -1.56455e-03    -2.38291e-03     2.37461e-03
    9.21553e-05    -3.71031e-05     2.89071e-04
    4.11967e-05     6.49998e-04     4.61039e-04
    1.87352e-04    -2.35920e-04     1.51415e-04
    2.33879e-04     2.04747e-04     3.17236e-05
   -1.06883e-04     3.09387e-04    -1.97875e-04
   -5.00716e-03    -2.74482e-04    -9.39729e-04
    5.70949e-04    -9.00176e-06     1.44040e-04
   -6.91360e-05     1.77563e-04    -3.16398e-04
   -2.71433e-04    -2.31345e-04    -2.16164e-04
    1.40672e-04    -7.01870e-04     3.59183e-03
    3.46788e-04    -1.02318e-04     4.12779e-05
    1.43311e-04    -3.17120e-05    -2.15569e-04
   -2.45495e-04    -9.19459e-05    -5.33775e-04
   -1.55162e-04     2.12674e-04     6.05513e-05
    3.69458e-04    -2.61757e-04     1.61034e-04
   -3.94244e-04     2.13763e-04     2.03463e-04
   -1.25442e-05    -3.54231e-04     8.30149e-05
    1.58122e-04     1.20422e-03     3.01386e-03
    1.45706e-03     2.35786e-03     1.27711e-03
   -6.58081e-04    -5.45408e-05     7.46099e-04
   -2.54011e-04     7.52622e-06    -5.53144e-05
    2.19592e-04     4.35806e-05     1.39846e-04
   -6.86466e-05    -1.42039e-04    -1.10521e-04
   -7.75366e-04    -1.96246e-03     2.33938e-03
    8.52499e-04     4.47098e-04     1.74245e-04
    1.71512e-04     1.30960e-03    -2.41909e-04
   -1.52400e-04    -1.11493e-04    -1.92978e-04
    2.26817e-05     6.30832e-04     8.34270e-05
   -1.90611e-03    -2.33473e-03     3.02824e-04
   -9.50862e-04    -1.69939e-03     1.83542e-03
    9.89199e-05    -8.72761e-06    -1.86023e-04
   -1.53999e-05     3.60399e-04    -1.05306e-04
    2.74704e-04     2.76176e-05    -7.29822e-05
   -4.10524e-05    -3.33285e-04    -2.84683e-04
    9.52196e-04    -1.05724e-03     5.30141e-04
   -2.03162e-04     1.69181e-04     1.71164e-04
   -7.58101e-06     6.72112e-04    -2.88903e-04
    3.42183e-04     9.94731e-06     8.90315e-06
    4.19056e-04    -7.60889e-04     1.49721e-04
    5.36192e-04     8.95268e-04    -1.13874e-03
   -3.34703e-04     1.37541e-03     7.63078e-04
   -3.82992e-04    -1.54609e-04     8.63102e-05
   -2.55416e-05    -4.93045e-04     4.45767e-04
    1.57299e-04     4.49877e-06    -4.37928e-04
    2.76414e-04     3.21074e-04     6.79470e-05
   -1.18649e-03    -1.22907e-03     1.68092e-03
   -1.20325e-04     1.59712e-04     1.79531e-04
    9.02228e-05     3.31893e-04    -2.45045e-04
    1.12438e-04     2.80129e-04     5.18023e-05
   -8.32419e-04     1.54771e-04     4.31631e-03
    6.53253e-04     2.47536e-03     2.78734e-03
    5.61167e-04    -1.08921e-03    -1.36370e-04
    1.14189e-04    -2.23578e-04     7.87902e-05
   -3.08525e-04     1.79624e-04     8.62495e-04
    1.25876e-04     3.17932e-04    -9.17645e-05
   -4.56417e-04    -1.33257e-04     2.59637e-04
   -8.70851e-04    -1.14714e-03    -1.41970e-03
    2.44586e-04     6.89291e-04    -1.51376e-04
    3.67943e-04     1.88186e-04    -1.31134e-03
    4.28810e-04     5.38245e-04    -4.80071e-04
    3.74564e-04     9.45199e-04    -1.67679e-03
   -1.03459e-04     1.17615e-04     1.74568e-04
    6.44560e-04     5.65045e-04    -1.30497e-03
   -2.00110e-04    -3.34846e-04     6.72149e-04
   -6.64643e-05    -4.51886e-04     8.52354e-04
    3.45395e-04    -1.53327e-04     1.27659e-04
   -1.83384e-03    -3.31423e-03    -7.22364e-05
   -3.94385e-04    -2.47792e-04     6.50220e-05
    1.24025e-04     2.66786e-04    -2.02010e-05
    5.11644e-04     1.77421e-04    -2.66748e-05
    2.27235e-04    -1.63367e-04    -2.44125e-04
    2.93955e-04    -2.13806e-05     1.32024e-04
    1.11970e-04     1.66120e-04    -1.15969e-04
    1.51312e-04     1.10448e-04    -4.99651e-04
    3.75605e-04    -1.77906e-04     1.63555e-05
   -2.16551e-04    -2.99190e-04     6.39164e-06
   -4.75364e-05     3.84629e-04     3.69423e-04
    4.92468e-04     8.36988e-04    -5.73624e-05
    3.78542e-04     2.80397e-03     3.17593e-03
   -7.43733e-05     6.70306e-04    -1.06166e-03
   -5.50761e-04     8.55502e-04    -5.28790e-04
   -3.98825e-04    -6.94450e-05    -2.75020e-04
    1.38469e-04    -4.82545e-04    -2.61628e-04
   -1.39338e-05    -2.20190e-04     3.01106e-04
   -5.83821e-05    -4.13562e-04     1.85514e-05
    2.04738e-04    -1.34723e-04    -5.37995e-04
   -9.86589e-05    -1.58928e-04    -4.89944e-05
    4.19655e-04     5.23667e-04    -2.12460e-03
   -2.28834e-03     2.18475e-04     9.68251e-04
    5.70928e-05     1.83741e-04     1.23692e-04
   -3.23718e-04    -2.27725e-03     3.43889e-03
    4.50647e-05     7.06727e-05    -2.28107e-04
   -1.31349e-04     1.42248e-04    -7.80185e-05
   -1.06859e-04     2.92984e-03     1.13374e-04
    1.16443e-03     4.28334e-04     6.80122e-04
    1.95082e-05    -2.09184e-04    -5.47200e-05
    2.12051e-05    -1.85982e-04     4.02935e-05
    8.48957e-04    -1.46145e-03     4.69587e-04
    3.97506e-04     3.56334e-04     2.89717e-04
   -1.29292e-04    -5.80206e-04     9.89294e-05
   -2.36759e-05    -1.31105e-04    -1.44485e-04
   -2.79813e-04    -8.12031e-05    -3.30438e-04
   -4.27951e-05     4.09039e-05    -2.54461e-04
    5.85185e-04     5.71232e-04     2.51888e-04
   -8.86108e-04     4.83393e-04    -1.16241e-03
    1.52483e-04    -1.89392e-04    -1.09350e-04
    3.20617e-04     2.17861e-04     4.10424e-05
    1.52587e-05    -2.43522e-04     3.44492e-04
   -1.53828e-04     6.84257e-05    -2.39443e-04
   -9.70871e-05     4.73269e-05    -2.09870e-04
   -3.28219e-04    -1.88067e-03    -8.87764e-04
   -3.13944e-04     3.24251e-04    -3.25696e-04
   -3.01467e-04     8.69630e-05    -2.53554e-04
   -3.02799e-04     1.25866e-04     3.04617e-04
   -2.23136e-04    -2.75250e-04     4.55730e-04
    2.23248e-05    -7.90060e-06    -4.65787e-04
   -2.91030e-04    -5.66368e-04     4.85053e-04
    1.43516e-04     3.57457e-04    -6.72383e-04
   -4.19753e-04     2.33981e-04     3.58199e-05
   -2.80287e-04     1.21586e-04     2.11407e-04
    2.41884e-04    -5.19204e-04    -3.74421e-04
   -1.32070e-03     7.97509e-04     1.61568e-03
   -1.50857e-04     1.22542e-03     4.31854e-04
   -5.07621e-04    -4.87206e-04     9.17690e-05
    8.51032e-04     4.54216e-03    -1.53211e-03
    1.86278e-04     1.50594e-04    -2.29587e-05
   -2.08075e-04     1.17441e-05    -8.45172e-05
   -3.36554e-03    -1.41058e-03    -2.86852e-03
   -6.88513e-05     1.73741e-04     3.15322e-04
    4.12138e-06    -3.53254e-04    -3.56774e-04
   -5.58715e-06     8.87797e-04    -6.52869e-04
   -1.30565e-03    -4.34056e-03     1.19091e-03
   -6.07338e-05     1.85322e-04    -2.24739e-04
   -1.48906e-04     5.51087e-07    -2.79407e-04
    1.45866e-04    -9.86105e-05    -1.13597e-04
   -1.92339e-04     1.58379e-03    -5.38614e-05
    1.78316e-03    -9.66916e-04     4.15191e-04
    2.70653e-04     2.76423e-04     1.82035e-04
    1.50621e-04     1.44541e-04     5.06039e-05
   -2.31732e-04    -1.11059e-04    -2.05257e-04
   -1.19822e-04     3.25684e-05    -1.81021e-04
   -9.92144e-06    -3.23760e-04    -1.69517e-05
    7.53511e-04     2.82951e-03    -4.17192e-03
   -6.26029e-05    -1.78997e-04     2.80935e-05
    4.08113e-04    -1.40133e-04     1.72660e-04
    2.04391e-04    -9.50141e-05     4.16053e-05
   -1.72245e-03    -1.46976e-03     6.46668e-04
    1.72986e-04     1.73186e-03    -3.80344e-03
   -5.66461e-05    -4.08517e-04     1.70083e-03
   -8.83852e-05     1.95899e-03    -1.29825e-03
   -3.49569e-05    -3.82310e-04     4.21565e-04
   -2.24341e-04     5.42030e-04    -4.87971e-04
    1.66944e-04    -9.30650e-05    -1.32290e-04
   -1.95995e-04    -2.04594e-04    -2.15780e-04
    5.77418e-05    -4.20414e-04    -2.77361e-04
    1.13628e-04    -1.92865e-04     1.28374e-04
   -5.98688e-05    -1.26016e-04    -1.38642e-04
   -5.85630e-04     6.47582e-04     2.15879e-03
   -4.97632e-05    -2.26766e-04     3.53961e-03
   -2.97722e-04    -5.39528e-04    -8.34572e-04
    2.40817e-04    -3.89403e-05    -1.45311e-04
    2.08321e-04    -2.88337e-04     1.29114e-04
    1.87137e-04     9.23519e-05     9.29004e-05
   -1.37901e-04    -1.86120e-04     1.14089e-04
    4.36880e-05    -3.03288e-05    -2.78400e-04
    3.16482e-05     1.69338e-05     2.08864e-04
   -6.33564e-05    -5.53519e-04     4.56894e-04
    9.67038e-04    -2.52220e-04    -9.71461e-04
    7.10974e-04     3.57102e-03    -1.26241e-03
    1.59489e-04     1.97728e-04    -1.10297e-04
   -1.18679e-04    -2.89376e-04    -1.67844e-04
    5.33826e-04     2.78863e-04    -2.21921e-05
   -1.72205e-04    -5.09811e-04     3.78843e-04
    2.46197e-05     1.64048e-04     2.61044e-04
    3.41449e-04     1.13122e-04     2.69092e-07
   -2.03962e-05    -4.50165e-05     3.71564e-04
   -2.18088e-04    -3.16073e-05     2.23537e-04
   -6.13564e-05    -9.54645e-04     1.04534e-03
    3.78504e-04     6.55518e-04    -3.04455e-03
    2.58720e-04     1.38983e-04     5.85120e-05
    1.04717e-03     4.39121e-03     5.63304e-04
   -1.27065e-04     2.18459e-04    -1.23600e-04
    5.45847e-04     2.87382e-03    -1.41509e-03
   -5.57776e-05    -2.34280e-04    -4.07240e-04
   -2.15336e-04    -1.59159e-03    -1.21394e-03
    3.97738e-05     1.37545e-04    -2.07190e-04
    2.32827e-04     3.98376e-06    -1.94665e-04
   -7.20059e-05    -1.45730e-04     3.50469e-04
    1.23042e-03    -2.34547e-04     2.79053e-04
    3.72140e-04     1.30052e-03     1.97458e-04
   -5.15005e-04    -3.34204e-03     7.56919e-06
    5.90340e-04     2.61070e-04     1.35416e-04
    7.80591e-05    -2.32105e-04     3.50090e-04
   -3.16533e-04    -1.53216e-03    -1.68385e-03
   -1.30498e-04     2.87399e-05     2.40362e-04
   -1.68106e-03    -3.06141e-03     9.72376e-04
    3.39688e-05    -2.10234e-04    -1.60846e-05
    3.31426e-04     2.43401e-04    -7.32605e-05
    3.29314e-04    -2.15017e-04     1.36247e-06
   -1.48622e-04     1.51415e-04    -1.32190e-05
    3.70661e-04     6.59653e-04     1.01011e-03
   -3.24857e-04     6.25910e-04     1.91419e-03
    2.52916e-04     1.13172e-04    -1.09434e-04
    3.38713e-04     7.28979e-04     2.31280e-05
    2.61880e-04    -1.05758e-04    -9.66801e-06
   -6.62565e-05    -4.15189e-04     2.93701e-04
   -7.35902e-04    -4.62762e-04     2.35764e-04
    1.75732e-04     6.32245e-04     1.84495e-04
    6.97510e-04     4.42837e-03     2.02971e-03
    7.84037e-04    -6.78011e-04    -4.67669e-04
    1.15802e-04     9.18733e-05     1.71237e-04
   -7.48920e-04     5.98109e-05    -4.58427e-04
    5.55645e-04    -2.93600e-04    -6.87255e-04
   -3.17748e-04    -3.48553e-04     4.53024e-04
   -7.33718e-04    -3.05052e-03    -7.06040e-04
   -2.65368e-04     4.10848e-05    -1.63076e-04
    1.66569e-03     1.98440e-03    -2.61478e-03
   -2.60035e-04    -2.52966e-04     4.78142e-04
    7.37807e-05     2.92505e-04     2.18016e-04
    1.34187e-04     5.78649e-04    -1.58114e-03
    2.59469e-04    -1.98738e-05    -8.70232e-04
    4.26920e-04    -8.99263e-05    -1.43677e-03
   -2.33013e-04     4.49944e-05    -5.58899e-05
   -2.85120e-04    -1.45729e-04     1.67599e-04
   -4.88105e-06    -7.57550e-05     2.35923e-04
   -3.20305e-04     1.22086e-04     4.01921e-04
   -5.84061e-06    -2.52021e-04    -1.99291e-04
   -1.76795e-04     1.80058e-04     9.83177e-05
    5.95570e-05    -3.58380e-04     3.38791e-04
    1.29648e-04     1.33335e-04     1.14516e-04
    9.07570e-04     2.61485e-03     7.84188e-04
   -1.92240e-06    -2.01279e-04     9.45875e-05
    1.13029e-04     1.44904e-04    -1.80686e-04
   -2.07393e-03    -1.76762e-03    -6.12247e-04
   -5.16950e-04     1.17607e-04    -7.29646e-05
   -1.92630e-04    -1.01856e-03    -6.57213e-04
   -9.52942e-05     4.80540e-04    -7.71780e-04
    1.32163e-04    -6.44044e-04     1.07234e-03
    6.12759e-04     2.59976e-03     4.99209e-04
   -4.59536e-04    -4.30023e-04     9.73001e-05
    1.14122e-04    -1.93473e-04     5.71563e-05
    1.00128e-03    -2.08062e-04     1.85666e-04
    3.07653e-04    -1.64221e-04     2.03644e-04
    2.69873e-04     1.75749e-03    -1.56380e-03
    1.51549e-04     8.26286e-05     3.12133e-04
   -2.28984e-04    -3.07013e-05     2.23953e-04
   -1.11190e-04     3.96710e-04     7.15132e-05
    2.31827e-05     9.50777e-06     1.92458e-04
    2.95253e-04     1.87440e-04     1.29085e-03
   -2.46061e-04     3.23352e-04    -3.54871e-04
    2.32938e-03    -8.01301e-04    -2.09919e-03
    4.69152e-05     1.03735e-03    -4.90920e-04
    4.79340e-04    -3.36982e-04     3.17642e-04
    2.66303e-04     1.66765e-03    -3.54988e-03
   -5.57433e-05    -6.38815e-04     5.23989e-06
   -7.36114e-04    -3.17386e-03     1.31405e-03
    1.03753e-03     1.18364e-04    -1.15737e-03
   -1.98695e-04     1.76953e-04     2.38626e-04
    1.45297e-03    -2.93724e-03     3.88747e-03
    1.29168e-05     1.65547e-04     9.23622e-05
    1.92344e-04     8.49117e-05     3.02571e-04
    6.87313e-04     2.19430e-03    -8.55531e-04
   -1.64540e-05     1.88516e-04    -4.89849e-05
   -1.31630e-04    -1.23147e-04     1.66268e-04
    4.87147e-05    -3.34265e-04    -2.75258e-04
    1.98804e-04     1.70215e-03     2.83849e-03
   -6.46395e-05    -4.32849e-04     9.37523e-05
    1.33190e-04     9.95082e-05     1.39249e-04
   -1.67581e-05    -3.34076e-04    -1.04714e-03
    7.32748e-05     1.39534e-04     1.21476e-04
   -5.90231e-04     7.16001e-04     1.34986e-03
    2.62080e-04     4.05906e-04    -6.61296e-04
    3.22464e-04    -2.06243e-03    -8.45357e-04
   -2.66255e-04     5.63927e-05     2.66062e-04
   -8.62920e-04    -4.52586e-04     1.39062e-03
   -2.15990e-04     1.02731e-05    -2.65735e-06
    8.87800e-04     9.28788e-05    -7.35363e-04
   -9.80348e-05     5.83201e-06    -1.78619e-04
    5.61323e-05     1.15637e-03     2.98741e-03
    7.81286e-04    -3.50048e-04    -1.30848e-04
   -1.20614e-04    -1.05847e-03    -4.33813e-03
    2.70308e-04     9.50843e-04    -4.44116e-03
    1.84459e-04    -4.68113e-04     2.31507e-03
   -1.52828e-04    -4.39631e-04    -1.41129e-05
    7.76151e-04    -1.33401e-04    -2.15090e-04
   -4.31654e-04    -1.90213e-03     6.38471e-04
   -5.30880e-06     3.93539e-04    -3.69794e-04
   -4.19168e-05     3.48177e-04    -8.40627e-05
    8.75279e-05    -2.97953e-04     4.64918e-04
   -1.91096e-04    -3.56125e-06    -9.25852e-05
    3.18729e-04     5.60208e-04    -6.43055e-04
