    2.296308279037476e-01
    1.476128697395325e-01
    1.861370205879211e-01
    3.705464005470276e-01
    2.550047636032104e-01
    2.438441365957260e-01
    3.146623969078064e-01
    1.668249517679214e-01
    2.645216584205627e-01
    1.529146879911423e-01
    3.553951978683472e-01
    2.748903930187225e-01
    1.345525234937668e-01
    1.303220689296722e-01
    2.766193449497223e-01
    1.250864863395691e-01
    2.026964277029037e-01
    3.705464005470276e-01
    3.705464005470276e-01
    2.996098399162292e-01
    1.321658790111542e-01
    1.405003517866135e-01
    1.594076603651047e-01
    3.705464005470276e-01
    3.705464005470276e-01
    3.705464005470276e-01
    3.705464005470276e-01
    1.912898868322372e-01
    1.415619701147079e-01
    2.344779372215271e-01
    2.492357939481735e-01
    1.819795370101929e-01
    1.624345183372498e-01
    3.705464005470276e-01
    1.675117015838623e-01
    1.298742443323135e-01
    3.177948594093323e-01
    1.822217255830765e-01
    3.705464005470276e-01
    3.705464005470276e-01
    2.663764953613281e-01
    3.387114405632019e-01
    1.911757141351700e-01
    3.705464005470276e-01
    1.481166929006577e-01
    1.538293063640594e-01
    2.333500981330872e-01
    2.195274233818054e-01
    2.565858960151672e-01
    1.535405069589615e-01
    2.003179192543030e-01
    2.438367605209351e-01
    2.372924536466599e-01
    3.705464005470276e-01
    3.705464005470276e-01
    3.438601195812225e-01
    1.668368130922318e-01
    1.607039719820023e-01
    3.273649513721466e-01
    2.474512606859207e-01
    1.423540562391281e-01
    1.544132679700851e-01
    2.067273110151291e-01
    1.476499140262604e-01
    1.318803131580353e-01
    1.315867900848389e-01
    1.319061070680618e-01
    3.705464005470276e-01
    1.314007788896561e-01
    1.298625916242599e-01
    3.705464005470276e-01
    1.363948285579681e-01
    1.401205062866211e-01
    1.598768085241318e-01
    2.547186315059662e-01
    2.869207262992859e-01
    2.220310121774673e-01
    3.705464005470276e-01
    1.523851007223129e-01
    1.680636554956436e-01
    1.766362637281418e-01
    2.624242901802063e-01
    1.565065085887909e-01
    2.552118599414825e-01
    3.705464005470276e-01
    2.936212122440338e-01
    1.321831941604614e-01
    1.353825330734253e-01
    3.705464005470276e-01
    2.176874279975891e-01
    3.705464005470276e-01
    2.047454267740250e-01
    2.931472957134247e-01
    2.097653448581696e-01
    2.180831134319305e-01
    1.698154062032700e-01
    2.275853306055069e-01
    2.377492934465408e-01
    3.705464005470276e-01
    3.705464005470276e-01
    2.059558629989624e-01
    3.705464005470276e-01
    3.705464005470276e-01
    2.237859368324280e-01
    1.555170714855194e-01
    1.999940872192383e-01
    1.871010661125183e-01
    1.263998448848724e-01
    1.346960961818695e-01
    1.668375283479691e-01
    1.468067765235901e-01
    3.705464005470276e-01
    1.412773430347443e-01
    3.697456121444702e-01
    3.705464005470276e-01
    2.273642271757126e-01
    1.973733901977539e-01
    2.492775171995163e-01
    2.142921239137650e-01
    1.396462619304657e-01
    3.705464005470276e-01
    1.796062290668488e-01
    3.705464005470276e-01
    1.346089094877243e-01
    2.690604031085968e-01
    2.899573743343353e-01
    1.946061104536057e-01
    1.445858925580978e-01
    1.781188845634460e-01
    3.705464005470276e-01
    1.432144194841385e-01
    3.705464005470276e-01
    1.867793351411819e-01
    1.550513356924057e-01
    2.088499516248703e-01
    3.705464005470276e-01
    3.705464005470276e-01
    1.464431136846542e-01
    2.614015638828278e-01
    1.729100197553635e-01
    3.705464005470276e-01
    2.822842299938202e-01
    2.480172961950302e-01
    1.397913694381714e-01
    2.131033837795258e-01
    3.528707921504974e-01
    1.533755064010620e-01
    2.775477468967438e-01
    3.705464005470276e-01
    1.546426266431808e-01
    3.080503940582275e-01
    1.430422067642212e-01
    3.705464005470276e-01
    1.599034816026688e-01
    1.350641697645187e-01
    3.705464005470276e-01
    3.705464005470276e-01
    2.084466665983200e-01
    2.277015596628189e-01
    1.509689837694168e-01
    2.094388902187347e-01
    1.305669695138931e-01
    1.623155921697617e-01
    3.705464005470276e-01
    2.616347372531891e-01
    3.705464005470276e-01
    2.275945693254471e-01
    1.495470404624939e-01
    3.705464005470276e-01
    1.859366446733475e-01
    2.703080177307129e-01
    1.992229372262955e-01
    2.121193706989288e-01
    2.303420156240463e-01
    2.621553242206573e-01
    1.548186093568802e-01
    1.420444697141647e-01
    1.568841934204102e-01
    3.495926856994629e-01
    2.253766357898712e-01
    2.012804746627808e-01
    3.705464005470276e-01
    2.770972549915314e-01
    3.705464005470276e-01
    3.705464005470276e-01
    1.842378526926041e-01
    1.954737007617950e-01
    1.954004764556885e-01
    1.341073065996170e-01
    3.705464005470276e-01
    1.663238108158112e-01
    2.630005776882172e-01
    1.752196103334427e-01
    3.705464005470276e-01
    1.668152958154678e-01
    3.222240209579468e-01
    1.425182074308395e-01
    3.705464005470276e-01
    1.312378942966461e-01
    1.778205633163452e-01
    2.406519949436188e-01
    3.705464005470276e-01
    1.317652612924576e-01
    2.684245109558105e-01
    1.383135020732880e-01
    1.313598006963730e-01
    1.541489660739899e-01
    1.846429556608200e-01
    1.731444001197815e-01
    2.901399135589600e-01
    3.163189888000488e-01
    2.828470468521118e-01
    1.966072022914886e-01
    3.705464005470276e-01
    2.958579659461975e-01
    3.705464005470276e-01
    1.542957723140717e-01
    3.705464005470276e-01
    2.997336089611053e-01
    3.705464005470276e-01
    1.820376664400101e-01
    3.452520966529846e-01
    1.250153481960297e-01
    3.705464005470276e-01
    1.667113006114960e-01
    3.705464005470276e-01
    2.389245927333832e-01
    1.433081924915314e-01
    1.346822679042816e-01
    1.961420178413391e-01
    1.609268188476562e-01
    1.278056055307388e-01
    1.654458045959473e-01
    1.491810232400894e-01
    2.344765216112137e-01
    2.861102819442749e-01
    1.634396761655807e-01
    1.285411864519119e-01
    1.552126258611679e-01
    2.289070934057236e-01
    3.705464005470276e-01
    2.188551723957062e-01
    2.396648824214935e-01
    1.974912732839584e-01
    2.112256437540054e-01
    1.614290624856949e-01
    3.705464005470276e-01
    1.786354184150696e-01
    2.393857538700104e-01
    1.321829259395599e-01
    1.986370533704758e-01
    2.577596306800842e-01
    3.705464005470276e-01
    1.546332538127899e-01
    2.210569977760315e-01
    1.700888574123383e-01
    3.034234046936035e-01
    1.364676952362061e-01
    1.978314369916916e-01
    3.405017554759979e-01
    3.660560846328735e-01
    2.307884395122528e-01
    3.705464005470276e-01
    1.498866230249405e-01
    1.978362798690796e-01
    3.705464005470276e-01
    2.198563516139984e-01
    2.437864840030670e-01
    1.769800633192062e-01
    3.422574400901794e-01
    1.412509977817535e-01
    1.702965348958969e-01
    1.471704393625259e-01
    2.166564464569092e-01
    1.614566445350647e-01
    3.705464005470276e-01
    2.073236256837845e-01
    1.386272013187408e-01
    2.723764479160309e-01
    2.025502473115921e-01
    3.705464005470276e-01
    2.053619325160980e-01
    3.705464005470276e-01
    1.951472461223602e-01
    1.600899696350098e-01
    3.582816421985626e-01
    3.705464005470276e-01
    3.173266947269440e-01
    1.739997267723083e-01
    3.705464005470276e-01
    3.705464005470276e-01
    2.341754138469696e-01
    2.421144843101501e-01
    1.597654223442078e-01
    3.705464005470276e-01
    2.595223784446716e-01
    1.252568364143372e-01
    3.705464005470276e-01
    3.705464005470276e-01
    1.433835774660110e-01
    1.478500813245773e-01
    2.199772000312805e-01
    3.705464005470276e-01
    3.705464005470276e-01
    1.263153403997421e-01
    1.361732929944992e-01
    1.711019277572632e-01
    3.705464005470276e-01
    1.788815110921860e-01
    1.240669190883636e-01
    3.073173463344574e-01
    3.705464005470276e-01
    1.244281753897667e-01
    1.341317445039749e-01
    3.705464005470276e-01
    1.721310615539551e-01
    3.705464005470276e-01
    3.374855220317841e-01
    3.705464005470276e-01
    2.374005317687988e-01
    1.369125992059708e-01
    3.705464005470276e-01
    3.705464005470276e-01
    1.505010426044464e-01
    3.176288008689880e-01
    1.533285081386566e-01
    3.705464005470276e-01
    1.388105750083923e-01
    3.705464005470276e-01
    1.529122889041901e-01
    1.367019712924957e-01
    1.240085661411285e-01
    1.241204887628555e-01
    3.705464005470276e-01
    1.509289443492889e-01
    3.705464005470276e-01
    1.308224499225616e-01
    3.033358454704285e-01
    1.238937005400658e-01
    3.564932644367218e-01
    2.558818757534027e-01
    2.164041250944138e-01
    2.015355378389359e-01
    3.705464005470276e-01
    1.946538835763931e-01
    3.705464005470276e-01
    1.329541504383087e-01
    1.340541243553162e-01
    3.705464005470276e-01
    1.410387009382248e-01
    3.705464005470276e-01
    1.803109049797058e-01
    3.705464005470276e-01
    1.597711741924286e-01
    2.703987360000610e-01
    1.726308017969131e-01
    2.443752586841583e-01
    2.711616754531860e-01
    1.729542165994644e-01
    1.595851182937622e-01
    1.398010551929474e-01
    1.888676583766937e-01
    3.283323645591736e-01
    1.334988176822662e-01
    1.384331881999969e-01
    2.230796664953232e-01
    1.450635641813278e-01
    2.113661766052246e-01
    2.207148820161819e-01
    2.679183483123779e-01
    2.215954661369324e-01
    2.318384498357773e-01
    3.705464005470276e-01
    3.705464005470276e-01
    1.784717291593552e-01
    3.213191926479340e-01
    1.672598421573639e-01
    1.589649617671967e-01
    1.465053856372833e-01
    2.396237552165985e-01
    1.342517435550690e-01
    3.705464005470276e-01
    3.705464005470276e-01
    3.432872295379639e-01
    2.641885876655579e-01
    1.442404091358185e-01
    3.210059702396393e-01
    1.736523956060410e-01
    1.701615601778030e-01
    1.733366698026657e-01
    1.578502655029297e-01
    3.668900132179260e-01
    3.705464005470276e-01
    1.853236705064774e-01
    2.124275565147400e-01
    3.705464005470276e-01
    1.606753319501877e-01
    2.246980369091034e-01
    3.705464005470276e-01
    1.322729587554932e-01
    2.100636214017868e-01
    1.411373168230057e-01
    1.345085799694061e-01
    2.017667144536972e-01
    3.705464005470276e-01
    1.638716459274292e-01
    1.564137041568756e-01
    3.590575158596039e-01
    1.676595807075500e-01
    3.705464005470276e-01
    1.256804764270782e-01
    2.463864833116531e-01
    1.458115577697754e-01
    1.438976079225540e-01
    1.786233037710190e-01
    3.705464005470276e-01
    2.582495808601379e-01
    2.801890671253204e-01
    2.592508494853973e-01
    1.344399154186249e-01
    3.705464005470276e-01
    3.705464005470276e-01
    2.800738513469696e-01
    3.705464005470276e-01
    3.192419111728668e-01
    3.705464005470276e-01
    3.705464005470276e-01
    2.359384149312973e-01
    2.313498705625534e-01
    2.862368822097778e-01
    1.636233776807785e-01
    3.705464005470276e-01
    1.869530230760574e-01
    2.366388291120529e-01
    1.515524983406067e-01
    2.646923363208771e-01
    1.985550373792648e-01
    2.153138816356659e-01
    1.850217133760452e-01
    2.148321866989136e-01
    1.655733138322830e-01
    1.876749992370605e-01
    1.839355975389481e-01
    2.232402563095093e-01
    2.300859242677689e-01
    2.790512740612030e-01
    1.697422564029694e-01
    1.301236450672150e-01
    2.702715992927551e-01
    3.628839254379272e-01
    1.321621239185333e-01
    1.886280179023743e-01
    1.847146004438400e-01
    2.401941567659378e-01
    1.591044217348099e-01
    2.519215643405914e-01
    3.705464005470276e-01
    1.493344455957413e-01
    1.692705452442169e-01
    2.770505547523499e-01
    1.744170635938644e-01
    2.731907367706299e-01
    1.486821919679642e-01
    2.954496145248413e-01
    1.320948600769043e-01
    3.705464005470276e-01
    3.648748099803925e-01
    3.705464005470276e-01
    1.677528023719788e-01
    3.705464005470276e-01
    1.318110823631287e-01
    1.395082771778107e-01
    3.705464005470276e-01
    3.705464005470276e-01
    3.705464005470276e-01
    1.303810328245163e-01
    1.281839758157730e-01
    2.116299569606781e-01
    1.338260918855667e-01
    2.016336023807526e-01
    3.705464005470276e-01
    1.862561553716660e-01
    1.311272829771042e-01
    1.678625494241714e-01
    3.320512771606445e-01
    1.505556553602219e-01
    1.293338090181351e-01
    3.705464005470276e-01
    1.491563618183136e-01
    1.804454177618027e-01
    3.705464005470276e-01
    1.590438187122345e-01
    1.434113532304764e-01
    3.664537370204926e-01
    1.968080997467041e-01
    3.705464005470276e-01
    1.693227887153625e-01
    1.595664471387863e-01
    1.404930949211121e-01
    2.319711595773697e-01
    2.164549082517624e-01
    3.601511716842651e-01
    1.707621961832047e-01
    1.969572454690933e-01
    1.784913986921310e-01
    1.655644178390503e-01
    2.318055629730225e-01
    2.222588807344437e-01
    1.894315779209137e-01
    1.397330313920975e-01
    1.348725110292435e-01
    1.523423194885254e-01
    3.705464005470276e-01
    1.589651703834534e-01
    3.490160405635834e-01
    3.536614775657654e-01
    1.734019964933395e-01
    1.717076301574707e-01
    3.511230647563934e-01
    1.459517925977707e-01
    2.010198384523392e-01
    3.705464005470276e-01
    1.657913327217102e-01
    1.555921286344528e-01
    1.558253616094589e-01
    2.629132866859436e-01
    3.705464005470276e-01
    1.927316486835480e-01
    2.275665551424026e-01
    3.705464005470276e-01
    1.688378006219864e-01
    2.939049303531647e-01
    1.514725834131241e-01
    1.638001054525375e-01
    2.685924172401428e-01
    3.273349106311798e-01
    1.434232592582703e-01
    1.880405843257904e-01
    1.928406655788422e-01
    1.534411460161209e-01
    2.108809500932693e-01
    2.218233942985535e-01
    1.483985632658005e-01
    3.509247004985809e-01
    2.567107677459717e-01
    1.626683771610260e-01
    2.552933096885681e-01
    1.427988260984421e-01
    2.438506931066513e-01
    2.018620520830154e-01
    3.246817886829376e-01
    1.826404780149460e-01
    3.705464005470276e-01
    1.843565255403519e-01
    1.532403826713562e-01
    3.705464005470276e-01
    2.086127251386642e-01
    1.363251805305481e-01
    3.705464005470276e-01
    3.705464005470276e-01
    3.705464005470276e-01
    3.046263456344604e-01
    1.239313781261444e-01
    3.705464005470276e-01
    1.610115319490433e-01
    2.287287265062332e-01
    1.925215870141983e-01
    3.705464005470276e-01
    1.986158192157745e-01
    1.670848876237869e-01
    3.552912473678589e-01
    1.397068947553635e-01
    2.595705986022949e-01
    3.705464005470276e-01
    1.542810797691345e-01
    1.360353231430054e-01
    1.679964512586594e-01
    3.705464005470276e-01
    3.376270532608032e-01
    3.705464005470276e-01
    1.794095337390900e-01
    2.572380900382996e-01
    2.226933091878891e-01
    2.510921359062195e-01
    1.305424869060516e-01
    1.672586351633072e-01
    1.936690211296082e-01
    1.266194730997086e-01
    1.253646463155746e-01
    1.753522455692291e-01
    2.583351135253906e-01
    3.705464005470276e-01
    3.705464005470276e-01
    2.336424738168716e-01
    1.402813196182251e-01
    1.508549749851227e-01
    1.334905922412872e-01
    2.944869399070740e-01
    3.470097184181213e-01
    1.778870224952698e-01
    1.339097917079926e-01
    1.615063250064850e-01
    3.705464005470276e-01
    3.015584945678711e-01
    2.410772144794464e-01
    3.705464005470276e-01
    1.795175522565842e-01
    1.724590063095093e-01
    3.705464005470276e-01
    1.501037478446960e-01
    2.895583212375641e-01
    3.705464005470276e-01
    1.414081603288651e-01
    2.516168355941772e-01
    1.562773436307907e-01
    3.705464005470276e-01
    1.824936568737030e-01
    1.412838846445084e-01
    3.705464005470276e-01
    1.422120332717896e-01
    3.691681921482086e-01
    1.344226449728012e-01
    3.705464005470276e-01
    1.399853974580765e-01
    1.587024331092834e-01
    3.705464005470276e-01
    3.705464005470276e-01
    1.379734128713608e-01
    3.705464005470276e-01
    3.705464005470276e-01
    2.234348207712173e-01
    1.407727152109146e-01
    2.269402444362640e-01
    1.450245529413223e-01
    1.816977709531784e-01
    1.762077063322067e-01
    1.971624046564102e-01
    1.446695923805237e-01
    3.705464005470276e-01
    1.481885761022568e-01
    1.514869779348373e-01
    2.057952433824539e-01
    1.303782016038895e-01
    1.429657638072968e-01
    3.419888913631439e-01
    3.705464005470276e-01
    2.262313067913055e-01
    2.916114926338196e-01
    1.994545012712479e-01
    1.854398250579834e-01
    1.590858697891235e-01
    3.705464005470276e-01
    3.705464005470276e-01
    2.922669053077698e-01
    3.705464005470276e-01
    3.705464005470276e-01
    1.775306612253189e-01
    2.346532344818115e-01
    1.515515595674515e-01
    2.309577614068985e-01
    1.359798610210419e-01
    1.310145109891891e-01
    1.368413269519806e-01
    1.536185443401337e-01
    3.705464005470276e-01
    3.212724924087524e-01
    1.320389211177826e-01
    1.265631318092346e-01
    2.202889323234558e-01
    1.285731792449951e-01
    1.282008737325668e-01
    1.751184165477753e-01
    2.772291898727417e-01
    2.718179523944855e-01
    1.788447201251984e-01
    3.121476769447327e-01
    3.547350764274597e-01
    1.711573302745819e-01
    1.387271732091904e-01
    3.705464005470276e-01
    1.577746570110321e-01
    3.705464005470276e-01
    1.860871315002441e-01
    1.933334618806839e-01
    1.563429981470108e-01
    1.769071519374847e-01
    2.192041128873825e-01
    2.435303032398224e-01
    2.299863547086716e-01
    1.751937419176102e-01
    1.422000676393509e-01
    2.391427606344223e-01
    3.202148973941803e-01
    3.705464005470276e-01
    2.305316478013992e-01
    1.265362948179245e-01
    1.638753414154053e-01
    3.705464005470276e-01
    1.732808202505112e-01
    3.058938086032867e-01
    2.047812640666962e-01
    1.237203180789948e-01
    1.249091848731041e-01
    2.387991994619370e-01
    3.705464005470276e-01
    1.959423571825027e-01
    1.722808480262756e-01
    1.441311091184616e-01
    3.705464005470276e-01
    3.705464005470276e-01
    1.757809668779373e-01
    3.234288096427917e-01
    1.862931698560715e-01
    3.617164492607117e-01
    1.246685609221458e-01
    1.700929403305054e-01
    1.244746744632721e-01
    1.691245883703232e-01
    1.312896609306335e-01
    3.705464005470276e-01
    1.366841197013855e-01
    1.424840837717056e-01
    1.240754574537277e-01
    1.720620244741440e-01
    1.302338540554047e-01
    3.705464005470276e-01
    1.682599186897278e-01
    2.153692096471786e-01
    1.350226849317551e-01
    1.436824649572372e-01
    1.527289152145386e-01
    1.553088277578354e-01
    1.256362795829773e-01
    1.654621809720993e-01
    1.453740745782852e-01
    1.563683003187180e-01
    3.705464005470276e-01
    3.262457847595215e-01
    1.577791720628738e-01
    3.705464005470276e-01
    3.705464005470276e-01
    1.974081099033356e-01
    3.220534324645996e-01
    1.299877315759659e-01
    1.510062366724014e-01
    3.705464005470276e-01
    2.743828594684601e-01
    1.714757531881332e-01
    3.705464005470276e-01
    1.559505313634872e-01
    3.705464005470276e-01
    3.705464005470276e-01
    3.306458592414856e-01
    3.705464005470276e-01
    1.829639375209808e-01
    1.967994123697281e-01
    1.795627623796463e-01
    1.794468313455582e-01
    2.453755140304565e-01
    3.024104535579681e-01
    3.315970003604889e-01
    1.465951502323151e-01
    2.511952817440033e-01
    1.618369072675705e-01
    3.705464005470276e-01
    1.944537013769150e-01
    3.705464005470276e-01
    1.867039948701859e-01
    2.201744616031647e-01
    2.052118182182312e-01
    1.346102058887482e-01
    1.647859066724777e-01
    2.759208679199219e-01
    3.705464005470276e-01
    1.378002613782883e-01
    1.930905580520630e-01
    3.416704237461090e-01
    2.159830480813980e-01
    1.654937714338303e-01
    1.469979137182236e-01
    1.947688609361649e-01
    2.200508564710617e-01
    3.705464005470276e-01
    3.172349631786346e-01
    1.530828326940536e-01
    2.536916434764862e-01
    1.531029641628265e-01
    2.887322902679443e-01
    1.254568248987198e-01
    2.626874744892120e-01
    1.601303964853287e-01
    1.871695965528488e-01
    1.553357094526291e-01
    3.705464005470276e-01
    1.325557678937912e-01
    3.705464005470276e-01
    3.705464005470276e-01
    1.702033132314682e-01
    1.372207552194595e-01
    1.293549388647079e-01
    1.898227035999298e-01
    3.705464005470276e-01
    3.705464005470276e-01
    2.165897935628891e-01
    1.822630167007446e-01
    1.735103279352188e-01
    3.202299177646637e-01
    1.558404713869095e-01
    1.428145021200180e-01
    1.398897767066956e-01
    1.631226092576981e-01
    2.798534333705902e-01
    1.518233269453049e-01
    2.413413077592850e-01
    3.705464005470276e-01
    1.573935300111771e-01
    2.291628718376160e-01
    3.380586206912994e-01
    3.705464005470276e-01
    2.227786481380463e-01
    3.345772922039032e-01
    2.606539428234100e-01
    3.705464005470276e-01
    1.291270852088928e-01
    2.247835546731949e-01
    1.300487220287323e-01
    3.705464005470276e-01
    1.301097869873047e-01
    1.435885727405548e-01
    1.829642653465271e-01
    1.373890489339828e-01
    3.705464005470276e-01
    3.705464005470276e-01
    2.110040783882141e-01
    1.710841506719589e-01
    2.687569260597229e-01
    1.246079429984093e-01
    2.991423308849335e-01
    3.505307435989380e-01
    1.810868978500366e-01
    3.705464005470276e-01
    3.705464005470276e-01
    3.705464005470276e-01
    1.287385225296021e-01
    1.867409944534302e-01
    1.298849284648895e-01
    3.705464005470276e-01
    1.343892067670822e-01
    3.157244622707367e-01
    1.255656033754349e-01
    1.258046030998230e-01
    3.600296378135681e-01
    3.705464005470276e-01
    2.723453044891357e-01
    2.983466684818268e-01
    1.526259034872055e-01
    1.680608689785004e-01
    1.320982873439789e-01
    1.587274819612503e-01
    3.705464005470276e-01
    1.256879121065140e-01
    1.905850172042847e-01
    1.271959692239761e-01
    3.705464005470276e-01
    1.607022136449814e-01
    2.079780846834183e-01
    1.857015043497086e-01
    3.705464005470276e-01
    1.952022910118103e-01
    2.083741277456284e-01
    1.283496022224426e-01
    3.513801991939545e-01
    2.829809784889221e-01
    3.705464005470276e-01
    2.018295824527740e-01
    3.705464005470276e-01
    3.081027567386627e-01
    1.319431066513062e-01
    1.418492347002029e-01
    1.803673803806305e-01
    3.701492249965668e-01
    1.632804274559021e-01
    1.514776647090912e-01
    1.332676410675049e-01
    3.705464005470276e-01
    2.519375681877136e-01
    1.260516792535782e-01
    3.705464005470276e-01
    1.953413933515549e-01
    2.725161015987396e-01
    1.579152643680573e-01
    2.422349750995636e-01
    1.454573571681976e-01
    1.264701932668686e-01
    3.705464005470276e-01
    1.253179162740707e-01
    2.378254681825638e-01
    1.961663067340851e-01
    1.290991008281708e-01
    2.423629164695740e-01
    1.519128084182739e-01
    3.701145946979523e-01
    3.705464005470276e-01
    1.785221993923187e-01
    1.418989300727844e-01
    1.512693017721176e-01
    2.706297636032104e-01
    1.327946186065674e-01
    1.861873269081116e-01
    1.615236550569534e-01
    1.843012720346451e-01
    1.711732745170593e-01
    2.537090480327606e-01
    1.459409296512604e-01
    1.430576890707016e-01
    1.259133964776993e-01
    1.703951358795166e-01
    1.863854676485062e-01
    1.373172998428345e-01
    1.845705211162567e-01
    2.875223755836487e-01
    2.466378211975098e-01
    1.894884407520294e-01
    1.295916885137558e-01
    1.273057609796524e-01
    2.983915507793427e-01
    2.835924327373505e-01
    3.705464005470276e-01
    1.302171647548676e-01
    1.465690135955811e-01
    2.365032732486725e-01
    3.705464005470276e-01
    2.824208438396454e-01
    1.343330293893814e-01
    3.705464005470276e-01
    1.275407224893570e-01
    1.998379081487656e-01
    2.188647687435150e-01
    1.679392158985138e-01
    1.640616804361343e-01
    1.660422086715698e-01
    3.124221265316010e-01
    2.926525175571442e-01
    3.705464005470276e-01
    2.856652140617371e-01
    1.409571617841721e-01
    1.593524515628815e-01
    1.784583479166031e-01
    3.460466563701630e-01
    1.297407448291779e-01
    2.350146323442459e-01
    1.344915628433228e-01
    1.361156105995178e-01
    1.260777264833450e-01
    2.185636013746262e-01
    1.677557229995728e-01
    1.577230840921402e-01
    3.705464005470276e-01
    3.705464005470276e-01
    3.055267333984375e-01
    1.757941097021103e-01
    2.469887286424637e-01
    2.017318159341812e-01
    2.605802714824677e-01
    2.514586746692657e-01
    1.292690038681030e-01
    1.702259778976440e-01
    1.352926343679428e-01
    3.465137481689453e-01
    1.929619014263153e-01
    1.510623544454575e-01
    1.589800864458084e-01
    2.167914509773254e-01
    1.505783498287201e-01
    1.587005704641342e-01
    2.489516288042068e-01
    3.705464005470276e-01
    1.589816957712173e-01
    2.272367477416992e-01
    1.678317189216614e-01
    2.466286867856979e-01
    3.327200114727020e-01
    1.755401641130447e-01
    1.612474024295807e-01
    1.750459969043732e-01
    3.705464005470276e-01
    1.459892839193344e-01
    2.863052487373352e-01
    3.240168988704681e-01
    2.308191657066345e-01
    1.699366569519043e-01
    2.363371849060059e-01
    2.837636470794678e-01
    1.937690675258636e-01
    3.705464005470276e-01
    2.243752628564835e-01
    2.146876007318497e-01
    3.031351268291473e-01
    1.261172890663147e-01
    2.744180560112000e-01
    3.705464005470276e-01
    1.750578880310059e-01
    2.030448168516159e-01
    1.694481521844864e-01
    2.451830208301544e-01
    2.560233175754547e-01
    1.280492842197418e-01
    3.705464005470276e-01
    1.720620244741440e-01
    1.243214532732964e-01
    2.530303597450256e-01
    3.705464005470276e-01
    3.705464005470276e-01
    3.705464005470276e-01
    3.331282436847687e-01
    2.870859205722809e-01
    3.325068056583405e-01
    1.417297273874283e-01
    2.467840611934662e-01
    1.727836132049561e-01
    3.705464005470276e-01
    1.363401561975479e-01
    1.963445544242859e-01
    1.775838732719421e-01
    1.797132492065430e-01
    3.705464005470276e-01
    3.167870938777924e-01
    1.971537172794342e-01
    3.697493076324463e-01
    3.681187331676483e-01
    2.742138504981995e-01
    2.036276608705521e-01
    1.707817316055298e-01
    3.705464005470276e-01
    1.372123360633850e-01
    3.371355533599854e-01
    2.279121726751328e-01
    3.705464005470276e-01
    1.427050977945328e-01
    1.420003473758698e-01
    1.645907759666443e-01
    2.814430892467499e-01
    1.679691970348358e-01
    1.850147098302841e-01
    1.322066187858582e-01
    3.705464005470276e-01
    3.705464005470276e-01
    1.481733322143555e-01
    3.210531473159790e-01
    1.605939269065857e-01
    2.062309682369232e-01
    3.705464005470276e-01
    1.316681355237961e-01
    1.340276002883911e-01
    1.680514067411423e-01
    1.252297461032867e-01
    3.705464005470276e-01
    3.705464005470276e-01
    3.705464005470276e-01
    3.705464005470276e-01
    3.528455793857574e-01
    3.705464005470276e-01
    1.382908672094345e-01
    2.712740302085876e-01
    2.376620471477509e-01
    2.023994326591492e-01
    1.476288884878159e-01
    1.556323915719986e-01
    1.884268820285797e-01
    1.261817216873169e-01
    3.705464005470276e-01
    1.800893098115921e-01
    1.695449650287628e-01
    1.742327958345413e-01
    2.848457098007202e-01
    2.656576931476593e-01
    2.371506839990616e-01
    3.705464005470276e-01
    1.250605881214142e-01
    3.705464005470276e-01
    1.242559924721718e-01
    1.297558099031448e-01
    1.600282341241837e-01
    2.127084583044052e-01
    1.514310091733932e-01
    2.144844830036163e-01
    1.511041522026062e-01
    3.705464005470276e-01
    1.238793656229973e-01
    3.257611393928528e-01
    1.619153320789337e-01
    3.705464005470276e-01
    3.705464005470276e-01
    3.118847608566284e-01
    1.374934911727905e-01
    1.948233991861343e-01
    1.315479278564453e-01
    3.261314034461975e-01
    3.446857333183289e-01
    2.210787832736969e-01
    3.050815761089325e-01
    1.649786680936813e-01
    3.705464005470276e-01
    1.765618473291397e-01
    1.471441984176636e-01
    1.740185618400574e-01
    2.741586267948151e-01
    3.705464005470276e-01
    3.705464005470276e-01
    2.983706891536713e-01
    3.705464005470276e-01
    1.236821860074997e-01
    1.748870462179184e-01
    1.838513463735580e-01
    3.705464005470276e-01
    3.034740686416626e-01
    1.376417279243469e-01
    2.001669257879257e-01
    1.280811876058578e-01
    1.924016326665878e-01
    2.377582192420959e-01
    3.705464005470276e-01
    1.554098874330521e-01
    1.466833502054214e-01
    3.526834547519684e-01
    3.705464005470276e-01
    3.705464005470276e-01
    1.252807378768921e-01
    2.052042335271835e-01
    2.732106447219849e-01
    1.887484788894653e-01
    3.705464005470276e-01
    1.893225163221359e-01
    2.286053001880646e-01
    3.705464005470276e-01
    3.121885359287262e-01
    1.500092744827271e-01
    1.305885165929794e-01
    3.404678404331207e-01
    3.705464005470276e-01
    2.215302735567093e-01
    1.319267749786377e-01
    2.347571104764938e-01
    1.793251484632492e-01
    2.889835238456726e-01
    2.044340968132019e-01
    2.589094340801239e-01
    2.237173020839691e-01
    3.160334825515747e-01
    1.272006630897522e-01
    2.615879178047180e-01
    1.494686752557755e-01
    1.700212359428406e-01
    1.514389067888260e-01
    2.675137817859650e-01
    1.637042313814163e-01
    2.193004786968231e-01
    1.407588571310043e-01
    1.308926343917847e-01
    1.380243897438049e-01
    2.733337879180908e-01
    2.081159204244614e-01
    3.061259090900421e-01
    1.599577814340591e-01
    3.705464005470276e-01
    2.128403931856155e-01
    2.787429690361023e-01
    2.801048755645752e-01
    1.533228158950806e-01
    1.318889558315277e-01
    2.140443921089172e-01
    3.705464005470276e-01
    3.058631122112274e-01
    1.320608705282211e-01
    1.747639924287796e-01
    2.613059580326080e-01
    1.441545337438583e-01
    1.929129511117935e-01
    2.366331368684769e-01
    2.365231961011887e-01
    2.040027976036072e-01
    1.269427835941315e-01
    2.820044755935669e-01
    2.737655043601990e-01
    2.780130803585052e-01
    2.437741011381149e-01
    2.807974815368652e-01
    1.846183836460114e-01
    2.729540467262268e-01
    3.705464005470276e-01
    3.705464005470276e-01
    1.766500324010849e-01
    3.203576505184174e-01
    1.634780615568161e-01
    1.342056691646576e-01
    1.678333878517151e-01
    3.705464005470276e-01
    2.109843343496323e-01
    2.099474966526031e-01
    1.475186347961426e-01
    1.991902738809586e-01
    1.422992497682571e-01
    1.278109699487686e-01
    3.124425411224365e-01
    1.962921619415283e-01
    3.705464005470276e-01
    3.705464005470276e-01
    3.705464005470276e-01
    3.705464005470276e-01
    3.705464005470276e-01
    2.333365231752396e-01
    1.258489638566971e-01
    1.281748712062836e-01
    2.604844570159912e-01
    1.535983681678772e-01
    1.828883886337280e-01
    1.480221599340439e-01
    2.073658108711243e-01
    3.705464005470276e-01
    1.851022988557816e-01
    3.705464005470276e-01
    3.602263331413269e-01
    1.339475810527802e-01
    2.351445257663727e-01
    1.775292307138443e-01
    1.377004235982895e-01
    2.813605964183807e-01
    3.705464005470276e-01
    2.239896059036255e-01
    3.275108337402344e-01
    2.346637248992920e-01
    1.917268633842468e-01
    1.934813410043716e-01
    3.705464005470276e-01
    1.621376425027847e-01
    3.014143407344818e-01
    2.353798449039459e-01
    3.705464005470276e-01
    3.705464005470276e-01
    1.403540372848511e-01
    3.295867443084717e-01
    1.932461112737656e-01
    2.426009327173233e-01
    1.824245601892471e-01
    1.327161490917206e-01
    1.602887511253357e-01
    2.162534594535828e-01
    2.497720271348953e-01
    3.705464005470276e-01
    1.738808006048203e-01
    2.321223467588425e-01
    1.426441371440887e-01
    3.694023191928864e-01
    1.669752001762390e-01
    3.534212410449982e-01
    3.498458862304688e-01
    3.705464005470276e-01
    2.427955269813538e-01
    1.882337778806686e-01
    3.705464005470276e-01
    1.536809355020523e-01
    1.555929929018021e-01
    1.338341236114502e-01
    3.705464005470276e-01
    1.849806457757950e-01
    1.926364600658417e-01
    1.757896691560745e-01
    1.373105049133301e-01
    3.705464005470276e-01
    2.701889574527740e-01
    1.583184301853180e-01
    2.521984577178955e-01
    2.890607118606567e-01
    1.534612327814102e-01
    3.705464005470276e-01
    2.299582213163376e-01
    3.705464005470276e-01
    1.697313487529755e-01
    2.313231676816940e-01
    1.285058706998825e-01
    2.457570433616638e-01
    1.661119461059570e-01
    1.749768704175949e-01
    1.714971065521240e-01
    1.492308378219604e-01
    2.237556576728821e-01
    1.273459345102310e-01
    3.705464005470276e-01
    2.478327155113220e-01
    1.246735751628876e-01
    1.910190433263779e-01
    2.049564570188522e-01
    3.705464005470276e-01
    1.656401455402374e-01
    3.705464005470276e-01
    1.863758116960526e-01
    1.652513444423676e-01
    2.773915827274323e-01
    3.705464005470276e-01
    3.299404680728912e-01
    1.372164636850357e-01
    1.636371463537216e-01
    1.860154718160629e-01
    1.361331343650818e-01
    2.050786167383194e-01
    1.722555458545685e-01
    1.334502547979355e-01
    2.478965967893600e-01
    1.273278743028641e-01
    1.855875551700592e-01
    3.705464005470276e-01
    3.540663123130798e-01
    1.277390867471695e-01
    1.641999632120132e-01
    3.705464005470276e-01
    1.456519812345505e-01
    3.705464005470276e-01
    2.985357344150543e-01
    1.379067897796631e-01
    3.421749770641327e-01
    2.136605232954025e-01
    1.290526539087296e-01
    3.210960030555725e-01
    1.242691874504089e-01
    3.705464005470276e-01
    2.494579404592514e-01
    1.495557576417923e-01
    1.540733426809311e-01
    3.705464005470276e-01
    1.793709099292755e-01
    3.705464005470276e-01
    3.705464005470276e-01
    3.705464005470276e-01
    1.742481440305710e-01
    3.705464005470276e-01
    3.705464005470276e-01
    1.652536243200302e-01
    2.355482578277588e-01
    2.330857068300247e-01
    2.361228615045547e-01
    3.705464005470276e-01
    3.705464005470276e-01
    1.267407238483429e-01
    3.705464005470276e-01
    3.705464005470276e-01
    1.702997535467148e-01
    2.813032269477844e-01
    3.705464005470276e-01
    3.094157278537750e-01
    1.235159263014793e-01
    3.614863157272339e-01
    2.845846414566040e-01
    2.409068495035172e-01
    1.330345273017883e-01
    2.908460497856140e-01
    2.194363325834274e-01
    1.285699903964996e-01
    3.705464005470276e-01
    1.567253619432449e-01
    2.807433903217316e-01
    3.705464005470276e-01
    3.705464005470276e-01
    2.398880422115326e-01
    1.474010646343231e-01
    1.827778518199921e-01
    1.647873371839523e-01
    1.641563624143600e-01
    1.307687759399414e-01
    1.394803524017334e-01
    1.381477415561676e-01
    3.273041546344757e-01
    1.690113842487335e-01
    3.705464005470276e-01
    2.959280610084534e-01
    1.844554543495178e-01
    3.406718671321869e-01
    3.646144866943359e-01
    3.705464005470276e-01
    1.258753091096878e-01
    2.714523971080780e-01
    3.705464005470276e-01
    3.705464005470276e-01
    3.008276224136353e-01
    1.428967416286469e-01
    2.522836923599243e-01
    3.705464005470276e-01
    3.705464005470276e-01
    1.457617878913879e-01
    3.413113057613373e-01
    1.672384738922119e-01
    1.278684139251709e-01
    3.282347023487091e-01
    2.294954508543015e-01
    1.969673782587051e-01
    3.705464005470276e-01
    2.832788527011871e-01
    3.164796233177185e-01
    1.309089511632919e-01
    3.705464005470276e-01
    3.204186558723450e-01
    1.744908839464188e-01
    2.243656218051910e-01
    3.705464005470276e-01
    2.158990651369095e-01
    2.329165935516357e-01
    3.705464005470276e-01
    1.425565183162689e-01
    2.263222485780716e-01
    1.363805383443832e-01
    3.705464005470276e-01
    1.367293000221252e-01
    1.485474407672882e-01
    2.120458930730820e-01
    1.906809210777283e-01
    1.333373934030533e-01
    1.777268350124359e-01
    1.449957787990570e-01
    1.872740685939789e-01
    3.705464005470276e-01
    3.705464005470276e-01
    1.587938368320465e-01
    3.705464005470276e-01
    3.705464005470276e-01
    2.719713151454926e-01
    1.295629441738129e-01
    3.074750900268555e-01
    3.705464005470276e-01
    1.584295183420181e-01
    3.705464005470276e-01
    2.061053812503815e-01
    1.408638507127762e-01
    1.620149612426758e-01
    2.087531387805939e-01
    3.705464005470276e-01
    1.605571210384369e-01
    3.705464005470276e-01
    3.468233942985535e-01
    1.532241255044937e-01
    1.739852130413055e-01
    1.648136526346207e-01
    1.294953674077988e-01
    3.705464005470276e-01
    3.705464005470276e-01
    1.241561174392700e-01
    3.705464005470276e-01
    2.054493129253387e-01
    1.261829435825348e-01
    1.501742750406265e-01
    3.600491285324097e-01
    3.705464005470276e-01
    2.063420563936234e-01
    2.889671325683594e-01
    1.554608047008514e-01
    3.705464005470276e-01
    2.300192862749100e-01
    1.276820152997971e-01
    2.305944114923477e-01
    1.414794474840164e-01
    1.270809322595596e-01
    1.613329946994781e-01
    2.082420140504837e-01
    1.712167263031006e-01
    1.583062708377838e-01
    3.321301043033600e-01
    3.364909589290619e-01
    2.007749676704407e-01
    2.540262341499329e-01
    1.573479622602463e-01
    1.759612858295441e-01
    3.130855262279510e-01
    1.349987685680389e-01
    1.823876649141312e-01
    1.985535025596619e-01
    3.029662966728210e-01
    2.126785963773727e-01
    1.242924630641937e-01
    1.297269165515900e-01
    2.854625284671783e-01
    2.525252699851990e-01
    2.623382806777954e-01
    1.415782421827316e-01
    1.411259472370148e-01
    1.644416302442551e-01
    2.100429087877274e-01
    2.308199405670166e-01
    3.217085301876068e-01
    1.936429291963577e-01
    1.727862507104874e-01
    3.624139428138733e-01
    3.705464005470276e-01
    2.299273014068604e-01
    1.644780188798904e-01
    3.705464005470276e-01
    1.292878240346909e-01
    2.750190198421478e-01
    2.740180492401123e-01
    1.816026568412781e-01
    3.705464005470276e-01
    1.408492028713226e-01
    3.705464005470276e-01
    3.382077217102051e-01
    2.629840075969696e-01
    2.527025043964386e-01
    2.373551875352859e-01
    1.432835310697556e-01
    1.313094049692154e-01
    1.269452124834061e-01
    1.339647173881531e-01
    3.705464005470276e-01
    1.238027587532997e-01
    1.543939411640167e-01
    1.517008394002914e-01
    1.315957754850388e-01
    3.077370524406433e-01
    3.705464005470276e-01
    1.312728971242905e-01
    2.269910126924515e-01
    2.606424689292908e-01
    1.548450291156769e-01
    2.699170708656311e-01
    1.493002772331238e-01
    3.705464005470276e-01
    2.339166402816772e-01
    2.066176980733871e-01
    2.357510775327682e-01
    3.705464005470276e-01
    1.434987932443619e-01
    1.435515582561493e-01
    1.601298600435257e-01
    2.502753734588623e-01
    1.578810662031174e-01
    3.705464005470276e-01
    1.372717916965485e-01
    1.453777402639389e-01
    1.389735788106918e-01
    3.605111539363861e-01
    2.507904171943665e-01
    3.037448525428772e-01
    3.705464005470276e-01
    2.756346166133881e-01
    1.761613190174103e-01
    1.700655966997147e-01
    1.886753886938095e-01
    1.369245350360870e-01
    2.699579298496246e-01
    3.705464005470276e-01
    1.388026028871536e-01
    3.705464005470276e-01
    2.618802487850189e-01
    1.353870928287506e-01
    3.705464005470276e-01
    2.640970051288605e-01
    2.917672693729401e-01
    1.353715807199478e-01
    3.705464005470276e-01
    1.643465161323547e-01
    3.705464005470276e-01
    3.705464005470276e-01
    1.671053469181061e-01
    1.508126109838486e-01
    2.535840272903442e-01
    3.679713904857635e-01
    1.365674585103989e-01
    3.539100885391235e-01
    3.705464005470276e-01
    2.074241489171982e-01
    2.305856645107269e-01
    3.282440602779388e-01
    1.310557574033737e-01
    2.229537069797516e-01
    3.705464005470276e-01
    3.705464005470276e-01
    1.543221920728683e-01
    1.713285297155380e-01
    3.705464005470276e-01
    1.622626185417175e-01
    1.820370256900787e-01
    3.705464005470276e-01
    1.271958649158478e-01
    2.424563020467758e-01
    3.206620812416077e-01
    3.705464005470276e-01
    1.787351816892624e-01
    1.556426882743835e-01
    1.666037440299988e-01
    2.906908988952637e-01
    2.511950433254242e-01
    1.256575137376785e-01
    3.705464005470276e-01
    2.230467796325684e-01
    1.804115772247314e-01
    1.974390596151352e-01
    3.705464005470276e-01
    1.434071809053421e-01
    2.440935820341110e-01
    1.651548445224762e-01
    3.620299994945526e-01
    1.898529231548309e-01
    1.667571812868118e-01
    2.532315254211426e-01
    1.746413856744766e-01
    2.102262228727341e-01
    1.250409185886383e-01
    1.964330524206161e-01
    1.988109201192856e-01
    1.802662014961243e-01
    3.705464005470276e-01
    3.705464005470276e-01
    1.898608803749084e-01
    1.733223050832748e-01
    3.705464005470276e-01
    2.369496971368790e-01
    3.705464005470276e-01
    1.237614229321480e-01
    3.299218714237213e-01
    1.470027416944504e-01
    1.252324879169464e-01
    1.844703257083893e-01
    3.705464005470276e-01
    1.576036065816879e-01
    3.326552808284760e-01
    3.093327879905701e-01
    3.705464005470276e-01
    1.405718624591827e-01
    2.524667382240295e-01
    1.300151497125626e-01
    2.281567454338074e-01
    3.672057688236237e-01
    3.104981780052185e-01
    1.757582575082779e-01
    1.311675012111664e-01
    1.691052466630936e-01
    1.263516843318939e-01
    3.705464005470276e-01
    1.791876107454300e-01
    1.435481458902359e-01
    1.845619827508926e-01
    3.705464005470276e-01
    1.243557184934616e-01
    3.257883489131927e-01
    1.596195846796036e-01
    2.215000838041306e-01
    1.355233937501907e-01
    2.108363956212997e-01
    1.803784668445587e-01
    1.811091899871826e-01
    2.395942062139511e-01
    1.691331118345261e-01
    1.435837596654892e-01
    1.441261321306229e-01
    3.705464005470276e-01
    2.422755211591721e-01
    1.277845352888107e-01
    1.783694326877594e-01
    2.335108369588852e-01
    1.495066285133362e-01
    3.705464005470276e-01
    2.919440567493439e-01
    3.705464005470276e-01
    1.472535729408264e-01
    2.088177055120468e-01
    2.275599390268326e-01
    2.375041544437408e-01
    1.384411156177521e-01
    1.259945631027222e-01
    1.333693712949753e-01
    1.382429301738739e-01
    3.705464005470276e-01
    3.001860678195953e-01
    2.035927623510361e-01
    2.075452953577042e-01
    3.705464005470276e-01
    2.399152070283890e-01
    2.929034829139709e-01
    3.705464005470276e-01
    2.200813591480255e-01
    3.171325623989105e-01
    1.619717478752136e-01
    2.412382364273071e-01
    2.512975335121155e-01
    3.059766888618469e-01
    3.705464005470276e-01
    1.339979022741318e-01
    1.613549739122391e-01
    1.357959210872650e-01
    1.545986682176590e-01
    1.564554572105408e-01
    2.989150881767273e-01
    1.458923071622849e-01
    1.573301702737808e-01
    1.579235494136810e-01
    1.932968199253082e-01
    1.764697879552841e-01
    2.141106873750687e-01
    3.705464005470276e-01
    1.238684952259064e-01
    3.705464005470276e-01
    1.533006429672241e-01
    1.737345904111862e-01
    3.689712584018707e-01
    3.435310721397400e-01
    1.726744174957275e-01
    1.317363232374191e-01
    1.471332460641861e-01
    2.467480599880219e-01
    1.300181299448013e-01
    3.565276265144348e-01
    1.539802402257919e-01
    1.776930838823318e-01
    3.699204623699188e-01
    1.940430700778961e-01
    3.705464005470276e-01
    1.291408091783524e-01
    2.047516256570816e-01
    1.897428631782532e-01
    3.705464005470276e-01
    1.351115703582764e-01
    3.705464005470276e-01
    3.225679993629456e-01
    1.274613738059998e-01
    1.540458202362061e-01
    3.705464005470276e-01
    3.705464005470276e-01
    2.280006259679794e-01
    1.438340097665787e-01
    1.609402149915695e-01
    1.591745316982269e-01
    1.573833227157593e-01
    3.556576371192932e-01
    3.705464005470276e-01
    1.516690254211426e-01
    1.545120328664780e-01
    1.362615525722504e-01
    3.705464005470276e-01
    2.071821093559265e-01
    1.555783748626709e-01
    3.705464005470276e-01
    1.447080522775650e-01
    3.705464005470276e-01
    2.200016379356384e-01
    3.392720818519592e-01
    3.376548886299133e-01
    3.705464005470276e-01
    2.705158293247223e-01
    3.705464005470276e-01
    2.025406509637833e-01
    3.705464005470276e-01
    3.705464005470276e-01
    1.722077429294586e-01
    1.620139032602310e-01
    3.705464005470276e-01
    3.572707176208496e-01
    2.931332290172577e-01
    2.627429962158203e-01
    2.247760444879532e-01
    3.705464005470276e-01
    1.541110128164291e-01
    1.310551464557648e-01
    3.073570728302002e-01
    3.705464005470276e-01
    3.705464005470276e-01
    1.533453166484833e-01
    3.013263046741486e-01
    2.276980131864548e-01
    2.008285075426102e-01
    3.366215229034424e-01
    1.786427050828934e-01
    2.075590789318085e-01
    1.610180884599686e-01
    3.705464005470276e-01
    3.250870704650879e-01
    1.804953068494797e-01
    2.588826715946198e-01
    3.705464005470276e-01
    2.596475481987000e-01
    2.299924939870834e-01
    3.705464005470276e-01
    2.139917314052582e-01
    3.705464005470276e-01
    3.705464005470276e-01
    2.069419026374817e-01
    1.628618240356445e-01
    1.720328032970428e-01
    2.134059667587280e-01
    1.257050186395645e-01
    2.404564470052719e-01
    3.705464005470276e-01
    3.486315608024597e-01
    1.687471419572830e-01
    1.914866864681244e-01
    3.632658123970032e-01
    2.626467943191528e-01
    2.589353919029236e-01
    1.340437084436417e-01
    1.720840632915497e-01
    2.431449443101883e-01
    1.917287111282349e-01
    1.605370193719864e-01
    1.864201575517654e-01
    1.388948857784271e-01
    3.528166413307190e-01
    1.950639635324478e-01
    1.551718711853027e-01
    1.923197358846664e-01
    3.705464005470276e-01
    2.229158729314804e-01
    2.722593545913696e-01
    1.271303445100784e-01
    1.850721538066864e-01
    2.737262248992920e-01
    2.449721246957779e-01
    1.260676532983780e-01
    2.869777083396912e-01
    2.911705970764160e-01
    1.913531720638275e-01
    3.705464005470276e-01
    1.274235993623734e-01
    2.994898557662964e-01
    2.348419129848480e-01
    3.003976941108704e-01
    2.623584270477295e-01
    1.384360045194626e-01
    1.755149662494659e-01
    3.705464005470276e-01
    3.705464005470276e-01
    1.439717262983322e-01
    3.705464005470276e-01
    2.770120501518250e-01
    1.433985084295273e-01
    1.362395733594894e-01
    2.700738012790680e-01
    1.454617232084274e-01
    1.271821707487106e-01
    3.072283565998077e-01
    3.186981678009033e-01
    3.109090030193329e-01
    3.597812056541443e-01
    1.260907799005508e-01
    1.366627663373947e-01
    3.705464005470276e-01
    1.267393529415131e-01
    1.874117702245712e-01
    1.649125963449478e-01
    3.605315089225769e-01
    2.416040301322937e-01
    1.292935311794281e-01
    3.705464005470276e-01
    1.267416477203369e-01
    1.737748086452484e-01
    1.351896971464157e-01
    1.608623266220093e-01
    1.403205692768097e-01
    3.705464005470276e-01
    1.858692020177841e-01
    1.771607398986816e-01
    1.797900050878525e-01
    2.025236040353775e-01
    1.512338519096375e-01
    2.004902809858322e-01
    2.975570261478424e-01
    2.041670233011246e-01
    1.866836100816727e-01
    1.294393837451935e-01
    2.466582506895065e-01
    1.924893409013748e-01
    3.184269666671753e-01
    2.284175008535385e-01
    2.258316129446030e-01
    1.396255791187286e-01
    1.686563044786453e-01
    1.360914856195450e-01
    2.808156609535217e-01
    2.216704487800598e-01
    1.439027041196823e-01
    3.345734179019928e-01
    3.705464005470276e-01
    1.314980536699295e-01
    1.816240251064301e-01
    3.201007544994354e-01
    1.251442730426788e-01
    3.705464005470276e-01
    2.329707741737366e-01
    2.748351693153381e-01
    3.705464005470276e-01
    2.061702013015747e-01
    3.244765698909760e-01
    1.486360728740692e-01
    1.240704655647278e-01
    1.717199683189392e-01
    2.062102258205414e-01
    1.799665242433548e-01
    1.265156120061874e-01
    2.259484082460403e-01
    3.705464005470276e-01
    2.187865525484085e-01
    3.555282056331635e-01
    3.705464005470276e-01
    1.778538823127747e-01
    3.705464005470276e-01
    3.705464005470276e-01
    2.144857794046402e-01
    1.472958922386169e-01
    1.741581261157990e-01
    2.489855140447617e-01
    3.705464005470276e-01
    1.292235851287842e-01
    3.705464005470276e-01
    1.979154944419861e-01
    2.857109308242798e-01
    3.705464005470276e-01
    3.705464005470276e-01
    1.992588341236115e-01
    3.705464005470276e-01
    1.649658083915710e-01
    1.479555964469910e-01
    3.705464005470276e-01
    3.705464005470276e-01
    1.375649720430374e-01
    3.033761382102966e-01
    3.705464005470276e-01
    1.624455600976944e-01
    3.705464005470276e-01
    3.705464005470276e-01
    3.705464005470276e-01
    3.165897428989410e-01
    3.103922009468079e-01
    1.792309433221817e-01
    2.515303492546082e-01
    2.202662229537964e-01
    2.722755372524261e-01
    2.599270045757294e-01
    1.729639917612076e-01
    1.250738352537155e-01
    1.900346279144287e-01
    3.331949412822723e-01
    1.677437722682953e-01
    3.217293322086334e-01
    1.403010189533234e-01
    1.444169431924820e-01
    2.222020030021667e-01
    2.153192311525345e-01
    2.208881527185440e-01
    1.871762424707413e-01
    1.419540792703629e-01
    1.368547230958939e-01
    2.212604880332947e-01
    1.256953328847885e-01
    1.772351115942001e-01
    1.826418936252594e-01
    1.550039499998093e-01
    3.705464005470276e-01
    3.315696716308594e-01
    1.538989692926407e-01
    1.942574530839920e-01
    1.346859037876129e-01
    2.525305449962616e-01
    1.450365483760834e-01
    1.502363234758377e-01
    1.739376336336136e-01
    3.015655279159546e-01
    1.756995618343353e-01
    1.862758696079254e-01
    1.682686507701874e-01
    1.436469256877899e-01
    2.364975214004517e-01
    3.705464005470276e-01
    1.255774646997452e-01
    1.930490136146545e-01
    2.222586572170258e-01
    3.705464005470276e-01
    3.705464005470276e-01
    2.008910775184631e-01
    1.304450482130051e-01
    2.622458040714264e-01
    1.853814423084259e-01
    1.881867349147797e-01
    1.383627504110336e-01
    1.257327944040298e-01
    1.979490220546722e-01
    1.753251850605011e-01
    2.524102926254272e-01
    1.683190166950226e-01
    1.697567999362946e-01
    1.477667093276978e-01
    2.151186019182205e-01
    3.705464005470276e-01
    1.330914497375488e-01
    3.705464005470276e-01
    1.727813631296158e-01
    3.705464005470276e-01
    1.337180882692337e-01
    3.158766627311707e-01
    3.222587406635284e-01
    1.822859495878220e-01
    1.270145028829575e-01
    1.252119243144989e-01
    1.259918957948685e-01
    3.705464005470276e-01
    3.705464005470276e-01
    2.680815160274506e-01
    1.412928700447083e-01
    1.278793513774872e-01
    2.422608137130737e-01
    1.331869512796402e-01
    1.251759678125381e-01
    1.528041213750839e-01
    3.705464005470276e-01
    2.177373617887497e-01
    3.705464005470276e-01
    1.880928725004196e-01
    1.412409394979477e-01
    1.640979349613190e-01
    2.726190090179443e-01
    3.705464005470276e-01
    2.114943861961365e-01
    2.621846497058868e-01
    1.688193678855896e-01
    1.678200960159302e-01
    2.223205417394638e-01
    2.505157291889191e-01
    3.019760251045227e-01
    2.659136056900024e-01
    3.705464005470276e-01
    3.705464005470276e-01
    2.521096169948578e-01
    1.359414756298065e-01
    1.770367920398712e-01
    2.601677179336548e-01
    2.873001694679260e-01
    1.976863294839859e-01
    3.705464005470276e-01
    3.705464005470276e-01
    3.013567030429840e-01
    1.997939348220825e-01
    1.696915626525879e-01
    3.216331899166107e-01
    3.127284646034241e-01
    1.390456408262253e-01
    3.233147263526917e-01
    1.496934145689011e-01
    3.705464005470276e-01
    2.515989840030670e-01
    2.599694728851318e-01
    1.811600923538208e-01
    1.677620708942413e-01
    1.905834525823593e-01
    1.787933558225632e-01
    1.402105242013931e-01
    2.458506226539612e-01
    2.720445096492767e-01
    2.142675966024399e-01
    3.465957343578339e-01
    1.710914373397827e-01
    1.934780329465866e-01
    3.705464005470276e-01
    1.979306489229202e-01
    3.026483654975891e-01
    2.357766479253769e-01
    3.705464005470276e-01
    1.696922928094864e-01
    3.453567624092102e-01
    3.705464005470276e-01
    3.705464005470276e-01
    1.971805989742279e-01
    3.705464005470276e-01
    1.752054095268250e-01
    1.688190549612045e-01
    2.253513038158417e-01
    3.705464005470276e-01
    1.993111819028854e-01
    1.724604219198227e-01
    3.705464005470276e-01
    1.443613618612289e-01
    1.302429139614105e-01
    2.042545080184937e-01
    1.354961395263672e-01
    1.670789420604706e-01
    1.328505128622055e-01
    3.705464005470276e-01
    3.705464005470276e-01
    3.571975231170654e-01
    2.333639860153198e-01
    1.311170756816864e-01
    3.563441634178162e-01
    3.705464005470276e-01
    1.290511935949326e-01
    3.705464005470276e-01
    2.095773071050644e-01
    1.373136639595032e-01
    1.365219950675964e-01
    1.588016897439957e-01
    3.705464005470276e-01
    1.441316902637482e-01
    2.227858155965805e-01
    1.284602135419846e-01
    1.828027963638306e-01
    1.560114175081253e-01
    2.563798129558563e-01
    1.995332390069962e-01
    1.663272827863693e-01
    2.734198868274689e-01
    3.355698585510254e-01
    3.043248355388641e-01
    1.282345652580261e-01
    3.705464005470276e-01
    3.372643887996674e-01
    3.589711189270020e-01
    1.581902056932449e-01
    1.782737225294113e-01
    3.705464005470276e-01
    1.693674921989441e-01
    1.240790709853172e-01
    2.759829163551331e-01
    1.356978118419647e-01
    3.328565657138824e-01
    1.722668260335922e-01
    3.705464005470276e-01
    3.705464005470276e-01
    3.705464005470276e-01
    2.370881438255310e-01
    3.325965106487274e-01
    1.425529718399048e-01
    1.944697052240372e-01
    1.735179275274277e-01
    1.869871616363525e-01
    1.380685865879059e-01
    3.705464005470276e-01
    1.490053981542587e-01
    1.966629624366760e-01
    1.818395853042603e-01
    2.826296985149384e-01
    1.849413514137268e-01
    2.072591036558151e-01
    3.128717839717865e-01
    1.290915459394455e-01
    3.705464005470276e-01
    2.934580743312836e-01
    1.715987473726273e-01
    2.249436378479004e-01
    1.689219623804092e-01
    1.758369952440262e-01
    1.629628688097000e-01
    3.464170694351196e-01
    2.141027003526688e-01
    1.529228687286377e-01
    3.147224187850952e-01
    2.159464955329895e-01
    1.241829767823219e-01
    3.705464005470276e-01
    1.338964253664017e-01
    3.705464005470276e-01
    1.340671777725220e-01
    2.158904224634171e-01
    2.390937954187393e-01
    3.705464005470276e-01
    1.453786641359329e-01
    1.610785722732544e-01
    2.169565558433533e-01
    3.569602668285370e-01
    3.705464005470276e-01
    1.702867001295090e-01
    3.626361191272736e-01
    1.901315897703171e-01
    3.705464005470276e-01
    3.705464005470276e-01
    1.293622553348541e-01
    1.953380256891251e-01
    1.529306769371033e-01
    1.248926073312759e-01
    1.489402204751968e-01
    1.341680884361267e-01
    3.122691214084625e-01
    3.609839975833893e-01
    1.504101455211639e-01
    2.130592763423920e-01
    2.500511407852173e-01
    1.462124735116959e-01
    1.377210319042206e-01
    1.793894171714783e-01
    2.381547540426254e-01
    1.278129667043686e-01
    3.546503186225891e-01
    2.515816986560822e-01
    3.705464005470276e-01
    1.878402233123779e-01
    1.798164397478104e-01
    3.705464005470276e-01
    1.912511587142944e-01
    1.335362046957016e-01
    2.390244901180267e-01
    1.830224245786667e-01
    1.358923465013504e-01
    2.422738224267960e-01
    1.819116622209549e-01
    1.800833940505981e-01
    1.639826446771622e-01
    3.417079448699951e-01
    1.698547750711441e-01
    2.647865116596222e-01
    3.705464005470276e-01
    3.003657758235931e-01
    2.968956232070923e-01
    1.476180106401443e-01
    2.486639767885208e-01
    2.155174762010574e-01
    1.451436728239059e-01
    3.091761171817780e-01
    1.285327523946762e-01
    3.705464005470276e-01
    2.063415348529816e-01
    3.634268343448639e-01
    3.705464005470276e-01
    3.705464005470276e-01
    2.220612019300461e-01
    1.477157622575760e-01
    2.452913522720337e-01
    2.306308299303055e-01
    2.703303694725037e-01
    2.742259800434113e-01
    1.396002769470215e-01
    3.705464005470276e-01
    1.400317549705505e-01
    2.561115324497223e-01
    1.780058741569519e-01
    3.585003316402435e-01
    3.705464005470276e-01
    3.705464005470276e-01
    2.865618467330933e-01
    2.088596075773239e-01
    1.671737134456635e-01
    1.780623495578766e-01
    2.695592045783997e-01
    1.905897706747055e-01
    1.249283775687218e-01
    1.613667756319046e-01
    1.308655589818954e-01
    3.705464005470276e-01
    1.524735540151596e-01
    1.333125382661819e-01
    1.862972378730774e-01
    1.435219645500183e-01
    1.766034811735153e-01
    1.667288541793823e-01
    1.697521060705185e-01
    1.269499212503433e-01
    1.873709410429001e-01
    2.064064890146255e-01
    3.705464005470276e-01
    1.924523711204529e-01
    1.627172529697418e-01
    1.946182548999786e-01
    3.705464005470276e-01
    1.562880426645279e-01
    2.211865782737732e-01
    2.652810215950012e-01
    2.242764085531235e-01
    2.229036092758179e-01
    3.705464005470276e-01
    1.408820450305939e-01
    1.648159027099609e-01
    1.311539858579636e-01
    1.574590057134628e-01
    2.536756396293640e-01
    2.584685981273651e-01
    1.382161974906921e-01
    3.705464005470276e-01
    2.094230800867081e-01
    1.886823028326035e-01
    1.908185333013535e-01
    3.570823371410370e-01
    2.299409210681915e-01
    2.152518033981323e-01
    3.705464005470276e-01
    2.603546679019928e-01
    1.648929268121719e-01
    3.572594523429871e-01
    3.380101323127747e-01
    2.409247010946274e-01
    2.200001776218414e-01
    3.210585713386536e-01
    2.203352898359299e-01
    3.705464005470276e-01
    1.664943248033524e-01
    3.705464005470276e-01
    1.905642747879028e-01
    3.705464005470276e-01
    1.490272879600525e-01
    1.310180425643921e-01
    3.112620711326599e-01
    3.705464005470276e-01
    3.705464005470276e-01
    1.468880474567413e-01
    1.609898358583450e-01
    2.638623118400574e-01
    1.922654509544373e-01
    2.221894115209579e-01
    3.705464005470276e-01
    1.730522215366364e-01
    1.373889297246933e-01
    2.625993788242340e-01
    2.208727002143860e-01
    1.731214523315430e-01
    3.705464005470276e-01
    1.589072942733765e-01
    1.517415046691895e-01
    1.952210217714310e-01
    2.177587449550629e-01
    3.705464005470276e-01
    1.662925779819489e-01
    1.367763727903366e-01
    1.565581858158112e-01
    3.705464005470276e-01
    1.640902906656265e-01
    1.858588159084320e-01
    3.705464005470276e-01
    2.280173003673553e-01
    2.008994668722153e-01
    2.239116281270981e-01
    3.127125203609467e-01
    3.705464005470276e-01
    1.904958188533783e-01
    1.489094495773315e-01
    3.652566373348236e-01
    3.410692214965820e-01
    3.705464005470276e-01
    3.705464005470276e-01
    1.646998673677444e-01
    2.647534310817719e-01
    3.705464005470276e-01
    2.704052031040192e-01
    1.776962131261826e-01
    1.309521049261093e-01
    2.449722290039062e-01
    3.705464005470276e-01
    2.099829018115997e-01
    1.757880598306656e-01
    2.757239937782288e-01
    1.344858855009079e-01
    2.258729189634323e-01
    1.472411304712296e-01
    3.057041168212891e-01
    3.670632243156433e-01
    2.586720883846283e-01
    1.637115329504013e-01
    1.331861615180969e-01
    3.482173681259155e-01
    2.443245947360992e-01
    2.107741832733154e-01
    2.247135639190674e-01
    3.293834924697876e-01
    1.605812013149261e-01
    2.774045467376709e-01
    2.514877617359161e-01
    2.021170705556870e-01
    3.705464005470276e-01
    1.546861231327057e-01
    3.705464005470276e-01
    1.900167614221573e-01
    3.705464005470276e-01
    1.923830807209015e-01
    2.975310683250427e-01
    2.089920639991760e-01
    3.705464005470276e-01
    2.579725682735443e-01
    1.427739262580872e-01
    2.355697005987167e-01
    1.568840146064758e-01
    3.705464005470276e-01
    3.667211532592773e-01
    1.549997627735138e-01
    3.705464005470276e-01
    2.413393557071686e-01
    1.814618855714798e-01
    1.712005734443665e-01
    3.705464005470276e-01
    2.442617118358612e-01
    1.991778463125229e-01
    3.705464005470276e-01
    1.839297264814377e-01
    1.375789344310760e-01
    1.280532479286194e-01
    2.452524006366730e-01
    3.705464005470276e-01
    1.398635953664780e-01
    3.705464005470276e-01
    2.868110239505768e-01
    1.473833918571472e-01
    3.038276135921478e-01
    2.137994766235352e-01
    3.705464005470276e-01
    1.351169496774673e-01
    3.705464005470276e-01
    3.705464005470276e-01
    3.062346279621124e-01
    3.705464005470276e-01
    2.344838976860046e-01
    1.418879479169846e-01
    2.298660576343536e-01
    3.705464005470276e-01
    1.419686824083328e-01
    3.705464005470276e-01
    2.649272680282593e-01
    2.366512864828110e-01
    1.641478091478348e-01
    3.705464005470276e-01
    1.395734846591949e-01
    1.673151999711990e-01
    3.705464005470276e-01
    3.429420888423920e-01
    3.705464005470276e-01
    1.970809549093246e-01
    1.473827064037323e-01
    2.006253600120544e-01
    3.143797218799591e-01
    3.705464005470276e-01
    2.511356770992279e-01
    1.979713737964630e-01
    2.836194038391113e-01
    1.717804968357086e-01
    1.992364823818207e-01
    3.053775727748871e-01
    3.042977750301361e-01
    1.423188000917435e-01
    2.790001928806305e-01
    1.659995466470718e-01
    1.404524445533752e-01
    1.337427347898483e-01
    1.253434568643570e-01
    3.705464005470276e-01
    2.068696171045303e-01
    1.337625235319138e-01
    2.530165612697601e-01
    1.420439481735229e-01
    2.414292842149734e-01
    3.705464005470276e-01
    1.794246286153793e-01
    2.772825658321381e-01
    3.036547601222992e-01
    1.821829229593277e-01
    1.382307857275009e-01
    1.633692979812622e-01
    1.648196727037430e-01
    1.568043380975723e-01
    1.908051073551178e-01
    1.606540530920029e-01
    1.740428358316422e-01
    1.771766245365143e-01
    1.322604864835739e-01
    1.514965295791626e-01
    1.676640659570694e-01
    3.293496668338776e-01
    3.705464005470276e-01
    1.755035221576691e-01
    3.705464005470276e-01
    3.705464005470276e-01
    3.705464005470276e-01
    1.315919905900955e-01
    1.296994835138321e-01
    1.911092102527618e-01
    1.745802164077759e-01
    3.705464005470276e-01
    1.465433984994888e-01
    1.728113591670990e-01
    1.618391275405884e-01
    2.489137798547745e-01
    1.560075134038925e-01
    1.386295855045319e-01
    1.618556976318359e-01
    3.705464005470276e-01
    2.344456911087036e-01
    1.490446180105209e-01
    3.705464005470276e-01
    3.705464005470276e-01
    1.512894332408905e-01
    2.802619338035583e-01
    1.433708518743515e-01
    1.840272396802902e-01
    1.275250166654587e-01
    3.705464005470276e-01
    1.749138087034225e-01
    3.705464005470276e-01
    3.705464005470276e-01
    3.667868077754974e-01
    1.403658539056778e-01
    1.644785702228546e-01
    2.815232872962952e-01
    1.624656617641449e-01
    1.301028430461884e-01
    3.705464005470276e-01
    2.887919843196869e-01
    3.705464005470276e-01
    1.859953105449677e-01
    1.527703404426575e-01
    2.612958252429962e-01
    1.475926935672760e-01
    3.705464005470276e-01
    2.397692352533340e-01
    3.705464005470276e-01
    1.806559115648270e-01
    1.782292574644089e-01
    2.225983440876007e-01
    1.318303644657135e-01
    2.283346056938171e-01
    2.080340534448624e-01
    1.903776079416275e-01
    2.651768922805786e-01
    1.253328919410706e-01
    3.705464005470276e-01
    1.880070418119431e-01
    2.587029337882996e-01
    1.420306116342545e-01
    1.415960192680359e-01
    1.409067064523697e-01
    2.447830587625504e-01
    1.258315593004227e-01
    2.788160145282745e-01
    1.910956799983978e-01
    2.556759119033813e-01
    1.390862762928009e-01
    1.279553622007370e-01
    2.696965932846069e-01
    1.855602264404297e-01
    1.527839452028275e-01
    1.505878567695618e-01
    1.578323543071747e-01
    1.642302274703979e-01
    2.912249863147736e-01
    1.826014816761017e-01
    2.319536060094833e-01
    3.169179558753967e-01
    1.528870612382889e-01
    3.705464005470276e-01
    3.705464005470276e-01
    1.790645420551300e-01
    3.705464005470276e-01
    3.418871760368347e-01
    3.230857253074646e-01
    2.503738403320312e-01
    3.705464005470276e-01
    2.172647267580032e-01
    3.705464005470276e-01
    3.705464005470276e-01
    3.168468475341797e-01
    3.705464005470276e-01
    2.815940082073212e-01
    1.304184347391129e-01
    1.800754070281982e-01
    3.669999539852142e-01
    3.705464005470276e-01
    1.387877762317657e-01
    1.730043292045593e-01
    2.162302881479263e-01
    2.129603475332260e-01
    3.071687817573547e-01
    3.102739751338959e-01
    2.028555423021317e-01
    1.967416405677795e-01
    1.251491308212280e-01
    3.705464005470276e-01
    2.909484505653381e-01
    3.705464005470276e-01
    3.705464005470276e-01
    1.902002096176147e-01
    3.705464005470276e-01
    2.627933025360107e-01
    1.920267194509506e-01
    1.341699212789536e-01
    3.705464005470276e-01
    3.705464005470276e-01
    1.387958079576492e-01
    3.365356028079987e-01
    3.705464005470276e-01
    1.916120797395706e-01
    1.663021445274353e-01
    1.445314884185791e-01
    1.574320495128632e-01
    2.269499748945236e-01
    2.449537962675095e-01
    1.732108145952225e-01
    1.492364704608917e-01
    3.057861030101776e-01
    1.493040770292282e-01
    2.596294283866882e-01
    1.776683479547501e-01
    3.705464005470276e-01
    1.999574601650238e-01
    3.705464005470276e-01
    2.588301002979279e-01
    3.705464005470276e-01
    1.698640435934067e-01
    1.289349496364594e-01
    3.705464005470276e-01
    1.285946518182755e-01
    2.623694837093353e-01
    3.622739017009735e-01
    3.705464005470276e-01
    2.010201960802078e-01
    3.295100927352905e-01
    1.466079950332642e-01
    1.952223181724548e-01
    1.918038427829742e-01
    3.705464005470276e-01
    3.705464005470276e-01
    1.844949573278427e-01
    2.095388472080231e-01
    3.151273727416992e-01
    1.380193084478378e-01
    3.345211446285248e-01
    2.921334803104401e-01
    1.331083327531815e-01
    1.568966954946518e-01
    1.699727773666382e-01
    3.705464005470276e-01
    1.367888748645782e-01
    1.744656115770340e-01
    1.609756797552109e-01
    2.697325348854065e-01
    1.562662571668625e-01
    1.826383024454117e-01
    1.633768379688263e-01
    1.824282407760620e-01
    1.460580378770828e-01
    3.236944675445557e-01
    2.349761724472046e-01
    1.409317702054977e-01
    2.105576545000076e-01
    1.832138746976852e-01
    2.457453161478043e-01
    1.632505655288696e-01
    2.375237643718719e-01
    2.273000627756119e-01
    2.060727030038834e-01
    2.817764580249786e-01
    3.705464005470276e-01
    1.896584481000900e-01
    2.478715181350708e-01
    1.468068361282349e-01
    2.123007923364639e-01
    1.874561011791229e-01
    1.574878692626953e-01
    1.616389006376266e-01
    1.598481237888336e-01
    2.661922276020050e-01
    2.033597677946091e-01
    2.144774496555328e-01
    1.367582976818085e-01
    3.705464005470276e-01
    2.749961316585541e-01
    3.018397986888885e-01
    1.538630723953247e-01
    3.705464005470276e-01
    1.881711632013321e-01
    1.995670050382614e-01
    3.504741787910461e-01
    1.581152677536011e-01
    2.765529751777649e-01
    2.628426551818848e-01
    3.155544698238373e-01
    2.507237792015076e-01
    1.252062171697617e-01
    2.848455011844635e-01
    2.217726260423660e-01
    2.005813866853714e-01
    2.686013877391815e-01
    1.453887820243835e-01
    1.342851817607880e-01
    1.275338083505630e-01
    2.144414931535721e-01
    2.540465891361237e-01
    3.705464005470276e-01
    1.244110912084579e-01
    1.240385845303535e-01
    3.033223152160645e-01
    1.908690333366394e-01
    3.705464005470276e-01
    2.786329388618469e-01
    1.686873883008957e-01
    2.662160992622375e-01
    1.313211023807526e-01
    3.705464005470276e-01
    3.669389188289642e-01
    1.260966658592224e-01
    1.383529007434845e-01
    3.028862178325653e-01
    3.705464005470276e-01
    2.154981940984726e-01
    3.705464005470276e-01
    1.481018215417862e-01
    2.472881078720093e-01
    2.770273089408875e-01
    3.705464005470276e-01
    3.705464005470276e-01
    2.602555155754089e-01
    3.449202775955200e-01
    3.705464005470276e-01
    1.357996016740799e-01
    2.091841697692871e-01
    1.929996907711029e-01
    1.288921833038330e-01
    1.927132308483124e-01
    3.271344900131226e-01
    1.371693015098572e-01
    2.019500732421875e-01
    2.729566097259521e-01
    1.305026710033417e-01
    1.334256529808044e-01
    1.961903423070908e-01
    2.907778620719910e-01
    2.687460184097290e-01
    3.705464005470276e-01
    1.888370215892792e-01
    2.110213637351990e-01
    1.250840127468109e-01
    2.863522469997406e-01
    1.635289490222931e-01
    1.926041394472122e-01
    2.950043082237244e-01
    1.776978522539139e-01
    1.600195169448853e-01
    2.272401005029678e-01
    1.354066729545593e-01
    1.577133536338806e-01
    3.705464005470276e-01
    3.705464005470276e-01
    1.277472972869873e-01
    3.168682157993317e-01
    3.535727262496948e-01
    1.657893955707550e-01
    3.705464005470276e-01
    1.977371573448181e-01
    3.705464005470276e-01
    1.537966877222061e-01
    1.331830620765686e-01
    3.705464005470276e-01
    1.313615888357162e-01
    1.873886287212372e-01
    2.498313784599304e-01
    3.705464005470276e-01
    2.808206677436829e-01
    3.705464005470276e-01
    3.705464005470276e-01
    2.231207638978958e-01
    1.442658901214600e-01
    2.434073090553284e-01
    3.705464005470276e-01
    1.377094984054565e-01
    3.064775764942169e-01
    1.473186165094376e-01
    1.755768209695816e-01
    1.400821805000305e-01
    3.113761544227600e-01
    1.939754337072372e-01
    1.996567547321320e-01
    3.284014463424683e-01
    2.244926542043686e-01
    3.510439991950989e-01
    1.373459994792938e-01
    1.676929444074631e-01
    2.486872971057892e-01
    1.645278930664062e-01
    1.572427600622177e-01
    3.705464005470276e-01
    3.705464005470276e-01
    2.104578018188477e-01
    3.705464005470276e-01
    3.201537132263184e-01
    3.705464005470276e-01
    2.901235520839691e-01
    3.705464005470276e-01
    2.470364421606064e-01
    2.236278206110001e-01
    3.525995910167694e-01
    3.705464005470276e-01
    1.459978371858597e-01
    1.613775491714478e-01
    1.447550952434540e-01
    3.705464005470276e-01
    2.385569810867310e-01
    1.561913192272186e-01
    1.820745468139648e-01
    1.449053585529327e-01
    2.819714546203613e-01
    1.853875815868378e-01
    3.301475644111633e-01
    2.386597990989685e-01
    3.144912123680115e-01
    3.705464005470276e-01
    2.492631375789642e-01
    3.061633408069611e-01
    1.453708559274673e-01
    3.705464005470276e-01
    2.222526520490646e-01
    3.705464005470276e-01
    2.568827569484711e-01
    3.385904729366302e-01
    3.705464005470276e-01
    1.933006644248962e-01
    3.350534141063690e-01
    2.766170203685760e-01
    2.277192473411560e-01
    1.964408010244370e-01
    1.694129258394241e-01
    1.633810400962830e-01
    1.249291449785233e-01
    3.397278189659119e-01
    2.333799749612808e-01
    1.274767071008682e-01
    3.359965085983276e-01
    3.595184981822968e-01
    3.647088706493378e-01
    3.705464005470276e-01
    3.523631691932678e-01
    1.464570611715317e-01
    2.083768695592880e-01
    2.363488674163818e-01
    1.588373780250549e-01
    1.962040066719055e-01
    3.480845391750336e-01
    1.424522846937180e-01
    1.517621576786041e-01
    2.304715663194656e-01
    1.365557014942169e-01
    1.525142192840576e-01
    2.004164606332779e-01
    3.705464005470276e-01
    1.718109846115112e-01
    2.546295821666718e-01
    1.517186164855957e-01
    1.870351731777191e-01
    2.170426845550537e-01
    1.411351114511490e-01
    3.705464005470276e-01
    1.788225322961807e-01
    3.705464005470276e-01
    3.705464005470276e-01
    2.273634970188141e-01
    2.945931553840637e-01
    2.987833321094513e-01
    1.329780668020248e-01
    2.239396870136261e-01
    1.332403123378754e-01
    3.705464005470276e-01
    1.570242494344711e-01
    1.535137444734573e-01
    1.416965425014496e-01
    1.502716392278671e-01
    2.108337879180908e-01
    2.139120250940323e-01
    3.705464005470276e-01
    1.340263783931732e-01
    3.705464005470276e-01
    1.539100557565689e-01
    1.796860843896866e-01
    2.131398469209671e-01
    1.270992308855057e-01
    3.705464005470276e-01
    1.258304268121719e-01
    1.540407687425613e-01
    1.445454657077789e-01
    1.667624562978745e-01
    3.705464005470276e-01
    2.594833672046661e-01
    3.001257479190826e-01
    3.705464005470276e-01
    1.275649666786194e-01
    1.544825136661530e-01
    3.705464005470276e-01
    2.601217627525330e-01
    3.705464005470276e-01
    1.289458423852921e-01
    3.705464005470276e-01
    1.328417211771011e-01
    1.466576904058456e-01
    2.130722999572754e-01
    1.645692437887192e-01
    1.756308525800705e-01
    1.239500939846039e-01
    1.459867060184479e-01
    3.705464005470276e-01
    1.391007900238037e-01
    1.530263423919678e-01
    3.705464005470276e-01
    1.836902052164078e-01
    3.021511137485504e-01
    1.788357496261597e-01
    2.724261581897736e-01
    1.584195941686630e-01
    2.923949956893921e-01
    2.799794077873230e-01
    1.404798775911331e-01
    3.705464005470276e-01
    2.429437637329102e-01
    3.705464005470276e-01
    1.962323784828186e-01
    3.705464005470276e-01
    3.693439662456512e-01
    3.705464005470276e-01
    1.559568047523499e-01
    2.164527475833893e-01
    2.535398006439209e-01
    2.875102460384369e-01
    1.362101286649704e-01
    2.810047864913940e-01
    3.705464005470276e-01
    1.607028692960739e-01
    2.154452800750732e-01
    3.705464005470276e-01
    1.512041389942169e-01
    3.705464005470276e-01
    1.823152303695679e-01
    1.304400116205215e-01
    1.732833683490753e-01
    2.041308432817459e-01
    1.236102208495140e-01
    2.139512300491333e-01
    3.705464005470276e-01
    2.048990279436111e-01
    1.653452664613724e-01
    3.705464005470276e-01
    2.719544768333435e-01
    2.318687289953232e-01
    2.169850915670395e-01
    2.650543749332428e-01
    2.502534091472626e-01
    2.880234718322754e-01
    1.543044447898865e-01
    3.118316531181335e-01
    1.344483643770218e-01
    2.146858423948288e-01
    3.705464005470276e-01
    3.705464005470276e-01
    2.704569399356842e-01
    2.932347953319550e-01
    1.302756965160370e-01
    1.245770007371902e-01
    1.433725506067276e-01
    2.311862409114838e-01
    3.016886115074158e-01
    1.986637413501740e-01
    3.705464005470276e-01
    2.592305839061737e-01
    2.502626180648804e-01
    1.615827381610870e-01
    1.831584274768829e-01
    1.252141296863556e-01
    3.705464005470276e-01
    2.119747549295425e-01
    3.705464005470276e-01
    2.098563611507416e-01
    1.241807341575623e-01
    1.304649710655212e-01
    2.494729608297348e-01
    1.687359362840652e-01
    1.863440126180649e-01
    1.476294845342636e-01
    2.114281356334686e-01
    3.705464005470276e-01
    3.705464005470276e-01
    1.501128524541855e-01
    1.294512599706650e-01
    3.705464005470276e-01
    1.296083033084869e-01
    3.436178267002106e-01
    3.705464005470276e-01
    1.619992703199387e-01
    3.705464005470276e-01
    2.976414263248444e-01
    1.292590498924255e-01
    2.256224900484085e-01
    3.705464005470276e-01
    1.736575216054916e-01
    2.159514874219894e-01
    2.271769791841507e-01
    2.458558231592178e-01
    3.705464005470276e-01
    2.433639168739319e-01
    3.319985568523407e-01
    1.821364462375641e-01
    3.173030018806458e-01
    3.118175864219666e-01
    1.352738142013550e-01
    3.705464005470276e-01
    3.705464005470276e-01
    2.442874014377594e-01
    1.967969387769699e-01
    2.443786412477493e-01
    3.560236394405365e-01
    2.760219573974609e-01
    2.163699865341187e-01
    1.922560185194016e-01
    1.281032264232635e-01
    1.289812475442886e-01
    1.420217752456665e-01
    1.925791651010513e-01
    2.322527021169662e-01
    2.069497853517532e-01
    1.391786932945251e-01
    3.705464005470276e-01
    1.272515952587128e-01
    3.402121365070343e-01
    1.317576020956039e-01
    1.288558840751648e-01
    1.802938133478165e-01
    1.779645383358002e-01
    1.594361513853073e-01
    1.250091046094894e-01
    2.060408890247345e-01
    3.705464005470276e-01
    1.624647378921509e-01
    2.066052407026291e-01
    1.572196334600449e-01
    1.591794341802597e-01
    2.368296533823013e-01
    3.705464005470276e-01
    2.419684380292892e-01
    3.334368765354156e-01
    1.265477687120438e-01
    1.410969644784927e-01
    2.069844454526901e-01
    3.705464005470276e-01
    1.254815161228180e-01
    3.566687107086182e-01
    1.775312721729279e-01
    1.370203047990799e-01
    3.705464005470276e-01
    1.945655792951584e-01
    2.412478476762772e-01
    1.335549801588058e-01
    1.846365034580231e-01
    3.705464005470276e-01
    1.504788249731064e-01
    3.705464005470276e-01
    2.487377077341080e-01
    1.651666313409805e-01
    1.958126276731491e-01
    1.351721882820129e-01
    3.705464005470276e-01
    1.340502649545670e-01
    2.023813277482986e-01
    3.705464005470276e-01
    3.109813928604126e-01
    3.320636451244354e-01
    1.967918425798416e-01
    1.744716614484787e-01
    2.696575522422791e-01
    2.359398305416107e-01
    3.212064206600189e-01
    3.108396232128143e-01
    2.107363939285278e-01
    1.698286831378937e-01
    1.825109124183655e-01
    3.298735320568085e-01
    3.705464005470276e-01
    2.575317025184631e-01
    2.469282001256943e-01
    2.181572765111923e-01
    3.705464005470276e-01
    1.628264933824539e-01
    3.705464005470276e-01
    3.705464005470276e-01
    3.705464005470276e-01
    2.232196480035782e-01
    3.374048471450806e-01
    1.446667909622192e-01
    3.705464005470276e-01
    1.679719388484955e-01
    1.459439545869827e-01
    3.705464005470276e-01
    1.811018139123917e-01
    3.705464005470276e-01
    2.584738731384277e-01
    3.163915574550629e-01
    2.054362595081329e-01
    2.023886740207672e-01
    3.705464005470276e-01
    1.237513497471809e-01
    2.868294417858124e-01
    1.385048478841782e-01
    1.340766251087189e-01
    3.705464005470276e-01
    2.643342316150665e-01
    2.709756791591644e-01
    1.248743832111359e-01
    1.801501661539078e-01
    1.636064499616623e-01
    3.532189726829529e-01
    1.544360369443893e-01
    1.443910598754883e-01
    3.705464005470276e-01
    2.766322493553162e-01
    3.705464005470276e-01
    3.604672253131866e-01
    1.467319577932358e-01
    1.379356533288956e-01
    1.802145987749100e-01
    3.705464005470276e-01
    3.705464005470276e-01
    1.508681178092957e-01
    3.705464005470276e-01
    1.549474745988846e-01
    2.343258857727051e-01
    2.859865427017212e-01
    2.178482711315155e-01
    1.788655966520309e-01
    1.789455562829971e-01
    3.705464005470276e-01
    1.561023741960526e-01
    2.853181958198547e-01
    3.705464005470276e-01
    2.668770849704742e-01
    3.705464005470276e-01
    3.705464005470276e-01
    3.705464005470276e-01
    1.268813461065292e-01
    1.798300296068192e-01
    1.478587239980698e-01
    2.559922635555267e-01
    3.311460912227631e-01
    3.154961466789246e-01
    3.202376067638397e-01
    1.444016396999359e-01
    1.864405423402786e-01
    1.290062367916107e-01
    3.705464005470276e-01
    3.375043869018555e-01
    1.893494278192520e-01
    1.266522854566574e-01
    2.741112709045410e-01
    1.896589398384094e-01
    1.493483632802963e-01
    3.705464005470276e-01
    3.705464005470276e-01
    1.570811867713928e-01
    2.871505320072174e-01
    2.880358994007111e-01
    1.328203827142715e-01
    1.586563736200333e-01
    1.324223577976227e-01
    1.321550160646439e-01
    1.956022977828979e-01
    3.705464005470276e-01
    1.613471359014511e-01
    3.354034125804901e-01
    1.409496515989304e-01
    1.711352020502090e-01
    1.637690961360931e-01
    2.173105925321579e-01
    2.151507288217545e-01
    3.705464005470276e-01
    3.369493782520294e-01
    2.465812414884567e-01
    3.705464005470276e-01
    2.267449051141739e-01
    3.346789181232452e-01
    1.580564826726913e-01
    1.588370054960251e-01
    2.285898923873901e-01
    3.705464005470276e-01
    2.904303371906281e-01
    2.231734246015549e-01
    1.250551491975784e-01
    1.287501305341721e-01
    1.452404409646988e-01
    1.325560957193375e-01
    1.397392004728317e-01
    3.705464005470276e-01
    1.317065060138702e-01
    1.663642078638077e-01
    1.571306437253952e-01
    1.361764520406723e-01
    1.807056367397308e-01
    3.661649227142334e-01
    2.195066362619400e-01
    1.515685617923737e-01
    1.263330280780792e-01
    3.705464005470276e-01
    3.705464005470276e-01
    3.705464005470276e-01
    3.705464005470276e-01
    3.705464005470276e-01
    1.471938788890839e-01
    3.642339408397675e-01
    3.705464005470276e-01
    2.363034337759018e-01
    2.298400998115540e-01
    1.481933742761612e-01
    1.463740319013596e-01
    2.361685037612915e-01
    3.705464005470276e-01
    1.319089233875275e-01
    2.916197180747986e-01
    3.705464005470276e-01
    3.705464005470276e-01
    1.570244133472443e-01
    1.410973966121674e-01
    1.476741433143616e-01
    3.068740069866180e-01
    1.494225263595581e-01
    1.882421076297760e-01
    1.651401519775391e-01
    3.017561733722687e-01
    3.705464005470276e-01
    1.961998790502548e-01
    1.644709259271622e-01
    1.437920928001404e-01
    1.830105632543564e-01
    1.324219852685928e-01
    1.929684579372406e-01
    2.576757371425629e-01
    1.579951941967010e-01
    3.705464005470276e-01
    3.705464005470276e-01
    2.130647450685501e-01
    2.762472927570343e-01
    2.609150707721710e-01
    1.476464718580246e-01
    1.244290247559547e-01
    1.985249519348145e-01
    2.572483122348785e-01
    1.508873552083969e-01
    1.706723570823669e-01
    2.213985621929169e-01
    3.080375492572784e-01
    3.182002007961273e-01
    2.617060840129852e-01
    2.819431424140930e-01
    1.873884201049805e-01
    1.363424062728882e-01
    3.532406389713287e-01
    1.990681439638138e-01
    1.423210352659225e-01
    1.259053945541382e-01
    3.705464005470276e-01
    2.134094536304474e-01
    1.771085411310196e-01
    1.998470425605774e-01
    2.771137356758118e-01
    2.047512084245682e-01
    3.705464005470276e-01
    3.705464005470276e-01
    3.705464005470276e-01
    1.705446690320969e-01
    1.518003791570663e-01
    1.756218075752258e-01
    1.336235553026199e-01
    2.659186720848083e-01
    2.136307507753372e-01
    1.633102595806122e-01
    3.705464005470276e-01
    2.759448587894440e-01
    2.409007102251053e-01
    3.705464005470276e-01
    1.260495930910110e-01
    1.947835385799408e-01
    2.516860961914062e-01
    1.265146881341934e-01
    2.008995562791824e-01
    3.705464005470276e-01
    2.206733673810959e-01
    3.705464005470276e-01
    1.620083451271057e-01
    2.127102613449097e-01
    2.470357567071915e-01
    3.255155086517334e-01
    1.585226655006409e-01
    2.477214932441711e-01
    3.705464005470276e-01
    1.378620713949203e-01
    1.409895271062851e-01
    3.705464005470276e-01
    1.523422449827194e-01
    3.705464005470276e-01
    1.422246098518372e-01
    1.855002045631409e-01
    1.562245041131973e-01
    3.705464005470276e-01
    1.860093176364899e-01
    1.487543582916260e-01
    1.389146894216537e-01
    2.432314604520798e-01
    1.330687701702118e-01
    1.236948668956757e-01
    3.570446670055389e-01
    1.922846287488937e-01
    2.423887103796005e-01
    1.800126582384109e-01
    3.705464005470276e-01
    1.530066430568695e-01
    3.297106325626373e-01
    1.775984913110733e-01
    1.529869884252548e-01
    1.380279660224915e-01
    3.705464005470276e-01
    2.969590127468109e-01
    3.336451351642609e-01
    2.713415920734406e-01
    3.705464005470276e-01
    2.785239219665527e-01
    2.114266753196716e-01
    1.571856588125229e-01
    1.735509783029556e-01
    2.148729711771011e-01
    3.028586208820343e-01
    2.434229701757431e-01
    2.683454751968384e-01
    1.444066315889359e-01
    2.914294004440308e-01
    3.705464005470276e-01
    3.233150243759155e-01
    3.661312758922577e-01
    3.705464005470276e-01
    3.705464005470276e-01
    1.334049999713898e-01
    3.503986001014709e-01
    1.716002970933914e-01
    1.576098352670670e-01
    1.871830672025681e-01
    1.836005449295044e-01
    1.484310626983643e-01
    1.314563006162643e-01
    1.256478726863861e-01
    3.705464005470276e-01
    1.462744772434235e-01
    3.705464005470276e-01
    3.035832643508911e-01
    1.263041794300079e-01
    3.159034252166748e-01
    3.514171540737152e-01
    1.890309900045395e-01
    2.672908604145050e-01
    3.705464005470276e-01
    1.492598354816437e-01
    2.955950796604156e-01
    2.906547486782074e-01
    1.242264360189438e-01
    3.141712546348572e-01
    1.714192181825638e-01
    2.311589866876602e-01
    2.040842473506927e-01
    1.766961514949799e-01
    1.513493657112122e-01
    3.057496845722198e-01
    2.663762867450714e-01
    3.281744122505188e-01
    2.605046927928925e-01
    3.705464005470276e-01
    2.395865768194199e-01
    2.208590656518936e-01
    3.281067311763763e-01
    1.682304143905640e-01
    3.705464005470276e-01
    1.621789485216141e-01
    1.794909238815308e-01
    1.283311694860458e-01
    2.635057568550110e-01
    2.970075905323029e-01
    1.491756588220596e-01
    3.071959316730499e-01
    2.080949842929840e-01
    1.266525834798813e-01
    1.764893680810928e-01
    3.045868873596191e-01
    3.705464005470276e-01
    1.996625661849976e-01
    2.210135161876678e-01
    1.503501981496811e-01
    3.705464005470276e-01
    1.502195298671722e-01
    2.639858424663544e-01
    2.587965428829193e-01
    1.697144359350204e-01
    3.705464005470276e-01
    1.421966403722763e-01
    3.705464005470276e-01
    1.686869561672211e-01
    2.587177455425262e-01
    1.322373598814011e-01
    2.508392930030823e-01
    3.048176169395447e-01
    2.260023951530457e-01
    1.982747763395309e-01
    2.212016284465790e-01
    3.705464005470276e-01
    3.705464005470276e-01
    1.396362930536270e-01
    3.705464005470276e-01
    2.805912494659424e-01
    1.525958478450775e-01
    3.641488552093506e-01
    3.705464005470276e-01
    1.601606905460358e-01
    3.580556511878967e-01
    1.744476407766342e-01
    1.816640496253967e-01
    1.475093811750412e-01
    1.302255541086197e-01
    1.618057638406754e-01
    1.585357636213303e-01
    2.571473419666290e-01
    3.586159646511078e-01
    1.708904057741165e-01
    1.725173890590668e-01
    1.328554004430771e-01
    1.663899123668671e-01
    1.926536858081818e-01
    2.763803005218506e-01
    3.691947758197784e-01
    3.705464005470276e-01
    1.285376399755478e-01
    3.669281899929047e-01
    2.096351236104965e-01
    3.705464005470276e-01
    1.394053399562836e-01
    2.954625189304352e-01
    1.314687579870224e-01
    3.705464005470276e-01
    1.606949418783188e-01
    3.705464005470276e-01
    1.366194486618042e-01
    2.555611729621887e-01
    1.239188089966774e-01
    3.705464005470276e-01
    3.705464005470276e-01
    3.447666466236115e-01
    3.705464005470276e-01
    3.062130808830261e-01
    2.464221715927124e-01
    3.705464005470276e-01
    3.123402595520020e-01
    2.137090563774109e-01
    1.642921864986420e-01
    2.301267087459564e-01
    2.068331092596054e-01
    2.009333074092865e-01
    1.826538592576981e-01
    3.705464005470276e-01
    3.705464005470276e-01
    1.603644341230392e-01
    1.622650027275085e-01
    1.733869612216949e-01
    3.705464005470276e-01
    2.247658222913742e-01
    2.785528004169464e-01
    2.181303948163986e-01
    1.576860249042511e-01
    2.278196960687637e-01
    2.745187878608704e-01
    3.705464005470276e-01
    3.705464005470276e-01
    3.145561516284943e-01
    1.389201730489731e-01
    3.705464005470276e-01
    1.322650611400604e-01
    2.663415968418121e-01
    3.705464005470276e-01
    2.811820805072784e-01
    3.366212844848633e-01
    1.621770709753036e-01
    1.904198378324509e-01
    1.630051136016846e-01
    1.949713379144669e-01
    2.126060128211975e-01
    2.280783057212830e-01
    1.530397981405258e-01
    3.015989959239960e-01
    3.705464005470276e-01
    3.705464005470276e-01
    1.257069706916809e-01
    2.082749605178833e-01
    1.924015879631042e-01
    2.199214547872543e-01
    1.584349572658539e-01
    2.883956432342529e-01
    1.960850507020950e-01
    3.077379167079926e-01
    1.329508274793625e-01
    1.884189546108246e-01
    1.314284205436707e-01
    2.520090043544769e-01
    1.406221389770508e-01
    2.728600502014160e-01
    3.107225000858307e-01
    2.489972859621048e-01
    1.361319869756699e-01
    1.241741850972176e-01
    2.473956346511841e-01
    1.293977797031403e-01
    1.857016235589981e-01
    3.705464005470276e-01
    2.132213413715363e-01
    2.755750715732574e-01
    1.425919532775879e-01
    1.293205469846725e-01
    1.735955327749252e-01
    2.435164600610733e-01
    1.623020470142365e-01
    1.727748662233353e-01
    1.297838389873505e-01
    2.016543596982956e-01
    3.705464005470276e-01
    3.705464005470276e-01
    1.569817215204239e-01
    1.237976104021072e-01
    1.781135648488998e-01
    2.083719670772552e-01
    2.154536694288254e-01
    1.867597252130508e-01
    3.705464005470276e-01
    3.705464005470276e-01
    1.550009250640869e-01
    1.868808418512344e-01
    3.542254865169525e-01
    3.705464005470276e-01
    1.437858343124390e-01
    1.355316787958145e-01
    3.705464005470276e-01
    3.143214583396912e-01
    2.581365406513214e-01
    3.705464005470276e-01
    1.548128575086594e-01
    2.854496240615845e-01
    1.249926090240479e-01
    3.705464005470276e-01
    3.705464005470276e-01
    1.442424505949020e-01
    3.705464005470276e-01
    3.705464005470276e-01
    1.321067959070206e-01
    1.247421428561211e-01
    1.891949027776718e-01
    2.460512965917587e-01
    2.246302515268326e-01
    1.848620921373367e-01
    1.484696269035339e-01
    1.848850995302200e-01
    1.666864901781082e-01
    3.705464005470276e-01
    1.712437868118286e-01
    1.540115773677826e-01
    1.420553177595139e-01
    1.321657449007034e-01
    1.415464878082275e-01
    3.705464005470276e-01
    1.684219539165497e-01
    1.367934197187424e-01
    3.705464005470276e-01
    1.994329988956451e-01
    2.326465249061584e-01
    1.737709343433380e-01
    3.705464005470276e-01
    1.880996078252792e-01
    1.554315090179443e-01
    2.107959389686584e-01
    1.984664201736450e-01
    3.489139974117279e-01
    2.254742234945297e-01
    1.260694861412048e-01
    3.705464005470276e-01
    1.333590745925903e-01
    3.705464005470276e-01
    3.705464005470276e-01
    1.734202057123184e-01
    2.152111679315567e-01
    1.264568865299225e-01
    3.338047862052917e-01
    3.705464005470276e-01
    1.366011500358582e-01
    1.408343613147736e-01
    1.322821229696274e-01
    3.705464005470276e-01
    3.705464005470276e-01
    2.508127689361572e-01
    2.831769287586212e-01
    2.878137528896332e-01
    2.954355776309967e-01
    1.761658638715744e-01
    2.214535474777222e-01
    1.298131644725800e-01
    1.571574062108994e-01
    1.760877221822739e-01
    3.463958501815796e-01
    1.362445652484894e-01
    1.303128302097321e-01
    1.961493641138077e-01
    1.732444465160370e-01
    1.756846457719803e-01
    3.705464005470276e-01
    1.384497582912445e-01
    2.199344187974930e-01
    1.698622554540634e-01
    1.647063195705414e-01
    1.380095332860947e-01
    3.705464005470276e-01
    3.705464005470276e-01
    2.175636142492294e-01
    3.705464005470276e-01
    2.434334009885788e-01
    2.101861834526062e-01
    3.705464005470276e-01
    1.518993377685547e-01
    1.466654390096664e-01
    2.264505922794342e-01
    1.388916820287704e-01
    3.705464005470276e-01
    2.665748894214630e-01
    1.443331986665726e-01
    3.705464005470276e-01
    1.417061984539032e-01
    3.547342121601105e-01
    3.502809405326843e-01
    2.016371041536331e-01
    1.532803773880005e-01
    1.544609963893890e-01
    2.828840613365173e-01
    1.468659341335297e-01
    1.412634998559952e-01
    1.316949725151062e-01
    1.584817171096802e-01
    1.342215836048126e-01
    1.483450978994370e-01
    2.959019243717194e-01
    1.291508376598358e-01
    3.705464005470276e-01
    1.646100282669067e-01
    3.705464005470276e-01
    2.464612722396851e-01
    1.928812861442566e-01
    1.832590103149414e-01
    2.276117652654648e-01
    1.532515734434128e-01
    1.629858464002609e-01
    1.384178996086121e-01
    2.299845516681671e-01
    2.061175256967545e-01
    3.705464005470276e-01
    1.711006760597229e-01
    1.300593167543411e-01
    1.782484501600266e-01
    2.308821380138397e-01
    1.457959711551666e-01
    2.403338998556137e-01
    2.444140017032623e-01
    1.740338504314423e-01
    3.705464005470276e-01
    2.422000765800476e-01
    3.705464005470276e-01
    2.992107570171356e-01
    1.445458382368088e-01
    3.419946730136871e-01
    1.969593167304993e-01
    3.106848597526550e-01
    3.705464005470276e-01
    1.303340047597885e-01
    3.705464005470276e-01
    1.316680014133453e-01
    3.705464005470276e-01
    3.705464005470276e-01
    2.524034380912781e-01
    1.307575851678848e-01
    1.491971313953400e-01
    1.723404675722122e-01
    1.729584783315659e-01
    2.839283049106598e-01
    1.360817998647690e-01
    2.278009355068207e-01
    2.177198827266693e-01
    3.705464005470276e-01
    1.570040881633759e-01
    1.666283905506134e-01
    1.608542203903198e-01
    2.992514371871948e-01
    3.705464005470276e-01
    1.384412348270416e-01
    3.705464005470276e-01
    2.435975372791290e-01
    1.676399558782578e-01
    3.321895003318787e-01
    2.674766182899475e-01
    1.800436675548553e-01
    3.590550422668457e-01
    2.168780863285065e-01
    1.895527690649033e-01
    1.784082353115082e-01
    2.783508002758026e-01
    1.565616577863693e-01
    2.124025523662567e-01
    3.705464005470276e-01
    2.003148198127747e-01
    1.343002766370773e-01
    3.705464005470276e-01
    2.019461095333099e-01
    1.337858587503433e-01
    1.860054284334183e-01
    1.351455152034760e-01
    3.151399791240692e-01
    2.769144475460052e-01
    2.034046351909637e-01
    3.502244055271149e-01
    2.392940670251846e-01
    1.973708719015121e-01
    1.636317223310471e-01
    3.705464005470276e-01
    3.705464005470276e-01
    1.423071622848511e-01
    1.385264843702316e-01
    1.364414244890213e-01
    3.705464005470276e-01
    3.619569242000580e-01
    1.782875359058380e-01
    2.503323256969452e-01
    3.705464005470276e-01
    2.535382807254791e-01
    2.428716719150543e-01
    1.458461880683899e-01
    3.047874271869659e-01
    1.335393935441971e-01
    1.420096606016159e-01
    3.705464005470276e-01
    3.705464005470276e-01
    3.705464005470276e-01
    1.289582401514053e-01
    3.705464005470276e-01
    2.391194850206375e-01
    3.705464005470276e-01
    2.245985865592957e-01
    3.705464005470276e-01
    1.578148454427719e-01
    1.721121668815613e-01
    2.603519558906555e-01
    1.629843711853027e-01
    1.890703141689301e-01
    3.245214223861694e-01
    1.245308965444565e-01
    1.421547383069992e-01
    1.651831120252609e-01
    1.319132000207901e-01
    1.946353614330292e-01
    1.984854191541672e-01
    1.433157175779343e-01
    3.705464005470276e-01
    1.284342706203461e-01
    1.962371617555618e-01
    1.794549673795700e-01
    1.656714379787445e-01
    2.017086893320084e-01
    1.324161738157272e-01
    3.705464005470276e-01
    1.619178503751755e-01
    2.954897284507751e-01
    3.705464005470276e-01
    1.643192321062088e-01
    1.410445123910904e-01
    3.542485535144806e-01
    1.718903481960297e-01
    2.427563667297363e-01
    2.317288368940353e-01
    1.457910090684891e-01
    2.591673433780670e-01
    3.705464005470276e-01
    1.614366024732590e-01
    3.607489764690399e-01
    1.299873292446136e-01
    3.403798341751099e-01
    3.089321851730347e-01
    1.603278815746307e-01
    2.624315023422241e-01
    2.634873092174530e-01
    1.353997886180878e-01
    1.243499219417572e-01
    1.244900375604630e-01
    3.705464005470276e-01
    1.999115198850632e-01
    1.890195161104202e-01
    2.055387198925018e-01
    1.307809501886368e-01
    2.670409679412842e-01
    1.340469270944595e-01
    1.414245814085007e-01
    2.808101177215576e-01
    1.637301892042160e-01
    2.286793142557144e-01
    3.451118469238281e-01
    1.640133857727051e-01
    3.332182168960571e-01
    1.335703581571579e-01
    2.028749734163284e-01
    1.955085396766663e-01
    1.480901092290878e-01
    2.817803919315338e-01
    2.366711199283600e-01
    2.380373775959015e-01
    1.938412636518478e-01
    2.134103626012802e-01
    2.823601067066193e-01
    2.552428245544434e-01
    1.290582269430161e-01
    1.732294261455536e-01
    2.964515388011932e-01
    2.389596551656723e-01
    3.705464005470276e-01
    1.445255428552628e-01
    1.239992603659630e-01
    3.705464005470276e-01
    1.303494572639465e-01
    2.424835711717606e-01
    1.771714091300964e-01
    2.044968605041504e-01
    3.074191510677338e-01
    3.705464005470276e-01
    1.560966670513153e-01
    2.045798003673553e-01
    2.077643722295761e-01
    1.487533748149872e-01
    2.436152249574661e-01
    1.770785450935364e-01
    1.806895732879639e-01
    3.570119440555573e-01
    1.671276986598969e-01
    3.705464005470276e-01
    1.993420124053955e-01
    3.705464005470276e-01
    3.705464005470276e-01
    3.705464005470276e-01
    1.859834790229797e-01
    1.753090322017670e-01
    1.706016510725021e-01
    2.225048691034317e-01
    2.276301234960556e-01
    2.169260680675507e-01
    2.818445563316345e-01
    3.456609845161438e-01
    1.251574903726578e-01
    2.116525024175644e-01
    3.044219017028809e-01
    2.494402229785919e-01
    3.325021266937256e-01
    3.705464005470276e-01
    3.705464005470276e-01
    2.132445126771927e-01
    1.292412132024765e-01
    1.331894248723984e-01
    3.705464005470276e-01
    2.303031235933304e-01
    3.705464005470276e-01
    1.237798407673836e-01
    1.435680985450745e-01
    1.661011278629303e-01
    2.125527262687683e-01
    2.885825037956238e-01
    1.295206695795059e-01
    3.705464005470276e-01
    3.046990633010864e-01
    1.571800410747528e-01
    2.721359729766846e-01
    3.705464005470276e-01
    2.786995172500610e-01
    1.502920240163803e-01
    3.480072021484375e-01
    1.993825435638428e-01
    2.732388973236084e-01
    3.705464005470276e-01
    1.890172064304352e-01
    3.705464005470276e-01
    1.390852630138397e-01
    3.705464005470276e-01
    2.061758637428284e-01
    1.357428431510925e-01
    3.085198700428009e-01
    1.791861951351166e-01
    1.838340312242508e-01
    2.682296037673950e-01
    1.282604783773422e-01
    2.572834491729736e-01
    1.353172063827515e-01
    1.965316683053970e-01
    3.705464005470276e-01
    3.655115664005280e-01
    1.853150278329849e-01
    3.705464005470276e-01
    3.705464005470276e-01
    1.715671122074127e-01
    1.736462861299515e-01
    2.159713208675385e-01
    1.873841881752014e-01
    1.980108022689819e-01
    1.365954279899597e-01
    1.321548223495483e-01
    3.284574151039124e-01
    1.912927478551865e-01
    2.174006253480911e-01
    1.373477876186371e-01
    2.321102023124695e-01
    3.209089040756226e-01
    2.715426683425903e-01
    3.295510411262512e-01
    3.705464005470276e-01
    1.698506921529770e-01
    1.276937872171402e-01
    1.386039108037949e-01
    3.705464005470276e-01
    1.415023058652878e-01
    1.287060528993607e-01
    1.326976716518402e-01
    2.411480993032455e-01
    2.988895475864410e-01
    2.530652880668640e-01
    1.855951696634293e-01
    3.705464005470276e-01
    2.652863860130310e-01
    3.180239200592041e-01
    2.052683830261230e-01
    2.661853432655334e-01
    3.705464005470276e-01
    1.348424404859543e-01
    2.201404720544815e-01
    1.773249059915543e-01
    3.705464005470276e-01
    3.699552118778229e-01
    1.949739605188370e-01
    2.675767838954926e-01
    2.885136306285858e-01
    2.396222800016403e-01
    1.511202454566956e-01
    1.269991695880890e-01
    1.247999072074890e-01
    3.705464005470276e-01
    3.705464005470276e-01
    3.705464005470276e-01
    1.290714144706726e-01
    3.705464005470276e-01
    1.699667423963547e-01
    2.095692157745361e-01
    3.705464005470276e-01
    3.258950710296631e-01
    3.705464005470276e-01
    1.884175986051559e-01
    2.621836066246033e-01
    1.663273721933365e-01
    1.605129539966583e-01
    3.399766683578491e-01
    3.705464005470276e-01
    1.487399935722351e-01
    3.705464005470276e-01
    1.644828766584396e-01
    1.311765015125275e-01
    2.645604908466339e-01
    2.001988291740417e-01
    1.351713389158249e-01
    3.705464005470276e-01
    3.705464005470276e-01
    1.605671644210815e-01
    1.300988644361496e-01
    1.864587515592575e-01
    3.556751608848572e-01
    2.479451298713684e-01
    1.408062875270844e-01
    1.307026743888855e-01
    3.705464005470276e-01
    3.158377110958099e-01
    2.412170320749283e-01
    3.705464005470276e-01
    1.631122231483459e-01
    1.322671920061111e-01
    2.414639145135880e-01
    3.705464005470276e-01
    3.705464005470276e-01
    2.020189613103867e-01
    2.174122184514999e-01
    2.406034618616104e-01
    2.477204948663712e-01
    1.345500499010086e-01
    2.412234693765640e-01
    3.255987167358398e-01
    2.925570607185364e-01
    3.705464005470276e-01
    2.788185775279999e-01
    1.851571947336197e-01
    2.192122936248779e-01
    1.261585205793381e-01
    3.132632672786713e-01
    1.339069902896881e-01
    1.565130949020386e-01
    3.705464005470276e-01
    1.753584593534470e-01
    1.453669816255569e-01
    1.312479525804520e-01
    1.252645105123520e-01
    2.258562147617340e-01
    1.284222304821014e-01
    1.456586569547653e-01
    1.437008529901505e-01
    2.305312454700470e-01
    3.182341456413269e-01
    3.705464005470276e-01
    2.178313881158829e-01
    2.312522381544113e-01
    1.480216085910797e-01
    2.231120616197586e-01
    3.705464005470276e-01
    2.510755062103271e-01
    1.551785171031952e-01
    2.174388915300369e-01
    2.174626886844635e-01
    2.764003276824951e-01
    1.245845481753349e-01
    2.036877572536469e-01
    1.896780431270599e-01
    2.229106128215790e-01
    1.997690200805664e-01
    3.705464005470276e-01
    2.103004902601242e-01
    1.567303836345673e-01
    3.705464005470276e-01
    2.003640383481979e-01
    3.359377384185791e-01
    3.705464005470276e-01
    3.047335445880890e-01
    2.351552397012711e-01
    1.584073901176453e-01
    2.226159870624542e-01
    1.939307600259781e-01
    1.306859552860260e-01
    2.823016941547394e-01
    1.356093436479568e-01
    1.307632029056549e-01
    1.240030005574226e-01
    3.705464005470276e-01
    1.251466721296310e-01
    1.701268255710602e-01
    2.373996675014496e-01
    3.705464005470276e-01
    2.370399683713913e-01
    1.497765332460403e-01
    1.268596053123474e-01
    2.148999273777008e-01
    3.705464005470276e-01
    2.848935425281525e-01
    3.442902565002441e-01
    3.048176765441895e-01
    3.705464005470276e-01
    1.240776851773262e-01
    3.435360789299011e-01
    3.101749718189240e-01
    2.327254712581635e-01
    3.235220909118652e-01
    1.342151910066605e-01
    3.526420295238495e-01
    2.481695562601089e-01
    1.849519163370132e-01
    2.032251507043839e-01
    1.474491804838181e-01
    3.611809909343719e-01
    1.383770853281021e-01
    1.688538044691086e-01
    3.134137392044067e-01
    3.522692620754242e-01
    1.834501922130585e-01
    2.212456613779068e-01
    3.705464005470276e-01
    1.491137593984604e-01
    3.705464005470276e-01
    3.705464005470276e-01
    3.705464005470276e-01
    1.250716000795364e-01
    2.178876847028732e-01
    1.526139378547668e-01
    2.061387747526169e-01
    1.348983496427536e-01
    1.461660116910934e-01
    1.380221098661423e-01
    1.714747548103333e-01
    3.705464005470276e-01
    3.016993701457977e-01
    1.971525996923447e-01
    3.705464005470276e-01
    1.656339466571808e-01
    3.705464005470276e-01
    1.333503574132919e-01
    2.439744919538498e-01
    1.447241157293320e-01
    2.163207828998566e-01
    1.296200156211853e-01
    2.115653753280640e-01
    1.956800669431686e-01
    3.127421140670776e-01
    1.831033229827881e-01
    3.420868515968323e-01
    1.251077800989151e-01
    1.946333497762680e-01
    1.508783549070358e-01
    1.428091824054718e-01
    3.705464005470276e-01
    1.464647203683853e-01
    1.686413735151291e-01
    3.705464005470276e-01
    3.705464005470276e-01
