    1.613661408424377e+00    -7.140997648239136e-01     6.974610090255737e-01    -6.008089333772659e-02
    2.510258197784424e+00     7.092294692993164e-01    -4.838645756244659e-01     5.127070546150208e-01
    1.990718483924866e+00    -2.419921755790710e-01     3.805369436740875e-01    -8.925420045852661e-01
    9.806198477745056e-01    -8.600414395332336e-01    -2.103743553161621e-01     4.648345112800598e-01
    1.453096032142639e+00    -6.473201513290405e-01    -6.535463333129883e-01     3.922418951988220e-01
    1.519603490829468e+00     7.263236045837402e-01    -1.162334010004997e-01    -6.774538755416870e-01
    1.177599906921387e+00     9.234902262687683e-01     3.674263954162598e-01    -1.102903410792351e-01
    2.221168994903564e+00     4.666622579097748e-01    -4.642933905124664e-01     7.527669668197632e-01
    1.400816917419434e+00    -1.612666100263596e-01    -7.739987373352051e-01    -6.123063564300537e-01
    2.423223257064819e+00    -6.892019510269165e-01    -7.245663404464722e-01     2.114170230925083e-03
    1.042631983757019e+00    -8.516238331794739e-01     5.162823200225830e-01     9.049466997385025e-02
    1.347978711128235e+00    -9.397140145301819e-01     2.529876232147217e-01     2.300760149955750e-01
    2.753916263580322e+00    -7.829055190086365e-01    -6.151085495948792e-01     9.327656030654907e-02
    2.843312740325928e+00     6.828759312629700e-01     3.951588571071625e-01    -6.144345402717590e-01
    1.339553475379944e+00    -7.935829460620880e-02     9.959782958030701e-01    -4.158693552017212e-02
    2.962321519851685e+00     9.377761483192444e-01    -2.522822618484497e-01     2.385990023612976e-01
    1.828085422515869e+00    -2.433927506208420e-01    -9.552396535873413e-01    -1.681578755378723e-01
    9.388189911842346e-01    -7.291108965873718e-01     2.285813689231873e-01     6.450953483581543e-01
    9.971567988395691e-01     1.061355788260698e-02     6.899390220642090e-01    -7.237897515296936e-01
    1.236763119697571e+00     8.262544274330139e-01    -9.235700964927673e-02     5.556740164756775e-01
    2.803646564483643e+00    -1.081589460372925e-01     9.619179368019104e-01     2.510287463665009e-01
    2.637334346771240e+00    -7.157415747642517e-01     6.863998770713806e-01     1.287216991186142e-01
    2.324520587921143e+00    -1.050970554351807e-01    -4.126344323158264e-01     9.048134088516235e-01
    6.600672602653503e-01    -4.566675424575806e-01     4.366582632064819e-01     7.751027941703796e-01
    9.919110536575317e-01    -6.771376729011536e-01     4.906170070171356e-01     5.484335422515869e-01
    8.674727678298950e-01    -1.706883013248444e-01    -8.509819507598877e-01    -4.966841340065002e-01
    8.672746419906616e-01    -5.360697507858276e-01     7.950521707534790e-01    -2.837623953819275e-01
    1.937093615531921e+00     3.143950700759888e-01     7.698983885347843e-03     9.492610096931458e-01
    2.617556095123291e+00    -9.860920161008835e-02    -7.967654466629028e-01    -5.961888432502747e-01
    1.580303907394409e+00     8.629387617111206e-01     4.323358535766602e-01    -2.615765333175659e-01
    1.486730337142944e+00     5.950880423188210e-02    -8.855012059211731e-01     4.608107209205627e-01
    2.036198139190674e+00     3.407038152217865e-01     5.372000336647034e-01     7.715808153152466e-01
    2.281204700469971e+00    -8.357251882553101e-01    -4.866738915443420e-01     2.543853521347046e-01
    5.254256129264832e-01     6.727541089057922e-01     3.602164238691330e-02    -7.389888167381287e-01
    2.212062835693359e+00     4.505788385868073e-01    -7.476688027381897e-01     4.878217577934265e-01
    2.853116989135742e+00    -5.982326865196228e-01    -7.255896925926208e-01    -3.400548398494720e-01
    1.165992379188538e+00     7.290052771568298e-01    -6.741896867752075e-01     1.184047013521194e-01
    2.033491849899292e+00     6.259465217590332e-01     2.049689739942551e-01     7.524486184120178e-01
    7.663909196853638e-01     1.457641869783401e-01     2.070830613374710e-01     9.674034118652344e-01
    3.538753688335419e-01    -5.179252624511719e-01    -6.956301331520081e-01    -4.978477060794830e-01
    1.391062617301941e+00    -5.275365114212036e-01    -8.491226434707642e-01    -2.638442814350128e-02
    1.093988418579102e+00     4.386775493621826e-01     8.985407948493958e-01    -1.365482155233622e-02
    1.938250422477722e+00    -5.602433085441589e-01     6.103614568710327e-01     5.599879026412964e-01
    9.131847620010376e-01    -8.485382795333862e-01    -3.655935823917389e-01    -3.825234472751617e-01
    2.501719474792480e+00     1.306489109992981e-01     4.919727742671967e-01     8.607519268989563e-01
    2.408815383911133e+00    -5.908284187316895e-01    -5.562199950218201e-01     5.844151973724365e-01
    1.587941884994507e+00    -9.739856123924255e-01    -2.208099812269211e-01    -5.094299092888832e-02
    1.687927603721619e+00    -3.241923153400421e-01     9.157271981239319e-01     2.373667359352112e-01
    1.444141626358032e+00    -9.391632676124573e-01    -3.077848851680756e-01    -1.524499654769897e-01
    2.413346290588379e+00     6.881694793701172e-01    -5.201692581176758e-01    -5.058131814002991e-01
    1.849791646003723e+00    -5.155703425407410e-01     2.492683529853821e-01    -8.197881579399109e-01
    1.519649505615234e+00    -9.937706589698792e-01    -9.605708718299866e-02    -5.650710314512253e-02
    1.561559915542603e+00    -4.695464670658112e-01     2.267966270446777e-01     8.532815575599670e-01
    7.678532004356384e-01    -3.245863020420074e-01    -4.207013547420502e-01     8.471447825431824e-01
    8.997240662574768e-01     9.105002284049988e-01     1.778050512075424e-01    -3.733291029930115e-01
    1.077607989311218e+00    -2.221431583166122e-01    -9.506000876426697e-01    -2.168222963809967e-01
    2.221010923385620e+00     7.615734338760376e-01     5.005077719688416e-01    -4.117014110088348e-01
    2.305769920349121e+00     6.621129065752029e-02     3.337820768356323e-01    -9.403222203254700e-01
    1.131906151771545e+00    -8.077723979949951e-01    -4.870956242084503e-01     3.320268690586090e-01
    1.497452020645142e+00    -1.238580122590065e-01    -7.027743458747864e-01    -7.005478739738464e-01
    2.602991580963135e+00     3.396620601415634e-02     2.612655758857727e-01     9.646691679954529e-01
    2.399705648422241e+00     5.807156562805176e-01     7.367945313453674e-01     3.462703526020050e-01
    1.792440533638000e+00    -4.804024398326874e-01     7.565158009529114e-01     4.437312185764313e-01
    2.509628295898438e+00     8.419579267501831e-02     9.645189046859741e-01     2.502283155918121e-01
    2.809717178344727e+00     8.702958226203918e-01     1.037423536181450e-01    -4.814799726009369e-01
    2.815984725952148e+00    -6.968497037887573e-01    -5.371820926666260e-01    -4.752219021320343e-01
    2.809167861938477e+00     9.584292769432068e-01    -2.848976254463196e-01     1.570185087621212e-02
    9.551650881767273e-01     6.393905878067017e-01     3.886476159095764e-01    -6.634250283241272e-01
    2.819971084594727e+00    -1.602258831262589e-01    -7.720741629600525e-02    -9.840562343597412e-01
    2.853372812271118e+00    -1.259689480066299e-01    -9.846650958061218e-01    -1.206922009587288e-01
    8.186727762222290e-01     2.652983367443085e-02     5.319483280181885e-01    -8.463611006736755e-01
    2.716718912124634e+00     9.875331819057465e-02    -9.730279445648193e-01    -2.084811925888062e-01
    2.644483804702759e+00     9.116023778915405e-01    -4.093516170978546e-01    -3.757965937256813e-02
    2.317699432373047e+00    -9.062794446945190e-01    -3.632771372795105e-01    -2.160723358392715e-01
    1.454728364944458e+00     9.319884181022644e-01    -4.432275518774986e-02     3.597679734230042e-01
    1.291459202766418e+00    -3.655715286731720e-01    -4.984511807560921e-02     9.294476509094238e-01
    1.668894767761230e+00    -7.720081806182861e-01     1.342256739735603e-02     6.354709863662720e-01
    9.486042261123657e-01    -8.523717522621155e-01    -4.886032640933990e-01    -1.863581687211990e-01
    2.431644439697266e+00    -8.542392253875732e-01    -3.704133927822113e-01     3.647866547107697e-01
    2.204797983169556e+00     3.850415647029877e-01     4.771398901939392e-01    -7.899875640869141e-01
    2.097793340682983e+00     9.033341407775879e-01     2.233859300613403e-01     3.661778271198273e-01
    1.412012577056885e+00    -2.580621540546417e-01     7.789421081542969e-01    -5.715356469154358e-01
    2.367610216140747e+00     7.504516243934631e-01     7.550940662622452e-02    -6.565978527069092e-01
    1.451916933059692e+00    -5.340535044670105e-01     7.176492214202881e-01     4.469526410102844e-01
    9.714118838310242e-01    -2.286414206027985e-01     5.381687283515930e-01    -8.112320303916931e-01
    1.261987805366516e+00    -2.610031664371490e-01     9.347484111785889e-01     2.410864233970642e-01
    2.803279161453247e+00    -5.270965099334717e-01     1.670997738838196e-01     8.332148790359497e-01
    2.737032651901245e+00     8.116189837455750e-01     3.667007684707642e-01     4.547582268714905e-01
    4.345598816871643e-01    -4.117491245269775e-01    -3.632414340972900e-02    -9.105731248855591e-01
    1.702194809913635e+00     1.769004911184311e-01    -9.353966712951660e-01    -3.061686754226685e-01
    5.831840634346008e-01     1.359629482030869e-01    -7.669426798820496e-01    -6.271468400955200e-01
    1.809790968894958e+00     3.000584244728088e-01    -9.538077116012573e-01    -1.469292864203453e-02
    1.264027953147888e+00    -9.018243551254272e-01     3.961271047592163e-01    -1.726154536008835e-01
    1.766480565071106e+00    -9.792724847793579e-01    -8.318337053060532e-02    -1.846779882907867e-01
    1.699106454849243e+00    -8.882434368133545e-01     3.600057661533356e-01    -2.853409051895142e-01
    2.182054042816162e+00     6.747545599937439e-01    -3.812748789787292e-01     6.319301724433899e-01
    1.628164649009705e+00    -9.394113421440125e-01     4.388154670596123e-02    -3.399718701839447e-01
    1.558559417724609e+00    -8.173179030418396e-01    -2.195952236652374e-01     5.327000617980957e-01
    4.285166859626770e-01    -5.270459055900574e-01    -5.505269765853882e-01    -6.474122405052185e-01
    7.862571477890015e-01     1.164222434163094e-01     6.340674310922623e-02    -9.911737442016602e-01
    1.799154520034790e+00    -1.818560808897018e-01     3.671797513961792e-01     9.121991991996765e-01
    7.657292485237122e-01    -4.037997424602509e-01     2.821387052536011e-01     8.702548146247864e-01
    7.641423940658569e-01     3.811664581298828e-01     1.102984994649887e-01     9.179032444953918e-01
    1.655807256698608e+00    -2.552928030490875e-01     8.091611266136169e-01     5.292295217514038e-01
    2.382673501968384e+00    -9.183773398399353e-01     3.877576589584351e-01    -7.891183346509933e-02
    1.852786779403687e+00     5.232958197593689e-01    -1.933806091547012e-01     8.299189805984497e-01
    1.980461359024048e+00     1.078774854540825e-01     3.919484615325928e-01    -9.136405587196350e-01
    2.931541681289673e+00     1.079098507761955e-01    -2.936485409736633e-02     9.937269687652588e-01
    2.750980854034424e+00     7.477015256881714e-01    -6.156376600265503e-01    -2.488625347614288e-01
    2.221001386642456e+00     6.217446327209473e-01    -9.800655394792557e-02     7.770638465881348e-01
    2.524041652679443e+00    -2.023022472858429e-01    -9.502252936363220e-01     2.369509339332581e-01
    7.691375017166138e-01     5.531356930732727e-01    -8.328371047973633e-01    -2.057608403265476e-02
    2.622829675674438e+00    -8.967311382293701e-01     2.038920074701309e-01     3.928119242191315e-01
    1.002165794372559e+00    -5.922759175300598e-01    -6.275931000709534e-01     5.053079724311829e-01
    6.702914834022522e-01     8.635094761848450e-01     4.789247512817383e-01    -1.580590158700943e-01
    1.629747986793518e+00    -7.551038265228271e-01    -4.605823755264282e-01     4.665641486644745e-01
    1.877387881278992e+00     3.532420098781586e-01     9.350126385688782e-01     3.117031231522560e-02
    1.486481428146362e+00    -2.662472426891327e-01    -1.561970822513103e-02     9.637781977653503e-01
    1.729164719581604e+00     9.357296675443649e-02     9.334242939949036e-01    -3.463571369647980e-01
    2.653464555740356e+00    -4.318558573722839e-01    -7.115233540534973e-01     5.542879700660706e-01
    9.984614849090576e-01    -3.545626625418663e-02     8.461177349090576e-01    -5.318153500556946e-01
    2.063104391098022e+00    -7.035391926765442e-01     2.474348247051239e-01     6.661896109580994e-01
    4.205678105354309e-01    -4.370245337486267e-01    -5.119584202766418e-01    -7.395323514938354e-01
    2.752763032913208e+00     4.385632276535034e-01    -3.475160300731659e-01     8.287912011146545e-01
    1.377186655998230e+00     9.107286930084229e-01     2.465524226427078e-01    -3.313384354114532e-01
    1.277934074401855e+00    -6.494050025939941e-01     5.309743285179138e-01    -5.443705916404724e-01
    1.904084086418152e+00     3.719235658645630e-01     8.009722828865051e-01    -4.691657125949860e-01
    2.562811613082886e+00     4.538237750530243e-01    -2.684487402439117e-01    -8.496935367584229e-01
    2.080331802368164e+00     1.934163719415665e-01     5.433116555213928e-01     8.169472217559814e-01
    9.570429325103760e-01     7.724430561065674e-01     2.465598434209824e-01    -5.852692127227783e-01
    2.587353944778442e+00    -5.205897986888885e-02     9.977628588676453e-01     4.194399341940880e-02
    6.349728107452393e-01    -5.437996387481689e-01    -4.633004963397980e-01    -6.997389197349548e-01
    1.983872532844543e+00    -7.799686789512634e-01    -6.254950761795044e-01     2.011309377849102e-02
    2.389830350875854e+00     9.452547878026962e-02     9.948841929435730e-01    -3.564007207751274e-02
    1.774223089218140e+00    -5.071383118629456e-01     4.194277822971344e-01     7.529217004776001e-01
    7.908881306648254e-01     8.833671808242798e-01     1.753525733947754e-01    -4.346421360969543e-01
    8.753399848937988e-01    -3.068951666355133e-01    -7.367901206016541e-01     6.024580597877502e-01
    2.530309438705444e+00     4.719638526439667e-01     6.840288043022156e-01    -5.561967492103577e-01
    1.417537093162537e+00     3.224727809429169e-01     8.218368291854858e-01     4.696760177612305e-01
    2.143001317977905e+00     8.048149347305298e-01    -4.704689979553223e-01     3.618448376655579e-01
    9.653928875923157e-01    -7.316879034042358e-01     4.454583227634430e-01    -5.159453749656677e-01
    1.312671303749084e+00     6.243395805358887e-01    -2.204754762351513e-02     7.808418273925781e-01
    1.494034528732300e+00     3.638280332088470e-01    -8.042376041412354e-01     4.699266552925110e-01
    2.650710344314575e+00     4.342552423477173e-01     6.755861639976501e-01    -5.958236455917358e-01
    1.738810539245605e+00    -9.456360936164856e-01    -3.081263601779938e-01    -1.040694937109947e-01
    1.050090909004211e+00     3.281840384006500e-01     7.539883255958557e-01     5.690315961837769e-01
    2.415942430496216e+00    -9.760028123855591e-01     1.277909874916077e-01    -1.763177663087845e-01
    1.335072636604309e+00     4.374096989631653e-01     8.362796306610107e-01    -3.306196331977844e-01
    5.491639971733093e-01    -9.563569724559784e-02     9.140918254852295e-01    -3.940684199333191e-01
    2.396146535873413e+00     4.436186552047729e-01     8.511813879013062e-01    -2.805224955081940e-01
    1.202875852584839e+00    -3.125136792659760e-01     1.643970310688019e-01    -9.355794191360474e-01
    2.590468883514404e+00     3.293032348155975e-01    -8.116579055786133e-01     4.824632108211517e-01
    5.727581977844238e-01    -2.680850327014923e-01     4.908497929573059e-01    -8.289733529090881e-01
    2.317312955856323e+00    -2.835617661476135e-01     9.288085103034973e-01    -2.385526150465012e-01
    2.743484020233154e+00    -3.871537148952484e-01     6.112720966339111e-01     6.902598142623901e-01
    9.716648459434509e-01    -1.843874603509903e-01     5.682584047317505e-01     8.019250631332397e-01
    7.291416525840759e-01    -2.586831152439117e-01    -8.132750391960144e-01    -5.212166905403137e-01
    1.777655720710754e+00     5.896812677383423e-01     6.132628023624420e-02    -8.053043484687805e-01
    1.627333641052246e+00    -9.435591697692871e-01    -2.195945531129837e-01     2.479401379823685e-01
    2.454453706741333e+00     9.436494708061218e-01     3.184403777122498e-01    -9.011790901422501e-02
    1.769234061241150e+00    -6.003025174140930e-01    -2.288394421339035e-01     7.663350105285645e-01
    2.837979555130005e+00    -3.184691965579987e-01    -3.191807270050049e-01     8.925812244415283e-01
    2.282876253128052e+00     7.957221865653992e-01     4.228818118572235e-01     4.335862696170807e-01
    8.322843909263611e-01     8.633427619934082e-01     4.802313446998596e-01    -1.549750566482544e-01
    1.416273832321167e+00     3.106158673763275e-01     4.223692715167999e-01    -8.515411615371704e-01
    5.348974466323853e-01    -8.942068815231323e-01    -4.042555987834930e-01     1.922796219587326e-01
    1.628098607063293e+00    -9.802342057228088e-01     1.973770856857300e-01     1.353543438017368e-02
    2.477791547775269e+00     5.210379958152771e-01     2.636227011680603e-01     8.118020296096802e-01
    9.750961065292358e-01     2.920588254928589e-01    -5.561425089836121e-01     7.780792713165283e-01
    1.992863655090332e+00    -1.320002079010010e-01     8.532428145408630e-01     5.045321583747864e-01
    1.370830297470093e+00    -9.763491153717041e-01    -1.448902934789658e-01     1.604649722576141e-01
    1.859958410263062e+00     4.309737682342529e-01    -7.406381368637085e-01    -5.154772400856018e-01
    1.746876835823059e+00     9.649949520826340e-02    -7.518767118453979e-01    -6.522033214569092e-01
    1.608679175376892e+00     3.183937668800354e-01    -2.251953929662704e-01    -9.208216071128845e-01
    1.413461327552795e+00     1.860530674457550e-01    -6.875876784324646e-01    -7.018600106239319e-01
    2.393422842025757e+00    -5.457291603088379e-01     5.995519161224365e-01    -5.854206681251526e-01
    2.608664751052856e+00     1.101121157407761e-01    -8.885405659675598e-01    -4.453886747360229e-01
    2.361910343170166e+00     4.543122276663780e-02    -5.908000469207764e-02    -9.972190260887146e-01
    1.059937477111816e+00    -1.770865917205811e-01     1.277352720499039e-01     9.758709669113159e-01
    1.644120693206787e+00    -3.857733905315399e-01     9.204515218734741e-01     6.283106654882431e-02
    1.840945482254028e+00    -2.940494418144226e-01    -5.561800003051758e-01    -7.773021459579468e-01
    4.461485743522644e-01     2.261006981134415e-01    -5.090248584747314e-01     8.305252194404602e-01
    1.337243199348450e+00    -2.172924280166626e-01     6.582481861114502e-01    -7.207590341567993e-01
    6.236562132835388e-01     8.393015861511230e-01     3.810202777385712e-01    -3.878097832202911e-01
    5.723883509635925e-01    -3.553011715412140e-01    -4.964714050292969e-01    -7.920082807540894e-01
    2.011239290237427e+00    -6.465595960617065e-01     2.667304575443268e-01    -7.147136926651001e-01
    1.895632982254028e+00     6.773146241903305e-02    -9.920682907104492e-01     1.058920174837112e-01
    1.896343469619751e+00     2.032775729894638e-01     7.168762683868408e-01    -6.669082045555115e-01
    2.763059139251709e+00     7.642406821250916e-01     6.400583982467651e-01    -7.912970334291458e-02
    6.003375649452209e-01    -7.268019765615463e-02    -8.476529121398926e-01    -5.255494117736816e-01
    2.227861404418945e+00    -2.156542614102364e-02    -6.700687408447266e-01    -7.419857978820801e-01
    1.408918499946594e+00    -7.963582873344421e-02    -6.659059524536133e-01     7.417731881141663e-01
    2.114754199981689e+00    -4.705388564616442e-03    -9.864632487297058e-01     1.639151424169540e-01
    6.795921921730042e-01    -4.652221798896790e-01    -9.035594761371613e-02    -8.805703520774841e-01
    2.221297502517700e+00     2.063567489385605e-01    -9.619815945625305e-01     1.789083331823349e-01
    1.149965167045593e+00    -4.551821649074554e-01    -3.204731345176697e-01     8.307262659072876e-01
    2.599993467330933e+00    -2.448612600564957e-01     3.409641683101654e-01     9.076268076896667e-01
    6.240322589874268e-01     6.319292783737183e-01    -6.823323369026184e-01     3.675432205200195e-01
    2.823471069335938e+00     6.329779028892517e-01    -7.181381583213806e-01     2.891652584075928e-01
    2.083822011947632e+00     2.725105583667755e-01    -9.268878102302551e-01    -2.581023573875427e-01
    1.539760351181030e+00     8.424776196479797e-01    -2.539176642894745e-01     4.751392006874084e-01
    6.411773562431335e-01     3.068331778049469e-01     5.495299100875854e-01     7.770909070968628e-01
    2.812170743942261e+00     8.731032013893127e-01    -1.072035953402519e-01    -4.756029546260834e-01
    1.380449175834656e+00    -4.836769104003906e-01    -1.161725446581841e-01     8.675024509429932e-01
    2.679032802581787e+00     1.928369253873825e-01     6.146103739738464e-01     7.648973464965820e-01
    2.820850849151611e+00     2.429691702127457e-01    -4.386759400367737e-01     8.651759028434753e-01
    2.403820276260376e+00    -3.512494266033173e-01    -5.370818376541138e-01     7.669203877449036e-01
    2.006826639175415e+00    -4.741895496845245e-01    -8.185783028602600e-01     3.241511881351471e-01
    2.140100479125977e+00     9.835987538099289e-02     8.472692966461182e-01    -5.219770669937134e-01
    1.277130007743835e+00     1.125848889350891e-01     2.806334793567657e-01     9.531891345977783e-01
    1.171432614326477e+00     7.098896503448486e-01    -6.951020956039429e-01     1.135343611240387e-01
    1.310059189796448e+00     4.007730782032013e-01     9.144883751869202e-01     5.560408905148506e-02
    1.884704113006592e+00     4.702432751655579e-01    -2.862620055675507e-01    -8.348204493522644e-01
    5.542221665382385e-01    -6.164058446884155e-01    -2.820162475109100e-01    -7.351944446563721e-01
    1.252446889877319e+00     1.868655830621719e-01     5.520403981208801e-01    -8.126084804534912e-01
    5.140639543533325e-01     6.293041706085205e-01     4.063002765178680e-01    -6.624924540519714e-01
    2.401533126831055e+00     5.002298355102539e-01    -3.464674651622772e-01     7.935555577278137e-01
    8.058494329452515e-01    -3.062013983726501e-01    -8.457046747207642e-01     4.370634555816650e-01
    1.236252427101135e+00     7.482976466417313e-02     9.814535379409790e-01     1.764923632144928e-01
    8.657274246215820e-01     7.563968896865845e-01    -6.270521283149719e-01     1.861970275640488e-01
    2.035547971725464e+00    -1.475492268800735e-01    -2.150187790393829e-01    -9.653995037078857e-01
    1.073263287544250e+00     8.784980326890945e-02    -3.608045578002930e-01    -9.284946918487549e-01
    2.964007139205933e+00    -7.281340360641479e-01    -1.750816106796265e-01     6.626969575881958e-01
    9.456925988197327e-01     4.173604547977448e-01     5.758331418037415e-01     7.030124664306641e-01
    2.222683191299438e+00     8.866808414459229e-01    -7.949560135602951e-02    -4.554971158504486e-01
    9.034488201141357e-01    -5.217833817005157e-02    -7.061506509780884e-01     7.061364054679871e-01
    1.550892710685730e+00    -9.101095199584961e-01    -1.198058798909187e-01    -3.966704905033112e-01
    2.585660934448242e+00    -4.901237785816193e-01    -8.079721927642822e-01     3.270468711853027e-01
    2.751263380050659e+00     1.916391402482986e-01    -7.338427901268005e-01    -6.517277956008911e-01
    1.889173984527588e+00    -3.947781622409821e-01     2.857876941561699e-03     9.187719821929932e-01
    2.302577018737793e+00     3.608911633491516e-01     2.210658639669418e-01    -9.060284495353699e-01
    2.899296760559082e+00    -6.894344091415405e-01     7.027456760406494e-01    -1.755815595388412e-01
    2.239684581756592e+00    -8.450675606727600e-01     4.200158715248108e-01    -3.308286368846893e-01
    2.483870983123779e+00     7.462485432624817e-01    -5.526495575904846e-01    -3.710681200027466e-01
    1.580313444137573e+00     7.897400259971619e-01     2.905815541744232e-01    -5.402527451515198e-01
    1.295117378234863e+00    -5.618466734886169e-01     6.365568637847900e-01     5.283216238021851e-01
    2.267175436019897e+00    -9.355183839797974e-01    -3.497578203678131e-01     4.974802955985069e-02
    2.882705688476562e+00     6.711006164550781e-01    -6.336680054664612e-01    -3.848230540752411e-01
    2.387346982955933e+00    -7.751885652542114e-01    -4.086408615112305e-01    -4.817625284194946e-01
    1.618763327598572e+00    -6.442785859107971e-01     6.429947614669800e-01     4.140806496143341e-01
    7.214651703834534e-01    -1.612772345542908e-01    -9.415840506553650e-01    -2.956504821777344e-01
    1.693112254142761e+00     4.403690993785858e-01     8.828265666961670e-01     1.633775085210800e-01
    1.546102285385132e+00     9.526320695877075e-01     2.536985874176025e-01     1.677172034978867e-01
    1.876267313957214e+00     7.505930066108704e-01    -4.648230671882629e-01     4.696269333362579e-01
    1.754268050193787e+00     3.942047059535980e-01    -6.220282316207886e-01    -6.765230298042297e-01
    2.295413255691528e+00     2.291843295097351e-01     8.814436793327332e-01    -4.129548072814941e-01
    7.968118786811829e-01    -5.579339265823364e-01     5.790437459945679e-01    -5.944898128509521e-01
    2.074316501617432e+00     1.231140196323395e-01    -2.959322035312653e-01    -9.472417831420898e-01
    1.547904968261719e+00     4.667233526706696e-01    -8.825964927673340e-01    -5.650385841727257e-02
    2.803284883499146e+00     7.174332141876221e-01    -5.619950890541077e-01     4.116444885730743e-01
    1.865444421768188e+00     7.941571474075317e-01    -5.338408350944519e-01    -2.903937995433807e-01
    1.437565684318542e+00     5.624115467071533e-01    -1.610468029975891e-01     8.110224604606628e-01
    9.737890958786011e-01     9.962614178657532e-01    -9.890619665384293e-03     8.582261949777603e-02
    2.396291971206665e+00    -9.394278526306152e-01     1.790546178817749e-01    -2.922580242156982e-01
    1.676248192787170e+00    -3.166769742965698e-01    -9.485327005386353e-01    -1.194742391817272e-03
    2.178545951843262e+00    -9.894189834594727e-01    -1.450026333332062e-01    -4.954018164426088e-03
    1.221218943595886e+00     4.341279864311218e-01     3.679322898387909e-01    -8.222886919975281e-01
    2.715268135070801e+00    -3.823427855968475e-01    -2.086127549409866e-01    -9.001637697219849e-01
    1.873041033744812e+00    -6.320619583129883e-01     2.764526903629303e-01    -7.239279150962830e-01
    1.088236331939697e+00     7.810688018798828e-01    -3.889309614896774e-02    -6.232326626777649e-01
    1.012266755104065e+00    -3.546280860900879e-01    -4.435553252696991e-01     8.231023550033569e-01
    1.605567455291748e+00     2.623428702354431e-01    -9.295676350593567e-01     2.589989304542542e-01
    4.715160429477692e-01     5.711191892623901e-01     1.934365481138229e-01    -7.977499961853027e-01
    2.472177743911743e+00     2.861567139625549e-01    -8.518112301826477e-01    -4.387845396995544e-01
    1.872995138168335e+00     9.136893749237061e-01     3.604888916015625e-01    -1.876686513423920e-01
    7.586446404457092e-01    -2.330984473228455e-01     8.293792009353638e-01     5.077354311943054e-01
    1.685402393341064e+00    -5.139089226722717e-01     2.945828624069691e-02     8.573388457298279e-01
    1.519962787628174e+00     7.056854367256165e-01    -6.394259333610535e-01    -3.051926493644714e-01
    2.093718290328979e+00     3.615146875381470e-01    -5.210650563240051e-01     7.731742262840271e-01
    1.082653999328613e+00     2.472770512104034e-01    -9.573909044265747e-01     1.491871327161789e-01
    2.623318910598755e+00    -7.759878635406494e-01    -3.313345611095428e-01     5.367125272750854e-01
    2.175889253616333e+00    -4.723018705844879e-01    -2.175120264291763e-01    -8.541778326034546e-01
    2.517804384231567e+00     7.442048192024231e-02     8.212032318115234e-01    -5.657622218132019e-01
    1.710294842720032e+00     5.034025758504868e-02    -7.297092676162720e-01     6.819019317626953e-01
    2.295021057128906e+00    -8.514164686203003e-01    -3.632522523403168e-01    -3.783355653285980e-01
    8.867962956428528e-01     2.896507680416107e-01     1.170275658369064e-01     9.499509930610657e-01
    1.787285089492798e+00    -7.861679792404175e-01     6.178722977638245e-01    -1.318244356662035e-02
    2.672970533370972e+00    -4.018516242504120e-01     2.086373567581177e-01     8.916197419166565e-01
    1.360420227050781e+00    -1.444438844919205e-01    -9.606252312660217e-01    -2.373501956462860e-01
    1.829404830932617e+00     9.689261913299561e-01     1.254447996616364e-01    -2.131798118352890e-01
    8.201403617858887e-01     1.717106103897095e-01     3.252216577529907e-01     9.299173951148987e-01
    1.804357767105103e+00    -2.492300570011139e-01    -7.613252997398376e-01    -5.985550880432129e-01
    4.947149157524109e-01     5.135652422904968e-01    -5.428547263145447e-01    -6.644994616508484e-01
    1.898804068565369e+00     4.297741651535034e-01     7.218205332756042e-01    -5.424659848213196e-01
    2.314613580703735e+00    -2.414407581090927e-01     3.626363575458527e-01    -9.001117944717407e-01
    1.034232139587402e+00     3.921080231666565e-01    -7.918756008148193e-01     4.681714475154877e-01
    6.585662364959717e-01    -1.361091732978821e-01     5.139878988265991e-01     8.469302058219910e-01
    1.167712688446045e+00     1.695378273725510e-01    -6.742586493492126e-01    -7.187712192535400e-01
    2.129580259323120e+00     7.564010024070740e-01     8.855953067541122e-02     6.480855345726013e-01
    5.219635963439941e-01    -3.161720335483551e-01    -6.602309346199036e-01    -6.812711954116821e-01
    4.968287348747253e-01     7.320252805948257e-02     5.954756140708923e-01    -8.000313043594360e-01
    1.582345485687256e+00    -4.437589943408966e-01     7.340908646583557e-01     5.139928460121155e-01
    1.530459403991699e+00    -2.463679760694504e-01    -8.691951632499695e-01    -4.287221431732178e-01
    2.319315433502197e+00    -1.605386883020401e-01    -7.193231582641602e-01     6.758710145950317e-01
    7.933904528617859e-01    -2.426101081073284e-02    -7.789422869682312e-01     6.266260743141174e-01
    1.427801251411438e+00    -1.058563366532326e-01     6.883833408355713e-01    -7.175813317298889e-01
    2.958292722702026e+00    -7.716187834739685e-01    -5.545117259025574e-01    -3.116428852081299e-01
    6.056656837463379e-01     3.638855814933777e-01     9.214098453521729e-01    -1.363498419523239e-01
    4.580249190330505e-01    -4.422605931758881e-01    -5.484160035848618e-02    -8.952082991600037e-01
    2.584301471710205e+00    -2.707887887954712e-01    -9.948691725730896e-02    -9.574841260910034e-01
    2.506230592727661e+00    -8.776532411575317e-01    -3.388910293579102e-01     3.389361202716827e-01
    1.684476375579834e+00    -5.807488560676575e-01    -5.308299660682678e-01     6.172118186950684e-01
    8.826071619987488e-01     6.403751969337463e-01     4.613937735557556e-01     6.140321493148804e-01
    6.252461075782776e-01     4.723865091800690e-01     6.717472076416016e-01     5.706196427345276e-01
    2.933502912521362e+00    -7.098015397787094e-02    -3.943325877189636e-01    -9.162224531173706e-01
    2.721138715744019e+00     2.144825309514999e-01    -9.219044446945190e-01    -3.226289749145508e-01
    2.165647029876709e+00    -8.976757526397705e-02    -6.144568324089050e-01    -7.838269472122192e-01
    6.624473333358765e-01    -1.282887458801270e-01    -2.940030694007874e-01    -9.471558332443237e-01
    2.071462869644165e+00     4.840689003467560e-01    -8.738122582435608e-01    -4.614650085568428e-02
    2.986665487289429e+00    -9.940153956413269e-01    -9.573218226432800e-02     5.261927470564842e-02
    1.205745220184326e+00     6.085589155554771e-02    -8.909623622894287e-01     4.499808251857758e-01
    6.638653874397278e-01     3.647598624229431e-01     7.355821728706360e-01    -5.708494782447815e-01
    2.977994441986084e+00    -6.432394385337830e-01     1.607088744640350e-01    -7.486093044281006e-01
    2.762555599212646e+00    -7.563771307468414e-02    -8.325425535440445e-02     9.936536550521851e-01
    8.550234436988831e-01    -1.971885412931442e-01    -9.362941980361938e-01    -2.906368970870972e-01
    2.152699232101440e+00    -3.097121715545654e-01    -7.427231073379517e-01    -5.936671495437622e-01
    7.230955362319946e-01     1.663181334733963e-01     8.043875694274902e-01     5.703498721122742e-01
    1.097962379455566e+00    -5.810692906379700e-01     3.682052493095398e-01    -7.257985472679138e-01
    9.011434912681580e-01    -1.656426638364792e-01    -9.742140173912048e-01     1.531975716352463e-01
    1.560849070549011e+00     9.009839296340942e-01    -1.077076420187950e-01     4.202703237533569e-01
    2.706444978713989e+00     2.370982617139816e-01    -4.920135438442230e-02     9.702389836311340e-01
    4.578427374362946e-01    -8.457027673721313e-01    -5.161863565444946e-01     1.354196518659592e-01
    5.029063820838928e-01     5.606014728546143e-01    -7.634667754173279e-01    -3.206937909126282e-01
    2.462085247039795e+00    -5.277423858642578e-01     4.232096076011658e-01    -7.364656329154968e-01
    1.166602015495300e+00    -1.555409729480743e-01     9.234989285469055e-01     3.506518006324768e-01
    2.416682958602905e+00     4.383111298084259e-01     2.691247761249542e-01     8.575868606567383e-01
    8.184502124786377e-01    -5.107326507568359e-01    -8.494995832443237e-01    -1.322968304157257e-01
    2.669439315795898e+00     9.997511506080627e-01     2.706453669816256e-04     2.230724319815636e-02
    6.229246854782104e-01    -6.179337501525879e-01     4.899308085441589e-01    -6.149193048477173e-01
    2.423260927200317e+00     2.283177524805069e-01     7.230916619300842e-01    -6.519274711608887e-01
    2.710614681243896e+00     2.040493190288544e-01    -2.404050529003143e-01     9.489833116531372e-01
    2.988070964813232e+00    -6.521784663200378e-01    -2.183431833982468e-01     7.259405255317688e-01
    2.985376596450806e+00    -9.149857163429260e-01    -2.952944040298462e-01    -2.749588489532471e-01
    7.077983021736145e-01     2.554719746112823e-01     7.959842085838318e-01     5.487653017044067e-01
    2.455104827880859e+00     8.673748970031738e-01    -1.397785842418671e-01     4.776220321655273e-01
    6.417002081871033e-01     1.627063900232315e-01     9.792667627334595e-01     1.206781044602394e-01
    2.832437276840210e+00    -8.069956898689270e-01     4.531279802322388e-01     3.787256777286530e-01
    1.221571445465088e+00     7.307851314544678e-01     6.779236197471619e-01    -7.982912659645081e-02
    2.990841388702393e+00     9.710742235183716e-01    -2.353824526071548e-01    -4.012500122189522e-02
    1.039420485496521e+00    -2.102610468864441e-01     8.865308761596680e-01     4.121325910091400e-01
    1.448115110397339e+00     5.509642362594604e-01     6.292708516120911e-01    -5.481392145156860e-01
    1.712288975715637e+00     1.739813759922981e-02     3.197368979454041e-01     9.473467469215393e-01
    1.838615775108337e+00    -8.737042546272278e-01    -2.532972395420074e-01    -4.153085350990295e-01
    7.054876089096069e-01    -6.364161968231201e-01    -6.581911444664001e-02    -7.685325741767883e-01
    1.903616786003113e+00    -4.972654283046722e-01    -6.960854530334473e-01    -5.178727507591248e-01
    4.534880518913269e-01     1.459679752588272e-01     5.719994753599167e-02    -9.876343011856079e-01
    2.787023782730103e+00     5.209733247756958e-01    -1.349025871604681e-02    -8.534663915634155e-01
    2.764155149459839e+00    -5.271260738372803e-01     8.160374164581299e-01    -2.371094673871994e-01
    9.373955726623535e-01     8.004356920719147e-02     8.383272290229797e-01    -5.392592549324036e-01
    2.627267360687256e+00     6.534864902496338e-01    -1.669222265481949e-01    -7.383037209510803e-01
    9.137104749679565e-01    -5.205563306808472e-01    -4.331525564193726e-01    -7.357989549636841e-01
    2.055041551589966e+00    -8.916532397270203e-01     2.566822171211243e-01    -3.729193806648254e-01
    8.129470348358154e-01    -8.355351686477661e-01    -4.741076827049255e-01     2.776741385459900e-01
    2.319231748580933e+00     4.577100574970245e-01    -4.067524075508118e-01     7.906035780906677e-01
    1.370370268821716e+00     1.457457244396210e-01     9.211553335189819e-01    -3.608756661415100e-01
    2.146467447280884e+00    -9.196492433547974e-01     1.019262075424194e-01    -3.792841732501984e-01
    1.516300797462463e+00     1.415944248437881e-01     9.890167713165283e-01     4.238779470324516e-02
    1.366514682769775e+00     2.732583880424500e-01    -8.701944947242737e-01     4.099898338317871e-01
    2.142453670501709e+00    -9.239800274372101e-02    -9.917533993721008e-01    -8.881434053182602e-02
    2.321935892105103e+00    -3.318393826484680e-01    -9.369026422500610e-01     1.099823340773582e-01
    2.650526523590088e+00     3.248582361266017e-03     9.645213484764099e-01     2.639852166175842e-01
    1.961936831474304e+00     2.864225804805756e-01     1.063975468277931e-01     9.521772265434265e-01
    1.128571033477783e+00    -3.600906133651733e-01    -6.364945769309998e-01    -6.820625662803650e-01
    2.775653123855591e+00     6.433959007263184e-01    -5.792984366416931e-01    -5.004549026489258e-01
    2.676716566085815e+00    -1.795807667076588e-02    -4.896464049816132e-01     8.717361092567444e-01
    1.661049604415894e+00     4.984268844127655e-01     3.980453610420227e-01    -7.701495885848999e-01
    2.554372787475586e+00    -8.893038630485535e-01    -4.039680063724518e-01     2.143565565347672e-01
    1.753101587295532e+00     7.259051799774170e-01    -4.162371754646301e-01    -5.475475192070007e-01
    1.678846359252930e+00     7.877332568168640e-01     6.004137396812439e-01    -1.377664506435394e-01
    1.383057236671448e+00     4.651919752359390e-02    -8.150014877319336e-01     5.775886774063110e-01
    1.672175049781799e+00    -3.006052672863007e-01    -9.526985883712769e-01     4.474162682890892e-02
    1.598295688629150e+00    -4.512540996074677e-01    -5.990601181983948e-01    -6.614353060722351e-01
    7.579272389411926e-01    -8.039427399635315e-01     2.615400850772858e-01    -5.341093540191650e-01
    7.375511527061462e-01    -7.686251401901245e-01     5.962619185447693e-01     2.317051291465759e-01
    2.076219081878662e+00    -1.069962307810783e-01    -5.051531791687012e-01    -8.563713431358337e-01
    1.153203487396240e+00     3.932654261589050e-01     4.550874233245850e-01     7.988978624343872e-01
    2.215393781661987e+00     7.095308303833008e-01    -5.677637457847595e-01    -4.173850715160370e-01
    2.330994129180908e+00    -7.547721862792969e-01     6.555675864219666e-01    -2.345454879105091e-02
    2.529233932495117e+00    -9.833051562309265e-01    -6.054510176181793e-02    -1.715962290763855e-01
    1.546367526054382e+00    -9.766343832015991e-01     2.104868888854980e-01    -4.336728528141975e-02
    2.760086297988892e+00    -2.157309092581272e-03     9.062092304229736e-01    -4.228241145610809e-01
    7.702484130859375e-01    -1.832372695207596e-01    -1.989298909902573e-01     9.627309441566467e-01
    7.077625989913940e-01    -8.238771557807922e-02    -5.588637590408325e-01    -8.251567482948303e-01
    1.079406261444092e+00    -6.361784040927887e-02     7.724665403366089e-01     6.318609714508057e-01
    1.402582883834839e+00    -9.787333011627197e-01    -2.936959080398083e-02     2.030237615108490e-01
    2.568949937820435e+00    -5.106912851333618e-01    -8.001407384872437e-01    -3.145937025547028e-01
    1.154328703880310e+00     4.365865290164948e-01    -7.451912164688110e-01    -5.040658712387085e-01
    2.133839845657349e+00     8.772229552268982e-01    -4.800746738910675e-01    -2.865881659090519e-03
    2.177615165710449e+00    -1.169471889734268e-01    -7.205033898353577e-01     6.835190057754517e-01
    2.137726545333862e+00    -4.881384372711182e-01     9.199994057416916e-02    -8.679037094116211e-01
    2.347455024719238e+00     8.082364201545715e-01     4.952051937580109e-01    -3.186311721801758e-01
    1.009965896606445e+00    -7.787737846374512e-01    -9.205081500113010e-03     6.272374391555786e-01
    6.350232362747192e-01     4.148462414741516e-01     4.851674735546112e-01     7.697500586509705e-01
    1.999455451965332e+00     3.066827356815338e-01     4.261570870876312e-01    -8.510793447494507e-01
    1.744342327117920e+00    -3.813288807868958e-01     5.067659020423889e-01     7.731602191925049e-01
    9.831379652023315e-01    -8.580800890922546e-02    -6.639657020568848e-01    -7.428231835365295e-01
    2.306180953979492e+00    -7.728978991508484e-02    -5.306566953659058e-01    -8.440554141998291e-01
    1.649086117744446e+00     6.724888086318970e-01     1.062358617782593e-01    -7.324430942535400e-01
    9.390000104904175e-01     8.224720507860184e-02    -7.457200288772583e-01     6.611633896827698e-01
    2.801376819610596e+00     9.046337604522705e-01     3.967367112636566e-01     1.556844264268875e-01
    1.763972282409668e+00    -8.995268344879150e-01    -3.034810423851013e-01    -3.142460882663727e-01
    2.625431776046753e+00     9.647873044013977e-01    -1.522274315357208e-01     2.145044505596161e-01
    2.754816055297852e+00     9.414905309677124e-01    -3.240023851394653e-01     9.283392131328583e-02
    1.836509108543396e+00     4.281967878341675e-01     8.745722174644470e-01     2.275320142507553e-01
    4.321333169937134e-01     5.946463942527771e-01    -2.956565618515015e-01     7.476516366004944e-01
    2.261198997497559e+00     6.521143317222595e-01     2.358997166156769e-01    -7.204847931861877e-01
    2.369014978408813e+00     7.080641388893127e-01    -5.038417577743530e-01    -4.947612583637238e-01
    1.031997323036194e+00    -3.367834687232971e-01    -7.723851799964905e-01     5.385147333145142e-01
    2.210111618041992e+00     7.359974980354309e-01    -3.623990118503571e-01     5.718169212341309e-01
    8.768224120140076e-01    -3.880864977836609e-01    -7.499672770500183e-01     5.356659293174744e-01
    2.948321104049683e+00    -7.092751860618591e-01    -4.875029325485229e-01     5.091848373413086e-01
    1.503923416137695e+00    -1.162529587745667e-01     9.686834812164307e-01    -2.194030731916428e-01
    2.541269063949585e+00     1.008809581398964e-01     8.140410780906677e-01     5.719789266586304e-01
    2.575069904327393e+00    -1.645096093416214e-01    -5.440592765808105e-01     8.227612972259521e-01
    2.074457168579102e+00    -9.074602723121643e-01     2.748530507087708e-01    -3.177604973316193e-01
    2.307329922914505e-01     1.465705484151840e-01    -8.529050350189209e-01     5.010687708854675e-01
    1.434838294982910e+00     4.619252383708954e-01     1.702735275030136e-01    -8.704207539558411e-01
    1.322486996650696e+00     8.532809019088745e-01    -4.468730688095093e-01     2.687305808067322e-01
    1.429296731948853e+00    -4.100328087806702e-01     9.072507619857788e-01     9.364466369152069e-02
    2.756223201751709e+00    -6.051713228225708e-01    -4.424211978912354e-01    -6.618391871452332e-01
    4.264222681522369e-01     3.082809448242188e-01     9.073272347450256e-01     2.858670949935913e-01
    7.587907314300537e-01    -7.845939993858337e-01     1.417699307203293e-01    -6.035840511322021e-01
    1.323031067848206e+00    -6.805934906005859e-01     3.059766888618469e-01     6.657106876373291e-01
    8.883670568466187e-01    -7.901567816734314e-01     1.305157784372568e-02     6.127658486366272e-01
    1.160707235336304e+00     6.817567348480225e-01    -7.131093144416809e-01    -1.633490175008774e-01
    8.628761172294617e-01    -5.507892966270447e-01    -4.894265234470367e-01     6.760863661766052e-01
    5.476546287536621e-01     5.203514099121094e-01     1.030095964670181e-01    -8.477165699005127e-01
    1.570521712303162e+00    -6.407161951065063e-01    -2.166812717914581e-01     7.365677356719971e-01
    1.601670980453491e+00    -3.393925726413727e-01    -4.943279922008514e-01    -8.002827763557434e-01
    1.294544577598572e+00     1.660389825701714e-02     6.117832660675049e-01    -7.908512949943542e-01
    2.264630079269409e+00     6.848560571670532e-01     6.103367805480957e-01    -3.980721831321716e-01
    4.510858952999115e-01    -3.688438832759857e-01     5.793796479701996e-02     9.276839494705200e-01
    1.982029557228088e+00    -5.970773845911026e-02     8.399298787117004e-01     5.394001603126526e-01
    1.565873146057129e+00     4.742641150951385e-01     6.782847046852112e-01    -5.612516403198242e-01
    2.445003509521484e+00    -3.547151684761047e-01    -5.298557877540588e-01     7.703440785408020e-01
    1.399913549423218e+00    -3.126623630523682e-01     8.380830287933350e-01    -4.470560848712921e-01
    1.866215109825134e+00    -9.141269326210022e-01     4.006186425685883e-01     6.226148083806038e-02
    1.720959067344666e+00     2.719029188156128e-01     3.116692900657654e-01     9.104564785957336e-01
    2.002718448638916e+00     6.914699077606201e-01    -5.768566131591797e-01    -4.348629713058472e-01
    1.724817991256714e+00    -3.776908814907074e-01    -3.232418298721313e-01     8.676775693893433e-01
    2.237959623336792e+00     3.679761588573456e-01    -6.853770017623901e-01     6.283723711967468e-01
    1.974404692649841e+00     8.567401766777039e-01     1.009175181388855e-01     5.057787299156189e-01
    2.014544248580933e+00    -2.620967030525208e-01    -1.485053598880768e-01     9.535468816757202e-01
    1.659854769706726e+00    -1.985552012920380e-01    -9.790160655975342e-01     4.586413502693176e-02
    1.610469698905945e+00     8.096119016408920e-02     2.059109807014465e-01     9.752159714698792e-01
    1.327879190444946e+00     3.327776789665222e-01    -9.284069538116455e-01    -1.652855128049850e-01
    2.182994365692139e+00    -2.044546008110046e-01    -8.015022873878479e-01     5.619544386863708e-01
    2.847648620605469e+00    -3.978631794452667e-01    -1.791438907384872e-01     8.997846841812134e-01
    1.371014952659607e+00     1.101653128862381e-01    -9.888733029365540e-01    -9.996616840362549e-02
    1.021115541458130e+00    -6.158012151718140e-02    -8.894656896591187e-01    -4.528339207172394e-01
    2.803725957870483e+00    -4.727272391319275e-01     5.572378635406494e-01     6.826527714729309e-01
    1.964429378509521e+00     9.291736483573914e-01     1.205576136708260e-01    -3.494310975074768e-01
    2.006048202514648e+00    -4.419229626655579e-01     8.825502395629883e-01     1.606524288654327e-01
    1.542695283889771e+00     5.338634252548218e-01     7.857221961021423e-01     3.124583959579468e-01
    2.328951120376587e+00    -8.084800839424133e-02    -6.545169353485107e-01    -7.517122030258179e-01
    1.470880031585693e+00     7.895953953266144e-02     7.740281224250793e-01    -6.282084584236145e-01
    3.357922434806824e-01     1.346755921840668e-01    -7.429468631744385e-01     6.556618213653564e-01
    2.481319189071655e+00     9.636310935020447e-01     1.904170811176300e-01     1.875001788139343e-01
    2.189077854156494e+00     6.086889654397964e-02     9.554190635681152e-01    -2.889109253883362e-01
    1.337468504905701e+00    -8.400114625692368e-02     8.112289309501648e-01    -5.786634683609009e-01
    2.124484777450562e+00     5.709162354469299e-01    -6.615673899650574e-01    -4.861925542354584e-01
    1.356365203857422e+00     6.947116851806641e-01     6.862874031066895e-01    -2.153722643852234e-01
    2.492204189300537e+00     2.134473174810410e-01     4.872966408729553e-01     8.467480540275574e-01
    1.254178047180176e+00     6.136224269866943e-01     6.548407673835754e-01     4.411926269531250e-01
    2.805153608322144e+00    -2.586632072925568e-01    -7.850345373153687e-01    -5.628623962402344e-01
    8.815090060234070e-01    -6.692783832550049e-01    -7.090265750885010e-01    -2.221437394618988e-01
    1.015543937683105e+00     9.760044515132904e-03    -8.341586589813232e-01    -5.514384508132935e-01
    7.464510202407837e-01     4.637714922428131e-01     6.453834176063538e-01    -6.069566607475281e-01
    2.208883523941040e+00    -9.669883251190186e-01     4.633807763457298e-02     2.505716979503632e-01
    2.830036878585815e-01    -1.861346065998077e-01    -9.788758158683777e-01     8.459436148405075e-02
    2.811193227767944e+00     9.637008905410767e-01     1.050767824053764e-01    -2.454373240470886e-01
    2.656088829040527e+00     1.526433527469635e-01     1.529272496700287e-01     9.763776659965515e-01
    8.129665851593018e-01     5.446985363960266e-01    -2.914416193962097e-01    -7.863619923591614e-01
    6.560260057449341e-01     6.094621419906616e-01    -6.801027655601501e-01     4.074508845806122e-01
    5.031607747077942e-01    -2.200253307819366e-01    -9.503450393676758e-01    -2.200753688812256e-01
    2.842026948928833e+00     8.936098814010620e-01    -2.895666360855103e-01    -3.429469764232635e-01
    2.890738964080811e+00    -8.657065033912659e-01    -4.659570753574371e-01     1.828558146953583e-01
    1.750916481018066e+00    -8.062138557434082e-01    -5.906839966773987e-01    -3.333998844027519e-02
    2.768865108489990e+00     6.979905962944031e-01    -6.228794455528259e-01     3.533135056495667e-01
    1.837721467018127e+00     6.498450040817261e-01    -6.416366100311279e-01    -4.074358940124512e-01
    8.540732860565186e-01    -2.758760154247284e-01    -6.550794243812561e-01    -7.033942341804504e-01
    1.989445209503174e+00     9.483563154935837e-02    -9.938663840293884e-01     5.688334256410599e-02
    2.825852632522583e+00    -2.976184487342834e-01    -2.661963403224945e-01     9.168220758438110e-01
    2.207439422607422e+00     6.138015389442444e-01    -6.364356279373169e-01     4.671161174774170e-01
    1.115931272506714e+00     3.483289480209351e-01    -8.407016396522522e-01    -4.145935475826263e-01
    2.461192131042480e+00     3.387472033500671e-02     8.659097552299500e-01     4.990520775318146e-01
    2.865038871765137e+00    -7.171587944030762e-01    -6.530661582946777e-01    -2.432855665683746e-01
    7.867934107780457e-01     5.370581746101379e-01     1.320469826459885e-01    -8.331459760665894e-01
    2.484281539916992e+00     5.510469079017639e-01    -8.342123031616211e-01     2.091319859027863e-02
    2.053509712219238e+00    -1.103975251317024e-02     8.438130021095276e-01     5.365237593650818e-01
    7.974588871002197e-01    -5.618628263473511e-01    -2.510838210582733e-01     7.882049679756165e-01
    2.329838514328003e+00    -8.749552369117737e-01    -1.152531728148460e-01     4.702872037887573e-01
    2.583801031112671e+00     6.790434122085571e-01     2.462557554244995e-01     6.915622353553772e-01
    1.011168360710144e+00    -8.334333688253537e-05     8.972131609916687e-01     4.415978491306305e-01
    1.882780194282532e+00    -3.016853630542755e-01     2.646574079990387e-01     9.159380793571472e-01
    4.726093113422394e-01    -7.770219445228577e-01    -5.936123728752136e-01    -2.094307988882065e-01
    2.188402414321899e+00    -1.965312752872705e-03    -1.311003863811493e-01    -9.913672208786011e-01
    2.322207450866699e+00     1.619650870561600e-01     9.538274407386780e-01     2.529440820217133e-01
    2.637470722198486e+00     1.615323573350906e-01     9.863882660865784e-01    -3.075242601335049e-02
    1.597381353378296e+00     6.658436059951782e-01    -3.109275698661804e-01     6.782156229019165e-01
    1.711887240409851e+00     1.934041380882263e-01    -7.484250068664551e-01     6.343932747840881e-01
    1.028863549232483e+00    -1.814907044172287e-01    -5.957621932029724e-01     7.823864221572876e-01
    2.169955730438232e+00     3.427526950836182e-01    -5.465691685676575e-01    -7.640569210052490e-01
    1.881354451179504e+00    -1.780618131160736e-01     1.268046051263809e-01     9.758148193359375e-01
    2.075990200042725e+00    -2.696989774703979e-01     9.405755996704102e-01     2.063494473695755e-01
    2.238080024719238e+00     9.299899935722351e-01     3.345093727111816e-01    -1.523879915475845e-01
    1.598522424697876e+00     3.457937836647034e-01    -7.839934229850769e-01    -5.155395865440369e-01
    1.667183756828308e+00     5.579674839973450e-01     7.939588278532028e-02     8.260561227798462e-01
    1.956096172332764e+00    -8.197665214538574e-01    -4.229930043220520e-01    -3.860826790332794e-01
    2.651816844940186e+00     6.029349565505981e-01     3.811671435832977e-01    -7.008430957794189e-01
    2.747382879257202e+00     9.029484391212463e-01    -1.559026632457972e-02     4.294660985469818e-01
    2.432327270507812e+00    -4.961056411266327e-01    -8.181458711624146e-01    -2.907170355319977e-01
    5.271255373954773e-01    -2.798546850681305e-01    -3.857159018516541e-01    -8.791499733924866e-01
    2.330991029739380e+00    -5.257476568222046e-01     4.730378389358521e-01     7.069827914237976e-01
    1.061688780784607e+00     5.138012766838074e-01     1.328311711549759e-01     8.475636243820190e-01
    1.047743201255798e+00     7.364719510078430e-01     6.047261953353882e-01     3.031755685806274e-01
    2.136921167373657e+00     6.530260443687439e-01    -4.454306662082672e-01    -6.124936938285828e-01
    2.158007860183716e+00     6.264490485191345e-01     7.793114781379700e-01    -1.534003391861916e-02
    1.055317759513855e+00     3.637831285595894e-02     9.774938225746155e-01     2.078037559986115e-01
    2.538827419281006e+00     7.840549349784851e-01    -7.138760387897491e-02     6.165724992752075e-01
    1.843332529067993e+00     2.981055527925491e-02    -5.998722910881042e-01     7.995401620864868e-01
    7.600129246711731e-01     6.505171060562134e-01     7.571742534637451e-01     5.928368493914604e-02
    2.235016822814941e+00     6.147998571395874e-01    -5.664280652999878e-01     5.487990379333496e-01
    2.381524085998535e+00     7.261213064193726e-01     4.805521965026855e-01     4.917494952678680e-01
    2.377959489822388e+00    -6.482766270637512e-01    -5.400173664093018e-01    -5.367669463157654e-01
    1.409386396408081e+00     4.922972917556763e-01    -7.729500532150269e-01    -4.002394974231720e-01
    9.321672916412354e-01     3.653533384203911e-02    -9.877946376800537e-01     1.514160782098770e-01
    1.922602653503418e+00    -3.549421727657318e-01    -5.654020309448242e-01    -7.445378303527832e-01
    1.628298997879028e+00     8.087518811225891e-01    -4.823975563049316e-01     3.364714384078979e-01
    4.141976237297058e-01    -2.978036105632782e-01    -9.155225753784180e-01    -2.704284191131592e-01
    2.194688558578491e+00     8.083905577659607e-01     4.727836847305298e-01    -3.506855368614197e-01
    1.260769605636597e+00     2.288546115159988e-01     8.778244853019714e-01    -4.207729697227478e-01
    2.446293592453003e+00    -9.283450841903687e-01     7.057394087314606e-02    -3.649585545063019e-01
    2.262186527252197e+00     9.722146987915039e-01     5.475488677620888e-02     2.275976389646530e-01
    1.379586219787598e+00     1.840557008981705e-01    -9.827525615692139e-01    -1.791335083544254e-02
    1.132009983062744e+00    -8.800170421600342e-01    -2.519486248493195e-01    -4.026064872741699e-01
    2.583586692810059e+00    -8.451229929924011e-01     2.748005092144012e-01     4.585322439670563e-01
    1.970566153526306e+00     4.895716905593872e-01    -5.705181360244751e-01    -6.594155430793762e-01
    1.921515941619873e+00    -3.031141869723797e-02    -8.883631825447083e-01    -4.581397771835327e-01
    2.414909124374390e+00    -5.407870560884476e-02    -8.336241841316223e-01     5.496784448623657e-01
    1.757135510444641e+00    -5.764811038970947e-01     2.133037596940994e-01    -7.887783050537109e-01
    1.670456767082214e+00     9.735820889472961e-01    -1.873885095119476e-01     1.304737776517868e-01
    2.496967554092407e+00    -3.541254103183746e-01    -4.217084646224976e-01    -8.347198367118835e-01
    1.055914282798767e+00     2.291495054960251e-01    -4.817143976688385e-01     8.458378911018372e-01
    1.443439245223999e+00    -3.574644029140472e-01    -1.430351883172989e-01    -9.229085445404053e-01
    2.277925252914429e+00    -5.140106678009033e-01    -6.705216169357300e-01    -5.349708795547485e-01
    1.451453685760498e+00    -7.967658042907715e-01    -3.471436500549316e-01     4.946266710758209e-01
    2.594884157180786e+00    -3.755821883678436e-01    -4.792774841189384e-02     9.255490899085999e-01
    1.519562602043152e+00    -6.276861429214478e-01    -3.634087741374969e-01     6.884360909461975e-01
    1.835641741752625e+00     4.129318892955780e-01     5.408067703247070e-01     7.328134179115295e-01
    1.141260147094727e+00    -2.749388515949249e-01     7.596455812454224e-01     5.893618464469910e-01
    2.028829574584961e+00    -8.536941558122635e-02    -8.998064398765564e-01    -4.278556108474731e-01
    9.553267359733582e-01     5.466068983078003e-01    -5.291497707366943e-01     6.490157842636108e-01
    2.009944677352905e+00     3.675444424152374e-01    -8.275374770164490e-01     4.243735373020172e-01
    2.418072938919067e+00     5.645163059234619e-01     2.139370441436768e-01    -7.972153425216675e-01
    5.583810806274414e-01     2.775521278381348e-01     3.934526741504669e-01     8.764473199844360e-01
    1.776240587234497e+00     5.002271533012390e-01     8.163311481475830e-01    -2.887492179870605e-01
    2.718106985092163e+00    -9.536028504371643e-01     2.849915921688080e-01     9.706350415945053e-02
    9.187460541725159e-01     7.797728180885315e-01    -2.854011952877045e-01     5.572257041931152e-01
    7.987814545631409e-01     7.368533313274384e-02     8.071260452270508e-01     5.857626199722290e-01
    8.638378977775574e-01    -7.560049891471863e-01    -2.343405187129974e-01    -6.111801862716675e-01
    1.216396450996399e+00    -9.248780608177185e-01    -3.484959714114666e-03    -3.802480995655060e-01
    2.989932060241699e+00     8.964378833770752e-01    -2.630935311317444e-01    -3.566246032714844e-01
    6.601991653442383e-01    -7.637935876846313e-01    -6.216318011283875e-01     1.737614274024963e-01
    2.301365613937378e+00    -9.675422310829163e-01     9.602922201156616e-02    -2.337531298398972e-01
    1.620025753974915e+00     8.144295811653137e-01     1.646163910627365e-01     5.564224123954773e-01
    1.924700498580933e+00     3.528284132480621e-01    -8.251807689666748e-01    -4.411222040653229e-01
    4.637535214424133e-01     2.096446603536606e-02    -9.413965940475464e-01    -3.366497457027435e-01
    1.865643978118896e+00    -2.118630856275558e-01     8.712493777275085e-01     4.427624344825745e-01
    2.217713356018066e+00     4.850150942802429e-01    -7.867440581321716e-01     3.818300068378448e-01
    1.042937040328979e+00     5.350241065025330e-01     4.184508025646210e-01     7.339266538619995e-01
    2.652312994003296e+00    -3.238769769668579e-01     4.380011260509491e-01    -8.386051654815674e-01
    1.427536129951477e+00    -2.436903566122055e-01     8.726435899734497e-01    -4.232119023799896e-01
    8.187220096588135e-01    -7.397417426109314e-01     8.836695551872253e-02     6.670631170272827e-01
    2.401761770248413e+00     8.604291081428528e-01    -3.910969793796539e-01    -3.266569972038269e-01
    2.723898410797119e+00     6.090648770332336e-01    -5.644353628158569e-01     5.571829080581665e-01
    2.205679893493652e+00    -7.582273483276367e-01     9.597361832857132e-02    -6.448877453804016e-01
    7.312179803848267e-01     8.652677386999130e-02     9.028092622756958e-01     4.212467670440674e-01
    1.097502112388611e+00     9.263603091239929e-01     2.177153676748276e-01     3.073378801345825e-01
    9.124097824096680e-01     9.242262840270996e-01     3.517652451992035e-01     1.485500037670135e-01
    2.065366268157959e+00    -2.528609931468964e-01     2.657091319561005e-01    -9.303010106086731e-01
    1.440480232238770e+00     6.251888871192932e-01    -6.974072456359863e-01     3.503738939762115e-01
    1.663931488990784e+00     4.177065193653107e-02    -3.561145961284637e-01    -9.335082173347473e-01
    1.475738883018494e+00     9.127835631370544e-01     3.602344393730164e-01    -1.925033032894135e-01
    2.838511943817139e+00    -1.068519279360771e-01    -8.717781901359558e-01    -4.781059920787811e-01
    2.215409755706787e+00     3.665428757667542e-01     5.871576070785522e-01     7.217287421226501e-01
    1.913297176361084e+00     6.912648081779480e-01    -6.348049640655518e-01    -3.452185392379761e-01
    2.926456928253174e+00     5.998136997222900e-01     7.118795514106750e-01    -3.653094172477722e-01
    2.955748796463013e+00     3.773524463176727e-01     9.258070588111877e-01     2.205243892967701e-02
    2.113154649734497e+00    -6.432678699493408e-01    -6.849003434181213e-01     3.422249853610992e-01
    1.434363245964050e+00     4.770936369895935e-01     8.317170143127441e-01     2.839512228965759e-01
    7.404037117958069e-01    -6.627743244171143e-01    -7.092231512069702e-01     2.402763366699219e-01
    5.641812682151794e-01    -4.165166616439819e-01     6.855387687683105e-01     5.971186161041260e-01
    1.585954785346985e+00    -8.585512638092041e-01    -5.125569105148315e-01    -1.324002910405397e-02
    2.641452074050903e+00    -7.801909446716309e-01     2.531324326992035e-01     5.720366835594177e-01
    2.456308841705322e+00    -8.988709449768066e-01     2.594982087612152e-01    -3.531172275543213e-01
    2.775824069976807e+00     8.574321866035461e-01    -4.688982367515564e-01     2.120008170604706e-01
    1.258277893066406e+00    -2.768248617649078e-01    -8.747295141220093e-01     3.977640271186829e-01
    1.067827105522156e+00    -1.369519680738449e-01    -3.976354897022247e-01     9.072652459144592e-01
    2.083043575286865e+00     6.830708682537079e-02     9.974634051322937e-01    -2.002060972154140e-02
    2.767134428024292e+00     9.106801152229309e-01     3.697275817394257e-01     1.842911541461945e-01
    2.294315099716187e+00    -4.627833962440491e-01     8.740471601486206e-01    -1.478956043720245e-01
    6.191300749778748e-01     5.616260170936584e-01    -8.110957741737366e-01     1.634007990360260e-01
    1.228771209716797e+00     6.158329248428345e-01    -2.424129843711853e-01    -7.496572136878967e-01
    1.537044525146484e+00    -8.388368040323257e-02     5.809659957885742e-01    -8.095936775207520e-01
    9.154081940650940e-01    -7.915508151054382e-01     5.471279621124268e-01     2.722099125385284e-01
    2.064123392105103e+00     9.757521748542786e-01     6.436719000339508e-02     2.092003226280212e-01
    2.148605585098267e+00    -1.761743798851967e-02    -6.862407326698303e-01    -7.271611094474792e-01
    6.748941540718079e-01    -8.369441628456116e-01    -3.069165349006653e-01    -4.531299471855164e-01
    2.468601942062378e+00    -1.467338353395462e-01    -3.052162006497383e-02     9.887050986289978e-01
    1.279695272445679e+00     6.551121473312378e-01    -1.265209168195724e-01    -7.448627352714539e-01
    3.911098539829254e-01     5.055860280990601e-01     5.227835848927498e-03     8.627603054046631e-01
    2.620403289794922e+00    -4.743706583976746e-01    -3.785459995269775e-01     7.947800159454346e-01
    1.472661375999451e+00    -8.786578178405762e-01    -2.665726244449615e-01     3.961053192615509e-01
    2.371082067489624e+00     8.483958840370178e-01     4.467171132564545e-01    -2.840219438076019e-01
    8.754246234893799e-01    -6.707128286361694e-01    -3.971301019191742e-01     6.264438033103943e-01
    2.030461788177490e+00     6.871358156204224e-01    -2.577722631394863e-02     7.260715961456299e-01
    2.622708082199097e+00    -4.949835538864136e-01     8.627981543540955e-01    -1.028137281537056e-01
    7.890294790267944e-01     5.149579420685768e-02    -5.050044655799866e-01     8.615792989730835e-01
    2.605591058731079e+00    -6.973944902420044e-01     4.992636740207672e-01     5.141758918762207e-01
    1.003733277320862e+00     3.911357820034027e-01     8.343029022216797e-01     3.885246515274048e-01
    2.756577014923096e+00     3.821603059768677e-01     7.656247019767761e-01    -5.174674391746521e-01
    7.211831212043762e-01     5.741050839424133e-01    -4.947882294654846e-01    -6.523709893226624e-01
    2.647036314010620e+00     2.022644430398941e-01    -9.657757282257080e-01     1.623772978782654e-01
    2.334850311279297e+00     1.734951585531235e-01     1.358176860958338e-02     9.847410321235657e-01
    8.982281684875488e-01    -9.059972763061523e-01    -4.226585030555725e-01    -2.299349009990692e-02
    9.728155732154846e-01     1.303821057081223e-01     7.653679251670837e-01    -6.302480697631836e-01
    2.685636281967163e+00     4.619637131690979e-01    -3.040008544921875e-01     8.331704139709473e-01
    7.733122706413269e-01    -1.390023678541183e-01    -4.604372382164001e-01    -8.767416477203369e-01
    4.071147143840790e-01    -1.222500205039978e-01    -8.380875587463379e-01    -5.316616296768188e-01
    1.658409476280212e+00     9.848068654537201e-02     9.756382703781128e-01     1.960392743349075e-01
    2.632231712341309e+00    -7.813895940780640e-01    -3.625414073467255e-01    -5.079310536384583e-01
    1.632792830467224e+00     2.376371771097183e-01    -5.427398085594177e-01    -8.055818676948547e-01
    2.555059671401978e+00     4.911721944808960e-01    -5.860787034034729e-01    -6.444078087806702e-01
    2.039355754852295e+00     4.901362657546997e-01    -1.859748959541321e-01    -8.515748381614685e-01
    2.102895498275757e+00    -2.055072039365768e-01     8.144947290420532e-01    -5.425543189048767e-01
    1.879396796226501e+00     6.082031503319740e-02    -8.156571984291077e-01     5.753296613693237e-01
    2.561328887939453e+00     8.010707050561905e-02     9.442107677459717e-01     3.194510936737061e-01
    8.307125568389893e-01    -9.080508947372437e-01    -2.061929851770401e-01     3.645930886268616e-01
    2.500505685806274e+00    -8.918200731277466e-01    -4.160688817501068e-01    -1.776052415370941e-01
    2.446061134338379e+00    -2.271743863821030e-01    -4.541466534137726e-01     8.614770174026489e-01
    1.800558567047119e+00     1.890347003936768e-01     4.370125234127045e-01     8.793668150901794e-01
    2.842088699340820e+00    -8.080444931983948e-01    -2.871216535568237e-01     5.144174695014954e-01
    2.591854095458984e+00    -3.271774649620056e-01    -8.141157627105713e-01     4.797607064247131e-01
    1.083504199981689e+00     9.719576835632324e-01    -9.576640278100967e-02    -2.147714197635651e-01
    8.855237960815430e-01    -9.044954776763916e-01    -3.683481216430664e-01    -2.149598151445389e-01
    1.637909412384033e+00    -8.560380935668945e-01     3.986738026142120e-01    -3.290258347988129e-01
    1.270685195922852e+00     1.177570745348930e-01    -6.143997311592102e-01     7.801577448844910e-01
    1.857799172401428e+00    -8.524906039237976e-01    -5.159990787506104e-01     8.369528502225876e-02
    1.998202919960022e+00     6.946181654930115e-01     2.911618649959564e-01     6.578225493431091e-01
    2.329222679138184e+00     2.092343270778656e-01     1.497666537761688e-01    -9.663286805152893e-01
    9.777184724807739e-01    -4.210633933544159e-01    -6.201285123825073e-01    -6.619263887405396e-01
    6.684381961822510e-01    -1.041008457541466e-01     9.194272160530090e-01     3.792316615581512e-01
    1.267835617065430e+00    -6.595868468284607e-01     1.266679614782333e-01    -7.408782243728638e-01
    9.327274560928345e-01    -9.021294862031937e-02     4.891675114631653e-01     8.675118684768677e-01
    6.953924894332886e-01     5.541322827339172e-01     1.469772309064865e-01     8.193503618240356e-01
    2.087224721908569e+00    -2.085854113101959e-01    -7.838515043258667e-01    -5.848665237426758e-01
    1.579123377799988e+00     6.683726906776428e-01     7.377617955207825e-01     9.479163587093353e-02
    2.445018768310547e+00     5.391864180564880e-01    -6.226105690002441e-01     5.671280026435852e-01
    1.604390382766724e+00    -4.859186112880707e-01    -3.367626667022705e-01     8.065198063850403e-01
    2.725009202957153e+00    -1.613501906394958e-01     9.550985693931580e-01    -2.485012710094452e-01
    2.828284978866577e+00     3.869095146656036e-01    -5.669162869453430e-01    -7.272599339485168e-01
    2.707854509353638e+00     3.484743237495422e-01    -6.891516447067261e-01     6.353234052658081e-01
    2.412120103836060e+00     5.776121467351913e-02    -9.960381388664246e-01     6.761406362056732e-02
    3.145994246006012e-01    -1.788164675235748e-01    -8.999275565147400e-01    -3.976870477199554e-01
    1.153371095657349e+00    -5.991650223731995e-01    -1.885174363851547e-01     7.781146168708801e-01
    2.806342124938965e+00     3.876850306987762e-01    -3.130547404289246e-01     8.670046329498291e-01
    2.927759408950806e+00     5.287750810384750e-02     7.140964269638062e-01    -6.980475187301636e-01
    1.682092666625977e+00    -6.961069107055664e-01     2.846171855926514e-01     6.591117382049561e-01
    2.881988048553467e+00    -4.604402184486389e-01     4.564411193132401e-02    -8.865165710449219e-01
    2.890357971191406e+00     7.607844471931458e-01     6.073708534240723e-01    -2.287084162235260e-01
    2.115976095199585e+00    -5.386959910392761e-01     1.498336642980576e-01    -8.290697336196899e-01
    1.336606740951538e+00    -8.981145620346069e-01    -4.272163808345795e-01     1.042897403240204e-01
    1.363215327262878e+00     9.866206049919128e-01    -1.540871113538742e-01     5.326141044497490e-02
    2.071888923645020e+00     3.446504771709442e-01    -9.386805891990662e-01     9.740317240357399e-03
    1.187086820602417e+00     4.990433752536774e-01     8.392922282218933e-01    -2.157415151596069e-01
    1.044572234153748e+00    -6.080446019768715e-02    -4.330062568187714e-01    -8.993377089500427e-01
    2.164946079254150e+00    -1.365860253572464e-01     9.367698431015015e-01     3.221902549266815e-01
    2.671044111251831e+00     8.225545287132263e-01     2.303757369518280e-01     5.199337601661682e-01
    9.521152377128601e-01     2.865795493125916e-01     8.352058529853821e-01     4.693648815155029e-01
    2.348579883575439e+00    -9.293227791786194e-01     2.852186560630798e-01     2.345411628484726e-01
    4.847112596035004e-01     8.505889177322388e-01     4.834223389625549e-01    -2.068848907947540e-01
    1.991252303123474e+00     9.008626937866211e-01    -2.651264891028404e-02     4.332938194274902e-01
    1.916618108749390e+00    -4.150820076465607e-01     5.651081725955009e-02     9.080272912979126e-01
    2.370086431503296e+00    -6.568356752395630e-01     7.531924247741699e-01    -3.561249375343323e-02
    2.094581127166748e+00     3.810746967792511e-01    -2.069120407104492e-01     9.010937213897705e-01
    1.690417170524597e+00    -1.186183914542198e-01    -9.683257937431335e-01    -2.197158336639404e-01
    1.521561741828918e+00    -8.782994747161865e-01     3.025941848754883e-01     3.701712787151337e-01
    1.611166834831238e+00     7.516212463378906e-01    -4.094386994838715e-01    -5.171319246292114e-01
    2.115066289901733e+00     1.534121334552765e-01    -8.131724596023560e-01    -5.614405274391174e-01
    2.605810403823853e+00    -9.697787761688232e-01    -7.683460414409637e-02     2.315720468759537e-01
    1.549477815628052e+00     4.751256108283997e-01    -8.317235708236694e-01    -2.872138917446136e-01
    1.157180309295654e+00    -5.676453113555908e-01     2.789548635482788e-01     7.745727300643921e-01
    6.221188902854919e-01     5.430551767349243e-01     3.253468275070190e-01    -7.741063237190247e-01
    1.607355952262878e+00     7.756971120834351e-01     3.369747996330261e-01     5.336123108863831e-01
    2.928380250930786e+00     5.349479913711548e-01     6.212605908513069e-02     8.425977230072021e-01
    2.261147975921631e+00    -5.157428979873657e-01     5.743204951286316e-01    -6.357401013374329e-01
    6.312264204025269e-01     1.236536055803299e-01    -2.720300257205963e-01    -9.543109536170959e-01
    2.138415575027466e+00     8.431910276412964e-01     1.529433131217957e-01    -5.154001712799072e-01
    1.211356282234192e+00     1.148902028799057e-01    -5.037147998809814e-01     8.561959862709045e-01
    1.809474110603333e+00     9.142314791679382e-01     3.863254487514496e-01     1.222021579742432e-01
    2.995032548904419e+00    -3.159330189228058e-01     4.249543547630310e-01     8.482925295829773e-01
    2.966526508331299e+00     8.070293664932251e-01    -5.891667008399963e-01     3.982775658369064e-02
    1.551707029342651e+00     2.910799384117126e-01     7.693172693252563e-01    -5.687032938003540e-01
    8.904209733009338e-01     3.409327864646912e-01     1.680083870887756e-01    -9.249529838562012e-01
    1.891099095344543e+00     5.289913415908813e-01     4.396261572837830e-01     7.258766889572144e-01
    2.150827646255493e+00    -6.249412894248962e-01    -2.714915573596954e-01    -7.319431900978088e-01
    2.570898056030273e+00     7.821899056434631e-01    -3.169974088668823e-01    -5.363688468933105e-01
    9.620727300643921e-01     1.610462367534637e-01    -8.222594857215881e-02    -9.835156202316284e-01
    7.096571326255798e-01    -1.565829366445541e-01     2.465123236179352e-01    -9.564065337181091e-01
    2.108000755310059e+00     5.155434012413025e-01     7.861641645431519e-01     3.408239185810089e-01
    1.145681500434875e+00     4.522505402565002e-02    -1.472983658313751e-01    -9.880577325820923e-01
    1.989049792289734e+00     2.456481456756592e-01    -4.319415688514709e-01    -8.678038716316223e-01
    1.024411201477051e+00    -4.186035394668579e-01    -8.933304995298386e-02     9.037646651268005e-01
    2.972252130508423e+00    -3.352802097797394e-01    -1.095145866274834e-01    -9.357316493988037e-01
    2.178493738174438e+00     2.722641527652740e-01     3.337934613227844e-01    -9.024713039398193e-01
    2.976881742477417e+00    -2.227610200643539e-01    -1.841804385185242e-01     9.573166370391846e-01
    2.190967082977295e+00     2.635064423084259e-01    -5.383046865463257e-01    -8.004951477050781e-01
    2.822357892990112e+00     8.903248310089111e-01     4.548138678073883e-01    -2.159063890576363e-02
    8.183357119560242e-01    -6.419028639793396e-01     1.750150024890900e-01    -7.465456128120422e-01
    2.710968971252441e+00     4.843265414237976e-01    -7.633256316184998e-01    -4.275065064430237e-01
    2.600615978240967e+00    -8.490183949470520e-01    -2.341024577617645e-01     4.736703932285309e-01
    2.986460208892822e+00    -3.321597278118134e-01     4.781562089920044e-02    -9.420102834701538e-01
    2.153563022613525e+00    -9.158397316932678e-01     1.887434720993042e-01    -3.544201254844666e-01
    2.845238685607910e+00     7.804986834526062e-01     4.558458924293518e-01    -4.278159141540527e-01
    6.531008481979370e-01    -3.264739513397217e-01     9.367561936378479e-01     1.261048913002014e-01
    2.202226161956787e+00    -8.937528729438782e-02    -3.562293648719788e-01    -9.301143884658813e-01
    1.720517039299011e+00     1.393431276082993e-01     9.439293146133423e-01    -2.993008792400360e-01
    2.744326829910278e+00    -9.622008204460144e-01    -4.582759737968445e-02    -2.684575021266937e-01
    2.578925848007202e+00     3.799459338188171e-01     1.873666346073151e-01     9.058337807655334e-01
    2.426170587539673e+00    -4.675800502300262e-01    -2.572610974311829e-01    -8.456864953041077e-01
    2.385868310928345e+00     1.793677657842636e-01    -2.252335548400879e-01    -9.576517939567566e-01
    2.949358463287354e+00     1.644462645053864e-01     7.329073548316956e-01     6.601547598838806e-01
    2.239462852478027e+00    -8.295513391494751e-01     8.916744962334633e-03     5.583593249320984e-01
    2.548916578292847e+00    -7.909664511680603e-01     5.441827774047852e-01     2.797090709209442e-01
    2.369702816009521e+00     3.505096435546875e-01     2.400355488061905e-01    -9.052767753601074e-01
    9.476384520530701e-01    -7.680061459541321e-01     6.154335141181946e-01     1.772231459617615e-01
    1.135789155960083e+00     6.443630456924438e-01     3.401365280151367e-01    -6.849114298820496e-01
    2.348512649536133e+00    -5.439199209213257e-01     7.811291813850403e-01    -3.065753877162933e-01
    8.928824663162231e-01    -8.489162921905518e-01     4.838345944881439e-01    -2.127089798450470e-01
    8.874428272247314e-01     9.879939556121826e-01    -2.609098888933659e-02     1.522734910249710e-01
    1.877057552337646e+00     4.022111594676971e-01    -4.630539193749428e-02    -9.143752455711365e-01
    1.150574326515198e+00     9.119931459426880e-01     4.070043563842773e-01     5.114657804369926e-02
    2.850625991821289e+00    -9.849467277526855e-01    -1.359020173549652e-01    -1.068199649453163e-01
    2.453848361968994e+00     1.924761384725571e-01    -5.662645697593689e-01    -8.014345765113831e-01
    7.275698184967041e-01     6.828767657279968e-01     7.208989262580872e-01    -1.182541623711586e-01
    1.350472092628479e+00    -1.832721829414368e-01    -4.945074319839478e-01     8.496314883232117e-01
    2.160925865173340e+00    -7.380062341690063e-01     3.195972144603729e-01    -5.943100452423096e-01
    4.211331605911255e-01     3.189752697944641e-01     8.301795125007629e-01    -4.572275578975677e-01
    2.376050949096680e+00     4.420419037342072e-01     5.061978101730347e-01     7.405151724815369e-01
    6.751343607902527e-01     5.709829330444336e-01    -1.669424474239349e-01    -8.038089275360107e-01
    8.506762981414795e-01     1.422039270401001e-01    -5.771040171384811e-02    -9.881536364555359e-01
    1.120674610137939e+00    -1.713986992835999e-01    -5.158479809761047e-01     8.393588662147522e-01
    4.002816677093506e-01    -4.477479755878448e-01    -5.127077922224998e-02     8.926886916160583e-01
    2.025242805480957e+00     8.766888976097107e-01    -4.355292022228241e-01     2.042822092771530e-01
    1.882863402366638e+00     9.844258427619934e-01     1.742788255214691e-01    -2.307816408574581e-02
    2.063603878021240e+00    -2.558915615081787e-01    -8.550426363945007e-01    -4.510231316089630e-01
    2.064936876296997e+00    -6.584829688072205e-01     1.542914658784866e-01     7.366098761558533e-01
    1.510119795799255e+00    -9.499395489692688e-01     2.932206094264984e-01    -1.078727319836617e-01
    1.225309491157532e+00    -9.659515023231506e-01    -2.571375072002411e-01     2.860208414494991e-02
    1.117460012435913e+00     1.785778552293777e-01     9.554544687271118e-01    -2.349823713302612e-01
    2.527685165405273e+00     7.831419706344604e-01     5.989382266998291e-01     1.672178357839584e-01
    1.475132703781128e+00    -2.562018036842346e-01    -8.668084740638733e-01    -4.277894198894501e-01
    2.289628505706787e+00    -2.216921299695969e-01    -9.631535410881042e-01     1.522754430770874e-01
    9.281011223793030e-01    -8.818423151969910e-01    -4.639809727668762e-01     8.411802351474762e-02
    1.905576467514038e+00    -1.945084780454636e-01    -6.637364625930786e-01     7.222329378128052e-01
    9.706132411956787e-01     3.541131317615509e-01     4.181931018829346e-01    -8.364916443824768e-01
    1.984673023223877e+00    -1.494116783142090e-01     6.961308717727661e-01     7.021951675415039e-01
    1.682967305183411e+00    -8.057760596275330e-01     3.433149456977844e-01     4.825554788112640e-01
    1.805677771568298e+00     6.691647171974182e-01    -7.144061326980591e-01    -2.045541703701019e-01
    2.752736330032349e+00    -6.141369342803955e-01     7.738406062126160e-01     1.549408733844757e-01
    2.248653411865234e+00     8.014829158782959e-01    -5.896161198616028e-01    -9.988953918218613e-02
    1.342944502830505e+00    -7.465922832489014e-01     6.225801110267639e-01     2.345076501369476e-01
    7.178993225097656e-01     6.166677474975586e-01    -2.487064898014069e-01    -7.469042539596558e-01
    2.689010858535767e+00     7.006136775016785e-01    -6.997531056404114e-01    -1.395928114652634e-01
    1.919029116630554e+00    -2.242952734231949e-01    -7.336015105247498e-01    -6.414985656738281e-01
    1.084514141082764e+00     1.643766462802887e-01     8.334970474243164e-01     5.275065302848816e-01
    1.715627193450928e+00     4.226674735546112e-01     8.738049268722534e-01    -2.404525578022003e-01
    2.239035367965698e+00     7.058405280113220e-01    -6.330843567848206e-01     3.177945613861084e-01
    2.520759582519531e+00     7.088886499404907e-01     6.810219287872314e-01    -1.835377365350723e-01
    1.902493000030518e+00     3.226138949394226e-01    -3.509144783020020e-01    -8.790787458419800e-01
    1.683912515640259e+00    -8.563817143440247e-01     3.496301174163818e-01     3.799591362476349e-01
    8.583604693412781e-01     3.664500415325165e-01    -6.124448403716087e-02    -9.284199476242065e-01
    1.168050289154053e+00     5.480835437774658e-01     4.470857679843903e-01     7.069080471992493e-01
    2.420561313629150e+00     2.486743330955505e-01     5.121571943163872e-02    -9.672322273254395e-01
    1.460617184638977e+00     1.782377809286118e-01     6.138851642608643e-01     7.690100073814392e-01
    2.420243024826050e+00    -4.903607368469238e-01    -8.520206809043884e-01    -1.833226382732391e-01
    1.283356308937073e+00     9.400932192802429e-01    -2.328956127166748e-01     2.489668279886246e-01
    2.953577041625977e+00    -8.825761824846268e-02    -9.140844345092773e-01     3.958033323287964e-01
    1.410597920417786e+00     2.146298587322235e-01     9.572356939315796e-01    -1.939947754144669e-01
    2.314029216766357e+00    -6.316511631011963e-01    -5.689549446105957e-01     5.265995264053345e-01
    1.979736089706421e+00     1.144990622997284e-01     8.018063306808472e-01    -5.865123271942139e-01
    2.385455369949341e+00    -9.672314524650574e-01    -2.537862658500671e-01     7.483066990971565e-03
    8.414304256439209e-01    -3.426316380500793e-02     2.094580829143524e-01    -9.772171974182129e-01
    2.795399904251099e+00     3.143830597400665e-01    -9.301953911781311e-01    -1.894725859165192e-01
    8.066570758819580e-01    -7.456497848033905e-02     2.261206358671188e-01     9.712412953376770e-01
    7.144849896430969e-01     2.475108355283737e-01     7.081475108861923e-02     9.662937521934509e-01
    2.177081108093262e+00     9.249277710914612e-01    -2.796723544597626e-01     2.574725151062012e-01
    2.700366973876953e+00    -4.161497950553894e-01     1.859347894787788e-02    -9.091060161590576e-01
    2.864570856094360e+00     2.962380349636078e-01     4.288356304168701e-01     8.534300923347473e-01
    1.952065587043762e+00     9.915021061897278e-01     7.615321129560471e-02     1.054725721478462e-01
    5.158837437629700e-01    -2.083078771829605e-01     9.083569645881653e-01     3.626232743263245e-01
    7.177677154541016e-01     9.377185702323914e-01     3.159529268741608e-01    -1.444222331047058e-01
    1.710821151733398e+00    -6.006377935409546e-01    -7.600630521774292e-01    -2.480690181255341e-01
    2.033031225204468e+00     7.024021148681641e-01    -7.101845741271973e-01    -4.763761162757874e-02
    2.135586977005005e+00    -1.874783039093018e-01    -9.773659706115723e-01     9.801852703094482e-02
    1.157126069068909e+00    -3.533885478973389e-01    -9.332783222198486e-01    -6.409437954425812e-02
    2.377728939056396e+00    -6.802635192871094e-01    -3.160682320594788e-02     7.322859168052673e-01
    2.594599246978760e+00    -3.868252933025360e-01    -9.036948680877686e-01    -1.835803240537643e-01
    2.648845434188843e+00    -5.562446713447571e-01     6.821701526641846e-01     4.745900630950928e-01
    2.271582126617432e+00    -4.475263953208923e-01    -8.719232082366943e-01     1.986709833145142e-01
    1.324073076248169e+00     6.732361912727356e-01     3.849525153636932e-01    -6.313198208808899e-01
    2.440642118453979e+00    -2.009102702140808e-01    -9.455362558364868e-01     2.561176419258118e-01
    1.535362482070923e+00     8.722469210624695e-01     1.469296962022781e-01    -4.664732217788696e-01
    7.466671466827393e-01    -5.037549734115601e-01     6.104807853698730e-01    -6.111825704574585e-01
    2.354266881942749e+00     4.583689272403717e-01    -7.197425365447998e-01     5.214102268218994e-01
    1.616956591606140e+00    -1.542007774114609e-01    -5.351662635803223e-01    -8.305534720420837e-01
    1.096101045608521e+00    -8.113412857055664e-01     3.803695784881711e-03    -5.845602750778198e-01
    6.376333236694336e-01     7.687292098999023e-01    -1.840901374816895e-02     6.393093466758728e-01
    1.663293957710266e+00     3.107737600803375e-01    -5.234245657920837e-01    -7.933764457702637e-01
    1.107506155967712e+00    -4.227731525897980e-01     7.854915261268616e-01     4.519578516483307e-01
    1.421602964401245e+00     5.153706073760986e-01     8.565045595169067e-01     2.816055528819561e-02
    7.594068050384521e-01    -3.079387545585632e-01    -6.560410857200623e-01    -6.890454888343811e-01
    2.869625568389893e+00     7.542747855186462e-01     1.245078891515732e-01    -6.446453332901001e-01
    1.648458600044250e+00    -9.566883444786072e-01    -1.651396006345749e-01     2.397416383028030e-01
    2.849288940429688e+00     6.024804115295410e-01    -7.758806347846985e-01    -1.871542930603027e-01
    8.118332028388977e-01    -5.334616303443909e-01    -7.152584195137024e-01     4.514687061309814e-01
    2.847951889038086e+00    -1.510139703750610e-01     9.452566504478455e-01     2.892830967903137e-01
    2.580612182617188e+00     2.846089303493500e-01    -9.225202202796936e-01     2.606801092624664e-01
    2.025239229202271e+00    -7.094228267669678e-01    -6.893261075019836e-01    -1.467951983213425e-01
    2.697059154510498e+00    -4.931591451168060e-02    -5.673050284385681e-01     8.220297694206238e-01
    4.821417331695557e-01    -6.781072914600372e-02    -9.305450320243835e-01     3.598439991474152e-01
    4.667524695396423e-01    -4.635393023490906e-01    -4.644576460123062e-02     8.848583698272705e-01
    1.756110191345215e+00     7.217926979064941e-01     3.221052587032318e-01    -6.125877499580383e-01
    2.165872097015381e+00    -8.057295083999634e-01     3.815133571624756e-01    -4.530425965785980e-01
    1.378741860389709e+00     2.807267308235168e-01     6.602628827095032e-01    -6.965956687927246e-01
    2.973697900772095e+00    -6.729381680488586e-01     3.874137401580811e-01     6.301309466362000e-01
    1.238695979118347e+00    -7.529525756835938e-01     5.598760843276978e-01     3.458341956138611e-01
    1.057101011276245e+00     5.383605360984802e-01    -7.510086894035339e-01     3.823008835315704e-01
    2.046235322952271e+00     1.640061736106873e-01    -9.453500509262085e-01     2.818073928356171e-01
    5.399600863456726e-01     5.556724667549133e-01    -6.125711798667908e-01    -5.621251463890076e-01
    9.173450469970703e-01    -7.060554027557373e-01     5.079220533370972e-01    -4.934580922126770e-01
    9.402146339416504e-01    -1.516370028257370e-01    -9.605440497398376e-01    -2.331548929214478e-01
    2.878286838531494e+00     2.926951348781586e-01    -4.945094287395477e-01    -8.184069395065308e-01
    1.984279870986938e+00     3.607838451862335e-01    -8.843558430671692e-01     2.962254881858826e-01
    2.852882146835327e+00     6.946595907211304e-01     7.181866168975830e-01    -4.069575294852257e-02
    9.693637490272522e-01    -2.957678735256195e-01    -4.190000519156456e-02     9.543405175209045e-01
    2.757263183593750e+00    -4.731847047805786e-01    -4.140233397483826e-01     7.776123285293579e-01
    1.173638582229614e+00     2.268335036933422e-02    -9.974876046180725e-01    -6.711122393608093e-02
    2.951018571853638e+00    -1.275598108768463e-01    -4.684259742498398e-02    -9.907240271568298e-01
    2.945412158966064e+00    -1.490118652582169e-01     8.533403873443604e-01     4.996055066585541e-01
    1.029210805892944e+00     2.827819883823395e-01    -1.855800747871399e-01     9.410601854324341e-01
    8.913095593452454e-01    -4.199502170085907e-01    -3.805427253246307e-01    -8.239107728004456e-01
    1.360575795173645e+00    -9.072543978691101e-01    -2.640328705310822e-01    -3.273776471614838e-01
    1.241999506950378e+00    -2.529694736003876e-01     9.018002748489380e-01     3.503751158714294e-01
    2.427808046340942e+00    -5.447671413421631e-01    -8.223755359649658e-01     1.640950888395309e-01
    2.204834461212158e+00     3.866894841194153e-01    -8.857688903808594e-01    -2.566800117492676e-01
    2.805080890655518e+00     2.469974607229233e-01    -2.524071037769318e-01     9.355655908584595e-01
    2.334481716156006e+00     7.434449791908264e-01     3.073280453681946e-01     5.940026044845581e-01
    9.367856383323669e-01    -3.993209004402161e-01     6.768988817930222e-02    -9.143089056015015e-01
    2.948146820068359e+00     3.081531822681427e-01    -9.168794155120850e-01     2.537196576595306e-01
    1.944257736206055e+00    -7.698923945426941e-01    -5.542693138122559e-01    -3.163085281848907e-01
    2.913192749023438e+00    -7.052536010742188e-01    -6.412594318389893e-01     3.023306131362915e-01
    5.563277006149292e-01    -7.740105390548706e-01     1.412294711917639e-02     6.330151557922363e-01
    2.305795192718506e+00    -6.042640209197998e-01     6.750863790512085e-01    -4.232299029827118e-01
    1.781660795211792e+00    -7.442952394485474e-01    -7.707852870225906e-02     6.633880138397217e-01
    1.995387315750122e+00     5.830827951431274e-01     2.988570034503937e-01    -7.554462552070618e-01
    9.327188730239868e-01    -8.378401398658752e-01     5.446313023567200e-01    -3.742706775665283e-02
    1.898268699645996e+00     5.539836287498474e-01     6.585517525672913e-01    -5.093249678611755e-01
    1.778274416923523e+00    -7.810789346694946e-01    -1.789856255054474e-01    -5.982307195663452e-01
    2.887008428573608e+00    -4.620808959007263e-01    -7.826421856880188e-01    -4.170762002468109e-01
    1.054545521736145e+00    -4.160468876361847e-01    -4.759019315242767e-01    -7.748692035675049e-01
    1.309439182281494e+00    -4.737013578414917e-01    -6.545166373252869e-01    -5.892495512962341e-01
    7.318534255027771e-01    -8.761730790138245e-01    -4.816555678844452e-01     1.813565194606781e-02
    1.835936903953552e+00     6.440989375114441e-01     1.794530749320984e-01     7.435946464538574e-01
    5.751203894615173e-01    -2.453773766756058e-01    -9.624747633934021e-01     1.158979535102844e-01
    1.202671527862549e+00     1.877951920032501e-01     7.557258605957031e-01     6.273846626281738e-01
    2.808380365371704e+00    -6.297575831413269e-01     7.017257213592529e-01    -3.331461846828461e-01
    2.612255096435547e+00     8.126577138900757e-01     2.842260897159576e-01    -5.087268352508545e-01
    2.054398059844971e+00     6.999056935310364e-01     5.150319337844849e-01     4.948475956916809e-01
    1.001073002815247e+00    -1.715196520090103e-01    -9.832802414894104e-01     6.116395071148872e-02
    2.269386529922485e+00     5.696020126342773e-01    -8.149523735046387e-01     1.067992523312569e-01
    2.446211576461792e+00     5.464522242546082e-01    -8.100116848945618e-01     2.127700597047806e-01
    2.780467987060547e+00    -9.666483402252197e-01    -1.921102404594421e-01     1.693659424781799e-01
    8.199924230575562e-01     5.140327215194702e-01     8.277875781059265e-01    -2.248072028160095e-01
    1.470786571502686e+00     6.489200592041016e-01    -8.924759924411774e-02     7.556041479110718e-01
    2.939638853073120e+00     5.377370119094849e-01    -7.995492219924927e-01     2.675074636936188e-01
    3.982311785221100e-01    -1.391060203313828e-01    -9.720457196235657e-01     1.891475766897202e-01
    1.896917104721069e+00    -5.048458576202393e-01     9.619747102260590e-02    -8.578325510025024e-01
    1.359722971916199e+00     5.787039399147034e-01     2.340325862169266e-01     7.812365293502808e-01
    2.346488952636719e+00    -3.354867100715637e-01     1.273357868194580e-01    -9.333993792533875e-01
    1.529698252677917e+00    -1.680984795093536e-01    -4.391418695449829e-01     8.825517296791077e-01
    2.547457218170166e+00     9.271383285522461e-01    -3.496990501880646e-01     1.346287429332733e-01
    2.929910898208618e+00     4.550968408584595e-01     8.021522760391235e-01     3.865731060504913e-01
    5.304951667785645e-01     5.769883990287781e-01    -4.376267194747925e-01     6.896138787269592e-01
    2.956850767135620e+00    -3.436175286769867e-01     1.199101358652115e-01    -9.314229488372803e-01
    1.558060288429260e+00    -2.968822419643402e-01    -8.323507308959961e-01     4.680313169956207e-01
    1.888940095901489e+00     9.186235666275024e-01     3.550464808940887e-01     1.734149158000946e-01
    2.870247602462769e+00     2.891843914985657e-01     4.690203368663788e-01    -8.345012664794922e-01
    1.528890728950500e+00    -1.236459016799927e-01     2.471946626901627e-01    -9.610445499420166e-01
    2.439204454421997e+00     3.871299028396606e-01    -4.329563677310944e-01     8.140509724617004e-01
    1.001166701316833e+00    -7.212721109390259e-01    -2.712218761444092e-01    -6.373422145843506e-01
    8.879027366638184e-01    -3.987032771110535e-01    -4.160059988498688e-01     8.172971010208130e-01
    2.075632095336914e+00     2.710423469543457e-01     2.887221872806549e-01     9.182459115982056e-01
    2.611340522766113e+00     1.701491177082062e-01     5.527712106704712e-01     8.157777190208435e-01
    2.449580907821655e+00     2.080998718738556e-01     9.438411593437195e-01     2.566285431385040e-01
    1.369200468063354e+00     3.381294012069702e-01    -9.274151325225830e-01     1.599051803350449e-01
    2.790372133255005e+00     2.024219781160355e-01     8.506780266761780e-01     4.851519167423248e-01
    1.990180492401123e+00    -5.171258449554443e-01    -6.250626444816589e-01    -5.847030282020569e-01
    2.294068813323975e+00     7.788804918527603e-02     9.841904044151306e-01     1.590687036514282e-01
    2.010547161102295e+00    -9.863969087600708e-01    -8.640889823436737e-02    -1.398380994796753e-01
    2.164744377136230e+00     1.754288524389267e-01    -9.425981044769287e-01    -2.841367125511169e-01
    1.460517168045044e+00     9.096093177795410e-01     1.708339303731918e-01     3.787169456481934e-01
    2.539016246795654e+00    -1.101387962698936e-01     4.766333401203156e-01    -8.721755146980286e-01
    2.590188741683960e+00     4.652089476585388e-01    -8.793247938156128e-01    -1.018259972333908e-01
    2.942867279052734e+00     7.250001430511475e-01    -6.861203908920288e-01     6.011267006397247e-02
    2.174630165100098e+00    -9.019039869308472e-01    -3.855708837509155e-01     1.946902722120285e-01
    1.988064885139465e+00     8.785035610198975e-01     4.613514840602875e-01    -1.240418776869774e-01
    2.698468446731567e+00    -9.703728556632996e-01    -2.061114460229874e-01    -1.260736584663391e-01
    2.007614135742188e+00     8.389503359794617e-01    -4.112115204334259e-01    -3.564654588699341e-01
    1.288756728172302e+00    -7.920407056808472e-01     1.622379273176193e-01    -5.885154008865356e-01
    1.502390742301941e+00    -8.367155194282532e-01     3.702600300312042e-01     4.035030305385590e-01
    1.955509305000305e+00    -3.409564495086670e-01    -5.180311799049377e-01    -7.844694852828979e-01
    2.859337806701660e+00     8.382858633995056e-01     2.926402390003204e-01    -4.600419998168945e-01
    2.910680532455444e+00    -6.273452639579773e-01     7.013652920722961e-01     3.384150564670563e-01
    1.241812705993652e+00    -1.276118904352188e-01     9.818203449249268e-01    -1.405137032270432e-01
    1.306615948677063e+00    -2.341942489147186e-01    -5.025373697280884e-01     8.322315216064453e-01
    4.065178334712982e-01     4.703066349029541e-01     3.370159864425659e-02     8.818592429161072e-01
    2.845603227615356e+00    -8.156275004148483e-02     7.696912288665771e-01    -6.331847906112671e-01
    2.528136014938354e+00     4.740859270095825e-01     1.672192811965942e-01    -8.644538521766663e-01
    1.566770792007446e+00     2.641127407550812e-01    -4.866504296660423e-02     9.632632732391357e-01
    3.719580471515656e-01    -4.943289458751678e-01    -7.530776858329773e-01    -4.341809451580048e-01
    1.312036275863647e+00     9.967033863067627e-01     3.580594807863235e-02    -7.280253618955612e-02
    2.758415937423706e+00     2.083561867475510e-01    -2.069117277860641e-01    -9.559158682823181e-01
    8.084712028503418e-01     1.635064333677292e-01    -7.162807583808899e-01     6.783859729766846e-01
    2.905318260192871e+00     4.606389403343201e-01    -8.550634384155273e-01     2.380717396736145e-01
    1.854234814643860e+00    -5.516160652041435e-02     2.193360961973667e-02     9.982365369796753e-01
    1.693038105964661e+00    -5.742467045783997e-01    -6.080968379974365e-01     5.481413006782532e-01
    2.206431627273560e+00    -8.675699830055237e-01     2.186796069145203e-01     4.466560781002045e-01
    2.258579730987549e+00    -6.900165677070618e-01    -6.215298175811768e-01     3.709146380424500e-01
    2.231639862060547e+00    -6.269951164722443e-02    -9.270738959312439e-01    -3.695980608463287e-01
    1.186043977737427e+00     3.257592320442200e-01     7.576146125793457e-01     5.655979514122009e-01
    1.266165137290955e+00     8.375906199216843e-02    -3.023763000965118e-01    -9.495013952255249e-01
    6.741521954536438e-01     8.704045414924622e-01     3.504553437232971e-01    -3.457989990711212e-01
    1.297135114669800e+00    -3.244387805461884e-01    -8.527113795280457e-01    -4.094178676605225e-01
    2.628787279129028e+00    -9.501242041587830e-01     2.553933858871460e-01     1.789922863245010e-01
    2.325325965881348e+00     2.152491658926010e-01    -9.747861027717590e-01     5.881934612989426e-02
    2.076374769210815e+00     2.590189576148987e-01     8.566568493843079e-01     4.461481869220734e-01
    1.070798993110657e+00    -3.249595463275909e-01    -8.240870237350464e-01     4.639850556850433e-01
    2.856052637100220e+00     5.531232357025146e-01     4.982143938541412e-01    -6.677104830741882e-01
    1.576694965362549e+00     4.390351772308350e-01     7.840551137924194e-01    -4.387547969818115e-01
    2.755164623260498e+00    -7.715373635292053e-01     5.938969254493713e-01    -2.280714809894562e-01
    2.722291707992554e+00     8.512697815895081e-01    -1.934636086225510e-01     4.877618253231049e-01
    2.939031362533569e+00     4.992987513542175e-01     6.385081410408020e-01    -5.856688618659973e-01
    1.695371031761169e+00    -5.710682868957520e-01    -6.545666456222534e-01     4.954024255275726e-01
    2.208845138549805e+00    -9.390912652015686e-01    -3.433445692062378e-01     1.491149235516787e-02
    2.349347829818726e+00     2.126257270574570e-01    -3.638154566287994e-01     9.068785905838013e-01
    6.522657871246338e-01     3.848548829555511e-01     2.450496256351471e-01    -8.898523449897766e-01
    8.825643658638000e-01     1.296906173229218e-01     1.667400896549225e-01     9.774343967437744e-01
    1.212811708450317e+00    -7.579816579818726e-01    -6.335127949714661e-01    -1.553233861923218e-01
    2.107843160629272e+00     1.033823713660240e-01    -5.478985905647278e-01    -8.301320075988770e-01
    1.500256299972534e+00     8.809612393379211e-01    -4.092428386211395e-01    -2.375446707010269e-01
    1.836826801300049e+00     5.305142402648926e-01     5.476059317588806e-01    -6.470565795898438e-01
    1.422004699707031e+00     8.844153881072998e-01    -4.621631503105164e-01    -6.492085754871368e-02
    1.473587632179260e+00     4.216279685497284e-01     8.859298229217529e-01     1.932828724384308e-01
    2.866475343704224e+00    -2.946231961250305e-01    -5.492772459983826e-01     7.819793224334717e-01
    2.176791191101074e+00     4.706931710243225e-01     1.513079702854156e-01     8.692260384559631e-01
    2.738851070404053e+00    -4.963358342647552e-01    -6.059471964836121e-01    -6.216742396354675e-01
    1.069355607032776e+00     8.949370980262756e-01     3.561461567878723e-01     2.687891423702240e-01
    1.920308589935303e+00     8.097499012947083e-01    -5.485073328018188e-01    -2.084345668554306e-01
    2.452936649322510e+00     8.468378186225891e-01    -2.817479074001312e-01    -4.510916769504547e-01
    2.330772399902344e+00    -4.401078820228577e-01     4.895276725292206e-01     7.527734041213989e-01
    1.709229707717896e+00     6.764093041419983e-01     3.207347989082336e-01    -6.630229949951172e-01
    2.460821151733398e+00    -7.876688241958618e-01     9.573511034250259e-02    -6.086152791976929e-01
    2.334877490997314e+00    -4.160985648632050e-01     6.712993383407593e-01    -6.133669614791870e-01
    1.488427281379700e+00    -1.682246774435043e-01    -2.013859003782272e-01     9.649581909179688e-01
    8.101946711540222e-01    -7.522622346878052e-01    -6.576507091522217e-01     3.996270522475243e-02
    2.330748796463013e+00    -3.592784702777863e-01     6.823489665985107e-01     6.366466283798218e-01
    1.630662322044373e+00     6.603978276252747e-01     6.480156779289246e-01    -3.794078528881073e-01
    2.207844734191895e+00     5.917644500732422e-01    -7.754171490669250e-01    -2.203246504068375e-01
    1.502446532249451e+00     5.586060285568237e-01    -7.402539849281311e-01    -3.741433918476105e-01
    1.113688349723816e+00     5.580548197031021e-02    -8.798372745513916e-01     4.719876050949097e-01
    2.110892295837402e+00     9.208041429519653e-01    -2.999637126922607e-01    -2.492821365594864e-01
    2.297999143600464e+00    -8.169091939926147e-01     1.517497599124908e-01     5.564453601837158e-01
    2.116851568222046e+00    -8.436005711555481e-01    -5.126422047615051e-01     1.597997695207596e-01
    5.254045128822327e-01    -7.234697341918945e-01    -6.125726699829102e-01    -3.183495700359344e-01
    2.538175344467163e+00     8.938825130462646e-01     2.369939833879471e-01    -3.805361986160278e-01
    1.294235348701477e+00     5.257696509361267e-01    -2.337181866168976e-01     8.178887963294983e-01
    1.143602132797241e+00    -6.437699198722839e-01    -7.509171962738037e-01     1.472544521093369e-01
    1.605353713035583e+00    -9.309428334236145e-01    -1.773510724306107e-01    -3.192054927349091e-01
    2.180497169494629e+00    -6.200989484786987e-01     7.589325904846191e-01    -1.987427175045013e-01
    1.567871809005737e+00    -5.136452317237854e-01     7.663134336471558e-01    -3.859173953533173e-01
    1.305827498435974e+00    -4.890708327293396e-01     2.521464824676514e-01    -8.350040316581726e-01
    1.912309408187866e+00     8.322443366050720e-01    -1.279699429869652e-02    -5.542613267898560e-01
    9.886722564697266e-01     9.084916114807129e-01    -4.055165052413940e-01    -1.009915471076965e-01
    1.651458263397217e+00    -3.826002776622772e-01     4.756170511245728e-01    -7.920893430709839e-01
    1.725979447364807e+00     7.917022109031677e-01     5.673857927322388e-01    -2.264527380466461e-01
    1.222380280494690e+00     8.922505974769592e-01     1.831636726856232e-01     4.127225875854492e-01
    2.938109397888184e+00     1.251614242792130e-01     9.454979300498962e-01     3.006137013435364e-01
    1.350298881530762e+00     5.138274431228638e-01    -5.481656789779663e-01     6.599210500717163e-01
    4.873068630695343e-01     1.255013346672058e-01    -2.732431590557098e-01     9.537229537963867e-01
    2.116707801818848e+00     3.416372835636139e-01    -7.951779365539551e-01     5.009751319885254e-01
    1.824948787689209e+00     5.316314697265625e-01    -7.746091485023499e-01     3.425619006156921e-01
    2.186783313751221e+00     5.736126750707626e-02     8.998536467552185e-01    -4.324039518833160e-01
    1.511305212974548e+00     2.134004533290863e-01     4.078539013862610e-01    -8.877586126327515e-01
    1.447315096855164e+00     9.601639509201050e-01    -9.577435255050659e-02    -2.625120282173157e-01
    2.893779516220093e+00     8.637479543685913e-01    -3.793582916259766e-01    -3.317028284072876e-01
    5.413257479667664e-01    -4.396262466907501e-01    -2.181221842765808e-01     8.712930679321289e-01
    2.153563022613525e+00    -2.548023462295532e-01     5.615832209587097e-01    -7.872102260589600e-01
    2.980550765991211e+00     7.861762046813965e-01    -5.626345276832581e-01     2.556742429733276e-01
    1.464434623718262e+00     6.268088817596436e-01     6.796380877494812e-01     3.810547888278961e-01
    5.586573481559753e-01    -8.987348079681396e-01    -4.137516021728516e-01    -1.452085971832275e-01
    7.761473059654236e-01    -3.062497973442078e-01     8.700118064880371e-01    -3.863813877105713e-01
    9.221904873847961e-01    -8.331494331359863e-01     2.148932591080666e-02     5.526304244995117e-01
    1.112323522567749e+00    -8.140851259231567e-01     2.850513756275177e-01    -5.059754252433777e-01
    1.290716052055359e+00    -8.393117189407349e-01    -3.360441625118256e-01    -4.273526370525360e-01
    1.114402413368225e+00    -8.293046951293945e-01     4.685973525047302e-01     3.044177591800690e-01
    2.614457845687866e+00     9.321755766868591e-01     3.056421577930450e-01     1.939886510372162e-01
    1.501500487327576e+00    -6.954413652420044e-01     2.238385677337646e-01     6.828305721282959e-01
    2.144569158554077e+00     6.316021829843521e-02    -9.501101374626160e-01    -3.054525554180145e-01
    6.679841876029968e-01    -1.631059944629669e-01    -1.742022633552551e-01    -9.711076617240906e-01
    2.717808485031128e+00    -6.708712875843048e-02     9.490613937377930e-01     3.078667521476746e-01
    1.887225389480591e+00     4.104901254177094e-01    -3.602991104125977e-01     8.376649022102356e-01
    2.086599349975586e+00     5.323379635810852e-01    -1.315382570028305e-01    -8.362500667572021e-01
    2.061875820159912e+00     8.909059762954712e-01    -4.501772224903107e-01    -6.022597849369049e-02
    2.692563235759735e-01    -3.426199555397034e-01    -8.130088448524475e-01     4.707741141319275e-01
    1.169701695442200e+00    -4.137945771217346e-01    -7.223881483078003e-01    -5.540123581886292e-01
    1.879479646682739e+00     8.853135704994202e-01     1.915097534656525e-01    -4.237261414527893e-01
    1.002155780792236e+00    -5.859557986259460e-01    -1.188736259937286e-01    -8.015766143798828e-01
    1.006594777107239e+00     6.966779828071594e-01     1.799151450395584e-01    -6.944568157196045e-01
    1.351304411888123e+00    -7.457109093666077e-01     5.858005285263062e-01     3.174160718917847e-01
    1.819725275039673e+00    -9.034060686826706e-02    -1.490454096347094e-02    -9.957994222640991e-01
    2.169707536697388e+00     7.944294214248657e-01     8.234940469264984e-02    -6.017478704452515e-01
    7.479166984558105e-01    -6.706726551055908e-01     2.931253798305988e-02    -7.411740422248840e-01
    2.700532674789429e+00     2.508150637149811e-01     5.066363811492920e-01    -8.248706459999084e-01
    1.099102139472961e+00     6.838000416755676e-01    -7.287601828575134e-01     3.641688823699951e-02
    1.625829815864563e+00    -1.450594514608383e-01    -9.700768589973450e-01    -1.947017461061478e-01
    8.165046572685242e-01     1.449494808912277e-02     6.546035408973694e-01    -7.558333277702332e-01
    2.596588373184204e+00    -5.421107634902000e-02     4.008286893367767e-01    -9.145478010177612e-01
    2.609475374221802e+00    -6.290168166160583e-01     6.151088476181030e-01     4.753725230693817e-01
    2.251319408416748e+00     7.930041551589966e-01    -3.215687870979309e-01    -5.174338817596436e-01
    1.316594362258911e+00    -6.237197518348694e-01     6.079958677291870e-01    -4.912382364273071e-01
    2.206037759780884e+00    -7.365741729736328e-01     3.923178911209106e-01    -5.509494543075562e-01
    2.002794265747070e+00     8.384535312652588e-01    -4.657310843467712e-01     2.830023765563965e-01
    2.802782535552979e+00    -7.472425699234009e-01     3.879899978637695e-01     5.395297408103943e-01
    3.607501387596130e-01     5.689610838890076e-01     7.633875012397766e-01     3.058150112628937e-01
    7.642745375633240e-01     3.302032947540283e-01     2.635163962841034e-01     9.063801765441895e-01
    2.500763177871704e+00    -6.168183684349060e-01    -6.851818561553955e-01     3.873771429061890e-01
    1.154159069061279e+00     1.288008838891983e-01    -7.759166955947876e-01    -6.175464391708374e-01
    2.307349920272827e+00     6.915109157562256e-01     3.597742915153503e-01     6.263985633850098e-01
    1.796754360198975e+00    -2.126847803592682e-01     1.130057871341705e-01    -9.705642461776733e-01
    4.765213429927826e-01    -7.774416357278824e-02     9.956806898117065e-01    -5.075329542160034e-02
    2.814244985580444e+00    -4.753363728523254e-01    -5.657710433006287e-01    -6.737644672393799e-01
    2.764702081680298e+00     5.855064392089844e-01     3.621860966086388e-02     8.098582625389099e-01
    2.204958677291870e+00     2.759709656238556e-01    -5.517311692237854e-01     7.870405316352844e-01
    2.958932638168335e+00     5.099060535430908e-01    -8.552956581115723e-01    -9.200666099786758e-02
    9.222856163978577e-01     4.276485443115234e-01    -6.203034520149231e-01     6.575259566307068e-01
    8.113656640052795e-01     5.897164344787598e-01    -1.353183835744858e-01    -7.961931228637695e-01
    4.390793442726135e-01    -6.789940595626831e-01    -4.379103183746338e-01     5.892382264137268e-01
    8.276895284652710e-01     8.746594786643982e-01     3.018690645694733e-01     3.792701959609985e-01
    1.050165891647339e+00    -5.915530920028687e-01    -2.663891017436981e-01     7.609874010086060e-01
    6.998087763786316e-01     5.285504087805748e-02     1.642493605613708e-01     9.850017428398132e-01
    2.679471254348755e+00    -7.829509973526001e-01    -4.227004945278168e-03     6.220688819885254e-01
    1.365948557853699e+00    -6.616931408643723e-02     8.843035697937012e-01     4.621998071670532e-01
    1.559131622314453e+00     7.232090830802917e-01     5.708600282669067e-01     3.886994123458862e-01
    1.830767869949341e+00     1.240022927522659e-01     9.225344061851501e-01    -3.654500544071198e-01
    2.509985685348511e+00    -2.024524360895157e-01    -6.973105669021606e-01    -6.875835061073303e-01
    2.380907773971558e+00    -4.446855485439301e-01    -5.238531231880188e-01    -7.265210151672363e-01
    1.966526150703430e+00     9.218579530715942e-01    -3.765373826026917e-01    -9.163822233676910e-02
    2.936609029769897e+00     6.824564337730408e-01     6.714487671852112e-01    -2.888077497482300e-01
    8.320903778076172e-01    -3.233053088188171e-01     5.095274448394775e-01     7.974054217338562e-01
    2.057570219039917e+00    -3.096157312393188e-01     8.285840749740601e-01    -4.664618074893951e-01
    2.185534715652466e+00     8.660575151443481e-01    -4.936684668064117e-01     7.896644622087479e-02
    2.126731634140015e+00     2.986482977867126e-01    -8.368639945983887e-01    -4.587678015232086e-01
    1.300867080688477e+00     1.968051642179489e-01    -4.486876130104065e-01    -8.717495203018188e-01
    1.394826531410217e+00    -7.483048439025879e-01    -3.671809136867523e-01    -5.524653196334839e-01
    1.562493443489075e+00    -9.020388722419739e-01    -2.366043925285339e-01    -3.610325455665588e-01
    7.932409048080444e-01     6.589447259902954e-01    -5.672832131385803e-01     4.939447045326233e-01
    2.962934970855713e+00     9.701501131057739e-01     7.578197121620178e-02    -2.303602099418640e-01
    9.801043272018433e-01    -7.811183333396912e-01     3.312042057514191e-01     5.292993783950806e-01
    2.982120990753174e+00     4.118828773498535e-01     7.883758544921875e-01     4.569638371467590e-01
    2.855721235275269e+00    -1.316419541835785e-01     9.459047317504883e-01    -2.965379357337952e-01
    2.315506458282471e+00     7.760518193244934e-01     5.804518461227417e-01     2.466155290603638e-01
    1.742038846015930e+00     1.205947026610374e-01     9.464753270149231e-01     2.994016408920288e-01
    2.446965217590332e+00    -5.822520256042480e-01    -8.106987476348877e-01     6.123876571655273e-02
    1.727614045143127e+00     3.070085048675537e-01     1.855369210243225e-01     9.334462285041809e-01
    2.452258110046387e+00    -2.593030929565430e-01    -9.354321956634521e-01     2.402673810720444e-01
    4.222998321056366e-01     1.481035202741623e-01    -7.716868519783020e-01    -6.185181736946106e-01
    2.991187334060669e+00    -1.281657069921494e-01     9.696821570396423e-01    -2.080629020929337e-01
    1.137478828430176e+00    -2.077149003744125e-01     2.112614959478378e-01     9.551037549972534e-01
    2.288519620895386e+00    -3.808640539646149e-01     6.317427158355713e-01    -6.751620173454285e-01
    9.855484366416931e-01     4.474413692951202e-01     4.674367606639862e-01     7.624296545982361e-01
    4.845658838748932e-01    -3.322706520557404e-01     5.792412161827087e-01     7.443627119064331e-01
    1.188087582588196e+00     6.717227697372437e-01     7.272367477416992e-01     1.411214470863342e-01
    2.695010662078857e+00     8.273488283157349e-01    -5.545294284820557e-01    -8.939152210950851e-02
    1.901960492134094e+00     3.207651674747467e-01     4.104220271110535e-01     8.536177873611450e-01
    2.816816806793213e+00     4.510821104049683e-01     3.150478303432465e-01     8.350268602371216e-01
    1.136187434196472e+00     1.218870654702187e-01    -8.040142059326172e-01     5.819833874702454e-01
    1.075026750564575e+00    -5.375483632087708e-01    -6.672075390815735e-02    -8.405889868736267e-01
    1.676083087921143e+00    -3.169357776641846e-01    -3.808608949184418e-01    -8.686176538467407e-01
    1.214581370353699e+00     7.228097319602966e-01    -5.105217695236206e-01     4.657396972179413e-01
    2.246026039123535e+00     5.858958363533020e-01    -1.277336031198502e-01    -8.002564311027527e-01
    9.350241422653198e-01    -5.167723894119263e-01    -8.558627367019653e-01    -2.110022120177746e-02
    2.098677635192871e+00     5.583247542381287e-01    -7.426247000694275e-01    -3.698406815528870e-01
    2.518253564834595e+00     9.016544818878174e-01    -4.302051961421967e-01    -4.407436400651932e-02
    2.129349946975708e+00     2.190959453582764e-01     9.496938586235046e-01    -2.237824052572250e-01
    1.351576685905457e+00    -3.411140441894531e-01     4.867883622646332e-01     8.041630983352661e-01
    8.881523013114929e-01     7.499425858259201e-02    -9.421131014823914e-01     3.268007934093475e-01
    9.756626486778259e-01    -4.360595643520355e-01     8.250229358673096e-01     3.594290316104889e-01
    1.241899490356445e+00     2.398981153964996e-01     2.358403205871582e-01     9.417155981063843e-01
    9.043679833412170e-01    -3.919335901737213e-01     7.776651382446289e-01     4.915536940097809e-01
    2.995955944061279e+00     1.692470908164978e-01    -7.146971225738525e-01     6.786484122276306e-01
    2.118775606155396e+00    -6.523696780204773e-01    -4.523032307624817e-01    -6.081410646438599e-01
    2.015467405319214e+00     4.144329130649567e-01     8.185360580682755e-02    -9.063915014266968e-01
    6.827071309089661e-01     8.223925828933716e-01     5.666494965553284e-01     5.078342556953430e-02
    1.221015095710754e+00    -8.362136483192444e-01    -1.993460953235626e-01     5.108892321586609e-01
    2.692108154296875e+00     3.259511590003967e-01     6.150653213262558e-02    -9.433838129043579e-01
    1.851186871528625e+00     7.250202298164368e-01    -3.799230158329010e-01    -5.744597911834717e-01
    2.893059015274048e+00     4.964134097099304e-01    -3.496267497539520e-01    -7.945657372474670e-01
    1.925900459289551e+00    -1.965604573488235e-01     3.160152733325958e-01    -9.281693100929260e-01
    1.558501005172729e+00     8.651498556137085e-01     5.009491443634033e-01    -2.378233894705772e-02
    5.355782508850098e-01     5.721948742866516e-01     8.198279142379761e-01     2.180112712085247e-02
    2.384316682815552e+00     8.260782361030579e-01    -5.236886143684387e-01    -2.081946134567261e-01
    2.526165246963501e+00    -3.118212819099426e-01    -8.989974260330200e-01     3.075237572193146e-01
    1.050648689270020e+00     6.149732470512390e-01    -2.783375680446625e-01    -7.377912998199463e-01
    9.713671207427979e-01    -6.264846324920654e-01     6.466595530509949e-01    -4.351417422294617e-01
    8.705306649208069e-01     7.347694039344788e-01    -1.057913675904274e-01    -6.700167059898376e-01
    2.957728385925293e+00    -6.614350676536560e-01    -7.498877644538879e-01    -1.311743259429932e-02
    1.805744409561157e+00    -2.583074271678925e-01    -9.646518826484680e-01     5.219213292002678e-02
    1.356266379356384e+00     2.415847629308701e-01    -9.282094836235046e-01    -2.829555273056030e-01
    1.963175535202026e+00     5.556197762489319e-01    -3.403134047985077e-01     7.585996985435486e-01
    5.160769820213318e-01     1.474060267210007e-01    -4.968153238296509e-01    -8.552460670471191e-01
    1.957222938537598e+00     8.874755501747131e-01     3.763685226440430e-01     2.659586668014526e-01
    1.620900273323059e+00    -5.962134003639221e-01    -2.576899528503418e-01    -7.603456377983093e-01
    5.437032580375671e-01    -3.108810186386108e-01     9.241814017295837e-01     2.219049036502838e-01
    1.186931490898132e+00    -7.844245433807373e-01    -6.201975941658020e-01     5.737015511840582e-03
    2.470156669616699e+00    -2.968558371067047e-01    -1.909853368997574e-01    -9.356288313865662e-01
    2.837511301040649e+00    -1.278681457042694e-01     3.338127136230469e-01    -9.339265823364258e-01
    1.088344812393188e+00    -8.542278409004211e-01     4.878167510032654e-01    -1.798047423362732e-01
    9.624968171119690e-01    -8.109571933746338e-01     3.434948995709419e-02     5.840963125228882e-01
    1.672667145729065e+00     7.467969059944153e-01     6.648470759391785e-01     1.651257835328579e-02
    2.808727741241455e+00     3.613399267196655e-01    -9.101305603981018e-01     2.027204483747482e-01
    1.578424572944641e+00     3.395721614360809e-01     6.118623018264771e-01     7.143634557723999e-01
    2.066338300704956e+00    -3.213264942169189e-01     9.448544383049011e-01    -6.324123591184616e-02
    1.282240629196167e+00    -3.608252620324492e-03    -8.219354152679443e-01     5.695692896842957e-01
    1.812546968460083e+00    -1.901815533638000e-01     1.620927304029465e-01     9.682752490043640e-01
    1.431181550025940e+00    -5.030516982078552e-01    -1.351868808269501e-01     8.536179065704346e-01
    1.656315326690674e+00     7.934129834175110e-01    -4.709436297416687e-01    -3.856267035007477e-01
    1.172490954399109e+00     7.681131362915039e-01     4.014953076839447e-01    -4.988023042678833e-01
    2.913085699081421e+00     9.689086675643921e-02    -9.728658795356750e-01     2.101051062345505e-01
    1.416527152061462e+00     9.763200879096985e-01     3.810485452413559e-02    -2.129484415054321e-01
    2.479090690612793e+00    -9.199113249778748e-01     3.342040479183197e-01    -2.051117420196533e-01
    2.179412364959717e+00     8.632296323776245e-01     2.279087603092194e-01     4.504357278347015e-01
    2.446837425231934e+00     8.204560279846191e-01    -5.582536458969116e-01    -1.233073547482491e-01
    1.385148763656616e+00    -7.669686079025269e-01     6.119730472564697e-01    -1.929974704980850e-01
    2.263511419296265e+00     7.006438374519348e-01    -3.577228784561157e-01     6.173592209815979e-01
    1.689674377441406e+00    -7.021971046924591e-02    -1.392491161823273e-01     9.877645969390869e-01
    2.632490873336792e+00     1.588726788759232e-01     9.728791713714600e-01    -1.681241691112518e-01
    2.830918788909912e+00    -4.802748188376427e-02     6.551691889762878e-01     7.539540529251099e-01
    2.684644460678101e+00    -4.700288474559784e-01     7.396382093429565e-01    -4.816724061965942e-01
    1.355655312538147e+00     8.921393156051636e-01    -4.164825081825256e-01    -1.750134676694870e-01
    1.780480861663818e+00    -4.573626518249512e-01     7.746105790138245e-01     4.368042945861816e-01
    1.210437893867493e+00    -8.702135682106018e-01     2.935029864311218e-01     3.957074582576752e-01
    2.316526174545288e+00     6.527849435806274e-01    -6.614559292793274e-01     3.692530095577240e-01
    5.843232870101929e-01     3.751128315925598e-01    -4.259475693106651e-02     9.259999394416809e-01
    1.740958929061890e+00     4.827519655227661e-01    -3.995547592639923e-01    -7.792987823486328e-01
    1.329347968101501e+00     3.436972796916962e-01     3.219344913959503e-01     8.821736574172974e-01
    1.322884559631348e+00     6.592388749122620e-01    -4.795911312103271e-01    -5.791342258453369e-01
    2.416772842407227e+00     1.565168946981430e-01    -8.198096156120300e-01    -5.508309006690979e-01
    2.809533119201660e+00    -4.530822038650513e-01    -2.585956454277039e-01     8.531382679939270e-01
    1.731166124343872e+00     9.607266187667847e-01     5.646684020757675e-02     2.716909348964691e-01
    7.146595120429993e-01     3.737410902976990e-01    -4.424199163913727e-01     8.152192831039429e-01
    1.211477875709534e+00    -1.297899484634399e-01     1.982062608003616e-01     9.715291857719421e-01
    2.805876016616821e+00     6.916840672492981e-01    -4.405156373977661e-01    -5.722929835319519e-01
    2.120267391204834e+00    -6.606280803680420e-01     7.362087368965149e-01    -1.468587070703506e-01
    1.418055772781372e+00    -3.376750051975250e-01    -9.343792796134949e-01     1.136259138584137e-01
    2.570480346679688e+00    -6.294409632682800e-01     1.626052409410477e-01     7.598445415496826e-01
    1.920795917510986e+00     3.184480369091034e-01     4.452840238809586e-02     9.468938708305359e-01
    1.565910935401917e+00    -4.418344795703888e-01     3.942306339740753e-01     8.058316111564636e-01
    1.566638827323914e+00    -2.659561634063721e-01     9.011106491088867e-01     3.424424827098846e-01
    1.816379070281982e+00    -7.467309832572937e-01     2.965565025806427e-02     6.644646525382996e-01
    2.919003486633301e+00    -3.760775923728943e-01    -7.424620389938354e-01     5.543608069419861e-01
    1.313973546028137e+00    -7.037519812583923e-01     6.453123092651367e-01     2.971616983413696e-01
    1.353517532348633e+00    -1.183926910161972e-01    -8.934341669082642e-01    -4.333109557628632e-01
    1.332838058471680e+00     2.909086346626282e-01     9.416394829750061e-01     1.693733185529709e-01
    1.520040035247803e+00     7.955005168914795e-01    -8.368463069200516e-02     6.001464724540710e-01
    1.319621562957764e+00    -7.696897983551025e-01     1.081845015287399e-01    -6.291850209236145e-01
    2.007093667984009e+00     5.563345551490784e-01     5.183752179145813e-01    -6.494451761245728e-01
    1.357541441917419e+00     3.830919042229652e-02    -8.695133328437805e-01     4.924214482307434e-01
    5.806276202201843e-01     7.235220074653625e-01    -3.677650690078735e-01    -5.841786861419678e-01
    9.667865037918091e-01    -8.493658900260925e-01    -5.155567526817322e-01    -1.130441874265671e-01
    2.097630023956299e+00     5.688070878386497e-02    -6.145158410072327e-01    -7.868512272834778e-01
    1.156664729118347e+00     4.972978830337524e-01    -3.708372116088867e-01    -7.843307256698608e-01
    2.266643047332764e+00    -5.823782682418823e-01     6.936528086662292e-01     4.238883852958679e-01
    2.761034011840820e+00    -1.215981841087341e-01    -4.468334019184113e-01    -8.863147497177124e-01
    2.207822799682617e+00    -2.438041567802429e-01    -3.602712750434875e-01    -9.004244804382324e-01
    6.715834140777588e-01     6.566832065582275e-01    -5.005906224250793e-01     5.640709996223450e-01
    1.756274461746216e+00    -1.142567545175552e-01    -9.237750768661499e-01     3.654929697513580e-01
    1.764947891235352e+00     5.882279276847839e-01     1.548503637313843e-01     7.937312722206116e-01
    2.511861562728882e+00    -9.466085433959961e-01    -4.638289660215378e-02    -3.190308809280396e-01
    1.860263586044312e+00     7.504807114601135e-01    -1.071213372051716e-02    -6.608055830001831e-01
    2.603994131088257e+00     4.046649932861328e-01     8.210235238075256e-01    -4.026993215084076e-01
    2.899175167083740e+00    -3.487157821655273e-01     7.033105492591858e-01    -6.194767951965332e-01
    1.185966491699219e+00     2.655318081378937e-01    -3.642164468765259e-01     8.926585316658020e-01
    1.887728929519653e+00    -9.718115329742432e-01     2.307791709899902e-01     4.819985106587410e-02
    9.619544148445129e-01    -5.572238564491272e-01    -4.827800393104553e-01     6.755924224853516e-01
    6.432565450668335e-01    -7.075626254081726e-01     2.252578362822533e-02     7.062914967536926e-01
    7.363134622573853e-01     8.410301804542542e-01    -1.793062984943390e-01     5.104091167449951e-01
    6.315671801567078e-01     5.244493484497070e-01     6.082091853022575e-02     8.492665886878967e-01
    6.391510367393494e-01     1.914706528186798e-01     1.751773059368134e-01    -9.657390713691711e-01
    1.588034391403198e+00    -1.020659282803535e-01    -7.794470191001892e-01     6.180978417396545e-01
    2.944373846054077e+00    -4.659696519374847e-01    -4.788360595703125e-01    -7.440352439880371e-01
    2.890944242477417e+00    -6.593778729438782e-01    -4.662427008152008e-01     5.897785425186157e-01
    1.422527790069580e+00    -5.341686606407166e-01    -6.256805658340454e-01    -5.684959888458252e-01
    2.412437200546265e+00    -1.095812916755676e-01     9.783282876014709e-01    -1.756861954927444e-01
    2.026079416275024e+00     4.815948903560638e-01     2.989293634891510e-01    -8.238372206687927e-01
    2.503317117691040e+00    -9.333503842353821e-01    -1.169217452406883e-01     3.393912911415100e-01
    1.786921381950378e+00    -7.478663325309753e-01    -6.434941291809082e-01     1.631302684545517e-01
    6.595414876937866e-01    -6.446719169616699e-01     7.494463920593262e-01    -1.507591158151627e-01
    2.001846551895142e+00     7.417131662368774e-01     6.351516842842102e-01    -2.155092209577560e-01
    6.649337410926819e-01    -5.188302397727966e-01    -6.823894977569580e-01     5.149366855621338e-01
    1.028648853302002e+00     8.083295226097107e-01    -3.507435023784637e-01    -4.728449881076813e-01
    2.766353607177734e+00    -8.375299572944641e-01    -2.864066325128078e-02     5.456402301788330e-01
    1.575824022293091e+00    -4.279672205448151e-01     9.005306959152222e-01    -7.673665136098862e-02
    2.087241649627686e+00    -7.386733889579773e-01    -6.702746152877808e-01     7.136809080839157e-02
    2.690960645675659e+00     6.178176999092102e-01     6.164462566375732e-01    -4.881549477577209e-01
    1.316980361938477e+00     8.403097093105316e-02    -9.813729524612427e-01    -1.727604120969772e-01
    8.142803907394409e-01    -3.571721315383911e-01    -1.837249249219894e-01    -9.157910943031311e-01
    1.654301881790161e+00     9.465866088867188e-01     3.216667175292969e-01     2.245926856994629e-02
    1.131402015686035e+00     4.105680808424950e-02     9.050319790840149e-01     4.233573377132416e-01
    1.579052686691284e+00     9.186437129974365e-01    -3.314539492130280e-01     2.150159180164337e-01
    1.932678699493408e+00     7.200058102607727e-01     6.154162287712097e-01    -3.207092583179474e-01
    1.915153145790100e+00    -8.014614582061768e-01     1.203991845250130e-01     5.858016014099121e-01
    8.220596313476562e-01     5.354549288749695e-01    -7.559313774108887e-01     3.766374588012695e-01
    2.285381555557251e+00     1.406770758330822e-02    -9.822620153427124e-01    -1.869851201772690e-01
    1.229358911514282e+00     4.263127744197845e-01    -2.101181745529175e-01     8.798339366912842e-01
    1.574248552322388e+00     5.250121280550957e-02    -2.481457293033600e-01     9.672991037368774e-01
    9.953641891479492e-01     9.449964761734009e-01     1.538450014777482e-04    -3.270801305770874e-01
    7.258318066596985e-01     3.622950613498688e-02    -1.190927773714066e-01     9.922219514846802e-01
    2.640083551406860e+00     4.373692870140076e-01    -6.557599902153015e-01     6.153754591941833e-01
    1.124275803565979e+00     5.075287222862244e-01    -2.267706990242004e-01    -8.312578797340393e-01
    1.917484402656555e+00    -2.901114821434021e-01     5.104573369026184e-01    -8.094866871833801e-01
    1.527390599250793e+00     3.957961499691010e-01     9.025745391845703e-01    -1.694237142801285e-01
    2.031230926513672e+00    -3.236051201820374e-01    -8.494697809219360e-01     4.167501628398895e-01
    2.792021989822388e+00     7.046332359313965e-01     1.008826270699501e-01     7.023636698722839e-01
    2.311743021011353e+00    -8.486714363098145e-01    -2.124125324189663e-02    -5.284938812255859e-01
    1.713482022285461e+00     6.908758282661438e-01    -1.125524118542671e-01     7.141587138175964e-01
    1.483538389205933e+00     9.504440426826477e-01     2.225231975317001e-01     2.171163409948349e-01
    4.734442234039307e-01     3.620741963386536e-01    -2.025836855173111e-01    -9.098693132400513e-01
    2.131036758422852e+00     5.802369713783264e-01     7.732293605804443e-01    -2.558154761791229e-01
    1.596340894699097e+00    -2.791956812143326e-02     1.889600157737732e-01    -9.815878272056580e-01
    2.597697973251343e+00    -9.579982161521912e-01     2.727596759796143e-01    -8.855265378952026e-02
    1.003097057342529e+00    -5.129877924919128e-01    -7.328041829168797e-03    -8.583646416664124e-01
    2.219170331954956e+00     3.429728746414185e-01     1.779007762670517e-01     9.223453402519226e-01
    1.048455357551575e+00     6.328355669975281e-01     3.212176561355591e-01    -7.045127749443054e-01
    1.059170365333557e+00    -9.556801915168762e-01    -2.923241257667542e-01     3.495921194553375e-02
    9.636091589927673e-01    -5.234705209732056e-01    -8.120946884155273e-01    -2.578384876251221e-01
    1.526166558265686e+00     3.955396264791489e-02    -3.912736102938652e-02     9.984509944915771e-01
    1.968543648719788e+00     9.324258565902710e-01    -3.234320878982544e-02    -3.599109351634979e-01
    3.479835689067841e-01     2.236593514680862e-01    -9.743617773056030e-01     2.440683729946613e-02
    2.411140918731689e+00    -1.659733057022095e-01     9.104592204093933e-01    -3.788362145423889e-01
    2.381510972976685e+00     8.399578332901001e-01     2.767192125320435e-01    -4.667947590351105e-01
    2.768698930740356e+00     3.640621006488800e-01     3.734788894653320e-01     8.532130718231201e-01
    4.854175150394440e-01     6.003530621528625e-01    -7.797509431838989e-01    -1.776645928621292e-01
    2.003163099288940e+00     8.413413166999817e-01    -3.985596299171448e-01    -3.650961220264435e-01
    1.923552870750427e+00    -6.350179314613342e-01    -4.219155013561249e-01     6.471007466316223e-01
    2.107896327972412e+00    -8.106646537780762e-01     2.604747116565704e-01    -5.243812203407288e-01
    2.698602199554443e+00    -2.592051327228546e-01     9.645319581031799e-01     4.990734159946442e-02
    5.454252362251282e-01    -2.157515138387680e-01     7.524980902671814e-01    -6.222522854804993e-01
    1.371434211730957e+00    -7.792190909385681e-01    -5.205908417701721e-01     3.490025997161865e-01
    2.340513229370117e+00    -2.871403992176056e-01     8.956983685493469e-01     3.395216464996338e-01
    1.469265103340149e+00    -7.558196783065796e-01     3.930903971195221e-01     5.236569046974182e-01
    1.281898140907288e+00     2.652689814567566e-01    -9.574498534202576e-01     1.136753186583519e-01
    2.414592981338501e+00    -5.656711459159851e-01     2.297014743089676e-01     7.919933795928955e-01
    4.331145584583282e-01    -2.336947321891785e-01    -6.479892730712891e-01     7.249113917350769e-01
    1.611364006996155e+00     1.264396756887436e-01     9.637290239334106e-02    -9.872817397117615e-01
    5.362492799758911e-01     9.350311756134033e-02    -3.629814386367798e-01    -9.270930886268616e-01
    2.183134794235229e+00    -6.940809488296509e-01     1.587996631860733e-01     7.021641135215759e-01
    1.601855874061584e+00     9.570471644401550e-01     2.452157586812973e-01    -1.546932905912399e-01
    2.883497953414917e+00    -5.256636142730713e-01     6.353851556777954e-01     5.656532049179077e-01
    1.507775306701660e+00    -2.192294150590897e-01     4.898037612438202e-01     8.438192009925842e-01
    2.230702877044678e+00     5.246319174766541e-01     5.384345650672913e-01    -6.594312787055969e-01
    2.117687940597534e+00    -3.614390790462494e-01    -7.332659363746643e-01    -5.759193301200867e-01
    2.160656929016113e+00     3.833356872200966e-02     8.791413903236389e-01     4.750169813632965e-01
    2.483041763305664e+00     7.029359340667725e-01    -7.103410363197327e-01     3.600909188389778e-02
    1.656031370162964e+00     6.811983585357666e-01    -3.378169536590576e-01    -6.494986414909363e-01
    2.909762382507324e+00     3.855243623256683e-01    -8.910754919052124e-01    -2.394895106554031e-01
    5.818209648132324e-01    -5.904742479324341e-01    -6.238166689872742e-01     5.120477676391602e-01
    1.495147228240967e+00     5.756600499153137e-01     6.449189782142639e-01    -5.026876330375671e-01
    2.972132682800293e+00    -2.825213670730591e-01     8.657184988260269e-02    -9.553464651107788e-01
    1.939840078353882e+00    -4.410835355520248e-02    -9.503859877586365e-01     3.079296946525574e-01
    1.807927489280701e+00    -4.837050437927246e-01     3.645915091037750e-01    -7.956772446632385e-01
    8.271422982215881e-01    -4.117747843265533e-01     1.943730860948563e-01     8.903148770332336e-01
    2.237056732177734e+00    -1.756462752819061e-01     8.186648488044739e-01    -5.467506647109985e-01
    5.128712654113770e-01    -5.249167084693909e-01    -1.160025894641876e-01    -8.432117700576782e-01
    1.988167762756348e+00     5.190485715866089e-01     7.597968578338623e-01     3.915318846702576e-01
    2.242320060729980e+00     6.101653575897217e-01    -4.842903316020966e-01    -6.270254850387573e-01
    1.335824251174927e+00     3.484331071376801e-03    -4.859029948711395e-01     8.740057349205017e-01
    6.759126782417297e-01    -3.978569805622101e-01     6.337879300117493e-01    -6.633419394493103e-01
    1.123070478439331e+00    -8.524474501609802e-01     1.535682380199432e-01    -4.997500777244568e-01
    2.700451374053955e+00     3.630388975143433e-01     4.678892791271210e-01    -8.057805895805359e-01
    2.264439344406128e+00     2.051254063844681e-01    -9.080632328987122e-01     3.651641309261322e-01
    1.992019295692444e+00    -7.928488254547119e-01     2.092631012201309e-01    -5.723631978034973e-01
    2.721941232681274e+00    -5.910820364952087e-01    -1.326908022165298e-01    -7.956225275993347e-01
    1.806850552558899e+00     7.755932807922363e-01    -4.378931522369385e-01    -4.546478092670441e-01
    2.151143550872803e+00     1.631081253290176e-01    -9.592800140380859e-01     2.306024879217148e-01
    2.776663064956665e+00    -8.512818217277527e-01    -1.090865284204483e-01     5.132438540458679e-01
    1.494761943817139e+00    -2.013366110622883e-02     9.817922711372375e-01     1.888878792524338e-01
    2.910175085067749e+00    -6.106144189834595e-01     6.599430441856384e-01     4.377501904964447e-01
    1.996612429618835e+00     3.733413815498352e-01    -3.690007627010345e-01     8.511489033699036e-01
    2.408898919820786e-01    -3.648812323808670e-02    -9.342250227928162e-01     3.548127114772797e-01
    1.046545147895813e+00    -6.585797071456909e-01    -7.350637316703796e-01    -1.611028760671616e-01
    2.900806665420532e+00    -7.581689953804016e-01    -1.059584505856037e-02     6.519720554351807e-01
    2.256677627563477e+00     1.134741008281708e-01     9.167132377624512e-01    -3.830932080745697e-01
    6.373411417007446e-01     9.340864419937134e-01     3.336811363697052e-01    -1.270407736301422e-01
    2.544053316116333e+00    -5.895873904228210e-01    -7.274293303489685e-01     3.510458767414093e-01
    4.321791529655457e-01    -4.430330097675323e-01    -4.548503160476685e-01     7.725497484207153e-01
    1.241212844848633e+00    -9.359462261199951e-01    -1.792533993721008e-01     3.031054139137268e-01
    2.686933517456055e+00    -1.928105503320694e-01    -2.073088139295578e-01    -9.590866565704346e-01
    1.082914948463440e+00     8.921902775764465e-01    -9.546508640050888e-02     4.414556622505188e-01
    1.734276294708252e+00     7.026162147521973e-01    -2.861029207706451e-01    -6.515178680419922e-01
    2.871280670166016e+00    -9.917158484458923e-01     8.167973905801773e-02    -9.913568943738937e-02
    1.154005050659180e+00    -8.506463468074799e-02    -5.448740124702454e-01     8.341919779777527e-01
    2.981804370880127e+00     6.561686992645264e-01     1.258885711431503e-01    -7.440394163131714e-01
    8.085370659828186e-01     9.826920628547668e-01     1.632759422063828e-01     8.750718086957932e-02
    1.485406279563904e+00    -2.888481616973877e-01    -5.449004173278809e-01    -7.871786952018738e-01
    2.477647304534912e+00    -1.462426334619522e-01    -4.770918190479279e-01    -8.666005134582520e-01
    2.405000209808350e+00    -7.909479737281799e-01    -6.046661138534546e-01    -9.370287507772446e-02
    7.805388569831848e-01    -4.199449345469475e-02     1.308776140213013e-01    -9.905086159706116e-01
    2.065810918807983e+00     4.323550164699554e-01     8.994949460029602e-01    -6.307238340377808e-02
    6.482851505279541e-01    -3.092438876628876e-01    -9.181942343711853e-01     2.475634962320328e-01
    6.344681382179260e-01     1.725161820650101e-01    -3.939188420772552e-01     9.028101563453674e-01
    7.257109284400940e-01     1.617725789546967e-01     6.792276501655579e-01     7.158768177032471e-01
    2.126544237136841e+00    -3.266197741031647e-01    -9.317687749862671e-01     1.585130095481873e-01
    3.875758051872253e-01     2.173946052789688e-01    -9.757677912712097e-01    -2.483356371521950e-02
    3.605061471462250e-01     1.799504905939102e-01    -1.215234920382500e-01     9.761402010917664e-01
    2.242289066314697e+00    -3.083419203758240e-01     3.490280210971832e-01    -8.849321603775024e-01
    1.573123097419739e+00    -8.850993514060974e-01     3.468559086322784e-01    -3.103063106536865e-01
    1.589743137359619e+00     6.496939063072205e-01    -6.866913437843323e-01     3.261180222034454e-01
    1.569294929504395e+00    -9.023612737655640e-01    -1.333166062831879e-01    -4.098424911499023e-01
    7.493795156478882e-01    -6.864376068115234e-01     1.499267518520355e-01     7.115654349327087e-01
    7.181358933448792e-01     2.680075466632843e-01     6.802423596382141e-01    -6.822333335876465e-01
    2.923656940460205e+00    -1.962109208106995e-01    -9.803268313407898e-01     2.146156318485737e-02
    7.515121102333069e-01    -2.741689085960388e-01     8.245505690574646e-01    -4.949220716953278e-01
    5.618582367897034e-01     1.407604850828648e-02    -2.752817571163177e-01     9.612605571746826e-01
    2.175848007202148e+00     4.802577495574951e-01     1.807690858840942e-01     8.582977652549744e-01
    1.317249059677124e+00    -4.577589333057404e-01     8.884022831916809e-01     3.461499884724617e-02
    9.675855636596680e-01     9.583877921104431e-01     2.343429625034332e-01     1.630226075649261e-01
    1.197568058967590e+00     5.319486260414124e-01     3.624841570854187e-01     7.652685642242432e-01
    2.999989032745361e+00     2.575030922889709e-01     7.815427184104919e-01    -5.682282447814941e-01
    1.025063395500183e+00    -8.844517469406128e-01     1.641532480716705e-01     4.368053376674652e-01
    1.302060365676880e+00    -4.106095433235168e-01    -7.654235959053040e-01     4.955061376094818e-01
    1.538131475448608e+00     3.256889581680298e-01     6.993545889854431e-01    -6.362623572349548e-01
    2.785340070724487e+00     7.768658455461264e-03    -9.128060936927795e-01    -4.083193838596344e-01
    1.274029374122620e+00     5.932316184043884e-01    -5.798991918563843e-01     5.583844184875488e-01
    1.688628315925598e+00    -6.705149412155151e-01    -2.927459776401520e-01     6.816961765289307e-01
    2.882060050964355e+00    -8.573958277702332e-01     5.416987091302872e-02     5.117987990379333e-01
    6.723989248275757e-01     5.942796543240547e-02    -7.884154915809631e-01     6.122656464576721e-01
    2.364304065704346e+00     1.355472858995199e-02    -9.976506829261780e-01    -6.715171784162521e-02
    1.319875836372375e+00     4.841757565736771e-02     4.293808639049530e-01    -9.018246531486511e-01
    7.136836051940918e-01    -4.736136198043823e-01     6.147686839103699e-01    -6.306739449501038e-01
    8.445705175399780e-01    -7.571039348840714e-02    -3.179545700550079e-01     9.450782537460327e-01
    1.544663906097412e+00     6.341317892074585e-01     4.797880053520203e-01     6.063664555549622e-01
    2.513864994049072e+00     1.624895185232162e-01    -2.860542535781860e-01    -9.443358778953552e-01
    2.027304649353027e+00    -6.979166865348816e-01    -5.953389406204224e-01    -3.981007337570190e-01
    2.248633861541748e+00     6.112683415412903e-01     7.803662419319153e-01    -1.318315714597702e-01
    2.257277250289917e+00     6.163644790649414e-01    -8.548892289400101e-02    -7.828068137168884e-01
    2.833600044250488e+00    -8.156569004058838e-01     2.423270195722580e-01     5.253394842147827e-01
    2.656620740890503e+00    -6.191615462303162e-01    -2.472990602254868e-01     7.453067302703857e-01
    2.682247161865234e+00     5.944930315017700e-01    -5.689494013786316e-01     5.682205557823181e-01
    1.132116317749023e+00    -4.013520479202271e-01     8.512034416198730e-01    -3.381849825382233e-01
    2.192434549331665e+00     5.228521227836609e-01     7.581850290298462e-01    -3.895908892154694e-01
    4.125912189483643e-01    -3.995591104030609e-01    -1.793012581765652e-02    -9.165320992469788e-01
    1.252150297164917e+00     9.425729513168335e-01     2.782930135726929e-01     1.846869289875031e-01
    2.008866548538208e+00    -7.609723210334778e-01    -1.004747450351715e-01     6.409571170806885e-01
    1.087692975997925e+00     8.187063932418823e-01     4.728340506553650e-01     3.258032798767090e-01
    1.016268968582153e+00     6.219389438629150e-01     7.814050912857056e-01     5.096903443336487e-02
    5.161333084106445e-01     2.140882909297943e-01    -4.352760314941406e-01    -8.744719624519348e-01
    2.943757534027100e+00    -3.220404088497162e-01    -5.074212551116943e-01    -7.992581129074097e-01
    1.365051150321960e+00     8.408873081207275e-01     5.402437448501587e-01    -3.232666477560997e-02
    8.738138079643250e-01    -6.782781481742859e-01    -5.340041518211365e-01    -5.047557950019836e-01
    8.022717833518982e-01    -7.724291682243347e-01    -4.605848789215088e-01    -4.372811615467072e-01
    1.231756567955017e+00    -1.822798252105713e-01     2.927641272544861e-01     9.386496543884277e-01
    2.593106031417847e+00     3.143190741539001e-01     8.468230366706848e-01    -4.290620684623718e-01
    1.468768835067749e+00     1.773376017808914e-02     1.017806027084589e-02     9.997910261154175e-01
    9.591289162635803e-01    -6.030002832412720e-01     1.831887513399124e-01    -7.764229178428650e-01
    6.592352390289307e-01    -4.499776363372803e-01    -8.037840723991394e-01     3.891675472259521e-01
    2.542136669158936e+00    -3.215406835079193e-01     9.468142390251160e-01     1.242582779377699e-02
    1.085655212402344e+00    -7.756484150886536e-01    -2.095064371824265e-01    -5.953793525695801e-01
    2.215676784515381e+00    -5.634820461273193e-01     1.720087975263596e-01     8.080228567123413e-01
    2.897872924804688e+00     4.176685512065887e-01     4.697813689708710e-01    -7.777264118194580e-01
    1.128906846046448e+00    -2.487892955541611e-01    -6.281215548515320e-01     7.372701168060303e-01
    1.614613294601440e+00     5.623855590820312e-01     4.406780600547791e-01     6.996607780456543e-01
    1.881257653236389e+00     3.931491374969482e-01    -3.449111580848694e-01    -8.523321747779846e-01
    6.606025695800781e-01    -7.910166978836060e-01     3.955599069595337e-01     4.667171835899353e-01
    1.308062434196472e+00     1.739232540130615e-01    -4.982855021953583e-01     8.493894338607788e-01
    1.170838117599487e+00    -6.598585247993469e-01    -6.981946229934692e-01     2.776886224746704e-01
    2.830565690994263e+00     2.553511261940002e-01     9.586161971092224e-01    -1.259000599384308e-01
    6.549299955368042e-01    -5.974132418632507e-01    -8.191591501235962e-02     7.977388501167297e-01
    1.156444549560547e+00     6.422506570816040e-01     7.201425433158875e-01    -2.625051140785217e-01
    2.123585939407349e+00     2.298956811428070e-01    -4.813260734081268e-01     8.458566069602966e-01
    1.651529312133789e+00    -8.252342939376831e-01     4.096489846706390e-01    -3.888135254383087e-01
    4.182677567005157e-01     2.008306235074997e-01     5.876381993293762e-01     7.838038802146912e-01
    1.716294646263123e+00     4.647026658058167e-01    -4.115009009838104e-01     7.840397953987122e-01
    1.590897440910339e+00     8.796109557151794e-01     1.109970510005951e-01     4.625626802444458e-01
    6.450743079185486e-01     6.025181412696838e-01     4.971868395805359e-01     6.243214011192322e-01
    2.599294662475586e+00     3.658484220504761e-01    -6.014330983161926e-01     7.102345824241638e-01
    1.637251377105713e+00     7.888016104698181e-01     1.911041587591171e-01     5.841841697692871e-01
    2.717003345489502e+00    -7.671928405761719e-01     2.543941736221313e-01     5.888113975524902e-01
    9.089847803115845e-01     4.970072209835052e-01     2.103476971387863e-01     8.418656587600708e-01
    2.710073232650757e+00     9.592323303222656e-01    -1.270693093538284e-01     2.524417042732239e-01
    2.494465112686157e+00     5.194351673126221e-01    -6.874265670776367e-01    -5.075745582580566e-01
    1.747482061386108e+00    -3.119901120662689e-01    -4.352104961872101e-01     8.445436954498291e-01
    1.943279862403870e+00     4.296997487545013e-01     5.284343957901001e-01    -7.321988940238953e-01
    2.779013395309448e+00     1.765997707843781e-02     4.211301505565643e-01    -9.068282842636108e-01
    2.084920883178711e+00     7.433897256851196e-01    -6.156137585639954e-01     2.615177631378174e-01
    2.555566787719727e+00    -8.488245606422424e-01    -5.043807029724121e-01    -1.584208756685257e-01
    1.978631734848022e+00     2.911787033081055e-01     9.947314113378525e-02     9.514830708503723e-01
    7.465850114822388e-01     8.056278824806213e-01     3.643098175525665e-01     4.671638011932373e-01
    6.609237194061279e-01    -3.081008195877075e-01    -8.845989704132080e-01     3.500837087631226e-01
    2.333506107330322e+00    -1.657990515232086e-01    -2.773760855197906e-01    -9.463473558425903e-01
    7.957626581192017e-01    -7.281720042228699e-01     6.833561658859253e-01    -5.282045528292656e-02
    4.277612566947937e-01     5.881980061531067e-02    -3.393020331859589e-01     9.388368129730225e-01
    1.362446665763855e+00    -5.174753256142139e-03    -8.171284794807434e-01    -5.764323472976685e-01
    2.859972238540649e+00     8.697856664657593e-01     4.512107372283936e-01    -1.997045427560806e-01
    1.205126643180847e+00     7.947020530700684e-01     3.403182923793793e-01     5.026252269744873e-01
    7.965814471244812e-01    -7.344366908073425e-01     6.414716839790344e-01     2.216229289770126e-01
    2.338872194290161e+00    -9.641063809394836e-01    -2.655121982097626e-01     1.371316611766815e-03
    7.323409318923950e-01     2.100664526224136e-01    -9.766486287117004e-01     4.505073651671410e-02
    1.797849178314209e+00    -5.374100804328918e-01    -6.214069202542305e-02     8.410285115242004e-01
    2.630528688430786e+00     2.164744585752487e-01     4.634091556072235e-01     8.592966794967651e-01
    2.287112236022949e+00     6.921601295471191e-01    -6.271007657051086e-01    -3.572939634323120e-01
    1.775045990943909e+00    -1.079558208584785e-01    -2.006330192089081e-01    -9.737001657485962e-01
    4.447636604309082e-01    -1.010556519031525e-01     4.414899945259094e-01     8.915571570396423e-01
    2.307878971099854e+00    -2.199269980192184e-01     7.821733355522156e-01    -5.829552412033081e-01
    9.920151829719543e-01     9.130888581275940e-01     4.823071509599686e-02     4.048981666564941e-01
    1.068400859832764e+00    -2.691166400909424e-01     6.089518219232559e-02     9.611805677413940e-01
    2.418329477310181e+00    -9.996877908706665e-01    -1.423640269786119e-02    -2.053240500390530e-02
    2.129758119583130e+00     3.499700725078583e-01     1.436074823141098e-01     9.256877303123474e-01
    2.248274803161621e+00    -5.054653286933899e-01    -5.417838096618652e-01    -6.715469956398010e-01
    2.861464500427246e+00     2.501462027430534e-02    -8.933316469192505e-01     4.487012922763824e-01
    8.956591486930847e-01    -7.891523241996765e-01     9.648492932319641e-02    -6.065719127655029e-01
    9.485902786254883e-01     8.896009922027588e-01    -3.084723651409149e-01     3.368304669857025e-01
    2.984519958496094e+00    -8.030973672866821e-01    -6.622902303934097e-02     5.921557545661926e-01
    6.994389295578003e-01    -3.042428195476532e-01    -3.245291709899902e-01     8.956099152565002e-01
    1.803590297698975e+00     2.866401970386505e-01    -8.723654747009277e-01    -3.960000872612000e-01
    2.936580896377563e+00    -2.601024210453033e-01    -2.147581875324249e-01    -9.413956403732300e-01
    2.467442750930786e+00    -1.331068724393845e-01    -7.006825804710388e-01     7.009467482566833e-01
    1.029155135154724e+00     3.574112057685852e-02    -6.630255579948425e-01    -7.477430701255798e-01
    8.085677027702332e-01     3.387457430362701e-01    -9.357549548149109e-01    -9.805160015821457e-02
    1.795786976814270e+00     3.103679716587067e-01     9.444725513458252e-01    -1.079039424657822e-01
    1.282313227653503e+00     2.985203824937344e-02     9.605972170829773e-01    -2.763367891311646e-01
    2.383535861968994e+00    -8.536912202835083e-01     6.475193426012993e-03    -5.207393169403076e-01
    6.730113625526428e-01    -5.903254747390747e-01    -7.409330606460571e-01     3.202092647552490e-01
    1.610936164855957e+00     6.504107713699341e-01    -5.878881216049194e-01     4.809921085834503e-01
    2.902103424072266e+00    -7.888203859329224e-02     9.290497303009033e-01    -3.614476621150970e-01
    1.606918334960938e+00    -8.710653185844421e-01    -1.352383941411972e-01    -4.721822440624237e-01
    2.619082927703857e+00     2.769488990306854e-01     8.192744255065918e-01     5.020842552185059e-01
    2.915830135345459e+00    -9.338727593421936e-02    -9.326876401901245e-01     3.483859300613403e-01
    2.296780109405518e+00     5.222665071487427e-01     7.717506885528564e-01     3.628204762935638e-01
    1.779402732849121e+00    -2.179121673107147e-01     6.713173389434814e-01    -7.084117531776428e-01
    2.164195060729980e+00    -3.985904753208160e-01    -5.181429386138916e-01    -7.567387819290161e-01
    2.340692996978760e+00    -7.753077745437622e-01    -6.140726804733276e-01    -1.476909071207047e-01
    1.115666389465332e+00     4.925305843353271e-01     3.266016244888306e-01     8.066875934600830e-01
    1.101207613945007e+00    -4.820359051227570e-01    -5.365377664566040e-01     6.926532983779907e-01
    1.845580697059631e+00    -9.298577308654785e-01    -3.664365410804749e-01     3.299671411514282e-02
    1.458693385124207e+00    -6.593035459518433e-01    -2.824841737747192e-01    -6.967937350273132e-01
    2.354948759078979e+00     4.214659035205841e-01     8.547239899635315e-01     3.030074536800385e-01
    2.105840444564819e+00    -4.873242378234863e-01     3.732840716838837e-01    -7.894138693809509e-01
    1.183530926704407e+00     5.390604734420776e-01    -8.195731639862061e-01    -1.942000091075897e-01
    2.744813203811646e+00     2.972065210342407e-01     9.394897818565369e-01     1.703745871782303e-01
    2.031641721725464e+00     1.999115496873856e-01     8.743299245834351e-01    -4.422471523284912e-01
    1.866229534149170e+00    -9.799182415008545e-01    -1.813817024230957e-01    -8.282964676618576e-02
    1.223061442375183e+00    -6.191217899322510e-01    -2.351068556308746e-01    -7.492750287055969e-01
    1.742283463478088e+00    -1.900983154773712e-01     2.752269208431244e-01     9.423975348472595e-01
    2.981245756149292e+00     4.325189590454102e-01    -8.125771880149841e-01    -3.906989991664886e-01
    2.856357097625732e+00    -2.568968534469604e-01     8.595041036605835e-01     4.418788850307465e-01
    1.298056125640869e+00     9.857642054557800e-01    -1.346948146820068e-01    -1.006294488906860e-01
    1.467363715171814e+00     6.778834462165833e-01    -6.001106500625610e-01     4.246658384799957e-01
    1.412475466728210e+00     8.725186809897423e-03     3.656418025493622e-01    -9.307147860527039e-01
    2.617255210876465e+00    -4.083161354064941e-01     8.677537441253662e-01    -2.833395600318909e-01
    2.625643253326416e+00     6.675526499748230e-01    -6.460319161415100e-01    -3.701573014259338e-01
    2.253361225128174e+00    -5.179932117462158e-01    -8.336707949638367e-01     1.915097534656525e-01
    1.764146327972412e+00     5.657234191894531e-01    -7.893410325050354e-01     2.385325133800507e-01
    1.605348348617554e+00    -5.615912079811096e-01     8.000864982604980e-01     2.108951359987259e-01
    1.151807785034180e+00    -1.954001784324646e-01    -8.573378920555115e-01     4.762252271175385e-01
    1.913554906845093e+00    -1.031707525253296e-01     4.951564967632294e-02     9.934303760528564e-01
    2.144536495208740e+00    -4.019919037818909e-01     4.985492229461670e-01     7.680177092552185e-01
    1.022439718246460e+00    -3.240300118923187e-01    -1.049327924847603e-01    -9.402093887329102e-01
    8.405500054359436e-01     5.743340849876404e-01    -7.361032366752625e-01     3.581794798374176e-01
    1.611580729484558e+00    -1.725298315286636e-01     3.638669103384018e-02     9.843320846557617e-01
    2.252862691879272e+00    -8.710746169090271e-01     4.068189859390259e-01    -2.751861810684204e-01
    8.999010324478149e-01    -5.000303983688354e-01     8.603875637054443e-01     9.850294888019562e-02
    2.866058111190796e+00     2.847713828086853e-01     8.177448511123657e-01     5.001987218856812e-01
    1.347348332405090e+00    -2.601640224456787e-01     7.331553697586060e-01    -6.283293962478638e-01
    1.352270126342773e+00    -3.092771470546722e-01    -4.138914942741394e-01     8.561784029006958e-01
    2.040423870086670e+00     6.708413362503052e-02    -7.594153285026550e-01    -6.471383571624756e-01
    9.525995254516602e-01     6.368670463562012e-01     1.411960870027542e-01    -7.579341530799866e-01
    2.630802154541016e+00     5.045536756515503e-01     2.145637758076191e-02     8.631135821342468e-01
    5.757476091384888e-01     4.232299029827118e-01    -6.643513441085815e-01     6.160469651222229e-01
    1.095617771148682e+00    -8.610944151878357e-01     5.004023313522339e-01     9.007850289344788e-02
    1.409007310867310e+00    -1.012246161699295e-01    -4.192891716957092e-01    -9.021918773651123e-01
    1.466334581375122e+00    -2.463788241147995e-01    -6.622312664985657e-01    -7.076351046562195e-01
    1.561147332191467e+00     2.474937289953232e-01    -5.492396354675293e-01    -7.981746792793274e-01
    2.586106061935425e+00    -9.152183681726456e-02     1.852650791406631e-01    -9.784173369407654e-01
    2.821933269500732e+00    -1.146649941802025e-01    -7.178334593772888e-01     6.867074966430664e-01
    2.918947696685791e+00     1.848535239696503e-01    -8.839957118034363e-01    -4.293957054615021e-01
    2.766000032424927e+00     8.990604281425476e-01    -4.322809875011444e-01     6.945118308067322e-02
    7.722578048706055e-01    -5.572492629289627e-02    -8.900146484375000e-01    -4.525136947631836e-01
    2.993038415908813e+00    -8.479551076889038e-01     5.281637907028198e-01     4.488955438137054e-02
    2.400006055831909e+00     7.215451598167419e-01    -5.539048314094543e-01    -4.154058098793030e-01
    2.442612648010254e+00     6.817446947097778e-01     7.315111160278320e-01     1.076745800673962e-02
    2.815792560577393e+00     6.991081237792969e-01    -2.556484639644623e-01     6.677511930465698e-01
    1.204100608825684e+00     8.823655247688293e-01     7.772918045520782e-02     4.641005694866180e-01
    5.750168561935425e-01     2.378166019916534e-01    -9.424291849136353e-01    -2.350970208644867e-01
    2.822718381881714e+00    -3.937177658081055e-01     2.755674123764038e-01    -8.769542574882507e-01
    1.632427573204041e+00     1.108527556061745e-01     3.065777383744717e-02     9.933639168739319e-01
    1.421665549278259e+00    -3.945695459842682e-01    -8.966750502586365e-01     2.007208764553070e-01
    2.393014669418335e+00    -4.500329196453094e-01     5.954557061195374e-01    -6.655095815658569e-01
    1.372815728187561e+00    -7.049244642257690e-01    -3.844296634197235e-01    -5.960666537284851e-01
    2.481886863708496e+00    -8.071531057357788e-01     5.247077345848083e-01     2.705284953117371e-01
    8.035567998886108e-01    -6.624900549650192e-02     6.757446378469467e-02    -9.955122470855713e-01
    1.584095954895020e+00    -9.999904036521912e-02    -5.192648768424988e-01    -8.487427234649658e-01
    1.793391346931458e+00     7.930988073348999e-01     7.447991520166397e-02     6.045221686363220e-01
    1.571769714355469e+00     9.945250749588013e-01    -1.206877268850803e-02     1.037992462515831e-01
    7.252451777458191e-01    -3.543233871459961e-01    -6.059122085571289e-01     7.122676968574524e-01
    2.582226514816284e+00     7.584058642387390e-01     5.752212405204773e-01     3.064980506896973e-01
    2.581277608871460e+00    -3.117085993289948e-01    -9.187026619911194e-01     2.425349503755569e-01
    2.314036846160889e+00    -1.641356796026230e-01     3.041728138923645e-01     9.383701086044312e-01
    1.480554819107056e+00    -3.321066796779633e-01     7.179959416389465e-01     6.117081642150879e-01
    2.346997261047363e+00    -3.139206022024155e-02     3.004548326134682e-02    -9.990554451942444e-01
    7.544376254081726e-01    -3.294283747673035e-01     8.642562627792358e-01     3.801818490028381e-01
    2.699362993240356e+00     3.941057324409485e-01     4.529973268508911e-01    -7.996712327003479e-01
    2.548852205276489e+00    -5.765261650085449e-01     7.904285788536072e-01    -2.069790214300156e-01
    2.666308403015137e+00     2.577845156192780e-01    -8.370400071144104e-01    -4.826088547706604e-01
    1.027836203575134e+00     4.816223978996277e-01    -7.824487090110779e-01    -3.947326838970184e-01
    1.477514147758484e+00    -8.838986158370972e-01    -4.488607048988342e-01    -1.313290894031525e-01
    1.219926476478577e+00    -5.247626900672913e-01     8.484694957733154e-01     6.872893869876862e-02
    4.417292475700378e-01    -5.712105631828308e-01     9.891134500503540e-02    -8.148219585418701e-01
    1.344339132308960e+00     1.984023116528988e-02     6.325786709785461e-01     7.742419242858887e-01
    2.103449344635010e+00     8.454532623291016e-01     1.815298944711685e-01     5.022506117820740e-01
    2.178843975067139e+00     2.814311385154724e-01    -3.614146709442139e-01     8.889183998107910e-01
    1.963935971260071e+00    -6.729902625083923e-01     6.710252165794373e-01    -3.111420571804047e-01
    2.706208944320679e+00    -9.374741315841675e-01    -2.935023903846741e-01     1.870793104171753e-01
    1.372607946395874e+00     3.900523781776428e-01    -9.620673023164272e-03    -9.207424521446228e-01
    7.780437469482422e-01     1.355382800102234e-01     9.033526778221130e-01     4.069193005561829e-01
    2.669592618942261e+00     3.924477994441986e-01    -8.943218588829041e-01     2.148800492286682e-01
    9.995658397674561e-01    -2.764661014080048e-01    -4.593259394168854e-01     8.441482186317444e-01
    1.414946079254150e+00     2.462765127420425e-01    -3.825443685054779e-01    -8.905099034309387e-01
    2.736940383911133e+00    -3.318232893943787e-01    -7.726562619209290e-01    -5.411982536315918e-01
    3.337025046348572e-01    -5.614131689071655e-01    -5.273451805114746e-01    -6.377477049827576e-01
    1.403069376945496e+00     3.639296293258667e-01    -4.212476015090942e-01     8.307259678840637e-01
    1.270006775856018e+00    -8.518826961517334e-01    -2.109307646751404e-01    -4.793788194656372e-01
    2.737254142761230e+00    -4.735711514949799e-01     1.958534494042397e-02     8.805377483367920e-01
    6.692322492599487e-01     8.283684253692627e-01     1.438751220703125e-01     5.413923859596252e-01
    2.254665374755859e+00     8.044116497039795e-01    -5.663785338401794e-01     1.792683899402618e-01
    5.148752331733704e-01     4.140424132347107e-01    -9.042275547981262e-01     1.046021953225136e-01
    7.385963201522827e-01     1.556617468595505e-01    -9.392997026443481e-01     3.057539761066437e-01
    2.217441797256470e+00    -4.330845475196838e-01    -7.660635113716125e-01    -4.749572873115540e-01
    2.456998825073242e+00    -9.230768084526062e-01    -3.723092377185822e-01    -9.651430696249008e-02
    1.461237072944641e+00    -8.502388596534729e-01     4.625319838523865e-01    -2.513126730918884e-01
    1.006997823715210e+00     7.457854747772217e-01    -4.816095530986786e-01     4.602782428264618e-01
    2.713284730911255e+00     6.179183125495911e-01    -7.775464653968811e-01    -1.166125312447548e-01
    1.047007203102112e+00    -1.305471509695053e-01     9.822992086410522e-01    -1.343345493078232e-01
    8.826100826263428e-01    -6.199838519096375e-01    -7.249060869216919e-01    -3.002184331417084e-01
    1.786418795585632e+00     8.012620806694031e-01    -1.318977586925030e-02    -5.981680154800415e-01
    1.606979250907898e+00     1.494942754507065e-01    -5.334172248840332e-01     8.325368165969849e-01
    1.128874659538269e+00    -1.224444881081581e-01     9.524720311164856e-01    -2.789346277713776e-01
    2.827395200729370e+00     1.823821961879730e-01    -5.686935782432556e-01    -8.020749688148499e-01
    1.661988019943237e+00    -8.759190440177917e-01    -3.362141549587250e-01    -3.460141718387604e-01
    7.473059892654419e-01    -3.070504963397980e-01     6.646277308464050e-01    -6.811681985855103e-01
    5.905069708824158e-01     6.602008342742920e-01    -1.181181296706200e-01     7.417432665824890e-01
    2.401122093200684e+00    -5.495020747184753e-01     8.324724435806274e-01     7.097214460372925e-02
    2.162782907485962e+00    -9.235875010490417e-01     3.779865801334381e-01     6.412523984909058e-02
    6.544850468635559e-01     7.936099171638489e-01     5.818389058113098e-01    -1.778954267501831e-01
    2.283621549606323e+00     3.175489604473114e-01    -5.890848040580750e-01    -7.430625557899475e-01
    2.035555124282837e+00     7.323278784751892e-01    -2.814170718193054e-01    -6.200809478759766e-01
    3.100248277187347e-01    -2.037580162286758e-01    -4.880650341510773e-01    -8.486902713775635e-01
    2.913195371627808e+00     9.802169203758240e-01    -1.786074489355087e-01     8.528748154640198e-02
    1.528301835060120e+00     2.904911637306213e-01     7.653530836105347e-01     5.743253231048584e-01
    1.155566573143005e+00    -9.832636713981628e-01    -9.976492077112198e-02     1.524447053670883e-01
    8.479924201965332e-01     8.441442847251892e-01    -6.014135200530291e-03     5.360826253890991e-01
    2.073158740997314e+00    -8.474392890930176e-01     2.417167127132416e-01    -4.726729691028595e-01
    2.380750417709351e+00     4.821484386920929e-01     1.766014844179153e-01    -8.581052422523499e-01
    2.224117994308472e+00     9.203447699546814e-01     1.611877828836441e-01     3.563480079174042e-01
    1.274709343910217e+00     7.343968749046326e-01     4.299741089344025e-01     5.251510143280029e-01
    1.475134253501892e+00     3.430058360099792e-01     9.274010658264160e-01    -1.492463499307632e-01
    2.948859930038452e+00     4.835531115531921e-01    -6.581474542617798e-01     5.770775675773621e-01
    8.155568242073059e-01    -1.104479581117630e-01     9.837624430656433e-01    -1.414666324853897e-01
    1.661294579505920e+00     7.185025811195374e-01     6.903076171875000e-01     8.502674102783203e-02
    2.053894758224487e+00    -1.870604008436203e-01    -2.360243797302246e-01    -9.535728693008423e-01
    1.876763343811035e+00     5.162592530250549e-01     6.438608765602112e-01    -5.647297501564026e-01
    9.785236120223999e-01    -5.868870615959167e-01     7.452447414398193e-01     3.165028095245361e-01
    2.583876132965088e+00    -4.727213084697723e-01     8.326187133789062e-01    -2.885840833187103e-01
    1.518050670623779e+00     6.935124099254608e-02     9.897211790084839e-01    -1.250690221786499e-01
    2.243630170822144e+00     8.254997134208679e-01     3.622719049453735e-01    -4.327922761440277e-01
    1.023524045944214e+00    -1.525292396545410e-01    -9.881814718246460e-01    -1.524382736533880e-02
    1.951754927635193e+00    -5.232790857553482e-02     5.792554467916489e-02     9.969485402107239e-01
    2.222071647644043e+00    -1.222544237971306e-01    -9.886872768402100e-01     8.689782023429871e-02
    1.463271141052246e+00    -8.490788340568542e-01     5.276080965995789e-02    -5.256248116493225e-01
    2.121756076812744e+00     4.223026931285858e-01    -6.382968425750732e-01    -6.436127424240112e-01
    1.762607932090759e+00    -9.564900398254395e-01    -4.283127561211586e-02    -2.886040806770325e-01
    2.963401317596436e+00     6.616812348365784e-01     6.542872786521912e-01    -3.661777973175049e-01
    1.886375069618225e+00    -8.284422159194946e-01    -4.034813046455383e-01     3.884410858154297e-01
    1.863813161849976e+00    -2.815312333405018e-02    -4.622848629951477e-01     8.862843513488770e-01
    2.055551290512085e+00     9.462061524391174e-01     1.916215121746063e-01     2.607203423976898e-01
    4.137211441993713e-01    -1.809619814157486e-01    -1.477561593055725e-01    -9.723275303840637e-01
    5.730779170989990e-01    -3.326994478702545e-01     6.513078212738037e-01     6.819891929626465e-01
    1.951673388481140e+00     2.387242466211319e-01    -4.310466945171356e-01    -8.701777458190918e-01
    2.137903690338135e+00    -6.764500737190247e-01     2.324403077363968e-01     6.988468170166016e-01
    4.530232548713684e-01    -1.208254843950272e-01     9.785615205764771e-01    -1.667889952659607e-01
    1.563818812370300e+00    -2.628827393054962e-01    -8.912695050239563e-01     3.695012032985687e-01
    9.578986763954163e-01     3.384100738912821e-03    -5.267665386199951e-01    -8.500033617019653e-01
    2.994037866592407e+00    -1.056722253561020e-01     9.534122347831726e-01     2.825573682785034e-01
    1.123133778572083e+00    -2.302176207304001e-01    -9.208008646965027e-01     3.148422241210938e-01
    2.520676851272583e+00    -9.204218983650208e-01    -7.178743183612823e-02     3.842786252498627e-01
    2.958868265151978e+00    -8.514114022254944e-01    -1.471736729145050e-01     5.034270286560059e-01
    2.008704662322998e+00     8.585572242736816e-01     7.257157564163208e-02    -5.075557231903076e-01
    9.077546596527100e-01     7.361087799072266e-01     3.289247453212738e-01    -5.915677547454834e-01
    2.351128816604614e+00    -5.116296410560608e-01    -8.500681519508362e-01     1.249776557087898e-01
    1.113905072212219e+00     1.290161758661270e-01    -7.845160365104675e-01     6.065389513969421e-01
    1.197889208793640e+00    -6.167897582054138e-01    -5.687863826751709e-01     5.441071391105652e-01
    4.291072487831116e-01    -6.073265671730042e-01    -5.082861781120300e-01    -6.105731725692749e-01
    2.635992765426636e+00    -2.728831470012665e-01    -9.617292881011963e-01     2.473037317395210e-02
    1.467703819274902e+00    -8.867205977439880e-01     3.358864188194275e-01     3.176584839820862e-01
    2.850024938583374e+00     8.159512281417847e-01     4.810548722743988e-01    -3.206397891044617e-01
    1.624086976051331e+00     7.277063131332397e-01    -6.848061084747314e-01     3.852371126413345e-02
    1.009097456932068e+00     9.104307889938354e-01     2.245623171329498e-01     3.474010825157166e-01
    1.193393111228943e+00    -8.428689837455750e-01     5.343220829963684e-01     6.381133943796158e-02
    2.108273029327393e+00    -4.649672508239746e-01     4.179634153842926e-01    -7.804564237594604e-01
    2.824986219406128e+00    -5.367780327796936e-01    -8.185716271400452e-01    -2.044743895530701e-01
    2.191217660903931e+00    -4.735161960124969e-01    -5.516994595527649e-01     6.865932941436768e-01
    2.932659149169922e+00     8.625005483627319e-01     1.860362738370895e-01    -4.706203043460846e-01
    5.845615267753601e-01    -6.747528910636902e-01     3.082381486892700e-01    -6.705951094627380e-01
    2.067924261093140e+00     4.813678860664368e-01     2.954805791378021e-01    -8.252128362655640e-01
    2.581338644027710e+00    -5.478382110595703e-01    -1.388848870992661e-01    -8.249754309654236e-01
    2.007707118988037e+00     1.687145680189133e-01     8.901854157447815e-01     4.232085049152374e-01
    5.121812820434570e-01    -6.119659543037415e-01     5.620500445365906e-01    -5.564144849777222e-01
    2.979729413986206e+00     3.709957599639893e-01     7.320815324783325e-01     5.713307261466980e-01
    1.137383818626404e+00    -8.844903707504272e-01     1.512486636638641e-01    -4.413623213768005e-01
    2.321434497833252e+00     2.496266961097717e-01     8.618750572204590e-01     4.414271116256714e-01
    1.672895073890686e+00     8.069093823432922e-01     3.123919367790222e-01    -5.013070702552795e-01
    2.734187602996826e+00    -6.506249308586121e-01     6.721912026405334e-01     3.533355891704559e-01
    1.757506847381592e+00    -8.859720826148987e-01    -2.604103274643421e-02    -4.630068540573120e-01
    2.054271936416626e+00     5.210535526275635e-01    -3.391189277172089e-01     7.832635045051575e-01
    2.045983314514160e+00    -9.782495498657227e-01     1.218938454985619e-01    -1.678385734558105e-01
    1.546558260917664e+00     4.162772595882416e-01    -4.675050824880600e-02     9.080350995063782e-01
    2.190856695175171e+00     1.112914234399796e-01     2.653208971023560e-01     9.577155113220215e-01
    2.580698728561401e+00     5.624942183494568e-01     7.041770815849304e-01    -4.332840144634247e-01
    2.570986986160278e+00     7.047265768051147e-01     7.091161012649536e-01     2.268709242343903e-02
    7.212192416191101e-01    -8.746001124382019e-01     2.884696424007416e-01    -3.896921873092651e-01
    1.529442191123962e+00     5.907109975814819e-01     5.754845738410950e-01     5.655775666236877e-01
    2.899774789810181e+00    -8.695067763328552e-01     3.067275285720825e-01     3.871384859085083e-01
    2.077409744262695e+00     5.842741578817368e-02    -9.189820289611816e-01    -3.899466693401337e-01
    1.586848735809326e+00     1.803489029407501e-01     9.829007983207703e-01    -3.715171664953232e-02
    2.478461265563965e+00    -3.261859416961670e-01    -6.773727536201477e-01     6.593701243400574e-01
    8.497644066810608e-01     3.484711945056915e-01    -4.407365620136261e-01    -8.272358179092407e-01
    1.269237756729126e+00     5.942533612251282e-01    -4.368791282176971e-01    -6.752772927284241e-01
    9.340260028839111e-01    -3.235361278057098e-01    -9.449424743652344e-01    -4.907338321208954e-02
    2.516382932662964e+00    -5.660163760185242e-01    -7.063113451004028e-01    -4.251469969749451e-01
    1.774496912956238e+00     2.344765216112137e-01    -5.485215187072754e-01    -8.025863170623779e-01
    1.628346443176270e+00    -1.820681244134903e-01     9.809149503707886e-01    -6.824250519275665e-02
    1.560168147087097e+00    -5.228012800216675e-03    -7.237304002046585e-02    -9.973638653755188e-01
    2.676563262939453e+00     4.568978846073151e-01    -6.478506922721863e-01    -6.095356941223145e-01
    2.940971612930298e+00    -6.853026747703552e-01     7.233815193176270e-01    -8.414068073034286e-02
    2.778347253799438e+00    -6.695095896720886e-01    -6.771246790885925e-01     3.053833842277527e-01
    2.680400371551514e+00     5.885778665542603e-01    -1.321113407611847e-01     7.975730895996094e-01
    4.761081933975220e-01    -9.258434176445007e-02     5.880024433135986e-01    -8.035428524017334e-01
    1.234389066696167e+00     1.107943281531334e-01    -4.334555864334106e-01    -8.943382501602173e-01
    1.820037245750427e+00     1.552719771862030e-01    -6.166638731956482e-01     7.717618942260742e-01
    1.785375952720642e+00     5.517736822366714e-02    -2.464814931154251e-01    -9.675756096839905e-01
    9.581239819526672e-01     9.086439013481140e-01     3.759438097476959e-01    -1.817482262849808e-01
    1.544489026069641e+00    -2.160845994949341e-01     3.827473223209381e-01    -8.982270359992981e-01
    1.265080213546753e+00    -6.975386738777161e-01     5.395525097846985e-01    -4.715112447738647e-01
    7.083180546760559e-01    -8.344430923461914e-01    -5.423023104667664e-01    -9.804594516754150e-02
    1.683679103851318e+00     8.126975297927856e-01     5.818946957588196e-01    -3.035394474864006e-02
    1.168427467346191e+00    -4.561794102191925e-01     1.614765375852585e-01    -8.751146793365479e-01
    2.287722349166870e+00     9.772331714630127e-01     6.392257660627365e-02     2.023098319768906e-01
    1.536018490791321e+00    -7.952124476432800e-01    -4.458068609237671e-01    -4.109663963317871e-01
    1.474532604217529e+00     5.251583456993103e-01     7.797141671180725e-01     3.409611582756042e-01
    1.211028218269348e+00     7.541794776916504e-01     2.678849697113037e-01    -5.995421409606934e-01
    4.721663594245911e-01     3.011663071811199e-02    -8.910198211669922e-01     4.529643058776855e-01
    2.765315055847168e+00    -4.461604356765747e-01    -4.496897161006927e-01    -7.737699151039124e-01
    2.296467065811157e+00    -7.479470968246460e-02     9.040980935096741e-01     4.207285940647125e-01
    2.728700637817383e+00    -3.697578012943268e-01     6.759184598922729e-01    -6.375055313110352e-01
    2.396827936172485e+00     5.056116580963135e-01    -2.774255275726318e-01     8.169406652450562e-01
    2.368382692337036e+00    -8.248727321624756e-01    -1.557400077581406e-01     5.434427261352539e-01
    1.239637732505798e+00    -9.545713663101196e-01    -1.971905119717121e-02    -2.973291873931885e-01
    2.539862394332886e+00    -4.914356768131256e-01    -6.789134144783020e-01     5.454975366592407e-01
    2.355215072631836e+00    -8.284940719604492e-01    -5.331764221191406e-01     1.712329685688019e-01
    2.346365690231323e+00     5.285717844963074e-01     4.375756159424782e-02    -8.477602005004883e-01
    1.916981339454651e+00     6.774160265922546e-01     6.802447438240051e-01    -2.799545526504517e-01
    2.099772453308105e+00     4.999980032444000e-01    -7.814472913742065e-01     3.732855618000031e-01
    1.730630040168762e+00    -3.324155882000923e-02     7.335633635520935e-01     6.788076162338257e-01
    4.873324930667877e-01    -2.156366035342216e-02     1.977680176496506e-01    -9.800116419792175e-01
    2.991449832916260e+00     5.316096544265747e-01     7.300925850868225e-01    -4.293668568134308e-01
    6.678757667541504e-01     2.459166198968887e-02     9.642922282218933e-01     2.636964321136475e-01
    2.417122125625610e+00    -6.995093226432800e-01     5.625088214874268e-01     4.407615065574646e-01
    2.132830381393433e+00    -2.135638892650604e-01     3.946428894996643e-01     8.936707377433777e-01
    1.004269003868103e+00    -7.373239994049072e-01     6.263667941093445e-01     2.530176937580109e-01
    1.078640103340149e+00     3.483897745609283e-01     8.510305285453796e-01    -3.929017484188080e-01
    2.145925283432007e+00     9.394230246543884e-01     2.302405834197998e-01    -2.539166212081909e-01
    2.812788486480713e+00    -7.125375270843506e-01    -2.894277870655060e-01    -6.391571760177612e-01
    2.518440961837769e+00     7.080515027046204e-01    -6.862242817878723e-01    -1.666109859943390e-01
    1.501719594001770e+00     7.780507206916809e-01     4.743086174130440e-02     6.264083981513977e-01
    2.849959373474121e+00     5.846068263053894e-01    -2.374516874551773e-01     7.757908105850220e-01
    1.039320349693298e+00    -2.583170533180237e-01    -2.114581316709518e-01     9.426334500312805e-01
    2.406454324722290e+00     8.593022227287292e-01    -3.256712108850479e-02     5.104302167892456e-01
    2.085316896438599e+00     3.419312238693237e-01     4.367034435272217e-01     8.320896625518799e-01
    1.001692056655884e+00    -8.177295923233032e-01    -3.706951439380646e-01    -4.403445124626160e-01
    1.909608960151672e+00     7.991960272192955e-03    -9.123613834381104e-01     4.093081951141357e-01
    8.546422123908997e-01    -7.533424347639084e-02    -5.716950297355652e-01     8.170003294944763e-01
    2.869320631027222e+00    -6.778603196144104e-01    -6.732110381126404e-01    -2.954527437686920e-01
    1.809736013412476e+00     8.853408098220825e-01    -3.710602521896362e-01    -2.801534831523895e-01
    1.952887177467346e+00    -4.685125127434731e-02    -9.488856196403503e-01     3.121231496334076e-01
    6.059898734092712e-01     6.543402671813965e-01     6.712437868118286e-01    -3.482392132282257e-01
    2.742521524429321e+00    -2.188337594270706e-01    -2.044994831085205e-01    -9.540920257568359e-01
    7.375809550285339e-01     2.868130505084991e-01    -2.629836201667786e-01    -9.211830496788025e-01
    1.148738861083984e+00     9.375786781311035e-01     2.877330780029297e-01    -1.953350901603699e-01
    2.907126903533936e+00    -7.452788949012756e-01    -5.232809782028198e-01    -4.132026433944702e-01
    2.405429840087891e+00     7.393506169319153e-01    -6.622022986412048e-01     1.218552216887474e-01
    4.431591033935547e-01     1.555559132248163e-02    -5.326976776123047e-01    -8.461626768112183e-01
    5.600058436393738e-01    -7.310927510261536e-01    -6.344902515411377e-01    -2.508493959903717e-01
    1.625199079513550e+00    -1.603958159685135e-01    -6.173071861267090e-01     7.701981663703918e-01
    2.576208591461182e+00     2.500803768634796e-01     9.004307389259338e-01     3.559273779392242e-01
    2.302385330200195e+00    -1.987238228321075e-01    -9.745177030563354e-01     1.040395125746727e-01
    2.327925205230713e+00    -4.160730540752411e-01    -7.055473327636719e-01     5.736603140830994e-01
    2.354419708251953e+00    -5.723815560340881e-01     1.324434578418732e-01     8.092207312583923e-01
    1.041862607002258e+00     8.745122551918030e-01    -4.332023561000824e-01    -2.180914729833603e-01
    5.609038472175598e-01    -3.565938174724579e-01     6.971170660108328e-03     9.342334270477295e-01
    2.443125009536743e+00    -7.076820135116577e-01    -1.115292310714722e-01    -6.976728439331055e-01
    2.398171663284302e+00     4.877062141895294e-01    -5.463953018188477e-01    -6.808779835700989e-01
    2.719376087188721e+00     8.172920346260071e-01     1.540289074182510e-01    -5.552557706832886e-01
    7.032439708709717e-01    -8.916341662406921e-01    -2.830902040004730e-01    -3.533390164375305e-01
    1.788505673408508e+00     5.132092833518982e-01    -7.159590125083923e-01     4.733064770698547e-01
    2.381734609603882e+00    -5.230769515037537e-01    -6.332420110702515e-01    -5.704341530799866e-01
    9.544109702110291e-01     9.114359021186829e-01     3.783962726593018e-01    -1.615580022335052e-01
    2.560648202896118e+00     2.506227493286133e-01    -4.711943268775940e-01    -8.456737399101257e-01
    6.926544308662415e-01    -8.486353754997253e-01     2.323206663131714e-01    -4.752316474914551e-01
    1.684289336204529e+00     1.021401807665825e-01    -8.983923196792603e-01     4.271517992019653e-01
    1.092180609703064e+00    -3.123741745948792e-01    -8.733190298080444e-01    -3.738129436969757e-01
    1.097411632537842e+00     3.936582431197166e-02    -3.885723650455475e-01    -9.205769896507263e-01
    3.763183951377869e-01     5.906295180320740e-01     7.843471169471741e-01     1.896216422319412e-01
    1.369777083396912e+00    -4.379604458808899e-01    -1.060371100902557e-01    -8.927186131477356e-01
    8.951331377029419e-01     9.746906161308289e-02    -2.000403255224228e-01    -9.749275445938110e-01
    1.829491496086121e+00    -2.879443466663361e-01     5.024617910385132e-01     8.152424693107605e-01
    9.164600968360901e-01     8.131197690963745e-01     4.707751572132111e-01     3.423550724983215e-01
    5.554105043411255e-01     7.915904521942139e-01     5.644723307341337e-03    -6.110258698463440e-01
    2.151740550994873e+00     3.009343147277832e-02    -7.485406994819641e-01    -6.624056696891785e-01
    2.287127256393433e+00     9.130385518074036e-01    -1.417843401432037e-01    -3.824369311332703e-01
    4.638759493827820e-01    -3.637728691101074e-01     7.470477223396301e-01    -5.564070343971252e-01
    1.037158608436584e+00     5.945624113082886e-01    -4.258106052875519e-01    -6.820416450500488e-01
    1.264088749885559e+00    -1.154107153415680e-01    -6.924974322319031e-01     7.121289968490601e-01
    1.410299897193909e+00     9.458355307579041e-01    -1.859411746263504e-01    -2.661223113536835e-01
    1.648513674736023e+00     7.605593800544739e-01     6.006249785423279e-01     2.465747594833374e-01
    4.969925582408905e-01    -4.849029183387756e-01    -8.630040287971497e-01    -1.417502611875534e-01
    2.404412269592285e+00    -1.842630654573441e-01    -9.856574982404709e-02    -9.779223203659058e-01
    2.827408313751221e+00    -4.084061086177826e-01     3.907444775104523e-01    -8.249383568763733e-01
    1.205589294433594e+00     5.187216401100159e-01    -8.339950442314148e-01    -1.880958229303360e-01
    3.097391128540039e-01     8.238944411277771e-02    -7.599700689315796e-01    -6.447151303291321e-01
    9.649580121040344e-01    -7.830380201339722e-01     5.606350898742676e-01    -2.693322002887726e-01
    2.416418075561523e+00     7.188251614570618e-01    -4.149489104747772e-01    -5.577703118324280e-01
    1.229718089103699e+00    -3.908284008502960e-01     6.723782420158386e-01    -6.286179423332214e-01
    1.627358913421631e+00    -5.097616314888000e-01    -6.943273544311523e-01     5.079888701438904e-01
    1.845088720321655e+00    -6.819404959678650e-01     2.642224133014679e-01    -6.820144057273865e-01
    1.100780487060547e+00     4.769490957260132e-01    -8.757591843605042e-01    -7.460050284862518e-02
    2.074231863021851e+00     2.065557092428207e-01     8.981087803840637e-01    -3.882465362548828e-01
    1.785257458686829e+00     1.304316818714142e-01    -7.822310179471970e-02    -9.883666634559631e-01
    2.301271915435791e+00    -2.010904401540756e-01     9.599729180335999e-01     1.949736028909683e-01
    5.753465890884399e-01    -6.092844009399414e-01     2.222332805395126e-01     7.611733675003052e-01
    1.139837384223938e+00     1.269818693399429e-01     8.676438927650452e-01     4.806970059871674e-01
    2.052942037582397e+00    -7.748169898986816e-01     4.816948771476746e-01    -4.094249606132507e-01
    1.431329369544983e+00     8.105585575103760e-01    -5.068544745445251e-01     2.934170961380005e-01
    7.902954220771790e-01    -4.510800242424011e-01     8.874170184135437e-01    -9.496301412582397e-02
    1.427113056182861e+00     9.350517988204956e-01    -3.438665568828583e-01    -8.621967583894730e-02
    1.611123919487000e+00     1.171719133853912e-01    -7.877324819564819e-01     6.047713756561279e-01
    8.106256723403931e-01     9.637941718101501e-01     1.042724177241325e-01     2.454140633344650e-01
    1.731592178344727e+00    -1.701055914163589e-01     7.374466061592102e-01    -6.536333560943604e-01
    8.731110095977783e-01     3.567715883255005e-01     6.778477430343628e-01     6.428347229957581e-01
    7.527939081192017e-01     6.204266548156738e-01    -6.381500959396362e-01    -4.558893144130707e-01
    1.790581822395325e+00    -4.497946500778198e-01     3.333456814289093e-01     8.285922408103943e-01
    2.275219440460205e+00    -4.529757201671600e-01    -6.376677155494690e-01     6.230514645576477e-01
    2.153928756713867e+00     3.980147540569305e-01    -2.249187082052231e-01    -8.893795013427734e-01
    1.736345052719116e+00     2.173196375370026e-01    -8.090601563453674e-01    -5.460712909698486e-01
    2.947745561599731e+00     6.433240771293640e-01     6.705825328826904e-01    -3.693960011005402e-01
    1.541012525558472e+00    -4.120468795299530e-01    -8.071941733360291e-01     4.226758778095245e-01
    6.273065209388733e-01     4.113127291202545e-01    -8.910211920738220e-01     1.921020895242691e-01
    1.062859654426575e+00     7.901139855384827e-01     1.907549500465393e-01     5.825225710868835e-01
    2.195867776870728e+00    -2.023356258869171e-01    -9.143795371055603e-01     3.506712019443512e-01
    1.935102701187134e+00     6.931076049804688e-01    -5.897897481918335e-01    -4.144271314144135e-01
    1.020042061805725e+00     7.170359492301941e-01    -6.614266037940979e-01    -2.199415862560272e-01
    1.410816431045532e+00    -7.285029888153076e-01    -6.125401258468628e-01     3.067212998867035e-01
    1.431038141250610e+00    -9.823346734046936e-01     1.309264302253723e-01    -1.337041705846786e-01
    2.764369964599609e+00    -8.758909106254578e-01    -2.549492008984089e-02    -4.818350076675415e-01
    2.153287172317505e+00     5.712294578552246e-01    -1.616453230381012e-01    -8.047160506248474e-01
    1.523973226547241e+00     7.377882003784180e-01    -1.659058481454849e-01     6.543269753456116e-01
    1.932659983634949e+00     2.330072075128555e-01    -3.319825232028961e-01    -9.140542149543762e-01
    2.308167934417725e+00    -4.905363619327545e-01    -2.825729846954346e-01     8.243340253829956e-01
    1.987694978713989e+00    -9.184344410896301e-01    -2.648518979549408e-01    -2.938224077224731e-01
    2.667819023132324e+00     6.167845726013184e-01    -6.674251556396484e-01    -4.172774255275726e-01
    1.050252079963684e+00    -7.308962941169739e-01     2.860215604305267e-01     6.196631193161011e-01
    1.899614930152893e+00    -9.173747301101685e-01    -1.555206775665283e-01     3.663832843303680e-01
    2.387974023818970e+00    -4.545498192310333e-01     4.915282726287842e-01    -7.428219914436340e-01
    1.926720619201660e+00     3.894625697284937e-03     7.390658855438232e-01     6.736218333244324e-01
    4.949125051498413e-01    -5.508823394775391e-01     4.410307109355927e-01     7.085342407226562e-01
    1.662270188331604e+00     7.922472953796387e-01    -1.628749668598175e-01    -5.880611538887024e-01
    1.361005187034607e+00     1.918537020683289e-01     7.085286825895309e-02     9.788626432418823e-01
    2.914696693420410e+00     8.332093954086304e-01     5.490364432334900e-01     6.573583930730820e-02
    2.002172708511353e+00    -5.275186300277710e-01    -5.269668102264404e-01     6.663559079170227e-01
    1.353711724281311e+00     7.857635617256165e-01     6.096578240394592e-01    -1.043695062398911e-01
    1.512606382369995e+00     9.315393567085266e-01     2.617623098194599e-02     3.626972734928131e-01
    2.939266204833984e+00    -4.489418864250183e-01     4.218270778656006e-01    -7.877265810966492e-01
    1.291202664375305e+00     3.381035104393959e-02     9.860093593597412e-01     1.632245630025864e-01
    1.272609353065491e+00    -2.102275341749191e-01    -6.220721602439880e-01    -7.542086839675903e-01
    1.936452865600586e+00    -7.474679350852966e-01    -6.620801687240601e-01     5.423626676201820e-02
    6.740868687629700e-01     1.739388704299927e-01     9.838304519653320e-01    -4.269310459494591e-02
    2.907989025115967e+00    -5.194544196128845e-01    -6.414719223976135e-01     5.645182728767395e-01
    1.237258672714233e+00     9.298239946365356e-01     3.664458096027374e-01     3.383556753396988e-02
    1.577854633331299e+00     2.719026207923889e-01     8.166257143020630e-01    -5.091084837913513e-01
    1.233519434928894e+00    -5.818303823471069e-01     5.203586220741272e-01     6.250604391098022e-01
    1.412367105484009e+00     5.290471911430359e-01    -5.974484607577324e-02    -8.464866876602173e-01
    2.676661968231201e+00     1.428761184215546e-01    -9.074589014053345e-01     3.951008915901184e-01
    2.111195564270020e+00    -4.784727096557617e-01     7.372710704803467e-01    -4.769646525382996e-01
    6.186649799346924e-01    -4.210554063320160e-01     6.964124273508787e-03     9.070081114768982e-01
    9.827412962913513e-01     5.179176330566406e-01     8.424571752548218e-01     1.484155952930450e-01
    2.573744297027588e+00    -9.466006159782410e-01    -1.515541076660156e-01    -2.845677733421326e-01
    4.083190262317657e-01     4.781877696514130e-01    -1.934817731380463e-01     8.566804528236389e-01
    1.337654471397400e+00     3.429268300533295e-01     3.766612708568573e-01    -8.605390787124634e-01
    2.584032535552979e+00    -2.187291830778122e-01     7.995700240135193e-01     5.593258142471313e-01
    2.719814777374268e+00     2.360527664422989e-01    -9.717168807983398e-01    -6.726493593305349e-03
    1.372019052505493e+00     4.123780429363251e-01     1.141119301319122e-01    -9.038377404212952e-01
    2.547380685806274e+00    -6.897152215242386e-02     9.405081272125244e-01    -3.326972723007202e-01
    2.913509130477905e+00     3.781196475028992e-02     7.944654822349548e-01    -6.061308979988098e-01
    1.206094384193420e+00    -6.220367550849915e-01    -6.580983400344849e-01     4.242368638515472e-01
    1.162687540054321e+00    -8.443758487701416e-01    -1.984128355979919e-02     5.353838205337524e-01
    1.191816210746765e+00    -6.837432384490967e-01    -7.015357911586761e-02    -7.263426780700684e-01
    1.029921531677246e+00     4.231755435466766e-01    -6.193993091583252e-01    -6.612616777420044e-01
    2.938726902008057e+00     1.438486110419035e-02     1.121900789439678e-02    -9.998335838317871e-01
    2.711392641067505e+00     1.057092472910881e-01    -9.265914559364319e-01     3.609072268009186e-01
    3.519380092620850e-01    -5.115753412246704e-01    -8.202502727508545e-01     2.558909654617310e-01
    2.923688650131226e+00     5.828239917755127e-01     4.310503602027893e-01    -6.888481378555298e-01
    1.977177858352661e+00    -6.507153511047363e-01     7.581527233123779e-01     4.211939871311188e-02
    2.246925830841064e+00     9.978973269462585e-01     5.400819703936577e-02    -3.583132103085518e-02
    1.027778148651123e+00     4.523395597934723e-01     8.917374014854431e-01     1.390343066304922e-02
    1.533692955970764e+00    -3.749229013919830e-01    -7.541359663009644e-01     5.391769409179688e-01
    2.865931510925293e+00     3.852297365665436e-01     1.768458783626556e-01    -9.057173132896423e-01
    8.224568367004395e-01    -3.441316187381744e-01     8.819015026092529e-01     3.222159445285797e-01
    2.923635721206665e+00    -2.479180693626404e-01     6.869994401931763e-01     6.830579638481140e-01
    2.132336616516113e+00     8.870858550071716e-01     2.182617485523224e-01     4.067439138889313e-01
    2.740936756134033e+00     6.572702527046204e-01    -7.164422869682312e-01    -2.338937819004059e-01
    2.303500175476074e+00    -9.930856227874756e-01     4.116100072860718e-02     1.099406480789185e-01
    2.640713214874268e+00    -3.516496419906616e-01     7.110686898231506e-01    -6.088709235191345e-01
    4.443643391132355e-01    -3.536798357963562e-01    -8.640502691268921e-01     3.582284450531006e-01
    1.993587017059326e+00    -7.880652546882629e-01     4.326145946979523e-01    -4.379473924636841e-01
    2.091583013534546e+00    -7.669025063514709e-01    -5.576168298721313e-01    -3.176856935024261e-01
    2.060995578765869e+00    -9.907179325819016e-02     4.792481660842896e-01     8.720698952674866e-01
    1.829645395278931e+00    -7.546384930610657e-01    -6.354969739913940e-01    -1.632920205593109e-01
    2.450155258178711e+00    -9.313885569572449e-01     3.538519442081451e-01    -8.546461910009384e-02
    1.848201394081116e+00     7.576370835304260e-01    -6.292528510093689e-01    -1.732828617095947e-01
    1.245295405387878e+00     2.023551911115646e-01     8.451155424118042e-01    -4.948052465915680e-01
    1.814917922019958e+00     4.725534319877625e-01    -1.209736540913582e-01     8.729597330093384e-01
    1.984889745712280e+00     6.420916318893433e-01     6.715630292892456e-01    -3.697583675384521e-01
    2.862702369689941e+00     8.114277124404907e-01    -1.521650701761246e-01    -5.642969608306885e-01
    1.502266407012939e+00     8.746678829193115e-01     4.847206175327301e-01    -1.388489268720150e-03
    1.925022959709167e+00    -4.260644018650055e-01    -6.986322999000549e-01     5.747886896133423e-01
    1.163677811622620e+00     3.278835415840149e-01    -6.717992424964905e-01     6.642125248908997e-01
    1.622232913970947e+00     6.631478667259216e-01    -6.825128197669983e-01     3.072639107704163e-01
    1.640808343887329e+00     7.959781289100647e-01     2.712197601795197e-01    -5.411640405654907e-01
    2.653857707977295e+00    -1.148846223950386e-01     5.503091812133789e-01    -8.270196914672852e-01
    2.197050333023071e+00     8.298683166503906e-01     5.346592068672180e-01    -1.595567911863327e-01
    2.722774267196655e+00    -8.834682703018188e-01     4.335012137889862e-01     1.776532679796219e-01
    1.319536089897156e+00    -5.836892127990723e-01     5.762777328491211e-01    -5.720236301422119e-01
    1.671609282493591e+00    -4.735617339611053e-01    -2.100425511598587e-01     8.553487062454224e-01
    2.574978828430176e+00     2.535145580768585e-01     8.862435817718506e-01     3.876889646053314e-01
    1.107518911361694e+00    -7.452391982078552e-01     1.415997892618179e-01    -6.515890359878540e-01
    9.524540305137634e-01     3.083597719669342e-01    -3.188020288944244e-01     8.962586522102356e-01
    2.817885160446167e+00     6.081893444061279e-01    -7.405880689620972e-01    -2.857182919979095e-01
    2.040183782577515e+00     8.435975015163422e-02     8.464486002922058e-01     5.257453322410583e-01
    1.157593011856079e+00    -7.491201162338257e-01    -2.733553051948547e-01     6.034035086631775e-01
    2.960953950881958e+00     9.981510639190674e-01    -5.937854200601578e-02     1.298676244914532e-02
    8.621902465820312e-01    -7.514675259590149e-01     6.580540537834167e-01     4.755166545510292e-02
    1.590527415275574e+00     5.467430353164673e-01    -7.150201201438904e-01    -4.356814622879028e-01
    1.348249554634094e+00    -3.809908926486969e-01    -6.091702580451965e-01    -6.955267786979675e-01
    5.561872124671936e-01     3.331766724586487e-01    -2.580906748771667e-01    -9.068531990051270e-01
    1.797284007072449e+00     4.880012571811676e-01    -8.143030405044556e-01     3.142697513103485e-01
    1.141981959342957e+00     5.127463936805725e-01    -3.725436925888062e-01    -7.735001444816589e-01
    2.492977619171143e+00     1.100852563977242e-01    -6.399315595626831e-01    -7.605057358741760e-01
    2.986580133438110e+00     8.843254446983337e-01    -3.948469758033752e-01    -2.491276115179062e-01
    2.157852649688721e+00     4.809011816978455e-01     5.561976432800293e-01     6.777744293212891e-01
    1.796935081481934e+00    -7.191404700279236e-01     4.412332773208618e-01    -5.367962718009949e-01
    2.058974027633667e+00     2.257400602102280e-01     7.046564221382141e-01     6.726818680763245e-01
    2.928859233856201e+00    -9.210515022277832e-01     2.620832622051239e-01     2.880565524101257e-01
    1.639960169792175e+00    -8.136508464813232e-01    -6.975042074918747e-02     5.771543383598328e-01
    8.656200170516968e-01     2.219742387533188e-01    -9.337497353553772e-01    -2.807824909687042e-01
    1.693643331527710e+00    -5.567046999931335e-01     3.349151611328125e-01     7.602050900459290e-01
    1.042241930961609e+00     3.013819456100464e-01    -6.488938331604004e-01    -6.986457705497742e-01
    9.579384326934814e-01     6.463510990142822e-01     7.555243372917175e-01    -1.068334579467773e-01
    2.083431720733643e+00    -8.354168534278870e-01    -5.102861523628235e-01    -2.041734308004379e-01
    7.401778101921082e-01     4.158061146736145e-01     9.069671630859375e-01     6.719860434532166e-02
    6.044120788574219e-01     6.916885972023010e-01     3.169941306114197e-01    -6.489079594612122e-01
    1.727603554725647e+00    -5.048127099871635e-02    -7.188850641250610e-01    -6.932935118675232e-01
    2.515660047531128e+00     8.052133917808533e-01    -5.712506771087646e-01     1.590730398893356e-01
    2.127643346786499e+00    -2.347091026604176e-02     9.965992569923401e-01    -7.898747175931931e-02
    1.488224744796753e+00    -5.296214222908020e-01     2.202195823192596e-01    -8.191487789154053e-01
    8.653160333633423e-01     1.090848371386528e-01    -5.250501036643982e-01    -8.440513610839844e-01
    2.867482900619507e+00     8.984691500663757e-01    -3.768830001354218e-01     2.251936942338943e-01
    8.530879616737366e-01     5.517064332962036e-01     3.098836839199066e-01     7.743334174156189e-01
    1.872245550155640e+00     2.316272258758545e-01    -2.231536209583282e-01    -9.468639492988586e-01
    1.296927690505981e+00     9.927944540977478e-01     1.107284054160118e-01    -4.580902680754662e-02
    3.690933585166931e-01    -1.093262955546379e-01    -1.625868827104568e-01    -9.806189537048340e-01
    8.553904891014099e-01     7.766210436820984e-01    -2.779605388641357e-01     5.653299093246460e-01
    1.859623551368713e+00    -2.943327724933624e-01     6.633447408676147e-01     6.879984736442566e-01
    8.139991164207458e-01     5.506362318992615e-01     8.071383237838745e-01     2.129027247428894e-01
    2.246201276779175e+00    -7.268458008766174e-01    -4.916024506092072e-01     4.796061515808105e-01
    2.504443168640137e+00    -2.906249836087227e-02     7.693074941635132e-01    -6.382173299789429e-01
    4.601933956146240e-01     3.466395437717438e-01    -3.551917076110840e-01     8.681474328041077e-01
    7.170392870903015e-01    -3.980013132095337e-01    -4.762270152568817e-01    -7.840937972068787e-01
    2.693609952926636e+00     9.037230014801025e-01    -3.918133676052094e-01    -1.725310832262039e-01
    1.221409201622009e+00     7.749422192573547e-01    -4.774146676063538e-01    -4.141736328601837e-01
    6.767578125000000e-01    -7.848429083824158e-01    -1.708029061555862e-01     5.956912040710449e-01
    2.281049728393555e+00     4.172551035881042e-01     2.264011502265930e-01    -8.801367878913879e-01
    8.078908324241638e-01     1.922122538089752e-01    -1.773308813571930e-01    -9.651985168457031e-01
    7.607734799385071e-01     1.956790089607239e-01    -9.616066217422485e-01    -1.924122720956802e-01
    8.212650418281555e-01     5.612437725067139e-01     2.432550340890884e-01     7.910957336425781e-01
    1.170430779457092e+00    -3.471361994743347e-01    -2.386230379343033e-01    -9.069483876228333e-01
    1.193800568580627e+00     7.633113861083984e-01     6.253204345703125e-01     1.622654348611832e-01
    2.067424297332764e+00    -5.933813452720642e-01    -6.379339098930359e-01    -4.908553361892700e-01
    1.473167657852173e+00    -4.494430124759674e-02    -8.271437883377075e-01     5.601902604103088e-01
    1.682265996932983e+00     9.510235190391541e-01    -2.360370010137558e-01     1.996017247438431e-01
    1.360924363136292e+00    -2.073644399642944e-01    -6.699845194816589e-02    -9.759668111801147e-01
    1.425578594207764e+00     6.331787705421448e-01     2.338618338108063e-01    -7.378301024436951e-01
    2.142332553863525e+00     2.262600660324097e-01     8.330491781234741e-01    -5.048124194145203e-01
    2.962621212005615e+00    -4.777076542377472e-01     8.827910572290421e-02     8.740721940994263e-01
    1.949888944625854e+00    -2.285322993993759e-01    -7.815409302711487e-01     5.804882645606995e-01
    1.112100839614868e+00    -1.229243818670511e-03    -5.353704690933228e-01    -8.446164727210999e-01
    2.209002494812012e+00    -7.231287956237793e-01    -6.904804706573486e-01     1.793345436453819e-02
    1.151733398437500e+00    -2.550676763057709e-01     2.581067681312561e-01     9.318376183509827e-01
    2.641081094741821e+00     3.261327445507050e-01     9.398328065872192e-01    -1.017435267567635e-01
    2.565809726715088e+00    -9.259682297706604e-01     2.926975786685944e-01     2.385601699352264e-01
    1.667610526084900e+00    -9.830177426338196e-01    -4.510885104537010e-02     1.778800040483475e-01
    1.720916509628296e+00     4.544779658317566e-02    -9.463411569595337e-01    -3.199578821659088e-01
    1.677529454231262e+00    -4.227473437786102e-01     2.360791116952896e-01     8.749579191207886e-01
    1.979665875434875e+00     2.330909073352814e-01    -6.480956673622131e-01    -7.250109314918518e-01
    2.610325813293457e+00    -1.481263935565948e-01     4.877304732799530e-01    -8.603357672691345e-01
    2.707589387893677e+00    -2.609507143497467e-01    -8.007184863090515e-01    -5.392165780067444e-01
    1.674706697463989e+00    -2.092471420764923e-01    -9.778258204460144e-01     8.504093624651432e-03
    2.947972774505615e+00     5.648567080497742e-01     3.083637952804565e-01    -7.654076218605042e-01
    2.090705394744873e+00    -3.540027141571045e-01     3.642131686210632e-01    -8.614121079444885e-01
    2.028813838958740e+00     5.760797858238220e-01     6.402544975280762e-01    -5.081400275230408e-01
    2.390560865402222e+00     6.421034336090088e-01     7.663600444793701e-01    -1.988779194653034e-02
    5.393443703651428e-01     3.285436630249023e-01    -9.416753649711609e-01    -7.284713536500931e-02
    1.117552161216736e+00    -4.560174643993378e-01     3.664261102676392e-01     8.110364675521851e-01
    2.407725095748901e+00     8.763280510902405e-01     4.941350594162941e-02    -4.791739284992218e-01
    1.907501578330994e+00     3.333494067192078e-01    -5.388969779014587e-01     7.736071944236755e-01
    2.751188993453979e+00    -1.736892908811569e-01     1.799565106630325e-01    -9.682189226150513e-01
    1.467332959175110e+00    -7.061432600021362e-01     6.945714950561523e-01    -1.375947296619415e-01
    2.554848432540894e+00     5.014420747756958e-01    -8.360523730516434e-02    -8.611423969268799e-01
    2.466423511505127e+00    -6.612219214439392e-01    -6.345365047454834e-01    -4.001864194869995e-01
    2.130340576171875e+00     7.741705179214478e-01    -2.808961272239685e-01    -5.672368407249451e-01
    1.228742480278015e+00    -7.157781124114990e-01     5.537785887718201e-01     4.254302680492401e-01
    2.108977317810059e+00    -7.621718049049377e-01     3.191119134426117e-01     5.632599592208862e-01
    1.989234447479248e+00     3.731933534145355e-01    -7.860707044601440e-01    -4.927672445774078e-01
    2.202111959457397e+00    -7.511410713195801e-01     4.356302618980408e-01    -4.959973394870758e-01
    2.579563617706299e+00    -8.716045618057251e-01     1.363939344882965e-01     4.708526134490967e-01
    1.566808700561523e+00     7.482316493988037e-01     6.568784117698669e-01     9.305948764085770e-02
    7.380729913711548e-01    -4.089051187038422e-01     8.711420893669128e-01    -2.718605697154999e-01
    2.950739860534668e+00     2.062970995903015e-01    -7.910635471343994e-01    -5.758993625640869e-01
    1.919442057609558e+00    -7.634397745132446e-01     5.188596248626709e-01     3.846354484558105e-01
    1.667185544967651e+00     8.656707406044006e-02    -6.493315100669861e-01    -7.555623650550842e-01
    8.750739097595215e-01    -3.968002498149872e-01    -8.130056262016296e-01    -4.261119663715363e-01
    4.707019031047821e-01     4.547356665134430e-01    -3.088846504688263e-01    -8.353478312492371e-01
    1.844514012336731e+00     8.468177318572998e-01     4.922902584075928e-01    -2.013706117868423e-01
    2.840632200241089e+00     2.427534759044647e-01    -2.744118869304657e-01     9.304671287536621e-01
    1.412973642349243e+00    -8.326961994171143e-01     2.217474132776260e-01     5.073904395103455e-01
    1.998832106590271e+00    -2.412471920251846e-01     2.639177739620209e-01    -9.338881373405457e-01
    1.969035625457764e+00     3.188960850238800e-01    -9.080941081047058e-01     2.714233100414276e-01
    2.678079366683960e+00     3.226035833358765e-02     5.917623043060303e-01     8.054667711257935e-01
    2.947094202041626e+00     3.653580695390701e-02    -9.116101861000061e-01     4.094289839267731e-01
    1.871928453445435e+00    -5.651239156723022e-01    -8.239601850509644e-01    -4.152727499604225e-02
    2.113480806350708e+00    -6.068090721964836e-02    -3.577443659305573e-01     9.318457841873169e-01
    1.468032002449036e+00     2.663232088088989e-01     7.136383652687073e-02    -9.612384438514709e-01
    2.201452970504761e+00    -4.032492339611053e-01    -8.541406989097595e-01     3.283802866935730e-01
    2.182807445526123e+00     7.993915081024170e-01    -5.057651400566101e-01     3.243067264556885e-01
    2.507644653320312e+00    -2.565762698650360e-01    -9.466257691383362e-01     1.951105594635010e-01
    1.722521424293518e+00     5.308804512023926e-01     7.894839048385620e-01     3.080277740955353e-01
    8.846254348754883e-01     3.539706766605377e-01    -3.010011911392212e-01     8.854959607124329e-01
    2.784148931503296e+00    -7.822882384061813e-02     9.865610003471375e-01     1.434493660926819e-01
    5.001649856567383e-01    -2.674003243446350e-01     4.290501177310944e-01     8.627938628196716e-01
    2.144597053527832e+00    -1.362715102732182e-02    -4.776412546634674e-01    -8.784492015838623e-01
    9.280034899711609e-01    -5.466228723526001e-01    -6.692162752151489e-01     5.033419132232666e-01
    2.771101474761963e+00    -6.985816955566406e-01     7.083192467689514e-01     1.013284623622894e-01
    1.173073053359985e+00    -3.655703365802765e-01    -7.096633911132812e-01    -6.022759079933167e-01
    1.149841189384460e+00     5.709210634231567e-01    -6.935663819313049e-01     4.393345117568970e-01
    2.032775402069092e+00    -6.223490834236145e-01    -6.724401712417603e-01     4.006318449974060e-01
    2.917355060577393e+00     7.017224431037903e-01    -4.046676158905029e-01    -5.863698124885559e-01
    2.959354162216187e+00    -5.573862791061401e-01     1.967142224311829e-01    -8.066129684448242e-01
    2.941033601760864e+00    -1.252568513154984e-01    -6.221821904182434e-01     7.727872729301453e-01
    9.429047703742981e-01    -4.033434391021729e-01    -5.030771717429161e-03    -9.150347709655762e-01
    5.341783761978149e-01     6.284903883934021e-01     3.975394368171692e-02    -7.768006920814514e-01
    1.382215380668640e+00     3.666723370552063e-01     9.003960490226746e-01    -2.341759651899338e-01
    2.622541189193726e+00    -7.896091938018799e-01    -3.365026116371155e-01    -5.131114721298218e-01
    2.897624731063843e+00     4.245456755161285e-01    -1.723175495862961e-02     9.052425026893616e-01
    1.529535055160522e+00    -3.960306942462921e-02     9.980791211128235e-01    -4.764095693826675e-02
    2.782152652740479e+00    -3.960821032524109e-01     8.662524819374084e-01    -3.045086562633514e-01
    2.960203886032104e+00    -9.277332425117493e-01     1.020776852965355e-01     3.590142428874969e-01
    2.424976587295532e+00     8.745054006576538e-01    -3.601700365543365e-01    -3.248349130153656e-01
    2.366899698972702e-01    -2.197125256061554e-01    -9.625163674354553e-01     1.590243577957153e-01
    1.701804399490356e+00     5.107592940330505e-01    -5.960834622383118e-01    -6.195235252380371e-01
    4.471193552017212e-01    -3.481393754482269e-01    -9.333091378211975e-01     8.793801069259644e-02
    1.970018267631531e+00     5.875419974327087e-01    -5.475454330444336e-01    -5.958090424537659e-01
    2.623505592346191e+00     5.196229219436646e-01     7.702729701995850e-01    -3.696914911270142e-01
    2.258080959320068e+00     5.913953781127930e-01     7.336151599884033e-01     3.347540497779846e-01
    1.359209656715393e+00     9.509642422199249e-02     6.315605640411377e-01     7.694724202156067e-01
    4.671735167503357e-01    -6.791050434112549e-01    -6.524232625961304e-01    -3.363931775093079e-01
    1.752038836479187e+00     9.198711514472961e-01    -3.899326920509338e-01    -4.230353236198425e-02
    1.413303136825562e+00    -5.341429710388184e-01    -8.299680948257446e-01    -1.607616692781448e-01
    2.194928169250488e+00    -9.222004413604736e-01     3.854206204414368e-01    -3.157904371619225e-02
    2.207997798919678e+00    -1.807207316160202e-01    -1.183895766735077e-01    -9.763831496238708e-01
    1.666721463203430e+00     3.655899763107300e-01     7.768945097923279e-01    -5.126194953918457e-01
    1.479134202003479e+00    -8.096548914909363e-01     4.468849897384644e-01     3.804640769958496e-01
    1.227072238922119e+00    -8.954432010650635e-01    -9.024518728256226e-02     4.359324574470520e-01
    1.393484115600586e+00     7.530015110969543e-01    -3.346794843673706e-01     5.665493011474609e-01
    9.214395880699158e-01    -7.701490521430969e-01    -1.375416964292526e-01     6.228585839271545e-01
    6.708370447158813e-01     5.533264875411987e-01     4.888244271278381e-01     6.744484305381775e-01
    1.469782948493958e+00     7.626376748085022e-01    -4.768853783607483e-01     4.369946420192719e-01
    2.725778818130493e+00    -2.778448760509491e-01     9.346431493759155e-01     2.219109833240509e-01
    2.093047380447388e+00     5.797702074050903e-01    -5.961248278617859e-01     5.554292201995850e-01
    1.424259781837463e+00    -9.314393997192383e-01    -1.467724889516830e-01     3.329842090606689e-01
    1.289753437042236e+00     3.616389632225037e-01     7.529873847961426e-01     5.497520565986633e-01
    1.874415874481201e+00     6.863791942596436e-01    -3.620435893535614e-01    -6.307202577590942e-01
    6.352012753486633e-01    -3.743387162685394e-01    -8.353838920593262e-01    -4.024974703788757e-01
    3.159445524215698e-01     3.789421170949936e-02    -3.678873777389526e-01     9.290978312492371e-01
    1.229594111442566e+00    -6.344432234764099e-01    -5.628482699394226e-01     5.297957658767700e-01
    1.854642748832703e+00     8.825515508651733e-01    -1.216488480567932e-01     4.542070627212524e-01
    2.183646678924561e+00    -3.899337351322174e-02    -9.908593893051147e-01     1.291404068470001e-01
    1.152077674865723e+00     2.606090009212494e-01    -1.762296259403229e-01    -9.492238759994507e-01
    1.184882283210754e+00     7.133795619010925e-01    -6.089852750301361e-02    -6.981268525123596e-01
    2.664926290512085e+00    -3.064516484737396e-01    -1.156023144721985e-01     9.448406100273132e-01
    1.146085739135742e+00    -3.725897371768951e-01     5.896306037902832e-01     7.165979146957397e-01
    2.475368738174438e+00    -3.204448521137238e-01     7.710345834493637e-02     9.441239833831787e-01
    9.721702337265015e-01     2.045474052429199e-01    -8.949629664421082e-01    -3.964867591857910e-01
    1.472765922546387e+00     9.786131232976913e-02     5.613712668418884e-01     8.217574954032898e-01
    1.425345897674561e+00    -4.245141148567200e-02     7.543957829475403e-01    -6.550457477569580e-01
    2.045408487319946e+00     1.352625936269760e-01    -9.764629602432251e-01     1.680008322000504e-01
    2.208761453628540e+00    -6.864284276962280e-01    -7.268379926681519e-01     2.285823598504066e-02
    1.944273710250854e+00    -3.698204159736633e-01    -4.668929278850555e-01     8.032706975936890e-01
    2.072484254837036e+00    -4.453439116477966e-01    -7.502713203430176e-01    -4.886326789855957e-01
    2.642785787582397e+00    -4.992580413818359e-01    -6.565747857093811e-01     5.653768777847290e-01
    1.507201313972473e+00     7.075815796852112e-01    -1.400131285190582e-01    -6.926218271255493e-01
    1.362079977989197e+00     5.397816896438599e-01     7.314920425415039e-01     4.165994822978973e-01
    1.729362726211548e+00    -9.532539248466492e-01    -1.306755989789963e-01    -2.724532485008240e-01
    1.069102644920349e+00    -1.523533612489700e-01    -2.063500881195068e-01     9.665444493293762e-01
    2.165779829025269e+00     1.250743120908737e-01     7.828833460807800e-01    -6.094669699668884e-01
    1.915185928344727e+00     5.764557719230652e-01    -6.459436416625977e-01     5.004554986953735e-01
    9.304749369621277e-01    -8.591527342796326e-01    -3.622084558010101e-01     3.614718019962311e-01
    1.872102141380310e+00    -1.975489407777786e-01    -5.549375340342522e-02     9.787209630012512e-01
    1.224346280097961e+00     1.879595667123795e-01    -4.648290276527405e-01    -8.652196526527405e-01
    1.571599245071411e+00     2.656866014003754e-01     1.479886025190353e-01     9.526331424713135e-01
    7.172827720642090e-01    -8.281826972961426e-01    -9.949803352355957e-02    -5.515554547309875e-01
    2.183637142181396e+00     5.648731589317322e-01    -3.890793025493622e-01     7.276920676231384e-01
    1.072938084602356e+00     1.243224516510963e-01    -3.519687354564667e-01    -9.277186393737793e-01
    9.972960948944092e-01     3.944216370582581e-01    -4.323345422744751e-01     8.108752369880676e-01
    4.853681027889252e-01    -7.064590454101562e-01    -6.244163513183594e-01    -3.331964910030365e-01
    1.879223465919495e+00    -3.186605870723724e-01    -6.693156361579895e-01     6.711720228195190e-01
    7.119202017784119e-01     5.588683485984802e-01     5.461248755455017e-01    -6.240304708480835e-01
    2.114925622940063e+00     7.532630562782288e-01    -5.492727756500244e-01     3.617932498455048e-01
    2.194932222366333e+00     7.458573579788208e-01    -1.573229879140854e-01    -6.472606062889099e-01
    1.644305586814880e+00     1.665288060903549e-01     2.854627668857574e-01     9.438109993934631e-01
    7.325884103775024e-01    -2.960064709186554e-01    -9.052677154541016e-01     3.047466576099396e-01
    1.859135031700134e+00     9.066540002822876e-01    -1.506808251142502e-01    -3.940480053424835e-01
    2.148587942123413e+00    -2.083783596754074e-01    -9.074383974075317e-02    -9.738295078277588e-01
    7.998058199882507e-01    -7.775996327400208e-01     5.315667390823364e-01    -3.358213007450104e-01
    2.566797733306885e+00    -7.964494228363037e-01     1.993328928947449e-01     5.709068775177002e-01
    2.845040798187256e+00     6.719361543655396e-01    -6.880822777748108e-01    -2.739425301551819e-01
    1.814140677452087e+00     4.211859107017517e-01    -2.058358937501907e-01    -8.833085894584656e-01
    2.734737873077393e+00    -4.070785343647003e-01     9.107487201690674e-01    -6.945303827524185e-02
    2.217792272567749e+00    -8.928189277648926e-01     3.529029488563538e-01    -2.798819243907928e-01
    2.789198160171509e+00    -4.457287490367889e-01    -3.156670033931732e-01    -8.376635313034058e-01
    6.177757978439331e-01    -4.609658718109131e-01    -8.805845975875854e-01    -1.099154353141785e-01
    7.507441043853760e-01    -8.349923491477966e-01    -1.332535445690155e-01    -5.338831543922424e-01
    1.037371158599854e+00    -7.468127012252808e-01    -2.175909280776978e-01    -6.284306645393372e-01
    1.587847352027893e+00     3.461588323116302e-01     9.287583827972412e-01    -1.325970590114594e-01
    2.826072931289673e+00    -8.449518680572510e-01    -3.737938702106476e-01    -3.825368583202362e-01
    1.039855360984802e+00    -8.754131197929382e-01    -3.465251624584198e-02     4.821318686008453e-01
    6.131155490875244e-01    -8.118278980255127e-01     3.951039314270020e-01    -4.299166798591614e-01
    2.871313333511353e+00    -7.321714758872986e-01    -6.425054669380188e-01    -2.260790616273880e-01
    9.579111337661743e-01    -3.979035019874573e-01     7.889384776353836e-02     9.140288233757019e-01
    1.768065571784973e+00     9.574050903320312e-01     2.107095569372177e-01     1.974256932735443e-01
    2.698539733886719e+00     6.819148659706116e-01     6.750175356864929e-01     2.816796600818634e-01
    2.714188337326050e+00    -9.329114556312561e-01    -2.848096191883087e-01     2.203627377748489e-01
    2.333390712738037e+00    -5.920111536979675e-01     5.559198260307312e-01     5.835031270980835e-01
    3.953055739402771e-01    -5.648453235626221e-01    -7.573397755622864e-01     3.276985585689545e-01
    2.570887804031372e+00    -4.714726209640503e-01    -5.477136373519897e-01     6.911754608154297e-01
    1.663240671157837e+00    -8.752342462539673e-01    -1.067227348685265e-01    -4.717786908149719e-01
    2.884522676467896e+00    -1.628518700599670e-01     6.161480545997620e-01     7.706106305122375e-01
    2.027028083801270e+00    -7.324411273002625e-01    -4.019820392131805e-01     5.494910478591919e-01
    2.375123739242554e+00     6.977007985115051e-01     2.885945439338684e-01    -6.556881070137024e-01
    1.445302605628967e+00    -4.094378054141998e-01     4.371552169322968e-01    -8.007847666740417e-01
    1.857066035270691e+00     2.055458128452301e-01     7.428618073463440e-01     6.371086239814758e-01
    2.227814912796021e+00    -5.035203099250793e-01    -7.022089362144470e-01     5.033584833145142e-01
    1.355228424072266e+00     1.645975261926651e-01    -7.812387347221375e-01     6.021409034729004e-01
    1.104230284690857e+00     9.625609517097473e-01    -1.769796013832092e-01    -2.053160369396210e-01
    1.217601537704468e+00    -7.342170476913452e-01     6.464920043945312e-01    -2.073008418083191e-01
    2.889598369598389e+00     2.749689221382141e-01    -2.823711931705475e-01    -9.190531373023987e-01
    5.792826414108276e-01     6.339325308799744e-01     7.355962395668030e-01    -2.388048917055130e-01
    1.098682284355164e+00    -3.523259460926056e-01     3.429776430130005e-01     8.707656860351562e-01
    1.032245755195618e+00    -8.801611065864563e-01     4.274864792823792e-01     2.063295692205429e-01
    2.342410564422607e+00    -9.885233640670776e-02     1.304062157869339e-01     9.865204095840454e-01
    2.078525066375732e+00     8.908430337905884e-01     4.019453227519989e-01    -2.117518037557602e-01
    6.115768551826477e-01     6.833373904228210e-01    -3.105249702930450e-01    -6.607757806777954e-01
    2.187824726104736e+00    -2.852329313755035e-01     5.782576203346252e-01     7.643691301345825e-01
    2.986373186111450e+00    -2.338535338640213e-01    -8.679964542388916e-01    -4.380579292774200e-01
    1.342642426490784e+00     7.476993799209595e-01    -4.253901913762093e-02    -6.626734137535095e-01
    2.730673313140869e+00    -5.867108702659607e-01    -7.528063058853149e-01    -2.984175384044647e-01
    1.113231420516968e+00    -3.619926869869232e-01     8.345301151275635e-01     4.153566062450409e-01
    2.151002645492554e+00    -7.523776888847351e-01    -5.015223622322083e-01     4.270868599414825e-01
    7.386749982833862e-01    -5.646257996559143e-01    -6.314651966094971e-01    -5.314597487449646e-01
    7.441861033439636e-01    -1.928462535142899e-01     4.360042512416840e-01    -8.790395855903625e-01
    9.031096100807190e-01    -6.504476666450500e-01    -6.929344534873962e-01     3.110624551773071e-01
    1.562905669212341e+00    -2.019537538290024e-01     9.656497836112976e-01     1.635087877511978e-01
    1.114101886749268e+00    -5.431150794029236e-01     4.338207840919495e-01     7.189059257507324e-01
    2.599359512329102e+00    -5.646892786026001e-01    -8.004984855651855e-01    -2.008188664913177e-01
    1.905419707298279e+00    -8.768621683120728e-01    -2.172475010156631e-01    -4.288547337055206e-01
    2.135493516921997e+00    -2.058569043874741e-01     5.096364021301270e-01     8.354004025459290e-01
    1.981667518615723e+00     1.358752250671387e-01     9.897884130477905e-01    -4.309304803609848e-02
    2.683784961700439e+00    -5.007647275924683e-01    -3.893808126449585e-01     7.730571627616882e-01
    4.556347131729126e-01     3.037380054593086e-02    -8.497989773750305e-01    -5.262310504913330e-01
    2.486798524856567e+00    -4.661257565021515e-01    -8.827938437461853e-01    -5.832411721348763e-02
    1.884169697761536e+00    -5.234487652778625e-01     7.077100276947021e-01     4.744976460933685e-01
    2.037765264511108e+00    -4.908204078674316e-01     1.910579502582550e-01    -8.500542640686035e-01
    1.311066865921021e+00     1.912089288234711e-01    -9.812124371528625e-01     2.571716904640198e-02
    2.003588676452637e+00    -8.301397562026978e-01     4.981234967708588e-01    -2.504815161228180e-01
    1.787841320037842e+00     2.670938372612000e-01     9.145255684852600e-01    -3.038153648376465e-01
    1.184339523315430e+00     6.118950843811035e-01     7.186547517776489e-01     3.303328156471252e-01
    2.870415925979614e+00    -9.043832421302795e-01     3.929715156555176e-01    -1.663259863853455e-01
    7.719594240188599e-01     2.748138308525085e-01    -7.534207701683044e-01    -5.973562002182007e-01
    1.262689471244812e+00    -9.815571308135986e-01     1.878210604190826e-01    -3.562272340059280e-02
    2.159377098083496e+00     7.345315814018250e-01    -6.306182146072388e-01     2.505676448345184e-01
    1.647285580635071e+00     7.513412833213806e-01    -4.411284625530243e-01    -4.908073246479034e-01
    2.193595170974731e+00     2.027219682931900e-01    -9.577224254608154e-01     2.041359841823578e-01
    2.107328891754150e+00    -4.677616357803345e-01     5.204606652259827e-01     7.143667936325073e-01
    2.273808717727661e+00    -3.585078567266464e-02     9.403055310249329e-01     3.384379744529724e-01
    1.069653987884521e+00    -9.156576395034790e-01     1.775336861610413e-01     3.606286048889160e-01
    1.730694770812988e+00    -7.739740610122681e-01     3.171978890895844e-01     5.480418205261230e-01
    2.423093318939209e+00     4.683006107807159e-01    -7.018753290176392e-01    -5.367172956466675e-01
    1.177375316619873e+00    -3.791476488113403e-01    -1.987392157316208e-01    -9.037420749664307e-01
    1.715917587280273e+00    -1.965371370315552e-01    -7.341218739748001e-02    -9.777442812919617e-01
    2.983874559402466e+00     4.699443280696869e-01    -8.825226426124573e-01    -1.749637722969055e-02
    4.882713258266449e-01     1.666076928377151e-01     9.274035692214966e-01     3.349096179008484e-01
    2.767410755157471e+00     5.187606215476990e-01    -6.585192680358887e-01    -5.451971888542175e-01
    9.287774562835693e-01     4.638356566429138e-01    -8.640639781951904e-01    -1.955756843090057e-01
    2.763886213302612e+00    -4.596866965293884e-01    -2.183768525719643e-02     8.878126144409180e-01
    1.716363310813904e+00    -5.707302093505859e-01    -7.991768121719360e-01     1.886353343725204e-01
    1.549795150756836e+00     7.252920269966125e-01     4.078013002872467e-01    -5.546615123748779e-01
    9.520710110664368e-01    -5.065453052520752e-01    -6.825796961784363e-01    -5.267796516418457e-01
    2.548836231231689e+00     7.556515336036682e-01     7.124816626310349e-02     6.510873436927795e-01
    2.300407648086548e+00    -8.915553689002991e-01    -2.984532155096531e-02    -4.519272744655609e-01
    1.707929015159607e+00     3.529497087001801e-01    -8.895670063793659e-03     9.356001019477844e-01
    1.038060665130615e+00     1.101965457201004e-01     1.381386965513229e-01    -9.842633605003357e-01
    5.455763339996338e-01     6.081743836402893e-01     7.226745486259460e-01     3.284284770488739e-01
    2.176014900207520e+00    -6.463782787322998e-01    -6.523898839950562e-01     3.957050144672394e-01
    1.021813273429871e+00    -2.445412278175354e-01     9.338951706886292e-01     2.608436346054077e-01
    1.948894500732422e+00    -6.518793106079102e-01    -4.723476469516754e-01    -5.932462215423584e-01
    2.697531580924988e-01     8.678856492042542e-02    -9.820477962493896e-01    -1.674813628196716e-01
    6.196624636650085e-01     1.384484916925430e-01    -2.339613437652588e-01     9.623377919197083e-01
    2.864408731460571e+00     1.202963385730982e-02     8.691289424896240e-01     4.944391250610352e-01
    1.896949529647827e+00     6.547779440879822e-01    -4.808007776737213e-01    -5.831778049468994e-01
    2.422969818115234e+00    -4.103345870971680e-01    -5.627549886703491e-01     7.175878286361694e-01
    2.966920375823975e+00    -4.573801159858704e-01    -1.061454489827156e-01     8.829136490821838e-01
    2.487886667251587e+00     6.413694620132446e-01     7.671828269958496e-01     8.696403354406357e-03
    2.761807203292847e+00    -5.444553494453430e-01    -3.924424946308136e-01    -7.413212656974792e-01
    1.186625123023987e+00    -8.483622670173645e-01    -2.276892401278019e-02     5.289263129234314e-01
    1.026489853858948e+00    -3.914709985256195e-01    -9.156022667884827e-01    -9.177725762128830e-02
    2.463573217391968e+00     1.585378944873810e-01    -4.338682591915131e-01    -8.869182467460632e-01
    1.739170432090759e+00     8.625709414482117e-01     3.252662718296051e-01    -3.875220417976379e-01
    1.481882452964783e+00    -8.906286954879761e-02    -4.863153398036957e-01     8.692325353622437e-01
    2.534300804138184e+00     6.534107923507690e-01    -7.065551877021790e-01     2.717244327068329e-01
    2.690557718276978e+00     8.237673640251160e-01    -4.761589765548706e-01     3.077011108398438e-01
    2.065597772598267e+00     3.133217096328735e-01    -9.361839294433594e-01     1.593394428491592e-01
    1.555905938148499e+00    -3.707225322723389e-01    -8.408834338188171e-01     3.943093717098236e-01
    2.899130105972290e+00     4.329891800880432e-01     8.127096891403198e-01    -3.899019956588745e-01
    1.044821858406067e+00    -8.484312891960144e-01     4.258430600166321e-01     3.143600225448608e-01
    1.472867012023926e+00    -4.109859168529510e-01    -3.804122805595398e-01    -8.284786939620972e-01
    9.317182302474976e-01    -4.562076926231384e-01     8.524469137191772e-01     2.553602457046509e-01
    1.972668051719666e+00    -1.490175575017929e-01    -9.230921864509583e-01     3.545340895652771e-01
    2.060692548751831e+00    -6.578462719917297e-01    -7.367482781410217e-01    -1.563346087932587e-01
    9.562429189682007e-01    -6.810575127601624e-01    -3.053108751773834e-01     6.655419468879700e-01
    1.937485814094543e+00     8.195325732231140e-01    -4.806210100650787e-01     3.120416104793549e-01
    2.774875879287720e+00    -9.521467685699463e-01    -1.471507996320724e-01    -2.678863406181335e-01
    1.550244569778442e+00     1.442925166338682e-02     1.614858955144882e-01     9.867694973945618e-01
    2.024595737457275e+00    -1.275051832199097e-01     1.363792270421982e-01    -9.824169278144836e-01
    2.726764202117920e+00    -2.567548155784607e-01     8.194447159767151e-01     5.124327540397644e-01
    1.529452919960022e+00     1.668685674667358e-01     1.978173851966858e-01    -9.659312963485718e-01
    2.036957979202271e+00    -9.249593317508698e-02     1.192437633872032e-01     9.885471463203430e-01
    2.057637929916382e+00    -1.046584472060204e-01    -9.466680884361267e-01     3.047397732734680e-01
    2.259668350219727e+00    -9.996651858091354e-02     9.089591503143311e-01    -4.047220051288605e-01
    1.084395051002502e+00    -7.139086127281189e-01     6.561144590377808e-01    -2.446397840976715e-01
    2.181548357009888e+00    -6.930009722709656e-01    -6.751722190529108e-03    -7.209048867225647e-01
    1.399415612220764e+00     4.684369862079620e-01     2.774604558944702e-01    -8.387982249259949e-01
    8.653097748756409e-01     8.023113608360291e-01     3.460603058338165e-01     4.863525927066803e-01
    1.233650445938110e+00    -8.577799201011658e-01    -2.858521640300751e-01    -4.272027015686035e-01
    1.248069524765015e+00    -2.003214657306671e-01    -9.777001142501831e-01    -6.303751468658447e-02
    2.510170698165894e+00     5.136045217514038e-01    -1.108031868934631e-01    -8.508426547050476e-01
    1.490149140357971e+00     8.618109822273254e-01    -2.525258660316467e-01     4.399005174636841e-01
    1.719333410263062e+00     1.740004420280457e-01    -8.215933442115784e-01     5.428702831268311e-01
    2.552962779998779e+00    -5.623453855514526e-01    -2.316156327724457e-01     7.938022017478943e-01
    1.198496222496033e+00     6.787049174308777e-01     6.270175576210022e-01    -3.823722302913666e-01
    2.882894754409790e+00     4.986555576324463e-01    -5.970604419708252e-01    -6.283800601959229e-01
    5.090996623039246e-01    -2.149411588907242e-01    -9.592644572257996e-01     1.833358556032181e-01
    1.795791745185852e+00     5.598860383033752e-01    -2.542164921760559e-01     7.886074781417847e-01
    1.019590139389038e+00     8.657527565956116e-01     4.842129349708557e-01    -1.265304535627365e-01
    6.651120781898499e-01     1.652269959449768e-01     1.469533592462540e-01    -9.752460122108459e-01
    5.297756195068359e-01     3.599782586097717e-01     1.725369542837143e-01     9.168678522109985e-01
    1.668667912483215e+00    -1.374843269586563e-01    -8.086525648832321e-02    -9.871975183486938e-01
    2.508509635925293e+00     4.319251179695129e-01     8.965609669685364e-01    -9.807716310024261e-02
    1.510637760162354e+00     9.316876530647278e-01     9.492190927267075e-02     3.506390154361725e-01
    1.606664657592773e+00    -4.953472614288330e-01    -8.593642115592957e-01    -1.269814074039459e-01
    1.370716929435730e+00    -5.503968596458435e-01     4.540325105190277e-01    -7.006552815437317e-01
    1.351244688034058e+00    -8.973068594932556e-01    -2.964811958372593e-02     4.404104650020599e-01
    2.654338598251343e+00    -4.280326366424561e-01     6.506685614585876e-01    -6.272307634353638e-01
    8.925475478172302e-01     1.250293403863907e-01     9.520911574363708e-01    -2.790876924991608e-01
    2.646159887313843e+00     6.283386945724487e-01    -3.728424906730652e-01    -6.827729344367981e-01
    1.446816444396973e+00     8.601175993680954e-02    -9.166370034217834e-01     3.903569877147675e-01
    2.081652641296387e+00    -4.368743896484375e-01     7.873838543891907e-01    -4.349337518215179e-01
    1.033601284027100e+00     6.299960017204285e-01     8.784615248441696e-02     7.716140747070312e-01
    8.258408308029175e-01     9.072575569152832e-01     2.989856004714966e-01     2.957893311977386e-01
    7.817356586456299e-01     1.059373840689659e-01    -9.519505500793457e-01     2.873454093933105e-01
    1.293076515197754e+00     7.039753794670105e-01     7.085153460502625e-01    -4.923957586288452e-02
    1.774140954017639e+00     1.927743405103683e-01    -8.560706675052643e-02     9.775016903877258e-01
    2.216535091400146e+00    -9.942398965358734e-02     2.491988986730576e-02    -9.947330355644226e-01
    2.080992460250854e+00     6.212757229804993e-01     7.665480375289917e-01     1.625443249940872e-01
    1.374638199806213e+00     2.282881587743759e-01     1.639184653759003e-01     9.596953392028809e-01
    1.944209218025208e+00    -7.120074629783630e-01    -8.518867194652557e-02     6.969850659370422e-01
    2.966070652008057e+00    -4.582567214965820e-01    -8.885307312011719e-01    -2.267009392380714e-02
    2.296299219131470e+00     2.601981759071350e-01    -5.598450899124146e-01     7.866833209991455e-01
    2.831504106521606e+00    -2.362796068191528e-01     2.781922817230225e-01    -9.310107827186584e-01
    8.958203792572021e-01     5.604380369186401e-01    -2.562254369258881e-01     7.875643372535706e-01
    2.430233955383301e+00     8.076389431953430e-01     3.904107809066772e-01    -4.419261813163757e-01
    2.779531478881836e+00    -6.887126564979553e-01    -7.070034146308899e-01    -1.606887876987457e-01
    1.989006400108337e+00    -1.541120111942291e-01     8.225235342979431e-01    -5.474528074264526e-01
    2.581809759140015e+00     7.837345600128174e-01     9.711769968271255e-02     6.134560108184814e-01
    2.098182916641235e+00     8.828320503234863e-01     4.435366094112396e-01     1.545415818691254e-01
    2.222449302673340e+00    -1.983551532030106e-01     6.626864671707153e-01    -7.221508026123047e-01
    2.182867765426636e+00     9.589084982872009e-01    -2.837150692939758e-01    -6.591248675249517e-04
    2.918839216232300e+00    -5.148143172264099e-01     5.679368972778320e-01     6.421946287155151e-01
    1.977608680725098e+00    -4.503829777240753e-01    -8.591237068176270e-01    -2.430259734392166e-01
    1.795226454734802e+00    -2.977400273084641e-02     7.077206373214722e-01     7.058646678924561e-01
    5.902863144874573e-01     3.506231307983398e-01    -9.247433543205261e-01     1.480320245027542e-01
    1.925392746925354e+00    -6.436597108840942e-01    -1.035236380994320e-02     7.652419209480286e-01
    2.277240991592407e+00     5.817206110805273e-03     7.861543893814087e-01     6.180027723312378e-01
    1.903965115547180e+00    -4.325077533721924e-01     4.211173653602600e-01    -7.972435355186462e-01
    5.004636049270630e-01    -5.448555350303650e-01    -6.663620471954346e-01    -5.090129375457764e-01
    2.370919704437256e+00     6.180242300033569e-01     1.287361234426498e-01    -7.755469679832458e-01
    1.675266146659851e+00    -4.895889461040497e-01     1.032918766140938e-01     8.658137321472168e-01
    1.396807074546814e+00     9.632959365844727e-01     1.290802657604218e-01     2.353704720735550e-01
    1.652186274528503e+00     8.795077204704285e-01    -2.208419144153595e-01     4.215390384197235e-01
    1.662361621856689e+00    -2.421646118164062e-01    -9.702211022377014e-01     5.243149586021900e-03
    8.169389963150024e-01    -8.622019290924072e-01     2.142691751942039e-03     5.065602660179138e-01
    2.630189180374146e+00     2.343631833791733e-01    -6.406265497207642e-01     7.312123775482178e-01
    2.248244285583496e+00     6.697297096252441e-01     7.361543178558350e-01     9.766794741153717e-02
    2.825277566909790e+00     2.561935782432556e-01    -8.401662111282349e-01     4.780016839504242e-01
    2.353288173675537e+00    -4.032336771488190e-01     2.163565456867218e-01     8.891527056694031e-01
    1.460709452629089e+00     4.175437986850739e-02    -9.597881436347961e-01    -2.776029407978058e-01
    1.433622598648071e+00     5.833266377449036e-01    -5.510579347610474e-01    -5.967118144035339e-01
    2.680918931961060e+00     1.765732765197754e-01    -3.878944814205170e-01    -9.046323299407959e-01
    8.666887283325195e-01     4.658156037330627e-01    -5.071327686309814e-01    -7.251429557800293e-01
    1.769367575645447e+00     9.083291292190552e-01     4.115380942821503e-01    -7.466306537389755e-02
    1.963864088058472e+00    -5.981639400124550e-02    -5.135256052017212e-01    -8.559868931770325e-01
    1.941878318786621e+00    -4.510414302349091e-01     7.531949877738953e-01     4.788100123405457e-01
    1.037705779075623e+00     7.761402130126953e-01     3.629927933216095e-01     5.155993103981018e-01
    1.611485242843628e+00     3.300761878490448e-01     2.318017184734344e-01     9.150507450103760e-01
    1.721455574035645e+00    -3.108640313148499e-01     8.392326831817627e-01     4.461528062820435e-01
    7.540200352668762e-01     4.779548048973083e-01    -5.354540050029755e-02    -8.767508864402771e-01
    1.423236966133118e+00    -6.955181360244751e-01     2.342486381530762e-02    -7.181265950202942e-01
    2.247194051742554e+00    -1.922596246004105e-01    -1.639284640550613e-01     9.675555825233459e-01
    1.037191271781921e+00    -7.354245185852051e-01     3.445508778095245e-01     5.834684967994690e-01
    1.096258282661438e+00     1.883486062288284e-01     5.364368557929993e-01     8.226544260978699e-01
    1.538017511367798e+00    -3.189112842082977e-01    -7.178590893745422e-01    -6.188489198684692e-01
    1.684300422668457e+00     6.402964890003204e-02    -6.680521368980408e-01    -7.413544654846191e-01
    1.154139518737793e+00     6.290655136108398e-01     2.163916379213333e-01     7.466266751289368e-01
    1.681738853454590e+00    -3.398025333881378e-01    -4.340342879295349e-01    -8.343551754951477e-01
    7.804850339889526e-01     3.463006913661957e-01     2.897820770740509e-01     8.922456502914429e-01
    2.225579738616943e+00     1.975827068090439e-01     8.042932748794556e-01     5.604225993156433e-01
    7.845948338508606e-01     1.212380230426788e-01     9.919972419738770e-01     3.525380790233612e-02
    1.944469332695007e+00     4.252479076385498e-01     2.387516386806965e-02     9.047619700431824e-01
    7.862370014190674e-01    -3.356337249279022e-01     9.345439076423645e-01     1.182279288768768e-01
    2.486433267593384e+00    -6.267699599266052e-01    -5.586324930191040e-01    -5.432210564613342e-01
    2.828208923339844e+00     6.507276892662048e-01    -5.155704021453857e-01    -5.574412345886230e-01
    1.190464377403259e+00     6.064738631248474e-01    -7.186266183853149e-01     3.402426242828369e-01
    3.705631494522095e-01    -1.078276056796312e-02    -9.878777265548706e-01    -1.548596024513245e-01
    6.153556108474731e-01     3.975684046745300e-01     5.832194089889526e-01    -7.083745598793030e-01
    2.522644996643066e+00    -7.127397507429123e-02    -8.891083002090454e-01    -4.521133601665497e-01
    2.301675796508789e+00    -3.141580224037170e-01    -6.865593791007996e-01     6.556987762451172e-01
    1.404317140579224e+00    -4.686404764652252e-01    -2.648886740207672e-01    -8.427397012710571e-01
    1.927264690399170e+00    -1.707290560007095e-01    -3.696400821208954e-01    -9.133552312850952e-01
    1.667705059051514e+00    -3.339726626873016e-01    -7.023564577102661e-01     6.286157369613647e-01
    6.162423491477966e-01     5.492939949035645e-01    -8.138523697853088e-01     1.895269304513931e-01
    2.141240358352661e+00    -5.638025328516960e-02    -5.877600312232971e-01    -8.070684671401978e-01
    2.697061538696289e+00    -1.927129179239273e-01     5.583034753799438e-01    -8.069441318511963e-01
    1.411071062088013e+00    -1.941893398761749e-01     7.547065615653992e-01    -6.266646385192871e-01
    1.677646994590759e+00     4.820501208305359e-01    -4.783090054988861e-01     7.340628504753113e-01
    2.140384197235107e+00    -2.089968025684357e-01    -2.629722058773041e-01     9.418948888778687e-01
    8.348143100738525e-01     5.172536894679070e-02     5.106055140495300e-01     8.582578897476196e-01
    2.331840038299561e+00    -2.964614927768707e-01    -1.829849779605865e-01     9.373511075973511e-01
    2.441958189010620e+00    -7.716593742370605e-01     6.360061168670654e-01     6.160420831292868e-03
    1.898086547851562e+00    -7.985509000718594e-03     9.412745833396912e-01     3.375476300716400e-01
    1.701637268066406e+00     5.643836259841919e-01     8.806810528039932e-02     8.208014965057373e-01
    5.669733285903931e-01    -6.865649223327637e-01     2.128614783287048e-01     6.952110528945923e-01
    2.228279829025269e+00    -8.572456240653992e-01     4.897801578044891e-01    -1.588875055313110e-01
    2.709140300750732e+00    -3.064612746238708e-01     6.863556504249573e-01    -6.595433354377747e-01
    2.366828680038452e+00    -4.657621085643768e-01    -7.599996924400330e-01     4.532840549945831e-01
    6.210308074951172e-01    -2.275497466325760e-01     4.417266845703125e-01     8.678125739097595e-01
    2.258185863494873e+00     5.120909810066223e-01    -6.257295608520508e-01    -5.884090662002563e-01
    1.993698358535767e+00     2.732771933078766e-01     6.702467203140259e-01    -6.899919509887695e-01
    5.261190533638000e-01     2.132230550050735e-01    -9.481673836708069e-01    -2.356151640415192e-01
    1.625080227851868e+00    -5.359392166137695e-01     8.130849003791809e-01     2.272936999797821e-01
    1.844437003135681e+00    -2.265347838401794e-01    -9.666250348091125e-01    -1.196570396423340e-01
    1.654877901077271e+00     9.256042242050171e-01     3.662060201168060e-01    -9.565588086843491e-02
    1.184942722320557e+00     8.151681721210480e-02     5.184574052691460e-02     9.953225255012512e-01
    4.816369712352753e-01     3.144291341304779e-01    -6.393883824348450e-01    -7.016530036926270e-01
    1.945168256759644e+00    -4.484146833419800e-01     6.633319258689880e-01     5.990951061248779e-01
    2.488400697708130e+00     1.174413114786148e-01     4.679782390594482e-01     8.759018182754517e-01
    1.014482378959656e+00    -4.920957088470459e-01     5.608516335487366e-01     6.657982468605042e-01
    1.086425781250000e+00    -4.699961543083191e-01     8.690313100814819e-01     1.545587331056595e-01
    4.959906041622162e-01     5.262857675552368e-01    -7.123877406120300e-01    -4.642486572265625e-01
    5.423708558082581e-01     3.511697426438332e-02    -9.108355641365051e-01    -4.112729132175446e-01
    2.249828100204468e+00    -8.747694492340088e-01     4.694616496562958e-01    -1.199342533946037e-01
    1.399590492248535e+00    -7.527661323547363e-01    -3.849939703941345e-01     5.339689850807190e-01
    8.444654941558838e-01     9.723668098449707e-01     1.727557033300400e-01    -1.570296287536621e-01
    1.370337486267090e+00    -5.154458060860634e-02     9.782837629318237e-01     2.007590532302856e-01
    2.085280179977417e+00    -7.914517521858215e-01    -5.523412227630615e-01     2.617694735527039e-01
    2.829632997512817e+00     6.889517903327942e-01     6.003469824790955e-01     4.061143398284912e-01
    1.512605667114258e+00     3.976267874240875e-01    -7.161217927932739e-01    -5.736398100852966e-01
    6.585941910743713e-01    -1.023814082145691e-01     9.547879695892334e-01     2.791022658348083e-01
    1.764650344848633e+00     9.946735501289368e-01     5.694512277841568e-02     8.591800183057785e-02
    2.107915639877319e+00     4.502111971378326e-01    -5.710674449801445e-02    -8.910940885543823e-01
    1.343903422355652e+00     9.639672636985779e-01    -2.515394687652588e-01     8.657285571098328e-02
    2.755280971527100e+00    -6.256870627403259e-01    -7.775344252586365e-01    -6.289633363485336e-02
    1.640508294105530e+00    -5.898076891899109e-01     4.593530297279358e-01     6.641699075698853e-01
    2.516595602035522e+00     2.946886718273163e-01    -4.455144107341766e-01    -8.453848361968994e-01
    1.212108016014099e+00    -4.153859615325928e-01    -3.743136525154114e-01    -8.290620446205139e-01
    1.009489297866821e+00     1.908900886774063e-01    -2.923253774642944e-01     9.370735287666321e-01
    1.432494640350342e+00    -7.753252983093262e-01    -5.037645101547241e-01    -3.809095919132233e-01
    2.263410329818726e+00     8.077462315559387e-01     4.111889600753784e-01    -4.224565625190735e-01
    2.782168865203857e+00    -2.351278364658356e-01    -9.675094485282898e-01    -9.295383095741272e-02
    1.064123868942261e+00     9.286446571350098e-01    -3.044959604740143e-01     2.118994742631912e-01
    1.516615152359009e+00    -7.925291061401367e-01    -4.581708610057831e-01     4.024637937545776e-01
    1.758025646209717e+00     7.812111377716064e-01     3.388733863830566e-01     5.242841839790344e-01
    1.648972034454346e+00     7.988936901092529e-01    -2.192041836678982e-02    -6.010726690292358e-01
    1.124969482421875e+00    -7.771320343017578e-01    -3.269643187522888e-01    -5.377361774444580e-01
    2.307532787322998e+00     4.620665013790131e-01    -7.754808068275452e-01    -4.302606880664825e-01
    1.335761904716492e+00     6.167586445808411e-01     5.034532863646746e-03     7.871362566947937e-01
    1.473417282104492e+00     3.056520819664001e-01     7.655464410781860e-01    -5.661408305168152e-01
    1.833325743675232e+00    -4.067190289497375e-01    -9.080565571784973e-01     1.000641882419586e-01
    8.840607404708862e-01     4.016877710819244e-01     5.068246126174927e-01     7.627422213554382e-01
    2.395472764968872e+00    -3.575213253498077e-01    -1.593986302614212e-01     9.202013611793518e-01
    8.465381860733032e-01     4.961733222007751e-01     3.805650174617767e-01    -7.803730964660645e-01
    1.950072288513184e+00    -3.478794991970062e-01    -7.284721732139587e-02     9.347049593925476e-01
    9.855015873908997e-01     6.959251165390015e-01    -5.497716069221497e-01    -4.619950056076050e-01
    1.926086068153381e+00    -9.301512837409973e-01    -3.666628301143646e-01     1.941385865211487e-02
    1.245404124259949e+00    -9.816169738769531e-01    -1.597887128591537e-01    -1.043826490640640e-01
    1.773016691207886e+00    -1.295116245746613e-01     6.500421762466431e-01    -7.487802505493164e-01
    6.570152044296265e-01    -3.143234848976135e-01     3.771503688767552e-03    -9.493083953857422e-01
    1.436379075050354e+00    -5.883000493049622e-01     7.951452732086182e-01    -1.471292525529861e-01
    2.595336675643921e+00    -6.107307672500610e-01     6.878361701965332e-01     3.922871947288513e-01
    1.572979807853699e+00    -4.223694801330566e-01     8.073348999023438e-01    -4.120855033397675e-01
    2.361912965774536e+00    -7.798350453376770e-01    -5.074317455291748e-01     3.665657937526703e-01
    6.665934324264526e-01     6.625862717628479e-01     6.877142190933228e-01     2.966960370540619e-01
    1.010430932044983e+00     6.956055760383606e-01     9.575632959604263e-02    -7.120136618614197e-01
    2.390625476837158e+00    -9.103683829307556e-01    -4.051160216331482e-01     8.432430028915405e-02
    9.810003042221069e-01     5.833508968353271e-01    -5.859760567545891e-02    -8.101037740707397e-01
    1.535374999046326e+00    -5.592529773712158e-01    -8.169965744018555e-01     1.405449211597443e-01
    2.042006731033325e+00    -2.039127945899963e-01     6.211001873016357e-01     7.567391991615295e-01
    2.164399147033691e+00    -6.173786520957947e-01    -7.813622355461121e-01    -9.119517356157303e-02
    7.551118731498718e-01     4.801711738109589e-01     5.974286794662476e-01     6.422730684280396e-01
    1.517005562782288e+00    -6.819266825914383e-02     5.683431625366211e-01     8.199608922004700e-01
    1.860379576683044e+00    -8.557991981506348e-01    -3.360531330108643e-01    -3.932884037494659e-01
    7.474541664123535e-01    -5.204165577888489e-01     8.464081883430481e-01    -1.129600629210472e-01
    2.014608621597290e+00     6.913768649101257e-01     1.554659157991409e-01     7.055695056915283e-01
    2.693336725234985e+00    -9.702448844909668e-01    -1.291197538375854e-01     2.048245072364807e-01
    2.893689870834351e+00     9.502928256988525e-01     1.160074770450592e-01    -2.889394462108612e-01
    1.510877847671509e+00    -2.419147342443466e-01    -2.931388914585114e-01     9.249576926231384e-01
    8.772853612899780e-01     6.099929809570312e-01     4.614675343036652e-01     6.441711187362671e-01
    2.649341344833374e+00     7.540094256401062e-01     3.206974565982819e-01     5.732564330101013e-01
    7.466456890106201e-01    -2.558079361915588e-01    -2.161860174965113e-04     9.667275547981262e-01
    1.291953206062317e+00    -3.633261322975159e-01    -8.617090582847595e-01     3.541916906833649e-01
    2.514166593551636e+00     1.821649819612503e-01    -9.608247280120850e-01     2.088817358016968e-01
    1.219594240188599e+00     6.517025232315063e-01     5.274993181228638e-01    -5.450031161308289e-01
    1.733149290084839e+00     4.336462318897247e-01     7.918963432312012e-01     4.299430847167969e-01
    6.062092185020447e-01     2.359800189733505e-01     4.801883101463318e-01    -8.448269367218018e-01
    2.742412328720093e+00     6.804087162017822e-01    -4.927400946617126e-01     5.424491763114929e-01
    8.962304592132568e-01     1.119371503591537e-01    -6.669883131980896e-01    -7.366115450859070e-01
    8.616878986358643e-01    -8.006942868232727e-01    -3.667948842048645e-01    -4.736563563346863e-01
    1.210008144378662e+00     5.773606300354004e-01    -2.470937222242355e-01     7.782025337219238e-01
    7.435593605041504e-01     4.156121313571930e-01     6.177660822868347e-01     6.675565838813782e-01
    1.580263733863831e+00     6.741307377815247e-01     7.282978892326355e-01    -1.230033338069916e-01
    2.611542463302612e+00     1.094717308878899e-01    -8.853902220726013e-01     4.517743289470673e-01
    1.612010121345520e+00    -5.033612251281738e-01    -1.625734567642212e-01     8.486443758010864e-01
    6.711556911468506e-01    -7.752761244773865e-01     6.266835927963257e-01     7.883292436599731e-02
    2.610057353973389e+00     6.068792194128036e-03    -8.928843736648560e-01    -4.502452909946442e-01
    7.434919476509094e-01     8.870791196823120e-01     1.757857203483582e-01     4.268373250961304e-01
    1.398672223091125e+00    -3.962280750274658e-01     8.804311156272888e-01     2.604694366455078e-01
    1.565790772438049e+00     2.258471846580505e-01    -1.728622987866402e-02    -9.740093350410461e-01
    2.257394790649414e+00     6.550987362861633e-01    -7.007968425750732e-01     2.823641896247864e-01
    5.639662146568298e-01    -3.768722116947174e-01    -9.043591618537903e-01    -2.002546787261963e-01
    2.654848098754883e+00     2.118322104215622e-01    -4.027340114116669e-01    -8.904675841331482e-01
    2.214660644531250e+00     4.555424451828003e-01    -8.450109511613846e-02     8.861944079399109e-01
    4.537127017974854e-01    -2.526885271072388e-01     4.691628515720367e-01     8.461882472038269e-01
    1.080492615699768e+00    -6.647481918334961e-01     4.359881281852722e-01     6.066499948501587e-01
    3.561441600322723e-01    -3.235459923744202e-01    -5.549216866493225e-01    -7.664073109626770e-01
    1.880173683166504e+00     9.498236179351807e-01    -3.119942545890808e-01    -2.224205061793327e-02
    2.514178276062012e+00    -1.593334376811981e-01     5.956695079803467e-01     7.872678041458130e-01
    1.846956968307495e+00     7.615648508071899e-01     5.800795555114746e-01     2.890100479125977e-01
    1.178658723831177e+00     2.499739825725555e-01    -7.859370112419128e-01     5.655228495597839e-01
    5.908042788505554e-01     1.410593539476395e-01     1.657044887542725e-01     9.760350584983826e-01
    1.475482940673828e+00    -1.290497928857803e-01    -9.406778216362000e-01    -3.138015866279602e-01
    1.871716976165771e+00     5.436486005783081e-01     7.414378523826599e-01    -3.933398723602295e-01
    1.306491732597351e+00     3.563396334648132e-01     9.130855202674866e-01     1.982345581054688e-01
    2.157092332839966e+00    -9.000341296195984e-01     3.372131586074829e-01    -2.760900855064392e-01
    1.859832167625427e+00    -6.649676561355591e-01    -7.465772032737732e-01     2.098688296973705e-02
    1.213404059410095e+00     3.443126380443573e-01    -2.973093390464783e-01    -8.905369043350220e-01
    1.217709898948669e+00    -9.667717218399048e-01    -2.402093447744846e-02     2.545101940631866e-01
    2.603636264801025e+00     6.577383279800415e-01    -5.689634680747986e-01    -4.936201274394989e-01
    1.328122377395630e+00    -5.905598402023315e-01     7.943533658981323e-01    -1.422736495733261e-01
    2.232213258743286e+00    -7.174605727195740e-01    -3.606367111206055e-01    -5.959794521331787e-01
    2.638233900070190e+00    -7.569240331649780e-01     9.361441433429718e-02    -6.467630267143250e-01
    2.770590782165527e+00    -2.413216084241867e-01     3.542752861976624e-01    -9.034669995307922e-01
    2.956248283386230e+00     9.115241169929504e-01     2.450483618304133e-03     4.112393260002136e-01
    8.206095099449158e-01    -9.203804731369019e-01    -3.491111695766449e-01    -1.761283874511719e-01
    1.791207432746887e+00    -6.634640693664551e-01     5.435763001441956e-01     5.141402482986450e-01
    2.770180940628052e+00    -6.164413094520569e-01    -7.008177638053894e-01     3.589632213115692e-01
    1.464514374732971e+00    -5.614308714866638e-01    -8.159148097038269e-01     1.381246894598007e-01
    2.608674287796021e+00     4.448496997356415e-01    -5.019498467445374e-01    -7.417244911193848e-01
    1.534803032875061e+00     5.184907913208008e-01    -5.428220629692078e-01     6.606901884078979e-01
    9.749208688735962e-01    -6.099620461463928e-01     1.248689889907837e-01     7.825304865837097e-01
    2.065192461013794e+00    -5.192766785621643e-01    -6.769413948059082e-01     5.216341018676758e-01
    1.336349368095398e+00     4.541819095611572e-01     5.759049654006958e-01     6.797441840171814e-01
    1.220288515090942e+00    -5.632993578910828e-01    -5.399113297462463e-01     6.254514455795288e-01
    2.033925056457520e+00    -9.054763317108154e-01    -4.011171460151672e-01     1.386282145977020e-01
    2.680635690689087e+00     5.975779891014099e-01    -2.176446914672852e-01     7.717068195343018e-01
    2.268151998519897e+00     1.065701991319656e-01    -9.664186835289001e-01     2.338326424360275e-01
    2.248192787170410e+00    -1.564261168241501e-01    -6.950336694717407e-01    -7.017542719841003e-01
    2.363113164901733e+00     5.005239248275757e-01    -7.908274531364441e-01     3.522324562072754e-01
    1.942015171051025e+00     9.331891536712646e-01     3.586124181747437e-01    -2.356097474694252e-02
    2.306486368179321e+00     2.326756268739700e-01    -3.472313582897186e-01    -9.084561467170715e-01
    2.129052877426147e+00    -2.280516177415848e-01     5.604670643806458e-01     7.961589097976685e-01
    2.091395616531372e+00     6.395023465156555e-01     6.509076356887817e-01    -4.090918302536011e-01
    2.801640987396240e+00    -9.612546563148499e-01    -2.756621539592743e-01    -1.761460734996945e-04
    2.445906877517700e+00     7.597973942756653e-01     5.323398709297180e-01    -3.732588887214661e-01
    2.210052490234375e+00     8.132446408271790e-01    -1.122059151530266e-01    -5.710017681121826e-01
    1.125085115432739e+00     2.610381543636322e-01     7.275943756103516e-01    -6.344016790390015e-01
    8.710827231407166e-01     6.124535799026489e-01     6.871548295021057e-01     3.907929360866547e-01
    2.111333131790161e+00    -4.224345684051514e-01     1.986360102891922e-01    -8.843600153923035e-01
    7.923585176467896e-01     7.907361984252930e-01    -5.680401921272278e-01    -2.281812578439713e-01
    6.821413636207581e-01    -4.929029643535614e-01     2.187587916851044e-01     8.421349525451660e-01
    5.539335012435913e-01     1.482581645250320e-01     9.166403412818909e-01    -3.712009191513062e-01
    2.815873384475708e+00     1.750466600060463e-02    -9.994642734527588e-01     2.765500545501709e-02
    2.856961488723755e+00    -1.125941425561905e-01    -2.149936407804489e-01    -9.701033234596252e-01
    1.938924908638000e+00    -1.099603176116943e-01    -7.573811411857605e-01     6.436478495597839e-01
    2.122499465942383e+00     8.041148185729980e-01    -4.985638856887817e-01    -3.237801790237427e-01
    8.496958017349243e-01     1.851805895566940e-01    -9.715529084205627e-01     1.476246714591980e-01
    2.528577804565430e+00     7.552325725555420e-01    -2.945129275321960e-01    -5.855644345283508e-01
    2.144224643707275e+00     9.271221756935120e-01     1.019199416041374e-01     3.606342077255249e-01
    2.289597272872925e+00    -5.513083934783936e-01     7.069379091262817e-01     4.430552124977112e-01
    1.488653659820557e+00     5.602844953536987e-01     8.273825049400330e-01    -3.898222744464874e-02
    2.375183105468750e+00     9.124597311019897e-01     1.271237134933472e-01    -3.889175355434418e-01
    2.672924518585205e+00    -7.441312074661255e-01    -3.199695646762848e-01     5.864197015762329e-01
    2.289362668991089e+00     8.447102308273315e-01    -3.557685613632202e-01     3.998666107654572e-01
    9.522205591201782e-01     5.983358621597290e-01    -6.673905253410339e-01    -4.433780014514923e-01
    1.580521345138550e+00     4.043189883232117e-01     1.888517737388611e-01     8.949084281921387e-01
    2.486144065856934e+00     1.301851123571396e-01     2.298599928617477e-01     9.644771814346313e-01
    9.686331748962402e-01     4.852344691753387e-01    -3.928286731243134e-01     7.811740636825562e-01
    5.461944937705994e-01    -1.785037219524384e-01     1.327962577342987e-01     9.749367833137512e-01
    2.449254989624023e+00    -8.841262459754944e-01    -4.637867212295532e-01    -5.676835775375366e-02
    1.322143197059631e+00     4.903877079486847e-01     3.565931916236877e-01     7.952114939689636e-01
    2.584530830383301e+00     3.888102769851685e-01    -9.173611998558044e-01     8.529432117938995e-02
    2.013540983200073e+00    -3.315507173538208e-01     4.267970323562622e-01    -8.413789272308350e-01
    2.905676126480103e+00    -4.441281408071518e-02     9.590671658515930e-01     2.796740233898163e-01
    4.927574694156647e-01    -2.813934087753296e-01    -1.744386553764343e-01    -9.436042308807373e-01
    2.118451356887817e+00     8.203479647636414e-01     3.075884468853474e-02     5.710369944572449e-01
    6.619734168052673e-01     9.197472333908081e-01     2.339886426925659e-01     3.151417970657349e-01
    3.843379318714142e-01     2.106887660920620e-02    -4.483948945999146e-01    -8.935872912406921e-01
    1.010250091552734e+00     7.460064888000488e-01    -8.155586570501328e-02    -6.609258651733398e-01
    2.639861345291138e+00     3.248670399188995e-01    -8.831240534782410e-01    -3.384572863578796e-01
    2.252855300903320e+00     8.126894831657410e-01    -3.672027587890625e-01    -4.524357318878174e-01
    1.316219329833984e+00     8.684028983116150e-01     9.219819679856300e-03     4.957736730575562e-01
    2.280767440795898e+00     7.887213826179504e-01    -5.196074247360229e-01     3.285221457481384e-01
    2.848104000091553e+00     5.677367448806763e-01     2.771510481834412e-01    -7.751531004905701e-01
    3.313792347908020e-01     3.089862465858459e-01    -4.323192238807678e-01     8.471290469169617e-01
    1.283091068267822e+00    -8.412289619445801e-01     2.160803675651550e-01    -4.956238865852356e-01
    4.815458655357361e-01     4.047479331493378e-01    -8.862975835800171e-01     2.250679582357407e-01
    1.992235064506531e+00     7.276005744934082e-01     6.247596144676208e-01    -2.833247780799866e-01
    2.425512790679932e+00    -1.421683654189110e-02     9.994732141494751e-01     2.917445451021194e-02
    1.418110728263855e+00    -9.216120839118958e-01    -5.375441536307335e-02    -3.843719959259033e-01
    2.510601282119751e+00     8.488004803657532e-01    -1.915604025125504e-01    -4.927903711795807e-01
    4.924189150333405e-01     3.703155517578125e-01    -4.919984638690948e-01    -7.879109978675842e-01
    1.545429348945618e+00    -4.680031239986420e-01    -8.809874653816223e-01    -6.953009963035583e-02
    6.092975735664368e-01     3.160306513309479e-01    -8.130410909652710e-01    -4.889670312404633e-01
    2.051116943359375e+00    -7.518597245216370e-01     5.035375356674194e-01    -4.256255030632019e-01
    2.079043626785278e+00     9.970977306365967e-01     4.115397855639458e-02    -6.404963880777359e-02
    1.664641380310059e+00    -6.465636491775513e-01     5.081187486648560e-01    -5.690086483955383e-01
    2.810781955718994e+00     4.074357748031616e-01     9.037133455276489e-01    -1.315229684114456e-01
    1.622821927070618e+00     9.585613012313843e-01     2.417012602090836e-01     1.507999598979950e-01
    1.781181573867798e+00     1.956317424774170e-01     9.129701852798462e-01     3.580692112445831e-01
    1.946375966072083e+00    -8.624848127365112e-01    -4.912673234939575e-01    -1.215581819415092e-01
    1.397355556488037e+00    -8.966045975685120e-01     2.180347405374050e-02     4.422947466373444e-01
    2.956497430801392e+00    -3.220144212245941e-01     8.067752122879028e-01     4.953992664813995e-01
    9.904381632804871e-01     9.627447724342346e-01     2.350480705499649e-01     1.336977779865265e-01
    1.970917701721191e+00    -1.546837687492371e-01     9.873268604278564e-01     3.547367081046104e-02
    1.432323932647705e+00    -6.332397460937500e-01    -7.648670673370361e-01     1.182601824402809e-01
    2.608919143676758e+00    -9.691261053085327e-01    -1.997959613800049e-01    -1.444857418537140e-01
    2.616926670074463e+00    -5.180914998054504e-01     6.266279220581055e-01    -5.821672677993774e-01
    2.629728555679321e+00    -6.586571931838989e-01     6.868451237678528e-01     3.072691559791565e-01
    1.513774633407593e+00     7.038062810897827e-01    -6.201158165931702e-01     3.465733528137207e-01
    2.944781064987183e+00    -2.154440879821777e-01     4.350369870662689e-01     8.742578625679016e-01
    1.328999638557434e+00     1.730327680706978e-02    -2.369045764207840e-01    -9.713789224624634e-01
    1.939062118530273e+00     1.930089145898819e-01     3.812004625797272e-01     9.041204452514648e-01
    1.449281573295593e+00    -8.229031562805176e-01    -5.450261235237122e-01    -1.605518013238907e-01
    2.664147853851318e+00     1.822958290576935e-01     6.324191093444824e-01    -7.528706789016724e-01
    2.895903587341309e+00     8.586943149566650e-01    -6.529262661933899e-02     5.083119869232178e-01
    1.373937964439392e+00     3.477237522602081e-01     8.137639760971069e-01     4.657001495361328e-01
    1.996906280517578e+00    -7.546467185020447e-01    -3.622840642929077e-01    -5.470452904701233e-01
    2.425296545028687e+00     8.706471323966980e-01    -1.933237612247467e-01    -4.523267447948456e-01
    2.460665941238403e+00    -1.830054074525833e-01     8.125441670417786e-01     5.534267425537109e-01
    2.347721338272095e+00     2.962418198585510e-01    -5.866729021072388e-01     7.536948323249817e-01
    2.256261825561523e+00    -5.652670264244080e-01    -8.248789906501770e-01     6.910539697855711e-03
    1.272371649742126e+00    -5.163139104843140e-01     8.517594337463379e-01     8.902616053819656e-02
    2.029262781143188e+00     8.537868261337280e-01    -3.841244280338287e-01     3.514207899570465e-01
    1.597502231597900e+00     8.453970551490784e-01     4.567620158195496e-01     2.768977582454681e-01
    1.169218659400940e+00    -7.724670767784119e-01    -3.605410158634186e-01     5.227856636047363e-01
    2.423660993576050e+00    -8.761140108108521e-01     1.620749086141586e-01    -4.540441334247589e-01
    8.103320002555847e-01    -4.459005296230316e-01    -2.960881888866425e-01    -8.446919918060303e-01
    8.754655718803406e-01    -4.331431686878204e-01     4.768649339675903e-01     7.648443579673767e-01
    2.069345474243164e+00     7.061986327171326e-01     4.039984643459320e-01     5.814369320869446e-01
    9.661641120910645e-01    -3.685378730297089e-01    -9.183055758476257e-01    -1.445506215095520e-01
    1.083826541900635e+00     5.051877498626709e-01    -8.625935912132263e-01    -2.679180540144444e-02
    1.146898031234741e+00     4.003450274467468e-01     8.077350854873657e-01     4.327679276466370e-01
    1.479972481727600e+00     7.310340404510498e-01     2.136484384536743e-01     6.480305790901184e-01
    8.820536136627197e-01    -3.475578427314758e-01    -9.340383410453796e-01     8.231565356254578e-02
    1.705506443977356e+00    -8.065444231033325e-01     3.998193740844727e-01     4.354660511016846e-01
    9.310675859451294e-01     3.269197940826416e-01     5.541594028472900e-01     7.655265331268311e-01
    7.992860674858093e-01    -7.392637133598328e-01    -4.010785818099976e-01    -5.409482121467590e-01
    1.169481158256531e+00    -9.539654254913330e-01     1.183746308088303e-01    -2.755672931671143e-01
    7.316930890083313e-01    -4.833484590053558e-01    -3.128973245620728e-01    -8.175998330116272e-01
    1.315888762474060e+00     7.398709058761597e-01     6.096195578575134e-01    -2.845258116722107e-01
    2.841211795806885e+00     5.256306529045105e-01     7.693365216255188e-01    -3.630894124507904e-01
    2.057729005813599e+00    -9.259632229804993e-01    -1.245128586888313e-01    -3.564952909946442e-01
    1.009663343429565e+00     8.119878768920898e-01    -2.137525230646133e-01    -5.431258678436279e-01
    6.602984666824341e-01    -2.373946905136108e-01    -9.702271223068237e-01    -4.799041524529457e-02
    2.669877767562866e+00     1.312916427850723e-01     9.772013425827026e-01     1.668535917997360e-01
    2.141833066940308e+00     3.430609405040741e-01     4.321089684963226e-01     8.340210914611816e-01
    1.713665604591370e+00    -2.349290102720261e-01     9.496071338653564e-01    -2.074959576129913e-01
    1.739978313446045e+00    -8.102294802665710e-01     5.122045278549194e-01     2.849119603633881e-01
    1.206328272819519e+00    -8.560343384742737e-01    -4.490881264209747e-01    -2.559789121150970e-01
    1.194255471229553e+00    -3.350163698196411e-01    -4.239748120307922e-01    -8.414329290390015e-01
    1.826651573181152e+00     8.810267448425293e-01     1.106490269303322e-01     4.599441587924957e-01
    1.883416295051575e+00    -3.326326236128807e-02    -9.678103327751160e-01     2.494725286960602e-01
    2.960838556289673e+00    -8.515298962593079e-01     5.232118368148804e-01    -3.385623916983604e-02
    6.516653299331665e-01    -4.461815953254700e-01     1.561939269304276e-01     8.812068700790405e-01
    1.273581027984619e+00     6.375220417976379e-01     4.707116186618805e-01     6.099148988723755e-01
    9.626230597496033e-01     5.087863802909851e-01    -4.329922795295715e-01     7.440793514251709e-01
    3.141180276870728e-01    -3.547657132148743e-01    -8.972856998443604e-01    -2.627160549163818e-01
    1.948191404342651e+00    -1.470932960510254e-01     7.675418853759766e-01     6.238933205604553e-01
    8.863321542739868e-01    -8.633755445480347e-01     3.783978223800659e-01    -3.337630331516266e-01
    1.410029888153076e+00     3.323123157024384e-01    -5.917093753814697e-01     7.344715595245361e-01
    1.929660677909851e+00     6.526227593421936e-01    -1.099651306867599e-01     7.496605515480042e-01
    2.761769294738770e+00     2.032842934131622e-01     9.761148691177368e-01     7.665024697780609e-02
    7.693228125572205e-01    -7.500041723251343e-01    -6.432937979698181e-01    -1.538403630256653e-01
    9.371626377105713e-01     9.842409491539001e-01    -1.640869975090027e-01     6.591676920652390e-02
    2.669723510742188e+00     1.434741318225861e-01     6.413494944572449e-01     7.537147402763367e-01
    1.101061463356018e+00     2.626432776451111e-01     9.629903435707092e-01    -6.056677922606468e-02
    5.459945201873779e-01     3.452263772487640e-01     6.761555075645447e-01    -6.508706808090210e-01
    1.933836460113525e+00     5.049502253532410e-01    -5.982905626296997e-01     6.221524477005005e-01
    2.228151559829712e+00     6.338393092155457e-01    -6.368384361267090e-01     4.389584660530090e-01
    2.563776254653931e+00    -9.311550259590149e-01     2.220739275217056e-01    -2.891946732997894e-01
    2.353691101074219e+00     8.828570842742920e-01    -1.857376694679260e-01    -4.313524067401886e-01
    1.632722735404968e+00     5.192360877990723e-01    -6.689203977584839e-01    -5.319206118583679e-01
    1.512719631195068e+00     6.076080799102783e-01     2.564693056046963e-02     7.938228249549866e-01
    2.139279842376709e+00    -1.770354062318802e-01     3.618467748165131e-01    -9.152733683586121e-01
    2.482948064804077e+00     6.084647178649902e-01    -3.978003561496735e-01    -6.866772174835205e-01
    1.211783051490784e+00    -6.748154163360596e-01    -3.730692565441132e-01     6.367444396018982e-01
    2.481823921203613e+00    -5.474494099617004e-01     3.019574582576752e-01    -7.804619073867798e-01
    1.427212715148926e+00    -6.664287298917770e-02     5.457069873809814e-01    -8.353218436241150e-01
    2.085607290267944e+00    -4.943333566188812e-01     6.033767461776733e-01     6.257563233375549e-01
    9.093211293220520e-01     8.660307526588440e-01     3.447377979755402e-01    -3.621417284011841e-01
    1.853126168251038e+00     3.403577208518982e-01     9.341772198677063e-01     1.070958673954010e-01
    6.604202389717102e-01    -4.312584698200226e-01    -2.476585060358047e-01     8.675721883773804e-01
    1.431620240211487e+00     9.152990579605103e-01    -3.056084215641022e-01    -2.623569965362549e-01
    5.508476495742798e-01    -6.863507628440857e-01    -4.367044866085052e-01     5.815598368644714e-01
    2.181429386138916e+00     9.693839550018311e-01     2.194398492574692e-01     1.101853176951408e-01
    2.873901844024658e+00     9.908642172813416e-01     1.327303647994995e-01    -2.389398217201233e-02
    8.149342536926270e-01    -1.442734599113464e-01    -7.964334487915039e-01    -5.872641801834106e-01
    2.881506919860840e+00    -8.372946381568909e-01    -3.285346031188965e-01    -4.370385408401489e-01
    1.412307500839233e+00    -6.008619070053101e-01    -8.475773781538010e-02     7.948465943336487e-01
    1.022834897041321e+00     4.827952384948730e-01     8.749944567680359e-01     3.596239909529686e-02
    5.363089442253113e-01     5.040592551231384e-01    -4.116099476814270e-01    -7.592770457267761e-01
    1.843329191207886e+00     4.631001949310303e-01    -8.800155520439148e-01     1.054080203175545e-01
    1.124537348747253e+00    -7.456929981708527e-02     4.873885512351990e-01    -8.699952960014343e-01
    2.527463674545288e+00    -4.662742838263512e-02    -3.611994385719299e-01    -9.313220977783203e-01
    1.898073911666870e+00    -2.660775184631348e-01     1.472677737474442e-01    -9.526357650756836e-01
    1.931902766227722e+00     2.348066307604313e-02    -9.065443873405457e-01    -4.214569926261902e-01
    8.472642302513123e-01    -4.299417138099670e-01     5.351476073265076e-01     7.271639108657837e-01
    5.780317783355713e-01    -4.190424680709839e-01     1.675694435834885e-01     8.923697471618652e-01
    2.008436441421509e+00    -8.167527318000793e-01     4.971466958522797e-01    -2.928481400012970e-01
    1.768389940261841e+00    -8.591985106468201e-01     4.601714611053467e-01     2.236518710851669e-01
    1.175862312316895e+00     7.558459639549255e-01    -3.167296051979065e-01     5.730438828468323e-01
    2.684743165969849e+00     8.932380080223083e-01     4.353934824466705e-01     1.120638474822044e-01
    1.107692003250122e+00     5.413101315498352e-01     5.955532193183899e-01     5.935481786727905e-01
    1.268414735794067e+00     8.785297274589539e-01     2.024745643138885e-01     4.326540529727936e-01
    2.783795595169067e+00     4.349498152732849e-01     6.242656335234642e-02    -8.982881903648376e-01
    2.361722230911255e+00    -1.530819386243820e-01     7.854408621788025e-01     5.997070670127869e-01
    2.180033922195435e+00     3.593406677246094e-01     4.233286380767822e-01     8.316653370857239e-01
    4.168505966663361e-01     8.765816688537598e-02    -3.204434514045715e-01     9.432030320167542e-01
    2.708892822265625e+00    -3.213909864425659e-01     6.684754043817520e-02    -9.445841312408447e-01
    2.123893499374390e+00    -4.185830950737000e-01     7.986530661582947e-01     4.323673844337463e-01
    2.301878213882446e+00     7.747548222541809e-01     4.186689257621765e-01    -4.737841784954071e-01
    1.373754978179932e+00    -7.112104296684265e-01    -2.022186815738678e-01     6.732660531997681e-01
    2.371250152587891e+00    -1.650795526802540e-02     7.992011308670044e-01    -6.008369922637939e-01
    2.028853654861450e+00    -2.765342034399509e-02    -8.515295982360840e-01     5.235767960548401e-01
    2.268047332763672e+00    -5.411731004714966e-01     8.196212649345398e-01     1.880231797695160e-01
    2.031189918518066e+00    -3.098980188369751e-01     9.507699012756348e-01    -3.801700659096241e-04
    2.536980628967285e+00     1.844471991062164e-01    -1.584016531705856e-01     9.699938297271729e-01
    1.144741177558899e+00    -3.082578182220459e-01     3.599785566329956e-01    -8.805637955665588e-01
    1.576953053474426e+00     7.992609143257141e-01     5.135527253150940e-01     3.121630251407623e-01
    2.629261016845703e+00     9.698500484228134e-02     4.995826184749603e-01    -8.608199954032898e-01
    1.759833455085754e+00     8.158824443817139e-01    -3.285559415817261e-01    -4.758011698722839e-01
    2.022480010986328e+00    -9.642454981803894e-01     1.623615920543671e-01    -2.094502747058868e-01
    1.507847189903259e+00     4.415532350540161e-01     6.330026388168335e-01     6.358761787414551e-01
    2.269801616668701e+00     1.559029612690210e-02     9.984785318374634e-01     5.289252847433090e-02
    1.560039281845093e+00     2.215472310781479e-01    -9.544101953506470e-01     2.000456750392914e-01
    1.630208015441895e+00     6.757538914680481e-01    -1.191076263785362e-01     7.274408936500549e-01
    1.798134446144104e+00     9.304065108299255e-01     3.625456988811493e-01     5.389212444424629e-02
    1.315036773681641e+00    -9.330592155456543e-01    -1.837246119976044e-01    -3.092668652534485e-01
    7.246429324150085e-01    -2.228737808763981e-02    -3.702358603477478e-01     9.286704659461975e-01
    1.953756213188171e+00     3.167580068111420e-01    -5.096173286437988e-01    -7.999714612960815e-01
    1.494913220405579e+00     4.221813678741455e-01    -6.859827637672424e-01     5.926134586334229e-01
    2.524040699005127e+00     3.177285790443420e-01     8.600507676601410e-02    -9.442731142044067e-01
    1.745383977890015e+00     6.693406105041504e-01    -6.450983881950378e-01    -3.685529232025146e-01
    1.976710200309753e+00    -8.330844640731812e-01     2.927298545837402e-01     4.693396091461182e-01
    2.352856874465942e+00    -6.696767807006836e-01     1.124291419982910e-01    -7.340931296348572e-01
    2.292433261871338e+00    -2.289366573095322e-01    -9.589506387710571e-01     1.673366874456406e-01
    2.318115472793579e+00     8.949931859970093e-01     2.498303800821304e-01     3.695563971996307e-01
    1.392025589942932e+00     6.742252707481384e-01    -7.377554178237915e-01    -3.372348099946976e-02
    1.822122454643250e+00    -2.884144484996796e-01    -8.906194940209389e-03     9.574642181396484e-01
    1.727670550346375e+00     5.595637559890747e-01     6.938639879226685e-01    -4.532561600208282e-01
    2.709498405456543e+00     5.831016302108765e-01     7.683858871459961e-01    -2.637718021869659e-01
    8.772292733192444e-01    -3.139975965023041e-01    -9.270977973937988e-01    -2.046834826469421e-01
    1.347460389137268e+00     6.589998602867126e-01     7.498773336410522e-01     5.833670869469643e-02
    1.227626085281372e+00    -1.921711713075638e-01     8.698716163635254e-01    -4.543058276176453e-01
    2.408286809921265e+00    -2.781205177307129e-01     9.327285289764404e-01    -2.294916361570358e-01
    6.671328544616699e-01     7.118188142776489e-01     5.356869101524353e-01    -4.542615711688995e-01
    1.969198584556580e+00    -6.345409154891968e-01     2.931455671787262e-01     7.151389122009277e-01
    1.856751918792725e+00    -1.461143195629120e-01     5.252493619918823e-01     8.383100628852844e-01
    1.057271599769592e+00    -8.907648921012878e-01    -2.318693846464157e-01    -3.908636569976807e-01
    2.343520641326904e+00    -9.612393975257874e-01     2.581652104854584e-01    -9.679704904556274e-02
    1.339874982833862e+00     4.653384983539581e-01     3.314835429191589e-01    -8.207184672355652e-01
    1.409765005111694e+00     8.836610913276672e-01     9.648983180522919e-02     4.580751657485962e-01
    1.174270868301392e+00    -1.819816678762436e-01    -1.443944573402405e-01     9.726423025131226e-01
    1.477906942367554e+00    -5.494613051414490e-01    -6.582717895507812e-01    -5.145584940910339e-01
    2.959488630294800e+00    -1.506344377994537e-01    -1.781829446554184e-01     9.723991751670837e-01
    1.300868034362793e+00    -3.393541574478149e-01     2.228062301874161e-01     9.138907194137573e-01
    1.670839190483093e+00     7.904428057372570e-03    -7.754656076431274e-01     6.313403844833374e-01
    1.847361803054810e+00     1.262284070253372e-01     4.969299733638763e-01     8.585609793663025e-01
    1.379540085792542e+00     7.716152667999268e-01     3.411864163354039e-03    -6.360804438591003e-01
    2.548658847808838e+00    -9.916396141052246e-01     1.231162399053574e-01    -3.864217549562454e-02
    2.759399175643921e+00    -1.711465977132320e-02    -3.140390217304230e-01    -9.492557048797607e-01
    2.905475854873657e+00     3.158774077892303e-01     8.938434720039368e-01    -3.182218372821808e-01
    1.727960348129272e+00    -7.597087621688843e-01     1.719110906124115e-01    -6.271275281906128e-01
    1.458576560020447e+00     7.934400439262390e-01    -1.134001463651657e-01    -5.979911684989929e-01
    7.244344949722290e-01     5.011592507362366e-01    -1.881514489650726e-01    -8.446529507637024e-01
    2.978403329849243e+00    -9.232815504074097e-01     3.459275364875793e-01    -1.669886559247971e-01
    2.987347841262817e+00     7.563441246747971e-02     9.784008264541626e-01     1.923826336860657e-01
    1.221625924110413e+00     4.353485405445099e-01    -7.275022864341736e-01    -5.302943587303162e-01
    1.941364765167236e+00     2.799319922924042e-01     7.840220928192139e-01     5.540283322334290e-01
    3.565751314163208e-01    -4.378271400928497e-01    -8.949304819107056e-01     8.606313914060593e-02
    1.329872965812683e+00     2.207013964653015e-02    -2.638052999973297e-01     9.643235206604004e-01
    2.196645498275757e+00    -8.653671145439148e-01    -4.924154579639435e-01    -9.309488534927368e-02
    1.391900777816772e+00    -9.577074646949768e-01    -2.807167172431946e-01    -6.320209056138992e-02
    2.821682214736938e+00    -6.254123449325562e-01     7.802557349205017e-01    -7.774215657263994e-03
    9.999053478240967e-01    -1.927544623613358e-01     8.653870820999146e-01    -4.625482857227325e-01
    1.009831309318542e+00     5.314669013023376e-01     8.259897828102112e-01    -1.878397017717361e-01
    2.938589811325073e+00    -7.911694645881653e-01    -5.377473831176758e-01     2.913393378257751e-01
    2.678269863128662e+00     5.636637210845947e-01    -8.258914947509766e-01     1.365330256521702e-02
    1.223384737968445e+00    -1.434438228607178e-01     2.420763373374939e-01    -9.595952033996582e-01
    7.267702221870422e-01     6.348286271095276e-01     1.025893092155457e-01    -7.658120393753052e-01
    1.719487309455872e+00     1.749606281518936e-01    -4.668635129928589e-01    -8.668490052223206e-01
    7.291361093521118e-01     3.321202993392944e-01    -7.252734899520874e-01    -6.030544042587280e-01
    2.501970767974854e+00    -9.361115694046021e-01    -3.169973194599152e-01     1.523410975933075e-01
    1.498440027236938e+00     3.542436957359314e-01     6.270003318786621e-01     6.938168406486511e-01
    1.337580680847168e+00     7.030125260353088e-01     1.108184903860092e-01    -7.024903893470764e-01
    5.088114142417908e-01     8.647528886795044e-01     4.748378992080688e-01    -1.634973138570786e-01
    4.715694785118103e-01    -2.301479876041412e-01    -9.678469300270081e-01     1.015101000666618e-01
    1.423779249191284e+00     3.138991892337799e-01     5.362076759338379e-01    -7.835489511489868e-01
    1.074295759201050e+00     7.456438988447189e-02     9.254297614097595e-01     3.715102970600128e-01
    5.956138372421265e-01    -3.138699531555176e-01    -3.381540179252625e-01     8.872076272964478e-01
    2.728626728057861e+00     4.780345261096954e-01    -4.977284371852875e-01    -7.237051725387573e-01
    1.771388411521912e+00     9.274488091468811e-01    -8.063464611768723e-02     3.651528060436249e-01
    1.919932603836060e+00     5.459051728248596e-01    -7.375764846801758e-01    -3.974523544311523e-01
    2.874855518341064e+00    -2.949598729610443e-01     6.757057309150696e-01    -6.755889058113098e-01
    1.922786474227905e+00    -3.813692629337311e-01    -7.728500962257385e-01    -5.072081685066223e-01
    1.132703542709351e+00     7.996436953544617e-01     2.411324977874756e-01     5.499319434165955e-01
    2.701380014419556e+00    -1.133494544774294e-02     8.445283174514771e-01    -5.353912711143494e-01
    1.834841728210449e+00     6.463576555252075e-01    -5.528466701507568e-01     5.259109139442444e-01
    1.357528567314148e+00     1.416725069284439e-01     8.646250963211060e-01    -4.820294082164764e-01
    2.839378118515015e+00    -7.037483453750610e-01    -3.283481597900391e-01     6.300206780433655e-01
    2.777175188064575e+00     3.528398275375366e-01    -7.659571170806885e-01     5.374138355255127e-01
    1.888708710670471e+00     1.235193237662315e-01     8.218476772308350e-01    -5.561558604240417e-01
    1.274328112602234e+00    -6.378534436225891e-01    -2.779387533664703e-01     7.182568907737732e-01
    1.378797650337219e+00     9.360730051994324e-01     3.511314392089844e-01    -2.177178859710693e-02
    8.555929660797119e-01     6.270511746406555e-01     3.687405213713646e-02    -7.781047821044922e-01
    1.962255120277405e+00     3.415500372648239e-02     3.623726665973663e-01     9.314072728157043e-01
    1.755966305732727e+00     3.440758287906647e-01    -2.834611386060715e-02     9.385139346122742e-01
    2.962380170822144e+00    -8.992370367050171e-01    -3.067879676818848e-01    -3.118555545806885e-01
    1.294023036956787e+00    -6.911980509757996e-01    -5.678035020828247e-01    -4.470396041870117e-01
    2.265937566757202e+00     8.183731436729431e-01     5.123353600502014e-01     2.603419423103333e-01
    1.923875570297241e+00     9.413195252418518e-01     3.355546891689301e-01     3.633824735879898e-02
    1.256071209907532e+00    -1.954380720853806e-01     7.247463464736938e-01    -6.607167720794678e-01
    2.085260868072510e+00    -8.730124831199646e-01    -4.676876366138458e-01     1.382660418748856e-01
    2.315632581710815e+00     6.986318528652191e-02     9.824407100677490e-01     1.730009764432907e-01
    1.630638241767883e+00     2.608791291713715e-01     5.073844194412231e-01    -8.212814331054688e-01
    2.736544609069824e+00    -6.460666060447693e-01     3.534339368343353e-01     6.765223741531372e-01
    2.349493026733398e+00    -2.212900072336197e-01    -6.169702410697937e-01    -7.552340626716614e-01
    6.033724546432495e-01    -5.197992175817490e-02     9.985179901123047e-01    -1.612144336104393e-02
    7.452219724655151e-01    -2.578463852405548e-01     7.769613713026047e-02     9.630567431449890e-01
    2.900620460510254e+00     4.137546122074127e-01     7.405920624732971e-01     5.294626355171204e-01
    1.169402241706848e+00    -4.283940196037292e-01     6.723361611366272e-01     6.036908626556396e-01
    1.048006176948547e+00    -6.738448739051819e-01     7.103001475334167e-01    -2.034866660833359e-01
    2.235042810440063e+00     1.286342646926641e-02     7.197940945625305e-01    -6.940684914588928e-01
    7.145436406135559e-01    -7.727237343788147e-01    -2.645728290081024e-01     5.769743919372559e-01
    1.873934030532837e+00    -4.764871895313263e-01     8.158606886863708e-01     3.276144564151764e-01
    5.039537549018860e-01     1.358851641416550e-01    -5.887416005134583e-01     7.968176603317261e-01
    2.409326314926147e+00    -6.728995442390442e-01     3.149534165859222e-01     6.693360209465027e-01
    2.782233476638794e+00     4.820467531681061e-01    -8.736419081687927e-01    -6.618664413690567e-02
    6.178675889968872e-01     7.122374773025513e-01     5.441199541091919e-01    -4.434538781642914e-01
    2.820812463760376e+00     7.373326420783997e-01     2.202172428369522e-01     6.386273503303528e-01
    1.977422118186951e+00     9.500367641448975e-01     2.913801670074463e-01    -1.119282618165016e-01
    1.483186006546021e+00     1.009582448750734e-02    -7.965208888053894e-01    -6.045266985893250e-01
    8.033683300018311e-01    -7.300455570220947e-01    -5.614041686058044e-01    -3.896909058094025e-01
    1.319512605667114e+00     4.257542639970779e-02     7.747436761856079e-01     6.308403015136719e-01
    3.559791743755341e-01    -4.074050486087799e-01    -7.683084011077881e-01    -4.936835169792175e-01
    7.911801934242249e-01     7.190186977386475e-01    -3.753852546215057e-01    -5.848914384841919e-01
    1.660743713378906e+00     8.819286227226257e-01    -3.658141791820526e-01    -2.972907721996307e-01
    2.568496227264404e+00    -9.323915839195251e-01     3.613329231739044e-01    -9.194209240376949e-03
    1.522330641746521e+00    -9.399085640907288e-01    -3.173682689666748e-01    -1.258933693170547e-01
    9.667411446571350e-01     9.468668699264526e-01     3.196221590042114e-01    -3.584566712379456e-02
    2.690783262252808e+00     9.513772726058960e-01    -1.454057246446609e-01    -2.715478837490082e-01
    1.209048986434937e+00    -3.090896606445312e-01    -6.486309170722961e-01     6.955153942108154e-01
    2.515271902084351e+00    -3.350567817687988e-01    -7.347958683967590e-01     5.897559523582458e-01
    2.110451698303223e+00    -3.415269851684570e-01     9.322844743728638e-01     1.191856786608696e-01
    2.645207166671753e+00     2.933590412139893e-01     7.869227975606918e-02     9.527581334114075e-01
    1.190028190612793e+00    -2.601880431175232e-01     9.529192447662354e-01     1.557143777608871e-01
    1.910274863243103e+00     1.417036950588226e-01     9.679889678955078e-01    -2.071651220321655e-01
    1.855917096138000e+00     6.779704689979553e-01    -2.372090667486191e-01    -6.957642436027527e-01
    1.128333568572998e+00    -4.311667755246162e-02    -5.433078855276108e-02     9.975916743278503e-01
    1.650594711303711e+00     8.305414915084839e-01    -4.906762838363647e-01    -2.635105848312378e-01
    1.055555462837219e+00     1.904701888561249e-01    -5.329023599624634e-01     8.244612216949463e-01
    2.697904586791992e+00     3.286462426185608e-01     3.927620649337769e-01     8.589118123054504e-01
    2.209671974182129e+00    -9.548680186271667e-01     2.231281064450741e-02    -2.961915731430054e-01
    1.490009307861328e+00     5.358632802963257e-01     7.777236104011536e-01     3.286283314228058e-01
    2.252179861068726e+00     6.198735237121582e-01     3.267566561698914e-01    -7.134332060813904e-01
    2.356524467468262e+00    -2.560018897056580e-01    -1.826631873846054e-01     9.492614269256592e-01
    9.567322731018066e-01     3.325969576835632e-01     8.979831933975220e-01    -2.881067693233490e-01
    8.664505481719971e-01    -7.673321366310120e-01     6.123057007789612e-01     1.904812604188919e-01
    1.760668396949768e+00    -4.443115741014481e-02     3.637529313564301e-01     9.304352998733521e-01
    3.175696432590485e-01    -6.430689096450806e-01    -7.258555889129639e-01    -2.441229075193405e-01
    1.157401561737061e+00     3.459668755531311e-01    -8.881636261940002e-01     3.024438023567200e-01
    7.247151136398315e-01     3.842413425445557e-01    -1.956041008234024e-01     9.022735953330994e-01
    1.277202010154724e+00    -4.235291853547096e-02    -8.049021363258362e-01    -5.918940901756287e-01
    4.380881488323212e-01     4.868902564048767e-01     8.277981877326965e-01    -2.787261009216309e-01
    1.499966621398926e+00     6.632491350173950e-01    -4.653331637382507e-01    -5.861447453498840e-01
    1.656978011131287e+00    -4.727491140365601e-01    -8.791685104370117e-01     5.975699424743652e-02
    1.050898551940918e+00     7.140341997146606e-01     3.701572120189667e-01     5.942549705505371e-01
    9.595983028411865e-01     9.842341542243958e-01    -1.035082042217255e-01     1.434196531772614e-01
    2.538026809692383e+00     9.124634265899658e-01     1.474705785512924e-01     3.816581070423126e-01
    2.296145915985107e+00     4.896990656852722e-01     2.715122886002064e-02     8.714685440063477e-01
    2.559816122055054e+00    -5.856184661388397e-02    -9.837963581085205e-01    -1.694559603929520e-01
    6.062383651733398e-01     6.530062556266785e-01     7.111230492591858e-01     2.605506777763367e-01
    1.553282499313354e+00    -6.550772190093994e-01     1.353624016046524e-01    -7.433375716209412e-01
    2.372387886047363e+00    -7.168706655502319e-01     6.950243711471558e-01    -5.511409416794777e-02
    2.035135507583618e+00     3.345227837562561e-01     9.245167970657349e-01     1.826564073562622e-01
    2.557161331176758e+00    -4.763119518756866e-01     4.279696941375732e-01     7.680944204330444e-01
    1.314127326011658e+00    -8.942472189664841e-02     1.137349940836430e-02    -9.959287047386169e-01
    1.998765945434570e+00    -7.784709930419922e-01    -4.857469201087952e-01    -3.975335061550140e-01
    1.122365951538086e+00    -5.055841431021690e-02    -9.512010812759399e-01    -3.044016957283020e-01
    1.552613377571106e+00     7.566235661506653e-01     5.980984568595886e-01    -2.641953825950623e-01
    1.178240895271301e+00     8.008647710084915e-02     9.955759048461914e-01    -4.914001002907753e-02
    4.086509943008423e-01     4.113309979438782e-01     9.010781049728394e-01     1.373502910137177e-01
    1.486567139625549e+00    -4.475846886634827e-01    -6.476187705993652e-01     6.166505813598633e-01
    1.210289835929871e+00     8.468436002731323e-01    -4.872598648071289e-01     2.131521701812744e-01
    2.548973083496094e+00    -4.233691692352295e-01     6.712533831596375e-01    -6.084222793579102e-01
    3.658636510372162e-01    -1.000091657042503e-01    -5.084960460662842e-01    -8.552368283271790e-01
    1.667230486869812e+00     5.338061451911926e-01    -4.963152408599854e-01     6.846328973770142e-01
    8.525454401969910e-01     3.950450718402863e-01    -8.936485648155212e-01    -2.129123806953430e-01
    1.442472934722900e+00    -8.765614628791809e-01    -4.797908067703247e-01    -3.795970603823662e-02
    1.094379305839539e+00    -1.728554368019104e-01    -9.171367287635803e-01     3.591390848159790e-01
    7.963382601737976e-01     2.195654809474945e-01     9.268451333045959e-01    -3.045476377010345e-01
    1.916943311691284e+00    -9.264339208602905e-01     8.913990855216980e-02    -3.657517433166504e-01
    1.105932354927063e+00    -6.332501173019409e-01     4.131886065006256e-01    -6.544229388237000e-01
    1.339564681053162e+00    -8.495063185691833e-01     3.955204784870148e-01     3.491456806659698e-01
    1.627207159996033e+00    -9.025747179985046e-01    -3.767591714859009e-01     2.083541303873062e-01
    1.886300563812256e+00     9.653984755277634e-02     9.921618700027466e-01     7.933846861124039e-02
    2.187237977981567e+00     1.134569346904755e-01     8.148366212844849e-01     5.684794187545776e-01
    2.267988920211792e+00     1.092496048659086e-02     5.008872970938683e-02     9.986850023269653e-01
    2.966052532196045e+00     8.157648444175720e-01     5.400048494338989e-01     2.071771323680878e-01
    1.090715527534485e+00     1.717473864555359e-01    -8.816870450973511e-01    -4.394667148590088e-01
    1.587738633155823e+00    -4.569966495037079e-01     8.889324665069580e-01    -3.087203018367290e-02
    2.906777381896973e+00    -5.101656317710876e-01    -7.522690296173096e-01    -4.169198870658875e-01
    1.102828145027161e+00    -3.547210991382599e-01     2.641213536262512e-01    -8.968906402587891e-01
    1.030674099922180e+00     3.918198943138123e-01     2.958005964756012e-01    -8.711941838264465e-01
    1.016005992889404e+00    -8.173673152923584e-01    -5.392970442771912e-01     2.026561200618744e-01
    4.593371152877808e-01     4.971757233142853e-01    -5.031927824020386e-01    -7.068332433700562e-01
    1.051603674888611e+00     1.173777878284454e-01    -4.348075389862061e-01    -8.928409814834595e-01
    2.530068635940552e+00    -9.666303396224976e-01     2.533463537693024e-01    -3.796691820025444e-02
    1.778251171112061e+00    -1.031766459345818e-02     9.987210631370544e-01     4.949604347348213e-02
    1.567794322967529e+00    -3.420073911547661e-02    -9.522307515144348e-01     3.034581542015076e-01
    2.332866668701172e+00     9.701065421104431e-01     1.570584923028946e-01    -1.850022077560425e-01
    1.888577103614807e+00    -6.596074700355530e-01     2.843540012836456e-01    -6.957447528839111e-01
    1.064529895782471e+00    -9.497298002243042e-01    -1.629519313573837e-01     2.673197984695435e-01
    2.601196527481079e+00    -6.073883548378944e-02    -9.880733489990234e-01     1.414986252784729e-01
    2.441625833511353e+00    -8.579161763191223e-01     1.914608627557755e-01     4.767835736274719e-01
    1.607774853706360e+00     5.033595561981201e-01    -6.670088171958923e-01    -5.492979884147644e-01
    2.713518381118774e+00    -1.620046496391296e-01     9.276140332221985e-01    -3.365809619426727e-01
    2.429585933685303e+00    -3.653697669506073e-01     1.343775242567062e-01    -9.211121797561646e-01
    1.848882079124451e+00    -2.655479311943054e-01     9.502725303173065e-02     9.594031572341919e-01
    7.723713517189026e-01     6.436808109283447e-01     7.545443773269653e-01    -1.278192698955536e-01
    2.156709671020508e+00    -3.876998722553253e-01    -8.849701285362244e-01     2.579084336757660e-01
    1.455236911773682e+00     9.373583793640137e-01    -3.428569734096527e-01     6.171085312962532e-02
    2.442326545715332e+00    -2.288562655448914e-01    -9.709585309028625e-01     6.974614411592484e-02
    1.981158852577209e+00    -5.738265067338943e-02    -1.784944236278534e-01    -9.822662472724915e-01
    1.707251310348511e+00    -4.683348238468170e-01    -8.395034670829773e-01     2.754929661750793e-01
    2.625472784042358e+00    -7.711546421051025e-01    -6.336712241172791e-01    -6.149268522858620e-02
    6.139886379241943e-01     4.661602377891541e-01     8.245089054107666e-01     3.207487463951111e-01
    2.072145938873291e+00    -8.594284951686859e-02     9.158114790916443e-01    -3.923050463199615e-01
    4.795075356960297e-01    -2.899702787399292e-01    -3.839830458164215e-01     8.766266107559204e-01
    4.071714878082275e-01     4.955406188964844e-01    -6.877292990684509e-01    -5.305356383323669e-01
    1.629753232002258e+00    -8.424221873283386e-01    -4.051046669483185e-01     3.552674055099487e-01
    1.257824301719666e+00     6.475710272789001e-01    -6.814773380756378e-02     7.589516639709473e-01
    1.240184307098389e+00    -2.454962879419327e-01     1.172956973314285e-01    -9.622750878334045e-01
    2.786522865295410e+00    -8.954528570175171e-01    -3.784716427326202e-01     2.343574166297913e-01
    1.654670476913452e+00    -8.154917359352112e-01    -1.139090657234192e-01    -5.674484968185425e-01
    2.781038284301758e+00    -4.797056317329407e-01     6.078834533691406e-01    -6.327403187751770e-01
    6.488306522369385e-01    -6.165304183959961e-01     7.735382318496704e-01    -1.467267572879791e-01
    2.359803676605225e+00     5.939412117004395e-01    -7.992041707038879e-01    -9.223138540983200e-02
    2.413767099380493e+00    -5.628172159194946e-01     8.030120730400085e-01     1.959810107946396e-01
    2.615070343017578e+00    -2.889066636562347e-01     4.023158252239227e-01    -8.687203526496887e-01
    2.465843915939331e+00     8.149333000183105e-01     5.791059136390686e-01     2.280437946319580e-02
    1.757528543472290e+00     2.800770401954651e-01     9.557844996452332e-01     8.962549269199371e-02
    1.732237339019775e+00    -9.561584591865540e-01     2.666065990924835e-01    -1.211696714162827e-01
    5.502877235412598e-01    -2.022788673639297e-01     7.810670733451843e-01     5.907770991325378e-01
    2.764727354049683e+00     7.734592258930206e-02    -6.938091665506363e-02    -9.945873022079468e-01
    9.523274898529053e-01    -6.161472797393799e-01    -7.575011849403381e-01     2.157654017210007e-01
    2.407551527023315e+00    -4.115723073482513e-01    -8.732262253761292e-01    -2.609299421310425e-01
    2.062187433242798e+00     5.316705703735352e-01    -8.999413251876831e-02     8.421565294265747e-01
    1.738512992858887e+00    -3.369086086750031e-01    -1.914677321910858e-01     9.218636155128479e-01
    2.915410518646240e+00    -9.910897016525269e-01     1.227465793490410e-01     5.171560496091843e-02
    6.356226205825806e-01     3.208770155906677e-01     9.358171224594116e-01     1.458913683891296e-01
    2.944807767868042e+00     3.177033662796021e-01     6.369120478630066e-01     7.024299502372742e-01
    2.405508756637573e+00     9.119678139686584e-01    -1.821492314338684e-01    -3.676090240478516e-01
    2.563528537750244e+00     1.791380196809769e-01    -8.848948478698730e-01    -4.299656450748444e-01
    2.222001314163208e+00     9.674016833305359e-01    -1.787189990282059e-01    -1.794257462024689e-01
    7.199537158012390e-01     1.550753042101860e-02     8.534452915191650e-01     5.209517478942871e-01
    1.428015947341919e+00    -7.213117480278015e-01     2.936484813690186e-01     6.272799968719482e-01
    1.234637260437012e+00    -8.273384571075439e-01    -3.486301004886627e-01    -4.404180049896240e-01
    4.041612744331360e-01     2.801804840564728e-01     8.898393511772156e-01    -3.601180016994476e-01
    2.904766082763672e+00    -6.307715177536011e-02    -9.857719540596008e-01    -1.558044254779816e-01
    2.398630142211914e+00    -5.819590687751770e-01    -7.047540545463562e-01    -4.057653248310089e-01
    5.944604277610779e-01     7.258624434471130e-01     6.236200928688049e-01    -2.902100086212158e-01
    1.424511432647705e+00     3.696092665195465e-01     7.434588074684143e-01    -5.573671460151672e-01
    3.428224921226501e-01    -1.208336651325226e-02    -4.369381368160248e-01     8.994103670120239e-01
    2.873659133911133e+00     4.614491462707520e-01    -8.682637810707092e-01     1.821618080139160e-01
    8.222685456275940e-01     8.810233473777771e-01     4.704776704311371e-01    -4.948456957936287e-02
    2.789382696151733e+00     6.248332262039185e-01     7.728025317192078e-01     1.111743450164795e-01
    2.526607275009155e+00     5.159761905670166e-01    -4.023391604423523e-01     7.562351822853088e-01
    1.739064216613770e+00    -9.879506826400757e-01     1.111961379647255e-01     1.076513305306435e-01
    2.251613855361938e+00    -2.918812036514282e-01    -8.228612542152405e-01    -4.875498712062836e-01
    2.109802484512329e+00     4.473718702793121e-01     8.941236138343811e-01     2.003209106624126e-02
    2.989480495452881e+00     1.664958149194717e-01     9.838519692420959e-01    -6.568553298711777e-02
    2.538220167160034e+00    -6.606547236442566e-01    -7.073737382888794e-01     2.513116002082825e-01
    8.278501033782959e-01     3.019919693470001e-01    -9.528827667236328e-01     2.855302952229977e-02
    2.663869857788086e+00    -8.155098557472229e-01    -9.200009517371655e-03    -5.786700844764709e-01
    2.421454906463623e+00     3.896647095680237e-01    -8.836124539375305e-01    -2.595968246459961e-01
    7.527890801429749e-01    -6.708968281745911e-01     6.154589653015137e-01    -4.136513769626617e-01
    2.017235517501831e+00    -6.930061578750610e-01     3.862992227077484e-01     6.086997985839844e-01
    1.226361155509949e+00     7.980610728263855e-01    -2.048776745796204e-01     5.666778683662415e-01
    2.071992874145508e+00    -6.889193058013916e-01    -6.334384679794312e-01     3.523437678813934e-01
    1.360171794891357e+00    -8.072600364685059e-01     4.931344985961914e-01     3.242679238319397e-01
    2.339018583297729e+00     7.793040871620178e-01    -2.315687239170074e-01     5.822895765304565e-01
    1.267280340194702e+00     4.565867185592651e-01    -8.714840412139893e-01     1.790091246366501e-01
    1.323477268218994e+00     1.658918261528015e-01    -8.274616003036499e-01     5.364580154418945e-01
    2.637718677520752e+00     7.925506234169006e-01    -6.097446680068970e-01    -8.658620528876781e-03
    3.769859671592712e-01     3.528079986572266e-01    -1.607498228549957e-01     9.217841029167175e-01
    1.525235295295715e+00     9.674552679061890e-01    -1.863539814949036e-01     1.711799949407578e-01
    5.299231410026550e-01     1.443757861852646e-01    -4.728116095066071e-01    -8.692553043365479e-01
    1.888304233551025e+00    -3.744419515132904e-01    -8.774070739746094e-01     2.999172210693359e-01
    6.886367201805115e-01     1.534364968538284e-01     9.347841739654541e-01    -3.203681409358978e-01
    1.003255605697632e+00    -5.628949999809265e-01     6.063547730445862e-01     5.616790056228638e-01
    8.031455874443054e-01    -8.732253313064575e-01    -2.575784623622894e-01    -4.136799275875092e-01
    2.375955343246460e+00     5.951869487762451e-01    -7.386607527732849e-01     3.164378702640533e-01
    1.711904406547546e+00    -1.645493693649769e-02     1.588094830513000e-01    -9.871721267700195e-01
    1.461491942405701e+00     5.112679004669189e-01    -1.546849757432938e-01     8.453862071037292e-01
    1.288811087608337e+00    -6.436139941215515e-01    -4.441970586776733e-01    -6.232576370239258e-01
    2.720402717590332e+00    -5.143384337425232e-01    -7.010520100593567e-01     4.939453303813934e-01
    1.318648099899292e+00     4.518801569938660e-01    -2.044464647769928e-01    -8.683352470397949e-01
    7.098020315170288e-01     7.624047994613647e-01     5.788169503211975e-01     2.893270552158356e-01
    2.305785894393921e+00    -4.635871350765228e-01    -6.185639500617981e-01    -6.344019770622253e-01
    1.719909667968750e+00    -7.738967239856720e-02     1.616708934307098e-01     9.838055372238159e-01
    7.617953419685364e-01    -6.809324026107788e-01    -3.868006765842438e-01    -6.218651533126831e-01
    2.450636625289917e+00    -3.644756078720093e-01    -6.472618132829666e-02    -9.289606809616089e-01
    4.749600887298584e-01     5.918245911598206e-01     1.103978380560875e-01     7.984710335731506e-01
    2.032449007034302e+00    -3.133691847324371e-01     4.979440867900848e-01     8.086108565330505e-01
    2.840741634368896e+00     8.756807446479797e-01    -4.763966798782349e-01     7.892891019582748e-02
    2.138384103775024e+00     3.006301634013653e-02    -9.983824491500854e-01     4.825661331415176e-02
    1.815239548683167e+00    -2.572801895439625e-03     6.688706278800964e-01     7.433745861053467e-01
    2.997700214385986e+00    -2.301099151372910e-01     9.730246067047119e-01     1.650391519069672e-02
    1.731919884681702e+00     6.228576898574829e-01    -1.767457723617554e-01     7.621084451675415e-01
    4.649670124053955e-01    -1.438566297292709e-01    -8.872131109237671e-01     4.383585453033447e-01
    1.808434128761292e+00    -3.892342448234558e-01    -6.213076710700989e-01    -6.800540089607239e-01
    2.241046428680420e+00     8.337845206260681e-01     4.927372634410858e-01     2.490246444940567e-01
    6.088289618492126e-01    -2.130818068981171e-01     8.827182650566101e-01    -4.188131392002106e-01
    1.362530946731567e+00    -8.360025286674500e-01    -1.241910681128502e-01    -5.344868302345276e-01
    1.598087072372437e+00     9.144131839275360e-02    -6.053459048271179e-01     7.906925678253174e-01
    1.707704424858093e+00     8.311722874641418e-01     2.992781698703766e-01    -4.685991704463959e-01
    1.398001432418823e+00     1.470054499804974e-02     9.298811554908752e-01     3.675659894943237e-01
    1.480684757232666e+00    -2.281948924064636e-01    -9.730196595191956e-01     3.405502066016197e-02
    1.286514520645142e+00    -4.634217321872711e-01     3.171090185642242e-01    -8.274552822113037e-01
    2.401398181915283e+00     6.292827725410461e-01    -7.769386768341064e-01    -1.921845786273479e-02
    1.188289880752563e+00     9.291157722473145e-01     3.215487301349640e-01    -1.826208829879761e-01
    2.756049871444702e+00     9.289031624794006e-01    -2.349716573953629e-01     2.862293124198914e-01
    1.725993752479553e+00     6.581425666809082e-01    -1.734059453010559e-01    -7.326517701148987e-01
    5.212096571922302e-01     6.711144447326660e-01    -3.317369893193245e-02     7.406111359596252e-01
    8.226231932640076e-01    -2.193336486816406e-01    -9.534372091293335e-01    -2.070033848285675e-01
    1.370075464248657e+00     7.478533387184143e-01    -5.296845436096191e-01    -4.001871645450592e-01
    1.263650894165039e+00     2.964147329330444e-01    -7.842138409614563e-01    -5.451117753982544e-01
    2.844324827194214e+00    -4.307485818862915e-01    -5.528808236122131e-01    -7.132871150970459e-01
    2.974436521530151e+00     4.252647459506989e-01     8.614128232002258e-01     2.777009308338165e-01
    2.584500312805176e+00     4.246207177639008e-01     6.769537329673767e-01    -6.011913418769836e-01
    1.602804780006409e+00     7.186132073402405e-01    -6.680377721786499e-01     1.931847482919693e-01
    1.228241205215454e+00    -7.910000085830688e-01     2.542538940906525e-01    -5.564835071563721e-01
    1.865193963050842e+00    -1.338331550359726e-01    -9.836401939392090e-01     1.205850914120674e-01
    3.599337935447693e-01    -4.303851127624512e-01    -1.204026639461517e-01     8.945790529251099e-01
    1.429408431053162e+00     4.811740219593048e-01    -8.247299194335938e-01    -2.971402108669281e-01
    1.480630278587341e+00    -4.956970512866974e-01    -5.720773935317993e-01    -6.534614562988281e-01
    2.293230056762695e+00     4.237065315246582e-01    -7.420989871025085e-01     5.193859934806824e-01
    2.023092269897461e+00     4.413402453064919e-02    -9.978690743446350e-01    -4.805772379040718e-02
    2.959301948547363e+00    -2.796780467033386e-01     3.937209248542786e-01    -8.756508231163025e-01
    5.895627737045288e-01     9.665495902299881e-02    -7.506443858146667e-01     6.535983085632324e-01
    1.748068690299988e+00     1.917866766452789e-01    -1.972031965851784e-02    -9.812385439872742e-01
    4.572513401508331e-01     2.502174675464630e-01    -9.633293151855469e-01    -9.689057618379593e-02
    1.765714406967163e+00    -8.443406820297241e-01    -1.637155413627625e-01     5.101825594902039e-01
    2.983928203582764e+00    -2.312888801097870e-01    -8.548738360404968e-01     4.644309580326080e-01
    2.840198516845703e+00    -9.476599693298340e-01     3.188934028148651e-01     1.573170162737370e-02
    1.485316872596741e+00    -3.318515419960022e-01     2.194207310676575e-01    -9.174579977989197e-01
    2.196013450622559e+00     9.454479813575745e-01     1.523811072111130e-01    -2.879374325275421e-01
    1.988507270812988e+00    -6.447024941444397e-01     7.644152045249939e-01     5.295554641634226e-03
    2.509975433349609e+00    -8.200201392173767e-01    -3.391492366790771e-02    -5.713289380073547e-01
    1.752587914466858e+00     4.327476620674133e-01     8.304191827774048e-01     3.509033620357513e-01
    7.723326086997986e-01    -5.035479664802551e-01    -4.710986018180847e-01    -7.242276072502136e-01
    4.823261201381683e-01    -3.306806683540344e-01    -4.070155322551727e-02    -9.428647756576538e-01
    2.468452215194702e+00    -7.689071893692017e-01    -2.145630717277527e-01     6.022827029228210e-01
    2.862439632415771e+00    -5.237281918525696e-01    -6.930280923843384e-01    -4.953998923301697e-01
    5.507183670997620e-01    -2.194910496473312e-01     4.217479825019836e-01     8.797456622123718e-01
    2.858971118927002e+00     8.629264235496521e-01     4.655504971742630e-02    -5.031804442405701e-01
    1.078367829322815e+00     9.167832732200623e-01    -2.452275305986404e-01     3.152328729629517e-01
    5.033802986145020e-01    -6.605272889137268e-01    -7.505637407302856e-01     1.891671679913998e-02
    2.287333726882935e+00     4.176935255527496e-01     6.506437659263611e-01    -6.341883540153503e-01
    6.024501323699951e-01     1.448741704225540e-01     3.992635011672974e-01    -9.053177237510681e-01
    1.244942307472229e+00     2.358386218547821e-01    -5.817407369613647e-01    -7.784329652786255e-01
    2.866696119308472e+00    -1.667195931077003e-02     2.491659671068192e-01    -9.683173298835754e-01
    1.642329216003418e+00     8.953973054885864e-01    -4.442190229892731e-01    -3.054812736809254e-02
    9.556844830513000e-01     4.363765716552734e-01    -3.642875850200653e-01     8.227211833000183e-01
    2.133776903152466e+00    -3.263610303401947e-01     9.417923092842102e-01    -8.071950078010559e-02
    1.715877890586853e+00    -4.172054529190063e-01     7.015143632888794e-01     5.777691006660461e-01
    1.631091237068176e+00    -8.131757378578186e-01    -8.462613821029663e-02    -5.758329033851624e-01
    1.507169604301453e+00     4.466345533728600e-02     7.078604102134705e-01     7.049390077590942e-01
    8.102498650550842e-01     4.147688448429108e-01     5.085068196058273e-02    -9.085047841072083e-01
    1.522602081298828e+00     2.675374746322632e-01    -6.591897010803223e-01     7.027750015258789e-01
    1.116108536720276e+00    -5.871902704238892e-01     9.968970715999603e-02    -8.032866716384888e-01
    2.034444093704224e+00     5.976551026105881e-02     3.102960884571075e-01     9.487593770027161e-01
    1.167799830436707e+00     9.625678062438965e-01    -1.114492043852806e-01    -2.470670789480209e-01
    1.188343524932861e+00     1.021645125001669e-02     9.119335412979126e-01    -4.102109074592590e-01
    2.739232301712036e+00    -7.342374324798584e-01    -6.229240298271179e-01     2.699280977249146e-01
    7.518006563186646e-01     8.686619997024536e-01     4.570249915122986e-01    -1.911924332380295e-01
    8.715515732765198e-01    -8.503769636154175e-01     5.229088664054871e-01     5.852529406547546e-02
    1.516846179962158e+00    -4.467132687568665e-01     8.658903241157532e-01    -2.251252532005310e-01
    1.882886886596680e+00    -2.334985882043839e-02     3.120863735675812e-01     9.497667551040649e-01
    1.516279816627502e+00     8.338233828544617e-02    -9.948976039886475e-01    -5.679887533187866e-02
    1.040791511535645e+00    -9.079839289188385e-02    -1.298324912786484e-01     9.873698949813843e-01
    1.342452645301819e+00    -2.626508474349976e-01     5.302649736404419e-01    -8.061225414276123e-01
    1.712559103965759e+00     7.553761601448059e-01    -5.490652918815613e-01     3.576788306236267e-01
    1.927359104156494e+00    -3.462572693824768e-01     8.952264189720154e-01     2.804916799068451e-01
    2.892561197280884e+00    -2.447120547294617e-01    -1.563401669263840e-01    -9.569085240364075e-01
    2.872870206832886e+00    -3.789366781711578e-01    -4.528449773788452e-01     8.070554733276367e-01
    2.609081745147705e+00     5.403034687042236e-01     8.182080984115601e-01     1.964883804321289e-01
    1.924124956130981e+00    -6.890083551406860e-01    -4.658787846565247e-01     5.551795959472656e-01
    1.595445036888123e+00    -9.266990423202515e-02     6.484277844429016e-01     7.556146979331970e-01
    1.790513515472412e+00     5.649674534797668e-01    -8.198922276496887e-01     9.267369657754898e-02
    2.662378549575806e+00     4.859684705734253e-01    -8.553999662399292e-01     1.792360693216324e-01
    5.008370280265808e-01    -2.694344520568848e-01    -9.617736339569092e-01    -4.895352944731712e-02
    2.911919355392456e+00     6.433614492416382e-01     6.864778995513916e-01     3.388716578483582e-01
    1.089162826538086e+00     3.730664849281311e-01     7.628947496414185e-01     5.280275344848633e-01
    2.812334060668945e+00     2.245804369449615e-01    -6.820555925369263e-01    -6.959624886512756e-01
    2.875665187835693e+00    -3.305186331272125e-01    -4.509252682328224e-02    -9.427216649055481e-01
    2.055236339569092e+00     1.786789596080780e-01    -9.812415838241577e-01     7.237926870584488e-02
    2.082136154174805e+00    -8.165793418884277e-01    -1.942896842956543e-01     5.435528159141541e-01
    2.324105262756348e+00     4.657123088836670e-01    -8.756279945373535e-01     1.280144900083542e-01
    2.964155197143555e+00     8.191227316856384e-01    -5.733975172042847e-01     1.591347530484200e-02
    1.798411965370178e+00     9.208646416664124e-01     3.241887390613556e-01    -2.165871709585190e-01
    8.226379156112671e-01     3.893152475357056e-01    -3.109276890754700e-01    -8.670396804809570e-01
    2.280780553817749e+00    -4.564209580421448e-01     4.827501475811005e-01    -7.474170327186584e-01
    1.793499588966370e+00    -7.470769882202148e-01    -4.782587289810181e-01     4.616758823394775e-01
    2.356871128082275e+00    -7.727400660514832e-01     6.288404464721680e-01     8.621277660131454e-02
    2.327853441238403e+00     4.125068485736847e-01     2.524805963039398e-01     8.752665519714355e-01
    1.564611434936523e+00    -2.349134534597397e-02    -9.826211929321289e-01    -1.841298192739487e-01
    9.843338131904602e-01     5.269806981086731e-01    -6.695107221603394e-01    -5.234946608543396e-01
    1.531383275985718e+00    -6.983931064605713e-01    -1.095180884003639e-01    -7.072855234146118e-01
    1.111294031143188e+00    -4.835218563675880e-02    -7.372567057609558e-01     6.738802194595337e-01
    2.928114891052246e+00    -1.366243511438370e-01    -7.154959440231323e-01     6.851272583007812e-01
    2.626182794570923e+00     7.372642159461975e-01    -4.262476861476898e-01     5.241701006889343e-01
    1.790213823318481e+00     7.939804196357727e-01     3.258036673069000e-01     5.132711529731750e-01
    8.074405193328857e-01     4.106614887714386e-01    -7.580786943435669e-01     5.066298246383667e-01
    2.952996015548706e+00    -8.833285570144653e-01     1.656332910060883e-01     4.385160505771637e-01
    1.038909196853638e+00    -1.650366932153702e-01    -9.553483724594116e-01     2.450970113277435e-01
    2.087217569351196e+00    -7.922765612602234e-01    -2.303022444248199e-01     5.650298595428467e-01
    2.704317331314087e+00     4.029111862182617e-01     8.816388249397278e-01     2.457143068313599e-01
    9.920256733894348e-01    -2.713138461112976e-01    -6.131772398948669e-01    -7.418910264968872e-01
    1.904480695724487e+00     5.799199342727661e-01     2.028411775827408e-01     7.890173792839050e-01
    1.535957336425781e+00     9.479534029960632e-01     2.559103667736053e-01    -1.894581019878387e-01
    2.774485826492310e+00     4.967585504055023e-01     4.729684293270111e-01     7.276893854141235e-01
    2.006896734237671e+00     8.616294711828232e-02     6.593715548515320e-01     7.468636631965637e-01
    8.600612878799438e-01     4.790040478110313e-02     2.549321651458740e-01    -9.657717943191528e-01
    2.462448835372925e+00     6.708715558052063e-01    -7.219325900077820e-01     1.695423871278763e-01
    8.711195588111877e-01     8.415546268224716e-03     4.024106264114380e-01     9.154206514358521e-01
    1.489707350730896e+00    -9.073309898376465e-01    -3.406906723976135e-01    -2.463338673114777e-01
    2.243470191955566e+00    -8.377562165260315e-01     4.624278470873833e-02    -5.440827012062073e-01
    1.892351984977722e+00     4.847868904471397e-02    -6.910042762756348e-01    -7.212231159210205e-01
    2.741291522979736e+00     5.836874246597290e-01     6.931185722351074e-01     4.229605495929718e-01
    7.441122531890869e-01    -1.716902107000351e-01     9.795610308647156e-01    -1.047994345426559e-01
    2.764234781265259e+00    -4.306524693965912e-01    -6.811018586158752e-01    -5.921474695205688e-01
    1.830931782722473e+00     5.352668762207031e-01     8.237949609756470e-01     1.866849660873413e-01
    6.238836646080017e-01    -6.437500715255737e-01    -7.243999838829041e-01     2.466386407613754e-01
    1.191538810729980e+00    -3.944598138332367e-01     7.340212464332581e-01     5.528239607810974e-01
    1.115889668464661e+00    -3.244150280952454e-01    -7.952901721000671e-01     5.121216177940369e-01
    1.882935881614685e+00    -8.961427807807922e-01     4.018539190292358e-02    -4.419427514076233e-01
    2.123820066452026e+00     9.331879615783691e-01     3.094880282878876e-01    -1.826943606138229e-01
    1.374136924743652e+00     1.406120508909225e-01    -6.240090727806091e-01     7.686618566513062e-01
    1.570512294769287e+00    -1.316549777984619e-01     5.535001754760742e-01     8.223773241043091e-01
    1.153608322143555e+00    -6.044944524765015e-01    -5.086889863014221e-01    -6.130431294441223e-01
    1.192082285881042e+00    -7.857354730367661e-02    -9.214413166046143e-01     3.804892301559448e-01
    1.758340835571289e+00     3.697712123394012e-01     7.718283534049988e-01    -5.172526836395264e-01
    2.181883573532104e+00    -8.066635578870773e-02     7.640701532363892e-01    -6.400701999664307e-01
    2.030269861221313e+00     5.309629440307617e-01    -8.467584848403931e-01     3.283990547060966e-02
    1.123298406600952e+00    -3.849552273750305e-01     7.235956192016602e-01     5.729037523269653e-01
    8.990499973297119e-01    -8.898109197616577e-01    -3.835698366165161e-01     2.472059130668640e-01
    1.438838005065918e+00     3.539065718650818e-01    -7.860835790634155e-01    -5.067772269248962e-01
    1.500624060630798e+00    -3.579254448413849e-01     8.468631505966187e-01    -3.933347463607788e-01
    1.698528766632080e+00     6.180441975593567e-01    -7.598105669021606e-01    -2.017657607793808e-01
    7.322110533714294e-01    -1.605029404163361e-01     1.375338435173035e-02     9.869396090507507e-01
    2.275713205337524e+00    -3.907757103443146e-01    -4.926392138004303e-01     7.775608301162720e-01
    4.828017652034760e-01     2.894909977912903e-01     3.028327524662018e-01    -9.080128669738770e-01
    7.397549748420715e-01     5.433626174926758e-01     8.023454546928406e-01    -2.469795793294907e-01
    5.836462974548340e-01     5.715721249580383e-01     8.165029287338257e-01     8.141440898180008e-02
    1.660007953643799e+00     2.898306548595428e-01    -2.339759021997452e-01    -9.280375242233276e-01
    1.098224878311157e+00     6.374563574790955e-01    -3.099750578403473e-01     7.053827643394470e-01
    2.561378479003906e+00     8.663703501224518e-02     1.950802654027939e-01     9.769532084465027e-01
    4.612455070018768e-01    -5.717183947563171e-01    -5.855830311775208e-01    -5.746569037437439e-01
    2.206001758575439e+00    -4.470562636852264e-01     6.917627900838852e-02     8.918270468711853e-01
    2.538963556289673e+00    -7.407536506652832e-01    -4.639667272567749e-01    -4.858177304267883e-01
    4.680761098861694e-01     1.138227432966232e-01     1.614570319652557e-01    -9.802938699722290e-01
    2.046066761016846e+00     9.474282860755920e-01     1.411558240652084e-01    -2.871491611003876e-01
    7.980234026908875e-01    -4.603131413459778e-01    -5.646029114723206e-01    -6.850807666778564e-01
    1.433593273162842e+00    -7.897551655769348e-01     3.122753798961639e-01     5.279875397682190e-01
    1.171164035797119e+00    -4.879750311374664e-01     2.718637324869633e-02    -8.724340796470642e-01
    1.803704977035522e+00    -8.830332159996033e-01    -4.691030681133270e-01     1.395396329462528e-02
    1.830865263938904e+00     1.825668513774872e-01    -8.825718164443970e-01     4.332856237888336e-01
    8.082346320152283e-01     6.889200806617737e-01     1.396335661411285e-01     7.112606167793274e-01
    2.994281530380249e+00     8.247610926628113e-02     8.265849351882935e-01     5.567360520362854e-01
    1.291870236396790e+00     4.946001172065735e-01    -8.506324291229248e-01    -1.783124357461929e-01
    2.675331592559814e+00    -5.632663965225220e-01    -1.288347095251083e-01     8.161694407463074e-01
    2.763691186904907e+00    -5.634926557540894e-01     5.724084377288818e-01     5.956715941429138e-01
    6.234032511711121e-01     6.670920848846436e-01     1.655189096927643e-01    -7.263551354408264e-01
    1.401810050010681e+00     5.564643815159798e-02     5.972552299499512e-01    -8.001184463500977e-01
    1.367452621459961e+00    -4.093669950962067e-01    -4.622223675251007e-01     7.866187691688538e-01
    2.967353105545044e+00    -8.102396130561829e-01     6.024000793695450e-02     5.829949975013733e-01
    2.056875228881836e+00    -6.682955026626587e-01    -7.092167139053345e-01     2.244836986064911e-01
    2.264864206314087e+00     5.081388950347900e-01    -8.218005299568176e-02     8.573455810546875e-01
    1.049055814743042e+00     9.740119576454163e-01     2.028463631868362e-01     1.007684320211411e-01
    2.399351835250854e+00     7.796841263771057e-01     5.913455486297607e-01    -2.059198915958405e-01
    2.566269636154175e+00    -3.472473621368408e-01     2.835701107978821e-01    -8.938720226287842e-01
    7.845385670661926e-01     1.774465590715408e-01     6.116359233856201e-01     7.709825634956360e-01
    1.339490890502930e+00     8.082424998283386e-01     3.846573233604431e-01     4.458506703376770e-01
    5.150008201599121e-01     7.098676562309265e-01     3.382659554481506e-01     6.177895665168762e-01
    1.027961373329163e+00     5.945071205496788e-02    -8.771228790283203e-01    -4.765720665454865e-01
    2.525328636169434e+00     4.539461731910706e-01    -6.652764976024628e-02     8.885420560836792e-01
    2.686371564865112e+00     8.493341803550720e-01    -9.514923393726349e-02     5.192091464996338e-01
    2.056139707565308e+00    -4.044743776321411e-01     3.317360877990723e-01     8.522626757621765e-01
    8.889206051826477e-01    -3.900283873081207e-01     2.353110760450363e-01     8.902283310890198e-01
    3.726123571395874e-01    -5.537953376770020e-01    -7.400730848312378e-01    -3.815788924694061e-01
    2.456094980239868e+00    -5.522978305816650e-01     7.758600711822510e-01     3.049728870391846e-01
    8.229573965072632e-01    -1.199678983539343e-02     9.998633265495300e-01     1.138671487569809e-02
    2.391432285308838e+00     5.748597979545593e-01     1.470272690057755e-01    -8.049343824386597e-01
    1.581329345703125e+00    -3.151772022247314e-01     9.411026239395142e-01     1.224307939410210e-01
    1.295677661895752e+00     2.689694762229919e-01    -1.345569640398026e-01    -9.537032842636108e-01
    1.700937986373901e+00     7.239602208137512e-01     4.458126723766327e-01     5.264338254928589e-01
    2.071647167205811e+00    -6.699093431234360e-02    -3.245983719825745e-01     9.434766769409180e-01
    2.070721387863159e+00     5.569074153900146e-01     7.893264293670654e-01     2.584915161132812e-01
    6.881806254386902e-01    -1.339076310396194e-01    -5.673426985740662e-01    -8.125213980674744e-01
    2.373739719390869e+00    -5.691912770271301e-01    -6.275079846382141e-01     5.312771201133728e-01
    1.298712849617004e+00    -6.603820323944092e-01    -7.489310503005981e-01     5.475262179970741e-02
    7.222269773483276e-01     5.496299266815186e-01     6.725150346755981e-01    -4.956113100051880e-01
    1.388453483581543e+00    -9.749109745025635e-01     1.901943795382977e-02    -2.217818051576614e-01
    7.517669200897217e-01     1.562765985727310e-01     1.448891162872314e-01    -9.770285487174988e-01
    4.862253963947296e-01     7.822602987289429e-02    -3.586156666278839e-01    -9.302018284797668e-01
    9.748026728630066e-01    -1.377156376838684e-01     6.739895343780518e-01     7.257910966873169e-01
    2.920416831970215e+00     8.864666819572449e-01     3.587804734706879e-02    -4.613997042179108e-01
    2.060536861419678e+00     3.770674765110016e-01    -3.150221407413483e-01    -8.709657192230225e-01
    2.506084203720093e+00     2.039784342050552e-01     7.158623337745667e-01     6.677829027175903e-01
    1.447490572929382e+00     4.942703545093536e-01     1.117347460240126e-02     8.692364692687988e-01
    1.118981599807739e+00     3.939527571201324e-01    -6.896808743476868e-01     6.075702309608459e-01
    1.174487829208374e+00    -3.995269834995270e-01     9.094435721635818e-02     9.121991395950317e-01
    1.157098293304443e+00     9.702183604240417e-01     2.047630995512009e-01    -1.294151693582535e-01
    2.566081762313843e+00     8.957486152648926e-01    -1.903925687074661e-01    -4.017275273799896e-01
    1.987477421760559e+00     4.258002340793610e-02    -3.570215404033661e-01     9.331251382827759e-01
    2.872313737869263e+00     8.032679557800293e-01    -1.321147382259369e-01    -5.807808041572571e-01
    5.687910914421082e-01     5.488710999488831e-01    -5.228599905967712e-01    -6.521945595741272e-01
    1.097900986671448e+00     6.841582804918289e-02    -9.036261439323425e-01     4.228228628635406e-01
    1.956945061683655e+00    -7.096940875053406e-01    -7.043883800506592e-01     1.308808103203773e-02
    2.925698518753052e+00     3.180687725543976e-01     8.144440129399300e-03    -9.480327367782593e-01
    1.351810216903687e+00     8.012758493423462e-01    -3.939087092876434e-01    -4.503252506256104e-01
    1.953751325607300e+00    -6.125729084014893e-01     7.718676924705505e-01     1.702189594507217e-01
    2.481087684631348e+00    -7.848634570837021e-02     7.223008871078491e-01    -6.871108412742615e-01
    8.045434951782227e-01     1.196367368102074e-01    -9.131529927253723e-01    -3.896647691726685e-01
    5.533179044723511e-01    -1.600952446460724e-01     9.339170455932617e-01     3.196382224559784e-01
    2.358948469161987e+00     5.543531849980354e-02    -9.194125533103943e-01    -3.893681168556213e-01
    1.290425658226013e+00    -4.588918685913086e-01    -5.697951912879944e-01     6.817269921302795e-01
    1.286459088325500e+00     9.605966806411743e-01     2.213152199983597e-01    -1.681473851203918e-01
    2.789830923080444e+00     4.158509075641632e-01    -7.008797526359558e-01     5.795132517814636e-01
    2.335527896881104e+00    -3.481457829475403e-01     9.230654835700989e-01     1.635381430387497e-01
    2.798216104507446e+00     1.161774471402168e-01     8.291030526161194e-01     5.468921065330505e-01
    2.803876876831055e+00     6.449072360992432e-01    -5.543892383575439e-01    -5.260677933692932e-01
    1.894386887550354e+00     4.769723117351532e-01    -4.285463392734528e-01    -7.673627734184265e-01
    8.616045713424683e-01     1.731683164834976e-01    -3.037532567977905e-01     9.368813037872314e-01
    2.296578645706177e+00    -1.480245590209961e-01    -7.878724932670593e-01    -5.977839231491089e-01
    1.104778289794922e+00    -7.939438521862030e-02    -7.571868896484375e-01     6.483554244041443e-01
    2.628927230834961e+00     9.081355929374695e-01     1.605544686317444e-01     3.866677880287170e-01
    2.165225982666016e+00     4.731689691543579e-01    -1.210406571626663e-01    -8.726169466972351e-01
    2.262614965438843e+00    -8.679723143577576e-01     3.376424312591553e-01    -3.641726672649384e-01
    1.705146551132202e+00    -5.073787569999695e-01    -8.585015535354614e-01     7.444297522306442e-02
    1.722264170646667e+00     3.106115758419037e-01     9.328305125236511e-01     1.826131194829941e-01
    7.295842170715332e-01     1.001150608062744e-01    -4.714787378907204e-02     9.938582181930542e-01
    1.099709391593933e+00     5.734883993864059e-02     4.031545221805573e-01    -9.133331775665283e-01
    1.502735614776611e+00    -3.618515655398369e-02    -5.722690224647522e-01     8.192670941352844e-01
    9.921272993087769e-01     8.889442086219788e-01    -3.873717188835144e-01    -2.443798333406448e-01
    1.634199380874634e+00     8.915598988533020e-01     4.496159553527832e-01     5.446587502956390e-02
    1.107169866561890e+00    -2.873641848564148e-01     6.811092495918274e-01     6.734330058097839e-01
    2.344392299652100e+00    -5.499094724655151e-01     1.841012239456177e-01    -8.146818876266479e-01
    2.332871913909912e+00     2.687881141901016e-02    -9.362565875053406e-01    -3.502875864505768e-01
    1.621009588241577e+00    -4.494781792163849e-01    -7.305119931697845e-02    -8.902992606163025e-01
    8.344701528549194e-01    -2.392501533031464e-01    -6.848281621932983e-01     6.883094310760498e-01
    1.275852918624878e+00    -9.815182685852051e-01    -1.530458033084869e-01     1.148868054151535e-01
    1.660351753234863e+00    -1.783267408609390e-01     5.772475600242615e-01    -7.968593835830688e-01
    2.963063955307007e+00     9.501557350158691e-01     6.065330281853676e-02     3.058191239833832e-01
    2.878027439117432e+00    -3.127682209014893e-01    -9.489393830299377e-01    -4.111232236027718e-02
    2.551261901855469e+00    -6.329683065414429e-01     1.014591529965401e-01    -7.675006389617920e-01
    2.795393228530884e+00     5.010024309158325e-01    -8.146388530731201e-01     2.921644747257233e-01
    2.651699781417847e+00    -9.568455815315247e-01    -2.522823214530945e-01     1.442227810621262e-01
    5.606126189231873e-01     1.444518566131592e-01    -9.680521488189697e-01     2.049603462219238e-01
    2.813425302505493e+00    -1.816698014736176e-01    -6.439215540885925e-01     7.432100772857666e-01
    2.227320432662964e+00     6.187794804573059e-01    -7.044368982315063e-01     3.476792871952057e-01
    2.358205795288086e+00    -5.140858292579651e-01     8.188968300819397e-01    -2.551937401294708e-01
    2.721075534820557e+00     3.099200725555420e-01     6.961385607719421e-01     6.475650668144226e-01
    2.050552606582642e+00    -9.081874489784241e-01     2.003645449876785e-01     3.674910068511963e-01
    1.011965870857239e+00    -3.048380613327026e-01     6.859565973281860e-01     6.607097983360291e-01
    1.688087463378906e+00    -2.619260549545288e-01    -5.685962438583374e-01    -7.798030972480774e-01
    2.444744348526001e+00     5.568502470850945e-02    -9.220886975526810e-02     9.941813945770264e-01
    2.933092117309570e+00    -5.965114831924438e-01     5.994766950607300e-01     5.336683392524719e-01
    5.586543679237366e-01     4.982243478298187e-01     5.801721811294556e-01     6.443390846252441e-01
    5.960241556167603e-01    -2.184737920761108e-01     8.970279693603516e-01    -3.842006623744965e-01
    8.934753537178040e-01    -3.643126487731934e-01    -4.715903401374817e-01     8.030434846878052e-01
    7.337460517883301e-01     5.760571360588074e-01    -1.839369386434555e-01    -7.964454889297485e-01
    6.294339299201965e-01    -5.940884947776794e-01    -6.193695068359375e-01    -5.132642984390259e-01
    2.517403602600098e+00     2.332035303115845e-01     5.323464870452881e-01    -8.137711286544800e-01
    1.017330765724182e+00     4.323558881878853e-02    -5.420538187026978e-01    -8.392308950424194e-01
    8.422169089317322e-01    -7.621918916702271e-01     2.673235833644867e-01    -5.895775556564331e-01
    1.568095684051514e+00     7.745855450630188e-01     3.840012848377228e-02     6.313023567199707e-01
    1.612192153930664e+00     4.397385418415070e-01     6.923795342445374e-01    -5.720495581626892e-01
    2.500424861907959e+00     4.707269966602325e-01     8.484525680541992e-01     2.419595569372177e-01
    2.531503677368164e+00    -9.687708690762520e-03     5.893930792808533e-01    -8.077883720397949e-01
    1.568991541862488e+00    -5.303412079811096e-01     3.802777528762817e-01     7.577117085456848e-01
    7.855382561683655e-01     4.363132417201996e-01    -7.701054811477661e-01     4.653687775135040e-01
    2.809108018875122e+00    -4.908694922924042e-01    -6.553369164466858e-01    -5.740911960601807e-01
    1.270649313926697e+00    -8.951897621154785e-01    -2.734472416341305e-02    -4.448455572128296e-01
    7.396813631057739e-01    -2.674219608306885e-01    -9.631972908973694e-01     2.713710255920887e-02
    9.181960225105286e-01     1.128054503351450e-02     9.914726018905640e-01    -1.298263967037201e-01
    2.359801054000854e+00     3.799016475677490e-01     2.617384493350983e-01    -8.872247934341431e-01
    2.626174688339233e+00     9.182133674621582e-01     1.675283312797546e-01    -3.589128553867340e-01
    2.509216547012329e+00    -2.793592810630798e-01    -9.563440680503845e-01     8.581607788801193e-02
    1.207486987113953e+00     1.028478369116783e-01     2.998884022235870e-01    -9.484140276908875e-01
    2.479856252670288e+00     6.327810287475586e-01    -7.294685244560242e-01    -2.597386538982391e-01
    1.968456625938416e+00     8.934381604194641e-01     8.680673688650131e-02     4.407184123992920e-01
    2.243829727172852e+00    -3.024758398532867e-01    -8.944376707077026e-01     3.293774724006653e-01
    1.227966308593750e+00     9.915857911109924e-01    -2.784993313252926e-02    -1.264201700687408e-01
    9.962819814682007e-01    -1.981573253870010e-01     8.065652251243591e-01     5.569438338279724e-01
    1.888616800308228e+00     7.008891105651855e-01    -4.996502697467804e-01     5.090227127075195e-01
    2.252959728240967e+00     6.559438705444336e-01    -6.829977035522461e-01     3.213284313678741e-01
    2.576959371566772e+00    -9.653619527816772e-01     2.408340573310852e-01     1.003760620951653e-01
    2.024726867675781e+00     3.364000022411346e-01    -9.275748133659363e-01    -1.626041829586029e-01
    2.798224210739136e+00     1.084394231438637e-01    -1.814679205417633e-01     9.773997068405151e-01
    1.920243263244629e+00    -4.605431556701660e-01     8.147106766700745e-01    -3.523444533348083e-01
    1.438033699989319e+00    -5.669618248939514e-01     3.587621748447418e-01    -7.415146231651306e-01
    2.345301628112793e+00     4.885140657424927e-01    -9.239552915096283e-02    -8.676501512527466e-01
    7.634109854698181e-01     3.641497790813446e-01    -9.125781655311584e-01    -1.860006153583527e-01
    6.879593133926392e-01     7.916810512542725e-01     5.719087123870850e-01    -2.148521691560745e-01
    1.739125847816467e+00     1.282609552145004e-01     6.238297820091248e-01    -7.709639072418213e-01
    1.341357588768005e+00    -5.758908390998840e-01    -7.742605805397034e-01    -2.624313533306122e-01
    1.420180201530457e+00    -8.173658698797226e-02     5.980130285024643e-02     9.948582053184509e-01
    2.509686708450317e+00     8.087574839591980e-01    -5.869150161743164e-01    -3.797651454806328e-02
    2.977973937988281e+00     2.617090046405792e-01     9.436706453561783e-02     9.605223536491394e-01
    1.866497874259949e+00    -3.086181282997131e-01    -8.554388284683228e-01     4.159075617790222e-01
    1.440423130989075e+00     9.113977663218975e-03    -9.694098830223083e-01     2.452780902385712e-01
    2.455781698226929e+00     5.692481398582458e-01    -2.368200123310089e-01     7.873200178146362e-01
    2.171097993850708e+00     7.829601168632507e-01    -4.538019746541977e-02     6.204143166542053e-01
    1.673662185668945e+00    -5.036849379539490e-01    -8.424584865570068e-01     1.912204921245575e-01
    1.202926039695740e+00     2.459442019462585e-01     9.189029932022095e-01     3.084297180175781e-01
    1.164507150650024e+00     9.227980971336365e-01    -6.408024579286575e-02    -3.799176514148712e-01
    1.415887594223022e+00     4.480252861976624e-01     2.119780182838440e-01    -8.685266971588135e-01
    1.314259409904480e+00    -1.568241268396378e-01    -9.872166514396667e-01    -2.845255099236965e-02
    1.977424144744873e+00     3.992394804954529e-01     9.156370759010315e-01     4.708177223801613e-02
    2.717763185501099e+00     4.364049434661865e-01    -3.544152379035950e-01     8.270068764686584e-01
    1.048991441726685e+00    -8.019650578498840e-01     4.325023889541626e-01    -4.120604097843170e-01
    1.861404895782471e+00    -1.906544268131256e-01     6.363844871520996e-01    -7.474395036697388e-01
    2.603595495223999e+00    -2.343862876296043e-02    -9.996894001960754e-01     8.463407866656780e-03
    2.943054199218750e+00    -7.233602404594421e-01     4.569357931613922e-01     5.176480412483215e-01
    5.048871636390686e-01     1.626778095960617e-01     5.678050518035889e-01    -8.069285750389099e-01
    1.736316680908203e+00     4.332521259784698e-01     4.241181015968323e-01    -7.952460646629333e-01
    2.092199563980103e+00    -3.534198999404907e-01    -6.527556180953979e-01    -6.700780391693115e-01
    1.854150056838989e+00    -7.065976262092590e-01    -6.955971121788025e-01     1.298635601997375e-01
    1.337163686752319e+00    -2.756575047969818e-01     4.939120709896088e-01     8.246597647666931e-01
    1.809739828109741e+00    -4.213722348213196e-01    -4.862338304519653e-01     7.655208110809326e-01
    6.720530390739441e-01     2.576371431350708e-01     1.238590180873871e-01     9.582703709602356e-01
    8.860787153244019e-01     7.671186327934265e-01     2.210244536399841e-01     6.022267341613770e-01
    9.580748677253723e-01     1.038520187139511e-01     8.863205909729004e-01    -4.512767493724823e-01
    2.172723531723022e+00     1.333594769239426e-01    -1.197274327278137e-01     9.838092923164368e-01
    2.441010951995850e+00     9.683601260185242e-01    -2.462978661060333e-02    -2.483385950326920e-01
    2.109910964965820e+00     6.371865868568420e-01     2.815922498703003e-01     7.174252271652222e-01
    2.773061990737915e+00    -7.810463905334473e-01    -1.141766980290413e-01    -6.139464378356934e-01
    1.393457651138306e+00     9.716938138008118e-01     1.369967311620712e-01    -1.924656778573990e-01
    1.734518051147461e+00     5.552392005920410e-01     7.508411407470703e-01    -3.576965928077698e-01
    2.268971920013428e+00     8.830032348632812e-01    -4.666720926761627e-01     5.022465437650681e-02
    9.814037084579468e-01     2.297914773225784e-01     1.683639287948608e-01    -9.585663676261902e-01
    1.342827677726746e+00     8.039419651031494e-01    -5.778180956840515e-01     1.407249569892883e-01
    1.538170576095581e+00     2.013632841408253e-02     7.477205991744995e-01    -6.637080311775208e-01
    7.047981023788452e-01     4.061563014984131e-01     7.676215767860413e-01    -4.957762956619263e-01
    2.939687252044678e+00    -6.282377243041992e-01    -5.430979132652283e-01    -5.571017265319824e-01
    1.902349829673767e+00    -7.567418217658997e-01     4.960687458515167e-01    -4.257434606552124e-01
    1.472256183624268e+00    -7.245524525642395e-01    -4.425012767314911e-01    -5.284093618392944e-01
    2.928880453109741e+00     5.332141518592834e-01     5.842732787132263e-01    -6.118066310882568e-01
    1.844436168670654e+00    -8.751750588417053e-01    -4.836626648902893e-01    -1.179804652929306e-02
    3.988323807716370e-01    -3.763169646263123e-01    -9.206069707870483e-01     1.042529121041298e-01
    1.679162383079529e+00     4.878098368644714e-01     1.343486309051514e-01     8.625496625900269e-01
    7.148063778877258e-01     7.434040307998657e-01    -5.401449799537659e-01    -3.944539725780487e-01
    2.287205696105957e+00    -7.759306430816650e-01    -3.998092114925385e-01    -4.879387915134430e-01
    1.742024064064026e+00    -3.478699624538422e-01     6.689991950988770e-01     6.568306684494019e-01
    1.499970674514771e+00    -1.542275547981262e-01    -2.414750307798386e-01    -9.580729603767395e-01
    1.138337135314941e+00    -6.848757863044739e-01     5.286482572555542e-01     5.014742016792297e-01
    2.337497949600220e+00    -4.468621015548706e-01    -8.723656535148621e-01    -1.982235163450241e-01
    1.495818495750427e+00     6.708748340606689e-01    -6.631048917770386e-01     3.319920599460602e-01
    7.652612924575806e-01    -8.970742225646973e-01    -4.411932528018951e-01    -2.462299913167953e-02
    2.687805175781250e+00    -6.678453087806702e-01    -1.817575097084045e-01     7.217665314674377e-01
    2.628183841705322e+00    -1.985599994659424e-01    -2.870825529098511e-01     9.371006488800049e-01
    8.085959553718567e-01    -9.078006744384766e-01    -4.193859696388245e-01    -3.646808909252286e-03
    2.432328462600708e+00     7.159025669097900e-01     3.830814659595490e-01    -5.837227702140808e-01
    5.327125191688538e-01     5.006864070892334e-01    -3.284086287021637e-01     8.009124994277954e-01
    2.605360746383667e+00     6.896047592163086e-01    -6.401465535163879e-01    -3.386110663414001e-01
    1.997552514076233e+00     1.987416446208954e-01     6.496348232030869e-02    -9.778965115547180e-01
    2.371884107589722e+00     2.899542450904846e-01     9.359875917434692e-01     1.996338963508606e-01
    3.228257298469543e-01    -2.855757772922516e-01    -4.252683818340302e-01    -8.588324189186096e-01
    1.992085218429565e+00     9.107892513275146e-01     4.012260138988495e-01    -9.736905992031097e-02
    2.490995168685913e+00    -7.425854802131653e-01    -2.217805087566376e-01     6.319653391838074e-01
    2.667438507080078e+00     7.811314463615417e-01     5.553573742508888e-02     6.218919157981873e-01
    1.523431181907654e+00    -2.425777465105057e-01     4.528006613254547e-01    -8.579787611961365e-01
    2.784623384475708e+00    -5.310066342353821e-01    -7.846618890762329e-01     3.199025392532349e-01
    2.995648860931396e+00    -4.114183485507965e-01     4.423957765102386e-01    -7.968819737434387e-01
    1.037815213203430e+00     6.061439514160156e-01     7.923474311828613e-01    -6.910362094640732e-02
    1.927072405815125e+00    -1.245410367846489e-01     5.494832396507263e-01    -8.261704444885254e-01
    1.528728008270264e+00    -7.536114454269409e-01    -5.697182416915894e-01     3.278581500053406e-01
    2.058446407318115e+00    -6.534632295370102e-02    -6.484445929527283e-01     7.584519386291504e-01
    8.880021572113037e-01     4.996333122253418e-01    -8.123205900192261e-01     3.008352220058441e-01
    2.421766757965088e+00    -5.097479224205017e-01    -3.412677943706512e-01    -7.897425293922424e-01
    1.123853325843811e+00     6.325157284736633e-01     7.634117007255554e-01    -1.308682113885880e-01
    2.086427688598633e+00     6.130984425544739e-02     1.218444332480431e-01    -9.906537532806396e-01
    2.422077894210815e+00    -9.580243229866028e-01     2.763217985630035e-01    -7.639274746179581e-02
    2.684574604034424e+00    -9.490995407104492e-01     1.922989785671234e-01    -2.494618147611618e-01
    9.798071980476379e-01    -5.454105734825134e-01    -7.644283771514893e-01     3.437682986259460e-01
    1.247803092002869e+00     1.771955341100693e-01    -7.877494692802429e-01     5.899596810340881e-01
    1.110600352287292e+00    -6.948812603950500e-01     3.688800334930420e-01     6.173068284988403e-01
    1.365608453750610e+00     5.615562796592712e-01    -6.046056151390076e-01    -5.648952126502991e-01
    9.679056406021118e-01     6.297879219055176e-01     6.586690545082092e-01     4.117308855056763e-01
    1.330393552780151e+00    -9.433473348617554e-01     3.087750673294067e-01    -1.214646324515343e-01
    1.752600073814392e+00     1.976802647113800e-01     7.394362241029739e-03     9.802387356758118e-01
    2.357380390167236e+00     1.663107424974442e-01    -1.197993159294128e-01    -9.787690043449402e-01
    2.135086774826050e+00     1.873159222304821e-02     9.740766286849976e-01    -2.254419624805450e-01
    1.724490404129028e+00    -9.848123788833618e-01    -1.678610891103745e-01     4.435250163078308e-02
    1.223496317863464e+00    -3.045955598354340e-01    -8.172405958175659e-01    -4.892233908176422e-01
    1.522232651710510e+00    -1.372617781162262e-01    -9.897055625915527e-01     4.052457958459854e-02
    1.380855679512024e+00     3.908773660659790e-01     1.777549088001251e-01     9.031158089637756e-01
    2.565992832183838e+00    -2.610278129577637e-01    -1.516180336475372e-01    -9.533501267433167e-01
    1.271479129791260e+00     9.505180716514587e-01     1.036361753940582e-01    -2.928735613822937e-01
    5.624781847000122e-01     4.257614612579346e-01    -7.816970348358154e-01    -4.557159543037415e-01
    1.146084666252136e+00    -6.262162923812866e-01    -3.712561428546906e-01    -6.855814456939697e-01
    1.012058854103088e+00    -2.610380351543427e-01     9.608310461044312e-01     9.307499974966049e-02
    7.444036006927490e-01    -6.257390975952148e-01     2.110277265310287e-01    -7.509446740150452e-01
    8.385090827941895e-01    -9.241202473640442e-01     2.478940598666668e-02    -3.812969028949738e-01
    2.777605056762695e+00    -8.878808468580246e-02    -8.047007322311401e-01    -5.870037674903870e-01
    1.057499647140503e+00     9.971491992473602e-02    -8.763942122459412e-01     4.711585342884064e-01
    2.159357547760010e+00    -5.799306035041809e-01    -5.273215770721436e-01     6.209771633148193e-01
    2.351036071777344e+00    -4.006474912166595e-01     5.048811435699463e-01     7.645761966705322e-01
    1.979593515396118e+00    -1.256922185420990e-01     9.319212436676025e-01     3.401825428009033e-01
    2.018220663070679e+00     6.070442795753479e-01     2.258807867765427e-01     7.618891596794128e-01
    2.496420860290527e+00     8.313651680946350e-01     2.194742858409882e-01    -5.105515718460083e-01
    2.818779945373535e+00     1.641653776168823e-01     4.809966683387756e-01     8.612154126167297e-01
    2.949085950851440e+00     2.946041822433472e-01     2.695041596889496e-01     9.168292880058289e-01
    8.095407485961914e-01    -2.378403581678867e-02    -9.613838195800781e-01    -2.741813957691193e-01
    2.533226490020752e+00    -4.430176317691803e-01    -6.955146193504333e-01    -5.656808614730835e-01
    3.116609752178192e-01     5.056486651301384e-02    -6.584461331367493e-01    -7.509273886680603e-01
    1.220575928688049e+00     5.461109280586243e-01     7.414389252662659e-01     3.899118304252625e-01
    2.933761835098267e+00    -8.461599349975586e-01    -2.026730179786682e-01     4.928864836692810e-01
    1.172973632812500e+00     8.237423300743103e-01    -3.837465941905975e-01    -4.173573553562164e-01
    1.054434537887573e+00     8.425129652023315e-01    -3.793678879737854e-01     3.824290335178375e-01
    1.960241556167603e+00    -8.639115691184998e-01    -4.663528800010681e-01    -1.901884973049164e-01
    1.386304140090942e+00    -8.334755301475525e-01    -5.298412442207336e-01     1.568019837141037e-01
    4.859271049499512e-01    -4.274418056011200e-01    -5.184460282325745e-01    -7.406126856803894e-01
    2.482559442520142e+00    -1.572008877992630e-01    -5.525336042046547e-02    -9.860197305679321e-01
    1.253560781478882e+00     8.471019864082336e-01    -4.379429817199707e-01     3.010388910770416e-01
    1.274867892265320e+00    -4.184484183788300e-01    -8.613202571868896e-01    -2.881463766098022e-01
    2.982830286026001e+00     8.178219199180603e-01    -5.020812153816223e-01     2.812149226665497e-01
    1.179440736770630e+00    -7.300788164138794e-01     4.862504601478577e-01     4.801513254642487e-01
    2.161638498306274e+00    -8.297335505485535e-01    -5.321779251098633e-01     1.683118343353271e-01
    1.602993726730347e+00     8.944386243820190e-01    -4.214729368686676e-01    -1.494663953781128e-01
    1.815654158592224e+00     9.652011394500732e-01     6.192881986498833e-02    -2.540701925754547e-01
    2.097082376480103e+00     3.830125331878662e-01    -8.227502107620239e-01     4.199805259704590e-01
    2.448285102844238e+00     6.488717198371887e-01     7.569878697395325e-01     7.703801989555359e-02
    1.211927413940430e+00     2.378576099872589e-01     2.887396216392517e-01    -9.273906946182251e-01
    1.391063690185547e+00     6.133878827095032e-01     3.862632215023041e-01     6.888803243637085e-01
    1.129114270210266e+00    -5.221050381660461e-01     7.986547946929932e-01     2.992601096630096e-01
    1.422417402267456e+00    -8.867081403732300e-01    -8.790349960327148e-02     4.538961648941040e-01
    8.506330251693726e-01     1.377008259296417e-01     8.864614963531494e-01    -4.418421685695648e-01
    1.546607494354248e+00     8.871687650680542e-01     4.611813724040985e-01    -1.559594925493002e-02
    1.677750468254089e+00     5.801668167114258e-01    -2.137046605348587e-01     7.859624028205872e-01
    1.129347085952759e+00    -8.338513970375061e-01    -5.058322548866272e-01     2.209653705358505e-01
    2.202612400054932e+00     5.729421973228455e-01     7.363032698631287e-01    -3.599926531314850e-01
    5.036349296569824e-01    -3.684301972389221e-01     8.108721375465393e-01    -4.546931385993958e-01
    2.284799575805664e+00    -5.175389647483826e-01    -7.835780382156372e-01    -3.437424302101135e-01
    2.064429759979248e+00     5.742430090904236e-01    -3.178178966045380e-01    -7.544778585433960e-01
    2.887423276901245e+00    -6.927213668823242e-01    -7.065240740776062e-01    -1.447784453630447e-01
    1.406217455863953e+00     4.251671731472015e-01     6.862763166427612e-01    -5.901337862014771e-01
    1.247599124908447e+00     1.259768009185791e-01    -2.764468193054199e-01    -9.527365565299988e-01
    2.483960151672363e+00     3.052599132061005e-01    -8.324319720268250e-01     4.624645411968231e-01
    1.206221699714661e+00     7.731965184211731e-01    -1.426752358675003e-01    -6.179085373878479e-01
    1.780659914016724e+00     8.025220632553101e-01     5.934852957725525e-01     6.110385432839394e-02
    2.925691604614258e+00    -4.674827158451080e-01     7.039061784744263e-01     5.347673296928406e-01
    2.099539518356323e+00    -3.154965937137604e-01     4.350082278251648e-01     8.433443903923035e-01
    1.216553926467896e+00    -4.089382290840149e-01    -6.519942283630371e-01     6.384927630424500e-01
    8.692795634269714e-01    -6.880038380622864e-01    -8.073208481073380e-02     7.212024927139282e-01
    1.855863094329834e+00     5.873020291328430e-01     3.938610553741455e-01    -7.070714831352234e-01
    1.676578044891357e+00    -8.152131438255310e-01     3.101480007171631e-01    -4.891174435615540e-01
    2.464555501937866e+00    -2.417741566896439e-01     8.359925150871277e-01     4.926071465015411e-01
    4.627229571342468e-01    -1.679018586874008e-01     7.049557566642761e-01     6.890910267829895e-01
    2.466699361801147e+00    -3.651409745216370e-01    -8.661003708839417e-01    -3.413827717304230e-01
    1.403660178184509e+00     6.717145442962646e-01    -3.437044620513916e-01     6.562521457672119e-01
    1.431805849075317e+00     6.386799812316895e-01    -1.032348275184631e-01    -7.625157833099365e-01
    2.183352231979370e+00     5.496812462806702e-01     5.424260497093201e-01    -6.353144645690918e-01
    2.080775052309036e-01    -1.436270922422409e-01    -9.255015254020691e-01     3.504543602466583e-01
    2.605873107910156e+00    -4.783827662467957e-01     7.345480918884277e-01    -4.812367558479309e-01
    9.167560338973999e-01    -4.230822026729584e-01    -5.354382395744324e-01     7.309632301330566e-01
    2.196651220321655e+00    -2.230761051177979e-01     9.484944939613342e-01     2.249334901571274e-01
    1.432241916656494e+00    -1.424395442008972e-01     9.467663168907166e-01    -2.886942028999329e-01
    2.802130937576294e+00    -3.153370320796967e-01    -1.443071663379669e-01    -9.379435181617737e-01
    1.477226376533508e+00    -8.381659388542175e-01    -4.159131944179535e-01     3.528368473052979e-01
    1.215633153915405e+00    -1.092156097292900e-01     1.986406147480011e-01    -9.739681482315063e-01
    1.639568567276001e+00    -2.009181305766106e-02    -7.717962265014648e-01     6.355524063110352e-01
    1.868852853775024e+00    -6.640917658805847e-01    -6.676495671272278e-01     3.364908397197723e-01
    1.675152182579041e+00     3.736881911754608e-01     9.243740439414978e-01     7.674518227577209e-02
    6.899190545082092e-01     5.502598881721497e-01     1.485136747360229e-01     8.216797113418579e-01
    9.081231951713562e-01    -4.507189691066742e-01     5.698664784431458e-01     6.870986223220825e-01
    2.653653860092163e+00     5.664003491401672e-01     4.874625205993652e-01    -6.645081043243408e-01
    8.380534648895264e-01    -3.272265791893005e-01     6.357091069221497e-01     6.991400122642517e-01
    1.320591449737549e+00     8.041635751724243e-01    -5.199170708656311e-01     2.881098687648773e-01
    2.428286314010620e+00     6.827902048826218e-02    -5.717174410820007e-01     8.176045417785645e-01
    1.017568469047546e+00    -6.800480484962463e-01    -1.319755911827087e-01    -7.211914658546448e-01
    7.543713450431824e-01    -4.330569505691528e-01    -6.426478624343872e-01     6.320326924324036e-01
    2.313591480255127e+00     6.009795665740967e-01     5.512837767601013e-01     5.787138938903809e-01
    1.034884929656982e+00    -2.339194267988205e-01     8.459427952766418e-01     4.792311787605286e-01
    2.124112367630005e+00    -9.350132942199707e-01    -1.270637959241867e-01     3.310666382312775e-01
    2.039734363555908e+00    -9.889053106307983e-01    -1.456338763237000e-01     2.927988395094872e-02
    2.512019157409668e+00    -9.390084743499756e-01     2.957474589347839e-01    -1.754894405603409e-01
    2.845419883728027e+00     2.185341268777847e-01     9.654774665832520e-01     1.417609155178070e-01
    2.290069103240967e+00     4.209553599357605e-01    -3.999621272087097e-01    -8.141418099403381e-01
    2.337304830551147e+00     2.495261840522289e-02    -5.885639786720276e-01     8.080654740333557e-01
    1.440988659858704e+00    -8.899112939834595e-01    -8.813303709030151e-02     4.475382268428802e-01
    1.033267974853516e+00     3.401491940021515e-01    -9.387805461883545e-01     5.467735230922699e-02
    2.168327808380127e+00     3.574726879596710e-01     8.072433471679688e-01     4.696503281593323e-01
    2.147878646850586e+00    -4.041458666324615e-01    -3.587116301059723e-01    -8.414226770401001e-01
    2.789095640182495e+00    -1.898126751184464e-01     8.911479711532593e-01    -4.121000468730927e-01
    2.226976394653320e+00     8.817721605300903e-01    -3.806434571743011e-01    -2.785466909408569e-01
    1.923380851745605e+00    -6.635725498199463e-02    -2.853759825229645e-01    -9.561156034469604e-01
    1.340712070465088e+00     3.806975781917572e-01     8.332118988037109e-01    -4.010327756404877e-01
    1.003661036491394e+00    -9.393761754035950e-01     1.326190680265427e-01     3.162034153938293e-01
    6.414830088615417e-01     1.625467278063297e-02    -7.377905845642090e-01     6.748339533805847e-01
    2.882785081863403e+00    -3.825586140155792e-01    -7.444970607757568e-01     5.471498370170593e-01
    1.009860754013062e+00     8.855080008506775e-01     8.468812704086304e-02    -4.568409025669098e-01
    1.767577886581421e+00    -6.616371273994446e-01     2.534214854240417e-01    -7.057009339332581e-01
    7.005849480628967e-01     4.490710794925690e-01     5.357558131217957e-01    -7.150530219078064e-01
    2.658050298690796e+00    -4.612737298011780e-01    -8.433086872100830e-01    -2.757845222949982e-01
    1.254123210906982e+00     2.033650428056717e-01     9.754378795623779e-01    -8.463674038648605e-02
    2.818512916564941e+00    -9.142487049102783e-01    -2.862021028995514e-01    -2.867709100246429e-01
    2.863887548446655e-01    -4.509394466876984e-01    -8.614436984062195e-01    -2.335989177227020e-01
    2.305899620056152e+00     9.254654049873352e-01    -2.416550666093826e-01    -2.917477190494537e-01
    9.008385539054871e-01     1.978798508644104e-01     9.740957021713257e-01     1.094588041305542e-01
    2.712252140045166e+00    -4.689947664737701e-01    -2.832780182361603e-01    -8.365389108657837e-01
    1.449932336807251e+00     6.865587234497070e-01     5.404424667358398e-01     4.863734543323517e-01
    2.990235328674316e+00    -3.024241626262665e-01     7.158604264259338e-01     6.293514966964722e-01
    6.053001284599304e-01    -2.542132139205933e-01     5.112898945808411e-01    -8.209495544433594e-01
    7.490431666374207e-01     3.653221428394318e-01     1.656358540058136e-01    -9.160265922546387e-01
    1.074774503707886e+00     4.781291484832764e-01    -8.373892903327942e-01    -2.648995518684387e-01
    8.934291601181030e-01     5.922124385833740e-01    -5.652512311935425e-01    -5.742607116699219e-01
    1.210093379020691e+00     3.672643601894379e-01     5.012034773826599e-01     7.835252881050110e-01
    1.503705620765686e+00     3.839669823646545e-01     3.635871708393097e-01    -8.487484455108643e-01
    9.412800669670105e-01    -3.363884687423706e-01    -9.055889248847961e-01     2.583630383014679e-01
    1.186354875564575e+00    -4.146815836429596e-01    -4.375942647457123e-01     7.978410124778748e-01
    1.733882665634155e+00    -4.752780795097351e-01    -8.275156617164612e-01    -2.988793551921844e-01
    2.255410909652710e+00    -8.294893503189087e-01    -4.678411409258842e-02     5.565596818923950e-01
    1.610184192657471e+00     9.178193807601929e-01    -3.593348264694214e-01    -1.687776446342468e-01
    1.791523694992065e+00    -8.006182312965393e-01     4.695623517036438e-01    -3.721850812435150e-01
    1.844126343727112e+00     3.586556315422058e-01    -9.128577709197998e-01    -1.950815320014954e-01
    2.028680801391602e+00     9.082425832748413e-01    -3.295915424823761e-01     2.578073740005493e-01
    5.508875846862793e-01     9.541875123977661e-02    -5.853288769721985e-01     8.051617145538330e-01
    4.357505738735199e-01    -2.792673930525780e-02    -8.485914468765259e-01     5.283111333847046e-01
    2.310652017593384e+00    -3.679278492927551e-01     2.748149931430817e-01    -8.883162140846252e-01
    2.283587932586670e+00     2.897957861423492e-01     6.757094860076904e-01     6.778164505958557e-01
    2.137106418609619e+00    -3.523444011807442e-02     7.097951173782349e-01     7.035264968872070e-01
    8.905438780784607e-01    -2.460514158010483e-01    -2.502836585044861e-01     9.363848567008972e-01
    1.648588657379150e+00     5.690008029341698e-02    -8.349127173423767e-01     5.474333763122559e-01
    1.330255508422852e+00    -1.693231612443924e-01    -3.458321690559387e-01    -9.228921532630920e-01
    1.698738098144531e+00    -5.519932508468628e-01    -3.591848909854889e-01     7.525223493576050e-01
    2.349900007247925e+00     2.081382423639297e-01     5.867130160331726e-01     7.825894951820374e-01
    1.626489758491516e+00     3.507096767425537e-01     1.729332208633423e-01    -9.203786849975586e-01
    1.349803447723389e+00    -3.839696943759918e-01     4.075973629951477e-01    -8.285116553306580e-01
    6.530894041061401e-01    -9.358354806900024e-01    -3.202040791511536e-01    -1.472458988428116e-01
    6.515715122222900e-01     2.160003334283829e-01    -2.874625921249390e-01     9.331179261207581e-01
    1.177997708320618e+00    -3.752616345882416e-01     8.867722153663635e-01    -2.698403000831604e-01
    2.667333364486694e+00    -4.096747040748596e-01     2.342394739389420e-01    -8.816453814506531e-01
    8.660468459129333e-01     3.351249098777771e-01    -7.322138547897339e-01     5.929199457168579e-01
    2.801543951034546e+00    -8.746725916862488e-01     2.415892481803894e-01    -4.202172458171844e-01
    1.391244888305664e+00     7.264286279678345e-02     6.991981267929077e-01    -7.112276554107666e-01
    4.547360539436340e-01     5.028040409088135e-01    -4.251658320426941e-01     7.526102662086487e-01
    1.317816495895386e+00     3.989118337631226e-01     3.244442045688629e-01     8.576744794845581e-01
    1.100781202316284e+00    -8.444622755050659e-01    -4.639211297035217e-01     2.676949203014374e-01
    2.284826040267944e+00     4.951336085796356e-01    -7.725447416305542e-01     3.975140750408173e-01
    1.945944428443909e+00     1.380136758089066e-01    -9.874820709228516e-01    -7.636335492134094e-02
    2.273219585418701e+00     1.538852900266647e-01    -7.939469814300537e-01    -5.881900191307068e-01
    1.900517344474792e+00    -8.095976710319519e-01     5.710138082504272e-01    -1.359961479902267e-01
    1.742878317832947e+00    -2.156568765640259e-01     9.576975107192993e-01    -1.905453056097031e-01
    1.624645590782166e+00     2.367063313722610e-01     3.460832536220551e-01     9.078527092933655e-01
    2.421241998672485e+00    -2.659144103527069e-01    -1.401415914297104e-01     9.537556767463684e-01
    1.228606224060059e+00    -6.768352985382080e-01     7.253363132476807e-01    -1.256229281425476e-01
    6.012431383132935e-01     2.894493639469147e-01    -2.439033240079880e-01    -9.255971908569336e-01
    6.751086711883545e-01    -9.006732106208801e-01    -3.772394061088562e-01     2.155879884958267e-01
    2.947699785232544e+00     5.983961224555969e-01    -7.978016734123230e-01     7.372152805328369e-02
    1.779121279716492e+00    -2.637319564819336e-01     8.006843328475952e-01     5.379127860069275e-01
    1.925900936126709e+00    -9.732996225357056e-01    -2.285393178462982e-01    -2.138661406934261e-02
    1.684903383255005e+00     6.764515638351440e-01    -8.438294380903244e-02    -7.316370606422424e-01
    2.338791847229004e+00     7.433269023895264e-01     2.174470871686935e-01     6.325992345809937e-01
    1.284854412078857e+00     2.055891603231430e-01    -5.261943340301514e-01     8.251380324363708e-01
    1.889722704887390e+00     5.168584585189819e-01    -7.501000761985779e-01     4.125616848468781e-01
    1.204097390174866e+00     6.353829503059387e-01    -3.459426760673523e-01    -6.903709769248962e-01
    2.787093639373779e+00    -6.800428032875061e-01    -2.280715256929398e-01    -6.967963576316833e-01
    1.966609001159668e+00    -2.212957143783569e-01     5.470245480537415e-01    -8.073365092277527e-01
    2.819377899169922e+00    -8.279234170913696e-01     4.630452394485474e-01     3.164364397525787e-01
    1.470369696617126e+00     9.690194725990295e-01    -2.403825521469116e-01     5.672355368733406e-02
    2.635050296783447e+00     8.057445883750916e-01     4.285344183444977e-01    -4.088202416896820e-01
    1.358009099960327e+00     7.523496150970459e-01     6.550946235656738e-01     6.943451613187790e-02
    1.192531585693359e+00     6.668072938919067e-01    -9.570161253213882e-02    -7.390596270561218e-01
    1.488154411315918e+00    -9.350002408027649e-01     1.122412160038948e-01     3.364172577857971e-01
    2.721964359283447e+00     4.116282761096954e-01     8.164713382720947e-01     4.048911035060883e-01
    2.984085559844971e+00     2.597981393337250e-01    -8.050643801689148e-01     5.332694649696350e-01
    1.497788786888123e+00     4.144889116287231e-01    -4.834794104099274e-01    -7.710037231445312e-01
    2.863622665405273e+00    -4.739198982715607e-01     8.534640669822693e-01    -2.167927622795105e-01
    1.995385766029358e+00    -2.989991307258606e-01     3.238556385040283e-01     8.976174592971802e-01
    5.341973304748535e-01     6.469359397888184e-01    -5.836167931556702e-01    -4.907802641391754e-01
    1.737848520278931e+00     3.956686556339264e-01    -1.354508846998215e-01     9.083498120307922e-01
    1.344629645347595e+00    -9.115312695503235e-01     4.102590978145599e-01     2.824949286878109e-02
    2.598648786544800e+00     1.758641190826893e-02     3.080289959907532e-01    -9.512143731117249e-01
    2.865332841873169e+00    -4.310341477394104e-01     7.892213463783264e-01     4.374235272407532e-01
    2.134538650512695e+00    -1.388711333274841e-01    -8.209473490715027e-01     5.538593530654907e-01
    1.521648287773132e+00     8.147148489952087e-01     5.191934704780579e-01    -2.582202851772308e-01
    2.283066749572754e+00     7.579218745231628e-01    -6.523303389549255e-01     4.414046648889780e-03
    2.144677639007568e+00    -9.140633940696716e-01     1.690908521413803e-01     3.686415255069733e-01
    2.855104207992554e+00     2.859166860580444e-01     9.204365015029907e-01     2.665489614009857e-01
    1.837532281875610e+00     7.884358763694763e-01    -5.990725755691528e-01    -1.395740658044815e-01
    6.227613091468811e-01     7.262424230575562e-01     4.494117200374603e-01    -5.201933383941650e-01
    9.115599393844604e-01     4.973813891410828e-01    -8.576115965843201e-01    -1.308210194110870e-01
    2.360442876815796e+00    -5.718725323677063e-01     2.104052901268005e-01     7.929006218910217e-01
    2.993162870407104e+00     3.115058243274689e-01     8.349457979202271e-01    -4.536844789981842e-01
    2.080394029617310e+00     1.041609421372414e-01    -9.918012022972107e-01    -7.403355091810226e-02
    1.778293013572693e+00     1.821993440389633e-01     7.657341361045837e-01     6.168100833892822e-01
    1.719842672348022e+00    -8.749120235443115e-01    -1.536820083856583e-01     4.592500030994415e-01
    1.984081029891968e+00    -3.779296576976776e-01     3.408221304416656e-01    -8.608189821243286e-01
    7.962026596069336e-01     9.497611522674561e-01     1.713084988296032e-02     3.125069737434387e-01
    5.144355893135071e-01     6.284130215644836e-01    -5.648458600044250e-01    -5.348330736160278e-01
    2.390607595443726e+00    -2.493884712457657e-01    -1.418660879135132e-01    -9.579558372497559e-01
    1.982795000076294e+00     1.415237411856651e-02     5.974799394607544e-01     8.017590045928955e-01
    1.046074986457825e+00     7.163618206977844e-01     5.711614489555359e-01     4.007500410079956e-01
    5.586726665496826e-01     1.784712523221970e-01    -3.246247768402100e-01    -9.288523197174072e-01
    2.577071666717529e+00     9.523750543594360e-01     2.328527718782425e-01    -1.968786865472794e-01
    2.734020471572876e+00     7.997236251831055e-01    -4.158414900302887e-01    -4.330334961414337e-01
    5.462386012077332e-01    -3.833201527595520e-01     8.477373719215393e-01     3.666156232357025e-01
    1.178877234458923e+00     6.468375325202942e-01    -1.027250438928604e-01     7.556777596473694e-01
    1.435466647148132e+00    -9.654357433319092e-01    -2.496725469827652e-01     7.481670379638672e-02
    8.021156787872314e-01     8.833303451538086e-01     3.774731755256653e-01    -2.779235839843750e-01
    2.393511772155762e+00    -9.445366263389587e-01     1.812437176704407e-01     2.738632559776306e-01
    1.298114895820618e+00     7.595634460449219e-01     4.109406471252441e-02    -6.491338014602661e-01
    2.964546442031860e+00    -4.547255039215088e-01    -4.719923138618469e-01    -7.552801370620728e-01
    5.931616425514221e-01     2.863927371799946e-02     1.021657735109329e-01     9.943550825119019e-01
    8.429481983184814e-01     4.185288846492767e-01    -9.075703620910645e-01    -3.390524536371231e-02
    2.568913698196411e+00     8.326230645179749e-01     5.537101626396179e-01    -1.199682522565126e-02
    3.988040685653687e-01    -7.180689573287964e-01    -3.601779341697693e-01     5.955241918563843e-01
    8.611674308776855e-01     8.007718920707703e-01    -4.199094176292419e-01     4.271305799484253e-01
    2.804900407791138e+00    -2.133083939552307e-01    -8.791853785514832e-01    -4.260663688182831e-01
    2.970499038696289e+00    -1.231030374765396e-01    -5.113397240638733e-01     8.505159020423889e-01
    1.958543300628662e+00    -7.762853801250458e-02    -8.263517171144485e-02     9.935518503189087e-01
    1.505972146987915e+00    -2.049582600593567e-01    -9.773581027984619e-01    -5.256848037242889e-02
    1.649583697319031e+00    -8.511070013046265e-01    -1.585657447576523e-01    -5.004736185073853e-01
    2.004447698593140e+00    -1.085667088627815e-01    -6.237646341323853e-01    -7.740355730056763e-01
    2.495772361755371e+00    -8.517289161682129e-01     2.293270975351334e-01     4.711338281631470e-01
    2.004198312759399e+00     2.271357029676437e-01    -9.380643367767334e-01     2.616193294525146e-01
    2.223014116287231e+00    -4.672507345676422e-01    -8.663425445556641e-01     1.764291822910309e-01
    4.527468979358673e-01    -1.793576180934906e-01    -8.796027898788452e-01     4.406013488769531e-01
    2.163853168487549e+00     7.895528078079224e-01    -2.197390645742416e-01     5.729930996894836e-01
    2.405964612960815e+00    -5.098515152931213e-01    -4.451377093791962e-01     7.361413240432739e-01
    2.608465433120728e+00    -6.957930922508240e-01     6.079733967781067e-01    -3.824139833450317e-01
    2.803649425506592e+00    -2.860794961452484e-01     1.870669722557068e-01     9.397683143615723e-01
    2.617842435836792e+00    -9.365930557250977e-01     3.488859236240387e-01     3.274469077587128e-02
    9.180730581283569e-01    -3.049072325229645e-01    -6.320996284484863e-01    -7.123774290084839e-01
    2.200107336044312e+00     5.922679305076599e-01     5.494031310081482e-01     5.893852114677429e-01
    2.708802700042725e+00     4.449470937252045e-01    -2.037301808595657e-01     8.720757961273193e-01
    9.138212800025940e-01     6.120406985282898e-01     7.908143401145935e-01    -4.333545919507742e-03
    1.857999324798584e+00    -7.705975770950317e-01     2.427787780761719e-01     5.892689228057861e-01
    1.592744231224060e+00    -6.077277064323425e-01     7.939912080764771e-01     1.565525494515896e-02
    2.132384300231934e+00     4.823065400123596e-01     7.263925671577454e-01     4.896267950534821e-01
    8.029311299324036e-01     4.120238721370697e-01    -9.093016982078552e-01    -5.836684256792068e-02
    1.969947695732117e+00     3.776881992816925e-01    -5.816350579261780e-01     7.204528450965881e-01
    2.383985042572021e+00     2.422975003719330e-01    -6.210283637046814e-01     7.453963160514832e-01
    1.757844090461731e+00     8.449948579072952e-02    -8.246765937656164e-04    -9.964231252670288e-01
    1.867048382759094e+00    -2.078633159399033e-01     7.169507145881653e-01    -6.654130220413208e-01
    1.061999201774597e+00    -1.169568151235580e-01    -5.143804103136063e-02    -9.918040633201599e-01
    1.643409132957458e+00    -1.129678916186094e-02     8.690336942672729e-01     4.946239292621613e-01
    2.939223527908325e+00     1.214119270443916e-01     6.675558090209961e-01     7.345940470695496e-01
    6.304267048835754e-01     5.875837206840515e-01    -5.249469280242920e-01     6.157728433609009e-01
    2.778561592102051e+00    -1.079722493886948e-01     5.198316574096680e-01     8.474178910255432e-01
    9.029546380043030e-01    -5.899325609207153e-01     7.412308454513550e-01     3.202445209026337e-01
    7.463061213493347e-01    -5.674264430999756e-01     1.686243265867233e-01     8.059734106063843e-01
    2.136696815490723e+00     5.808857083320618e-01     1.659826561808586e-02    -8.138159513473511e-01
    1.721780657768250e+00    -7.706836462020874e-01    -6.437610834836960e-02     6.339577436447144e-01
    2.930219173431396e+00     5.423776805400848e-02     3.568773865699768e-01    -9.325755238533020e-01
    1.110069155693054e+00    -1.926911175251007e-01    -7.874647974967957e-01    -5.854651331901550e-01
    9.559964537620544e-01    -7.508043050765991e-01    -4.627282321453094e-01     4.713550806045532e-01
    2.712615489959717e+00     2.169577181339264e-01     6.898748278617859e-01    -6.906534433364868e-01
    2.631079673767090e+00     2.930132448673248e-01    -3.495377898216248e-01    -8.899248838424683e-01
    2.801182746887207e+00     6.062895059585571e-01     7.943975925445557e-01    -3.668130934238434e-02
    7.318107485771179e-01    -3.792481124401093e-01    -1.531122773885727e-01     9.125390648841858e-01
    5.215137600898743e-01    -8.373907953500748e-02     2.639824151992798e-01    -9.608856439590454e-01
    1.477382540702820e+00     4.708665311336517e-01     8.821835517883301e-01     6.071786396205425e-03
    1.308533072471619e+00     2.655774354934692e-01    -7.600393891334534e-01     5.931347608566284e-01
    1.287451982498169e+00    -4.792363941669464e-01     1.040509194135666e-01    -8.714963793754578e-01
    1.254237532615662e+00     9.169070124626160e-01    -1.554894149303436e-01    -3.675656318664551e-01
    2.103394985198975e+00    -8.405242562294006e-01     1.421828269958496e-01     5.227840542793274e-01
    1.673246741294861e+00     2.613635361194611e-01     6.724465489387512e-01    -6.924628019332886e-01
    2.854459285736084e+00    -8.892852663993835e-01     1.136697903275490e-01    -4.430023133754730e-01
    2.357804298400879e+00    -9.559139013290405e-01    -5.170628428459167e-03    -2.936015129089355e-01
    2.104328393936157e+00    -6.565769314765930e-01     7.346813678741455e-01     1.707339137792587e-01
    1.069719552993774e+00    -7.689338326454163e-01     7.793661952018738e-02     6.345602273941040e-01
    2.719715118408203e+00     4.876122474670410e-01     5.532221198081970e-01    -6.754108071327209e-01
    2.843514442443848e+00    -9.979116320610046e-01    -4.292363300919533e-02     4.827048256993294e-02
    1.889103174209595e+00     3.801244497299194e-01     3.260657787322998e-01     8.655556440353394e-01
    2.138864517211914e+00     4.307843744754791e-01     8.720234632492065e-01    -2.323789298534393e-01
    2.109156370162964e+00     1.888163089752197e-01    -7.368362545967102e-01     6.491693258285522e-01
    8.256615400314331e-01     7.962539196014404e-01     5.575231313705444e-01    -2.348357886075974e-01
    2.676396131515503e+00     6.240167021751404e-01     2.835133969783783e-01     7.281644344329834e-01
    1.684803962707520e+00     4.426473379135132e-01     4.590543806552887e-01    -7.702806591987610e-01
    2.181452274322510e+00     6.433310508728027e-01    -7.597491741180420e-01    -9.437229484319687e-02
    2.249740123748779e+00    -4.600736796855927e-01    -8.777475953102112e-01    -1.337588578462601e-01
    2.684933423995972e+00     6.392013430595398e-01    -2.942675054073334e-01     7.105126380920410e-01
    4.038902223110199e-01    -1.898744255304337e-01    -4.131559655070305e-02     9.809387326240540e-01
    8.913679718971252e-01    -5.199349522590637e-01     4.364012479782104e-01     7.343170046806335e-01
    1.703163385391235e+00     1.386731863021851e-01     6.974867582321167e-01    -7.030519843101501e-01
    7.152993083000183e-01     4.890182614326477e-01    -3.337661921977997e-01     8.058915734291077e-01
    1.522167563438416e+00     8.074300289154053e-01     4.839570224285126e-01     3.374055325984955e-01
    1.762943625450134e+00    -2.782399356365204e-01     4.672544896602631e-01     8.391996026039124e-01
    7.823383212089539e-01    -9.366574138402939e-02     6.132848858833313e-01     7.842885255813599e-01
    2.439420700073242e+00     1.924314796924591e-01     7.113534212112427e-01    -6.759781241416931e-01
    2.526473999023438e+00    -4.038103520870209e-01    -4.078271687030792e-01    -8.189104199409485e-01
    1.636323451995850e+00     6.766943931579590e-01    -2.159858494997025e-01    -7.038713097572327e-01
    2.667880535125732e+00     3.512974381446838e-01     3.554317653179169e-01     8.661745190620422e-01
    5.353090763092041e-01    -6.367292404174805e-01     5.807154178619385e-01     5.072922706604004e-01
    1.390027523040771e+00     3.979004323482513e-01    -2.125911265611649e-01     8.924574255943298e-01
    2.567298412322998e+00    -7.530905604362488e-01    -4.448545351624489e-02    -6.564111709594727e-01
    4.787259101867676e-01    -4.148444533348083e-01    -7.874272465705872e-01     4.559194445610046e-01
    2.614892005920410e+00     1.342314928770065e-01    -9.847284555435181e-01    -1.108689531683922e-01
    1.044574737548828e+00    -6.882876753807068e-01    -6.854432821273804e-01     2.375450879335403e-01
    1.057854890823364e+00     4.780395627021790e-01     7.584320902824402e-01     4.430114030838013e-01
    1.837689518928528e+00    -1.491846591234207e-01     6.510828137397766e-01     7.442010641098022e-01
    2.417441844940186e+00    -5.863422155380249e-02     9.418670535087585e-01     3.308301568031311e-01
    2.398964166641235e+00     3.970994651317596e-01    -1.587560474872589e-01    -9.039404988288879e-01
    1.309887886047363e+00    -3.882605433464050e-01     4.606282338500023e-02     9.203976988792419e-01
    2.523024797439575e+00     9.933254122734070e-01    -1.087100654840469e-01     3.855830430984497e-02
    2.623086690902710e+00     8.089674711227417e-01    -4.985468462109566e-02    -5.857353210449219e-01
    2.813671588897705e+00     5.233145356178284e-01    -6.089494824409485e-01     5.960893630981445e-01
    2.338101863861084e+00    -5.697649121284485e-01     6.973977088928223e-01    -4.347463548183441e-01
    2.760706663131714e+00    -1.927157342433929e-01     2.844893634319305e-01    -9.391093850135803e-01
    2.497867584228516e+00    -5.496321320533752e-01    -6.954641547054052e-03     8.353778719902039e-01
    1.252260804176331e+00    -9.159166812896729e-01    -8.582488447427750e-02     3.920851647853851e-01
    2.869098186492920e+00    -5.549648404121399e-01     1.991128623485565e-01    -8.076929450035095e-01
    6.964250802993774e-01     6.678411364555359e-01     6.043058633804321e-01     4.345142245292664e-01
    2.251056194305420e+00    -8.654298782348633e-01    -4.961713552474976e-01     6.960478425025940e-02
    8.384929299354553e-01     7.642133235931396e-01    -1.275711208581924e-01     6.322211623191833e-01
    1.503467082977295e+00     9.093083143234253e-01    -4.140897691249847e-01    -4.108567908406258e-02
    1.921111226081848e+00     8.919231891632080e-01     2.428042292594910e-01    -3.814696371555328e-01
    2.021981954574585e+00    -7.555006146430969e-01     5.627520084381104e-01    -3.354535102844238e-01
    1.627975583076477e+00    -4.320026636123657e-01    -6.403585672378540e-01    -6.350707411766052e-01
    2.417896270751953e+00    -4.974415302276611e-01    -8.442698121070862e-01     1.993998885154724e-01
    2.273488283157349e+00    -5.632625818252563e-01    -7.887881398200989e-01     2.460661232471466e-01
    2.677012205123901e+00     7.010472416877747e-01    -7.098419666290283e-01     6.824219226837158e-02
    1.611179590225220e+00    -8.786386996507645e-02    -1.981308162212372e-01    -9.762296080589294e-01
    1.797743320465088e+00     8.899658322334290e-01    -3.934076726436615e-01    -2.306320071220398e-01
    6.215080618858337e-01    -3.252410292625427e-01    -8.589095473289490e-01     3.955917060375214e-01
    2.165663003921509e+00     1.071266755461693e-01    -9.422302842140198e-01     3.173733651638031e-01
    2.849056959152222e+00    -1.601604968309402e-01     3.894284963607788e-01    -9.070249795913696e-01
    2.078819751739502e+00     7.029783725738525e-01     4.838157892227173e-01    -5.212904214859009e-01
    1.604915857315063e+00     2.664157152175903e-01     2.344507277011871e-01     9.349093437194824e-01
    2.541540622711182e+00     8.997842669487000e-01     1.477232128381729e-01     4.105680882930756e-01
    1.541798353195190e+00    -8.153292536735535e-01    -3.653972744941711e-01     4.491360187530518e-01
    1.516060471534729e+00     4.770957827568054e-01     7.030003070831299e-01    -5.274183750152588e-01
    2.129162788391113e+00     9.844238162040710e-01     6.076931580901146e-02    -1.649750918149948e-01
    3.265081644058228e-01    -6.451842188835144e-02    -7.934237718582153e-01     6.052404642105103e-01
    1.529918670654297e+00    -3.812406957149506e-01    -5.247827619314194e-02     9.229851365089417e-01
    6.157411932945251e-01    -1.638772189617157e-01    -7.595729231834412e-01     6.294388175010681e-01
    1.238412618637085e+00     1.696090549230576e-01    -9.207552075386047e-01     3.513438701629639e-01
    2.563521623611450e+00    -1.608139574527740e-01     9.867312312126160e-01    -2.236458100378513e-02
    1.083485841751099e+00     4.694302082061768e-01    -6.691438555717468e-01    -5.760920047760010e-01
    1.881334781646729e+00    -1.361376140266657e-02     9.948840141296387e-01    -1.001026108860970e-01
    1.192676067352295e+00     5.866692662239075e-01     6.600349545478821e-01    -4.692261517047882e-01
    6.617922782897949e-01     2.318856418132782e-01    -9.715266823768616e-01     4.863196983933449e-02
    2.843052387237549e+00     5.591630339622498e-01     2.441459447145462e-01    -7.922938466072083e-01
    9.348549842834473e-01     6.333289146423340e-01    -6.411179304122925e-01    -4.334307312965393e-01
    2.814247846603394e+00     8.936334848403931e-01     1.622702032327652e-01     4.184345304965973e-01
    7.076120972633362e-01    -8.027697205543518e-01     5.108196139335632e-01    -3.076106905937195e-01
    9.121799468994141e-01    -5.058580636978149e-01     2.799060344696045e-01     8.159412145614624e-01
    1.468071937561035e+00     8.261238932609558e-01     4.187680780887604e-01    -3.770310878753662e-01
    2.833842515945435e+00    -9.468551278114319e-01    -6.506382673978806e-02     3.150115311145782e-01
    2.483602762222290e+00    -7.175709009170532e-01     4.300666153430939e-01     5.478456020355225e-01
    2.150083541870117e+00     6.541901826858521e-01     7.559744715690613e-01     2.318824455142021e-02
    2.142400979995728e+00     5.287654399871826e-01    -7.688670754432678e-01    -3.595142066478729e-01
    1.305070281028748e+00     4.566442668437958e-01    -8.046687841415405e-01    -3.794524073600769e-01
    2.722968101501465e+00     5.108006000518799e-01     7.506480813026428e-01    -4.190586209297180e-01
    1.626623630523682e+00     2.040530890226364e-01    -3.048728704452515e-01    -9.302768707275391e-01
    1.701941132545471e+00     8.667555451393127e-01    -2.297833114862442e-01     4.426448643207550e-01
    6.277436017990112e-01     1.780244410037994e-01    -9.606304168701172e-01     2.132990211248398e-01
    2.360106706619263e+00    -9.552457332611084e-01     2.833198308944702e-01     8.506277948617935e-02
    2.223789215087891e+00    -1.952731460332870e-01     8.745902776718140e-01    -4.438022673130035e-01
    2.303616285324097e+00    -5.408300161361694e-01    -7.091619968414307e-01     4.523184895515442e-01
    1.238244295120239e+00     7.101780921220779e-02     4.770531356334686e-01    -8.760002851486206e-01
    5.624384284019470e-01     5.798828601837158e-01    -7.181419730186462e-01    -3.847181200981140e-01
    2.676561117172241e+00     2.133848369121552e-01     3.616987466812134e-01     9.075466394424438e-01
    9.840150475502014e-01    -1.816875040531158e-01     1.524713933467865e-01     9.714639186859131e-01
    1.521141767501831e+00     7.077059149742126e-01     2.352716326713562e-01    -6.661829352378845e-01
    2.210370540618896e+00    -6.645908951759338e-01     4.241126179695129e-01     6.151809096336365e-01
    1.115466952323914e+00     6.062993407249451e-02    -8.681635260581970e-01    -4.925607144832611e-01
    1.385341286659241e+00    -9.598181247711182e-01     1.673179119825363e-01    -2.252860367298126e-01
    2.058091878890991e+00    -8.344785571098328e-01     3.575786054134369e-01     4.192650914192200e-01
    1.032004475593567e+00     3.941614925861359e-01    -3.578381240367889e-02    -9.183443188667297e-01
    1.708547115325928e+00     9.140049815177917e-01    -3.697784245014191e-01    -1.669094711542130e-01
    1.954845666885376e+00     8.718302249908447e-01     4.835277497768402e-01     7.818450778722763e-02
    2.076957941055298e+00     2.944192886352539e-01     3.561537265777588e-01     8.868325352668762e-01
    1.331220865249634e+00    -2.254907414317131e-02     7.154396772384644e-01     6.983105540275574e-01
    2.366776227951050e+00    -3.045634031295776e-01     8.683381080627441e-01     3.914463222026825e-01
    1.744547724723816e+00    -8.783595561981201e-01     2.353340983390808e-01     4.160557687282562e-01
    4.909139871597290e-01     3.256272971630096e-01     8.706383109092712e-01    -3.687219321727753e-01
    1.849820137023926e+00    -6.796026229858398e-01    -3.843750655651093e-01    -6.248166561126709e-01
    2.759088993072510e+00    -9.889732003211975e-01    -1.312801092863083e-01     6.853757053613663e-02
    5.451966524124146e-01    -2.971442043781281e-01    -4.251894652843475e-01     8.549380898475647e-01
    1.834877490997314e+00     8.874510228633881e-02     4.098742902278900e-01    -9.078146219253540e-01
    2.769697904586792e+00     9.567130804061890e-01    -2.524614334106445e-02     2.899357676506042e-01
    1.992126941680908e+00    -4.920802414417267e-01     4.834730923175812e-01     7.239550352096558e-01
    2.741832733154297e+00    -8.566018939018250e-01    -4.238923490047455e-01     2.941914200782776e-01
    1.175815224647522e+00    -7.846725583076477e-01     5.646933913230896e-01    -2.557541429996490e-01
    1.338125824928284e+00    -7.470319271087646e-01    -3.539327681064606e-01    -5.627387166023254e-01
    1.821720600128174e+00     8.544091582298279e-01    -3.495941162109375e-01    -3.844074904918671e-01
    1.058025598526001e+00     1.519705802202225e-01    -2.847812473773956e-01    -9.464696645736694e-01
    1.548498034477234e+00     3.162696585059166e-02    -2.751908302307129e-01    -9.608692526817322e-01
    1.877411842346191e+00    -4.210432469844818e-01    -7.847729325294495e-01     4.548121690750122e-01
    2.264514446258545e+00     8.655986785888672e-01    -1.585645973682404e-02     5.004872679710388e-01
    5.709440708160400e-01     2.881288230419159e-01    -8.437312841415405e-01     4.528790116310120e-01
    3.820099830627441e-01    -1.789883375167847e-01    -8.761525154113770e-01    -4.475712478160858e-01
    2.603849172592163e+00     6.053312867879868e-02     5.615613460540771e-01     8.252179622650146e-01
    2.674913883209229e+00    -9.514955282211304e-01     2.265730798244476e-01     2.081362903118134e-01
    2.715790987014771e+00     2.605480253696442e-01    -3.891730010509491e-01     8.835492134094238e-01
    4.926653504371643e-01     6.772353053092957e-01     7.824933528900146e-02    -7.315937280654907e-01
    1.023730635643005e+00     4.898391664028168e-01     8.612254858016968e-01     1.354562640190125e-01
    2.078364133834839e+00     7.180457115173340e-01    -6.164875030517578e-01     3.230379521846771e-01
    1.480217933654785e+00    -8.713383078575134e-01    -1.915212124586105e-01    -4.517624080181122e-01
    4.257031977176666e-01     2.741015553474426e-01    -9.127449393272400e-01     3.029269278049469e-01
    1.461500763893127e+00    -9.619318246841431e-01     6.746733933687210e-02    -2.648309469223022e-01
    1.525688052177429e+00     3.965886235237122e-01    -5.666565895080566e-01     7.222312688827515e-01
    2.540665626525879e+00     6.398411393165588e-01     7.475631833076477e-01     1.781930476427078e-01
    1.215753555297852e+00     9.340552687644958e-01     1.598321199417114e-01    -3.193658590316772e-01
    2.774809837341309e+00     2.532884776592255e-01    -5.254066586494446e-01    -8.122764229774475e-01
    2.609304189682007e+00     3.297398984432220e-01     9.159561395645142e-01     2.286829650402069e-01
    5.771263837814331e-01    -8.448517918586731e-01    -5.163995027542114e-01    -1.398463547229767e-01
    4.370373785495758e-01    -7.679058909416199e-01    -4.154655039310455e-01     4.875541627407074e-01
    7.907396554946899e-01     7.710844874382019e-01     1.254101991653442e-01     6.242603063583374e-01
    2.873382806777954e+00    -6.976754665374756e-01    -5.807695984840393e-01     4.194706976413727e-01
    4.584716260433197e-01    -2.531068325042725e-01    -9.631257653236389e-01    -9.124513715505600e-02
    1.549628734588623e+00     1.391004920005798e-01    -3.947465717792511e-01     9.081993699073792e-01
    8.866196870803833e-01     4.597122780978680e-03    -9.522955417633057e-01    -3.051425218582153e-01
    1.649816274642944e+00     9.676234722137451e-01     1.749935150146484e-01     1.818848401308060e-01
    8.816420435905457e-01    -5.847894549369812e-01    -7.299184799194336e-02    -8.078945279121399e-01
    2.347981929779053e+00     1.661240756511688e-01     4.832508265972137e-01     8.595763444900513e-01
    2.152935504913330e+00    -8.210830092430115e-01    -4.642524719238281e-01    -3.321027755737305e-01
    1.423251867294312e+00    -4.135359227657318e-01     6.045771241188049e-01    -6.807898283004761e-01
    2.273508787155151e+00    -1.465475410223007e-01     3.433713316917419e-01     9.276960492134094e-01
    1.959833741188049e+00    -1.718664318323135e-01    -3.900051489472389e-02     9.843479394912720e-01
    1.141824126243591e+00     6.223380099982023e-03     3.185510039329529e-01     9.478852748870850e-01
    2.975537776947021e+00    -9.869302809238434e-02    -5.216645002365112e-01    -8.474230170249939e-01
    2.606641292572021e+00    -9.181280136108398e-01     2.767213284969330e-01    -2.836659252643585e-01
    2.243246316909790e+00     8.241402506828308e-01    -3.943949341773987e-01     4.065041840076447e-01
    2.809016704559326e+00     5.687166452407837e-01    -2.480563819408417e-01    -7.842381596565247e-01
    1.903797984123230e+00    -6.700808405876160e-01     7.871526479721069e-02     7.381027340888977e-01
    1.866869568824768e+00    -5.551856756210327e-01     8.269515037536621e-01    -8.899509906768799e-02
    2.585525274276733e+00    -7.693876326084137e-02     6.654845476150513e-01     7.424356937408447e-01
    9.764237999916077e-01     2.826682031154633e-01    -9.131830930709839e-01     2.935903072357178e-01
    2.885105371475220e+00     4.412769079208374e-01     6.630970835685730e-01    -6.046296358108521e-01
    1.888257980346680e+00    -2.245780266821384e-02    -6.274422407150269e-01    -7.783391475677490e-01
    2.064843416213989e+00    -4.642285704612732e-01    -3.268865346908569e-01     8.231871128082275e-01
    2.236634254455566e+00    -9.631241559982300e-01    -6.576320528984070e-02    -2.608968615531921e-01
    1.837037444114685e+00    -3.573467135429382e-01    -6.396079659461975e-01    -6.805918216705322e-01
    2.798347234725952e+00    -5.116745233535767e-01    -2.199878543615341e-02     8.588977456092834e-01
    5.612986683845520e-01    -1.835326850414276e-01     9.674116969108582e-01     1.744425743818283e-01
    2.288483858108521e+00     5.492647290229797e-01    -8.040773868560791e-01    -2.275252640247345e-01
    1.254007697105408e+00    -8.441475629806519e-01     1.599328517913818e-01     5.116994380950928e-01
    4.760875701904297e-01     3.465754985809326e-01     7.078944444656372e-01    -6.154436469078064e-01
    2.255039691925049e+00     7.997084259986877e-01    -2.670257091522217e-01     5.377394556999207e-01
    2.627159357070923e+00     8.137486577033997e-01     1.356864869594574e-01    -5.651568770408630e-01
    1.046006798744202e+00     3.379775285720825e-01     5.908796787261963e-01    -7.325519919395447e-01
    2.155713796615601e+00     7.134040594100952e-01     5.764094591140747e-01    -3.985056579113007e-01
    1.526412725448608e+00    -5.370153188705444e-01     3.445685207843781e-01     7.699916362762451e-01
    1.599051833152771e+00     1.590698510408401e-01     7.941644191741943e-01    -5.865151286125183e-01
    2.541627168655396e+00     1.896682977676392e-01     2.376699298620224e-01    -9.526484608650208e-01
    1.429757237434387e+00     7.844156026840210e-01    -2.312949895858765e-01     5.754952430725098e-01
    6.277891993522644e-01    -3.990055620670319e-01    -3.347128629684448e-01    -8.536756038665771e-01
    2.295305967330933e+00    -8.088739514350891e-01    -5.741016268730164e-01    -1.270053982734680e-01
    1.027158617973328e+00     7.763946056365967e-01     6.294637918472290e-01     3.141263872385025e-02
    2.850634813308716e+00     4.778608679771423e-01    -4.030324518680573e-01     7.805215120315552e-01
    1.088626146316528e+00     3.291207551956177e-01    -8.957145214080811e-01    -2.989563047885895e-01
    1.199442505836487e+00     8.906453847885132e-01    -4.539448022842407e-01     2.616722695529461e-02
    2.311178684234619e+00    -7.726669311523438e-01     3.920457959175110e-01    -4.992854297161102e-01
    1.411973714828491e+00    -2.726999223232269e-01     3.761016428470612e-01    -8.855406641960144e-01
    1.406315922737122e+00     1.111214235424995e-01    -9.210633039474487e-01    -3.732215464115143e-01
    2.736683607101440e+00    -6.188504099845886e-01    -7.338803410530090e-01    -2.800780236721039e-01
    2.979868412017822e+00    -4.270336776971817e-02    -8.039355278015137e-01     5.931813716888428e-01
    2.976514577865601e+00    -3.070899844169617e-01     7.024707794189453e-01     6.420518159866333e-01
    5.262575745582581e-01     6.451336145401001e-01     6.534705758094788e-01    -3.959531188011169e-01
    1.853551983833313e+00    -6.918004751205444e-01    -6.871291995048523e-01     2.219583988189697e-01
    1.960360527038574e+00    -9.656915664672852e-01    -2.560659646987915e-01     4.324223473668098e-02
    1.802805781364441e+00    -2.397188246250153e-01    -6.301279067993164e-01     7.385619878768921e-01
    2.833336114883423e+00    -7.222551703453064e-01     6.213060617446899e-01     3.038520216941833e-01
    1.387601375579834e+00    -5.228409171104431e-01    -7.362921256572008e-03     8.523985147476196e-01
    2.764303445816040e+00     7.728364467620850e-01     4.217542409896851e-01    -4.741804003715515e-01
    2.620099067687988e+00     2.068741172552109e-01     9.590240120887756e-01     1.935865134000778e-01
    1.319562077522278e+00     2.158202975988388e-02    -3.713790327310562e-02    -9.990770816802979e-01
    2.263152599334717e+00    -6.304104924201965e-01     4.694558382034302e-01     6.182182431221008e-01
    1.620375752449036e+00     6.939673423767090e-01     6.957615017890930e-01    -1.852709800004959e-01
    1.073699474334717e+00     9.954075813293457e-01    -1.357316318899393e-02    -9.476038813591003e-02
    2.259244918823242e+00    -6.033961772918701e-01    -7.803042531013489e-01     1.644328832626343e-01
    1.112023234367371e+00     7.228179574012756e-01     6.096685528755188e-01     3.253285288810730e-01
    2.774166345596313e+00    -5.252594947814941e-01     8.418895602226257e-01     1.237920895218849e-01
    1.826476693153381e+00    -5.808461904525757e-01     5.624508261680603e-01    -5.884442329406738e-01
    1.895295262336731e+00    -1.929818689823151e-01     9.709920734167099e-02    -9.763860106468201e-01
    2.502168416976929e+00    -1.198256090283394e-01     8.829879760742188e-01    -4.538437128067017e-01
    1.315018415451050e+00    -1.863306313753128e-01     8.127092123031616e-01     5.520729422569275e-01
    1.565659523010254e+00     6.488948464393616e-01    -6.367481350898743e-01    -4.165181517601013e-01
    1.556673169136047e+00     2.703261077404022e-01    -3.517958819866180e-01     8.961938619613647e-01
    1.911597013473511e+00    -9.807971715927124e-01     2.616363018751144e-02    -1.932679861783981e-01
    1.736309409141541e+00     2.079323603538796e-04     8.579862117767334e-01    -5.136727094650269e-01
    1.312318563461304e+00     8.414338827133179e-01    -4.424825012683868e-01    -3.101584017276764e-01
    1.451740741729736e+00     5.160720944404602e-01     5.005924962460995e-03     8.565305471420288e-01
    2.871156930923462e+00    -4.997814297676086e-01     4.698717594146729e-02     8.648760914802551e-01
    2.139050006866455e+00    -8.547873497009277e-01     4.323146045207977e-01     2.871285080909729e-01
    1.249939203262329e+00    -3.423574566841125e-01     8.606705665588379e-01     3.768788576126099e-01
    1.550665020942688e+00     9.165202826261520e-02     2.155338823795319e-01     9.721857309341431e-01
    9.768991470336914e-01    -4.754168689250946e-01    -2.833665311336517e-01     8.328759074211121e-01
    2.563881874084473e+00     7.244488596916199e-01    -2.640608251094818e-01    -6.367462277412415e-01
    2.988295316696167e+00     6.159946322441101e-01     4.713637232780457e-01    -6.311628818511963e-01
    6.002281308174133e-01    -1.116164177656174e-01    -4.364618659019470e-01     8.927725553512573e-01
    2.842715263366699e+00    -9.863494038581848e-01     1.614708304405212e-01    -3.227703645825386e-02
    1.528129935264587e+00     8.818146586418152e-01     1.264100149273872e-02     4.714265763759613e-01
    2.091457128524780e+00    -4.763728380203247e-01    -4.821644127368927e-01    -7.352458238601685e-01
    1.811990737915039e+00    -8.054636120796204e-01    -3.710175454616547e-01     4.621411561965942e-01
    1.205345869064331e+00     8.828017115592957e-01    -1.569426953792572e-01    -4.427529871463776e-01
    8.052400350570679e-01    -8.746364712715149e-01    -3.254945874214172e-01    -3.592556118965149e-01
    2.373826503753662e+00     7.263695001602173e-01    -6.294970512390137e-01    -2.758999466896057e-01
    1.811256170272827e+00    -3.270410001277924e-01     7.757611870765686e-01     5.396654009819031e-01
    1.783493518829346e+00    -9.386994838714600e-01    -3.041947484016418e-01    -1.621996462345123e-01
    2.491011857986450e+00    -3.473154902458191e-01     9.335475564002991e-01     8.866052329540253e-02
    1.521031379699707e+00    -1.470791995525360e-01    -1.798042207956314e-01    -9.726448655128479e-01
    2.092553853988647e+00     9.898684024810791e-01     1.417540758848190e-01     8.148285560309887e-03
    2.050734758377075e+00     1.596272736787796e-02    -9.269890785217285e-01     3.747486472129822e-01
    1.037910342216492e+00    -5.346621274948120e-01    -1.833247393369675e-01     8.249414563179016e-01
    2.217145442962646e+00    -4.449206888675690e-01    -1.563960164785385e-01    -8.818083405494690e-01
    7.741162180900574e-01     7.840110063552856e-01    -4.924842119216919e-01    -3.778703510761261e-01
    1.858847618103027e+00     3.056452572345734e-01    -2.111370861530304e-01     9.284406304359436e-01
    4.308006763458252e-01     3.092290759086609e-01    -3.502413928508759e-01     8.841426968574524e-01
    8.628479838371277e-01     6.303726881742477e-02     5.312972664833069e-01    -8.448368906974792e-01
    6.837752461433411e-01    -2.471826225519180e-01     4.383176267147064e-01     8.641634583473206e-01
    1.992362022399902e+00    -7.606877088546753e-01     5.875909924507141e-01     2.758460044860840e-01
    2.113675355911255e+00    -3.488952666521072e-02     1.762089133262634e-01    -9.837343096733093e-01
    2.171997785568237e+00     5.857352614402771e-01    -3.752599358558655e-01    -7.183968424797058e-01
    1.665340662002563e+00    -5.834302902221680e-01    -8.119909167289734e-01     1.672974601387978e-02
    1.627844214439392e+00     2.246107459068298e-01     9.609439969062805e-01    -1.616682112216949e-01
    1.708168983459473e+00     3.892504870891571e-01     7.003577351570129e-01    -5.983169078826904e-01
    1.314718961715698e+00    -7.565223425626755e-02     2.161019891500473e-01    -9.734354615211487e-01
    1.071993708610535e+00    -5.355309247970581e-01     8.367952108383179e-01     1.139327734708786e-01
    2.960640907287598e+00    -1.480933278799057e-01    -9.885522723197937e-01    -2.885906025767326e-02
    1.750730037689209e+00    -5.893909931182861e-01     7.673624157905579e-01     2.525334060192108e-01
    1.217213273048401e+00    -1.472022086381912e-01    -6.553789973258972e-01    -7.408170104026794e-01
    1.485511779785156e+00     6.695947051048279e-02     5.296303629875183e-01    -8.455814719200134e-01
    1.114418148994446e+00    -9.831190705299377e-01    -1.399215683341026e-02    -1.824311763048172e-01
    9.929829239845276e-01    -5.409108400344849e-01    -4.064697623252869e-01    -7.363407015800476e-01
    6.157489418983459e-01    -1.292574256658554e-01     7.447140812873840e-01     6.547469496726990e-01
    1.737659692764282e+00    -6.738406419754028e-01    -2.681697309017181e-01    -6.884937882423401e-01
    2.867091417312622e+00     4.267833530902863e-01     3.997688591480255e-01     8.111970424652100e-01
    2.782100677490234e+00     8.088111877441406e-01     5.320068448781967e-02     5.856570601463318e-01
    6.796399950981140e-01     3.459168374538422e-01    -7.262205481529236e-01     5.940918922424316e-01
    1.608950853347778e+00     6.033452749252319e-01     6.388295888900757e-01    -4.773589074611664e-01
    5.737555027008057e-01     2.177613675594330e-01     9.547235369682312e-01     2.026888132095337e-01
    2.993592500686646e+00    -9.754897356033325e-01     1.102085262537003e-01     1.904569864273071e-01
    2.580980062484741e+00     3.935549855232239e-01    -1.403073519468307e-01     9.085308313369751e-01
    2.230848312377930e+00    -6.408113986253738e-02     8.933375477790833e-01    -4.447937011718750e-01
    1.743315219879150e+00     5.670857429504395e-01    -6.884862184524536e-01    -4.521068632602692e-01
    1.284022331237793e+00     9.861673116683960e-01     5.799302086234093e-02    -1.552768051624298e-01
    2.860905647277832e+00     6.979965567588806e-01     6.865657567977905e-01    -2.035389691591263e-01
    6.972309947013855e-01    -8.602052181959152e-02     7.640430927276611e-01     6.394049525260925e-01
    1.216106176376343e+00     4.424757957458496e-01     8.577841520309448e-01    -2.615749537944794e-01
    2.357464790344238e+00     5.006189942359924e-01     7.978771626949310e-02     8.619829416275024e-01
    1.361622333526611e+00    -5.001124143600464e-01     1.990775614976883e-01    -8.427667617797852e-01
    6.964594721794128e-01    -8.509122133255005e-01    -3.481631278991699e-01    -3.933586478233337e-01
    1.329555273056030e+00     2.336170077323914e-01     7.933222651481628e-01     5.621945858001709e-01
    2.465509414672852e+00     7.843722105026245e-01     6.004537343978882e-01     1.556134968996048e-01
    1.064766407012939e+00    -7.342714667320251e-01     5.344306230545044e-01    -4.186042249202728e-01
    1.858469605445862e+00     8.235195875167847e-01    -1.635822951793671e-01    -5.431910753250122e-01
    1.356126070022583e+00    -3.760984838008881e-01    -5.969395637512207e-01    -7.086699008941650e-01
    7.854160666465759e-01    -2.966345474123955e-02     3.188493847846985e-01     9.473410248756409e-01
    1.960384607315063e+00    -5.005428791046143e-01     8.650206327438354e-01     3.458501026034355e-02
    8.655528426170349e-01     7.823766469955444e-01    -6.048908233642578e-01     1.483029723167419e-01
    2.664167165756226e+00     6.982007995247841e-03     3.110188543796539e-01    -9.503781199455261e-01
    4.343261718750000e-01     4.231961369514465e-01    -1.903241574764252e-01    -8.858225941658020e-01
    1.797234654426575e+00    -2.210517376661301e-01     8.803247809410095e-01     4.197195470333099e-01
    2.729767322540283e+00     7.011257410049438e-01     7.126503586769104e-01     2.349842898547649e-02
    1.201045513153076e+00     6.254041194915771e-02    -9.980216622352600e-01    -6.441012024879456e-03
    2.067940473556519e+00    -3.246723115444183e-01    -5.543496608734131e-01    -7.663449048995972e-01
    2.015657186508179e+00    -1.225511059165001e-01     8.281696438789368e-01     5.469151735305786e-01
    1.381452322006226e+00    -6.806641817092896e-01     2.330210059881210e-02    -7.322248816490173e-01
    2.889014720916748e+00     7.945177555084229e-01     1.350734680891037e-01     5.920276045799255e-01
    1.440226316452026e+00     1.956792175769806e-01    -9.455575346946716e-01     2.600588202476501e-01
    2.738353967666626e+00    -8.051801919937134e-01    -5.858923196792603e-01     9.173311293125153e-02
    1.885428547859192e+00     6.531150341033936e-01    -4.520253539085388e-01    -6.075475811958313e-01
    8.427984118461609e-01    -3.195818662643433e-01     3.747105002403259e-01     8.703215122222900e-01
    1.013774752616882e+00    -6.436903476715088e-01    -2.631602287292480e-01     7.186164259910583e-01
    1.999548435211182e+00     4.170846641063690e-01    -5.583951994776726e-02    -9.071506857872009e-01
    4.641176462173462e-01     2.094996124505997e-01    -9.756387472152710e-01    -6.510767340660095e-02
    7.511516809463501e-01     3.149368464946747e-01    -4.076059758663177e-01    -8.571302294731140e-01
    2.159775257110596e+00     2.566391825675964e-01     5.613577961921692e-01     7.867743968963623e-01
    2.133914947509766e+00     3.236157894134521e-01     3.346978425979614e-01    -8.850142359733582e-01
    1.715720295906067e+00     9.127553105354309e-01     1.143939495086670e-01     3.921632468700409e-01
    1.977468848228455e+00     5.799688696861267e-01    -1.561600565910339e-01     7.995312213897705e-01
    1.871344447135925e+00    -7.094423174858093e-01    -6.406071186065674e-01    -2.937926352024078e-01
    2.712729215621948e+00    -7.189690470695496e-01    -5.300344824790955e-01    -4.496075510978699e-01
    2.803881168365479e+00     2.024945467710495e-01    -1.893340796232224e-01    -9.608061313629150e-01
    1.128141403198242e+00     8.158091306686401e-01    -4.590947926044464e-01    -3.516923487186432e-01
    1.937064409255981e+00    -3.689265847206116e-01     6.934878826141357e-01     6.188437938690186e-01
    1.704440355300903e+00     8.100026845932007e-01     3.920573294162750e-01    -4.361041784286499e-01
    2.697869539260864e+00     1.328580267727375e-02    -9.803087711334229e-01    -1.970233619213104e-01
    1.596424460411072e+00     5.573216676712036e-01     4.995109736919403e-01    -6.632354855537415e-01
    1.154677867889404e+00     2.796365022659302e-01     2.349242866039276e-01    -9.309209585189819e-01
    1.364597439765930e+00    -5.589778423309326e-01    -7.818244099617004e-01     2.762143015861511e-01
    1.124397635459900e+00     1.876531541347504e-01     8.452401757240295e-01     5.003550052642822e-01
    4.500930905342102e-01    -3.054420053958893e-01    -5.436155200004578e-01    -7.817847132682800e-01
    2.181600809097290e+00    -3.705762922763824e-01    -9.045010805130005e-01    -2.110708057880402e-01
    2.901835680007935e+00     5.155481696128845e-01     5.591871738433838e-01     6.492456793785095e-01
    2.673419475555420e+00    -7.812268137931824e-01    -5.394935011863708e-01     3.140566647052765e-01
    8.302595019340515e-01     7.306965589523315e-01     3.689412176609039e-01    -5.744256377220154e-01
    2.618659734725952e+00     3.760935664176941e-01     3.604705035686493e-01    -8.535892367362976e-01
    2.879013061523438e+00     1.603762060403824e-01     9.844234585762024e-01    -7.204124331474304e-02
    2.792410612106323e+00     5.730040669441223e-01     5.963993072509766e-01    -5.621159672737122e-01
    1.536592602729797e+00    -9.933123588562012e-01    -1.150675415992737e-01    -9.491303935647011e-03
    1.239743590354919e+00    -2.880810201168060e-01    -8.718187808990479e-01     3.961583971977234e-01
    1.464232444763184e+00    -7.163950800895691e-01    -6.871100664138794e-01    -1.210691407322884e-01
    1.996530413627625e+00     8.105303645133972e-01     3.865148127079010e-01    -4.400534331798553e-01
    7.387823462486267e-01     4.329093396663666e-01    -3.974292874336243e-01     8.090979456901550e-01
    1.396778821945190e+00    -1.653883308172226e-01     9.859916567802429e-01    -2.161104977130890e-02
    1.165152549743652e+00    -6.389862298965454e-01    -7.666487097740173e-01     6.282179802656174e-02
    1.805180072784424e+00    -3.063856959342957e-01    -2.012258917093277e-01     9.303956627845764e-01
    1.392061591148376e+00    -5.030976533889771e-01     8.183335065841675e-01    -2.778904736042023e-01
    3.788512349128723e-01    -2.735064923763275e-01    -3.682177960872650e-01     8.885999321937561e-01
    2.747995376586914e+00    -3.671111539006233e-02     2.822618186473846e-01     9.586346745491028e-01
    1.683227181434631e+00    -3.292691707611084e-01     7.637748122215271e-01     5.551844835281372e-01
    2.089646577835083e+00     7.261270880699158e-01    -4.284395873546600e-01    -5.377535820007324e-01
    8.876372575759888e-01     1.614119261503220e-01     9.519494771957397e-01     2.602659463882446e-01
    1.001598000526428e+00    -7.769688963890076e-01    -5.540795326232910e-01    -2.988564372062683e-01
    1.900491833686829e+00    -8.073141574859619e-01    -4.933536648750305e-01    -3.237994015216827e-01
    1.384822726249695e+00    -7.824927568435669e-01     4.799911379814148e-01    -3.966277539730072e-01
    1.284328937530518e+00     5.172910690307617e-01     7.252768278121948e-01     4.542946815490723e-01
    1.546377062797546e+00     7.655359506607056e-01    -5.307980775833130e-01     3.636043667793274e-01
    2.451997041702271e+00     2.871362864971161e-01    -4.839034080505371e-01    -8.266742229461670e-01
    2.917707443237305e+00     2.960551977157593e-01    -3.719456121325493e-02     9.544463753700256e-01
    2.969124078750610e+00    -3.340712785720825e-01     9.018012881278992e-02     9.382237195968628e-01
    4.731366634368896e-01     3.679995834827423e-01     2.229893356561661e-01    -9.026916027069092e-01
    9.725251197814941e-01    -5.666242539882660e-02    -9.818667173385620e-01     1.809067577123642e-01
    5.734046697616577e-01    -5.248304605484009e-01    -8.280225992202759e-01     1.973108649253845e-01
    2.870863199234009e+00    -5.701287984848022e-01    -3.233506977558136e-01     7.552466392517090e-01
    9.972183704376221e-01    -6.765051484107971e-01     3.916567862033844e-01     6.236552000045776e-01
    2.180111169815063e+00    -2.769279181957245e-01    -7.806029319763184e-01     5.603303909301758e-01
    1.768133759498596e+00     4.004678726196289e-01     3.437383174896240e-01    -8.493934869766235e-01
    6.244454979896545e-01    -6.355937719345093e-01     1.130925640463829e-01    -7.636954188346863e-01
    1.137011289596558e+00     3.533275723457336e-01    -3.765009045600891e-01    -8.563917875289917e-01
    7.007549405097961e-01    -3.227977454662323e-01    -5.048202872276306e-01     8.005985021591187e-01
    1.966622948646545e+00    -5.464226007461548e-02     5.821273922920227e-01    -8.112593889236450e-01
    1.413308739662170e+00    -6.418806910514832e-01    -5.609282851219177e-01     5.228276252746582e-01
    2.227813720703125e+00     3.633169829845428e-01    -7.248585224151611e-01     5.853042006492615e-01
    2.308513879776001e+00     8.433880656957626e-02     6.116128563880920e-01    -7.866489291191101e-01
    1.089917182922363e+00    -6.576995253562927e-01    -6.677737236022949e-01    -3.485819697380066e-01
    4.638393223285675e-01    -5.087870955467224e-01     4.166452586650848e-01    -7.533540129661560e-01
    2.491235971450806e+00    -6.535127162933350e-01     5.474030375480652e-01     5.227532982826233e-01
    6.812453866004944e-01    -3.896829783916473e-01     2.103818506002426e-01    -8.965972065925598e-01
    2.252796173095703e+00     3.731151819229126e-01     5.637736320495605e-01     7.368476986885071e-01
    2.824792385101318e+00    -2.671175003051758e-01    -7.212259769439697e-01    -6.391253471374512e-01
    1.400611281394958e+00     6.409326195716858e-01     2.009171806275845e-02     7.673342227935791e-01
    1.850892066955566e+00    -2.265307456254959e-01    -3.279890716075897e-01     9.171190261840820e-01
    2.741309165954590e+00     2.974638044834137e-01    -9.189361929893494e-01    -2.589815557003021e-01
    9.376945495605469e-01    -5.920797586441040e-01     3.901639282703400e-01    -7.051338553428650e-01
    6.863110065460205e-01    -4.509847238659859e-02     3.567009419202805e-02    -9.983454346656799e-01
    2.307734489440918e+00    -5.847225189208984e-01     7.808129787445068e-01     2.200694531202316e-01
    2.848191022872925e+00     9.864337444305420e-01     1.611450761556625e-01     3.131430968642235e-02
    1.987283587455750e+00    -1.290694326162338e-01     6.318490505218506e-01    -7.642694711685181e-01
    1.041811347007751e+00    -7.849030494689941e-01     8.995152264833450e-02    -6.130545139312744e-01
    1.494469285011292e+00    -5.768613219261169e-01    -8.017238974571228e-01    -1.564288884401321e-01
    2.631604194641113e+00     1.633391380310059e-01    -9.454063177108765e-01    -2.820058166980743e-01
    2.835032939910889e+00     1.305793225765228e-01    -6.497783064842224e-01    -7.488239407539368e-01
    6.612768173217773e-01    -7.256270647048950e-01     6.849586963653564e-01     6.555117666721344e-02
    1.173217654228210e+00     5.525908470153809e-01    -3.019717633724213e-01    -7.768245339393616e-01
    1.536153554916382e+00    -1.860404014587402e-01    -7.922559976577759e-01     5.811363458633423e-01
    8.439885377883911e-01     2.608929276466370e-01    -4.593212604522705e-01     8.490931391716003e-01
    2.271726846694946e+00    -5.198581814765930e-01     2.301275134086609e-01    -8.226718306541443e-01
    2.801498889923096e+00     5.797955989837646e-01    -7.941672801971436e-01    -1.820313632488251e-01
    1.534582972526550e+00     7.949971556663513e-01     5.756509304046631e-01     1.913260072469711e-01
    3.393007516860962e-01    -5.354153513908386e-01    -8.349778652191162e-01    -1.270528733730316e-01
    9.010137915611267e-01     6.507144868373871e-02     8.567543625831604e-01     5.116030573844910e-01
    1.834215998649597e+00     6.598784923553467e-01    -3.418893814086914e-01    -6.690829992294312e-01
    1.704349517822266e+00     5.567121505737305e-01     3.420727252960205e-01    -7.570058703422546e-01
    1.540071010589600e+00    -9.809758663177490e-01     1.538240611553192e-01    -1.184255927801132e-01
    1.495824575424194e+00     5.165125727653503e-01     8.410369753837585e-01    -1.608460545539856e-01
    2.753967046737671e+00    -1.575358510017395e-01     7.234232425689697e-01     6.721913218498230e-01
    1.536112546920776e+00     8.399627804756165e-01     5.425386428833008e-01    -1.068802271038294e-02
    1.138046264648438e+00    -4.966521263122559e-01    -1.797493547201157e-01    -8.491329550743103e-01
    1.266578197479248e+00     2.004056870937347e-01     7.832176089286804e-01     5.885640978813171e-01
    4.430883824825287e-01     3.045662045478821e-01    -5.963885784149170e-01    -7.426708936691284e-01
    1.328987598419189e+00     6.525297760963440e-01    -6.601089835166931e-01     3.721035718917847e-01
    2.001253128051758e+00    -6.292603611946106e-01     5.306233167648315e-01     5.678645968437195e-01
    1.690354108810425e+00    -1.498010903596878e-01    -5.377109646797180e-01    -8.297147154808044e-01
    2.937149286270142e+00     1.111525297164917e-01    -2.453110925853252e-02    -9.935005307197571e-01
    1.182859420776367e+00     3.916964530944824e-01    -8.052443861961365e-01    -4.451465308666229e-01
    2.767192363739014e+00     5.887148976325989e-01     4.923247694969177e-01     6.411171555519104e-01
    2.367510557174683e+00     4.185441434383392e-01     7.973511815071106e-01     4.348008334636688e-01
    7.073096632957458e-01     4.348189532756805e-01    -8.705945611000061e-01     2.302117645740509e-01
    2.113079786300659e+00     3.846870958805084e-01    -8.921220898628235e-01     2.369262278079987e-01
    2.549041032791138e+00     3.774958252906799e-01     8.594236969947815e-01    -3.448013663291931e-01
    2.823254585266113e+00    -6.260358691215515e-01    -5.895971059799194e-01    -5.103472471237183e-01
    2.958111524581909e+00     1.628962755203247e-01    -7.849069833755493e-01     5.978174805641174e-01
    1.640629649162292e+00    -1.293779015541077e-01    -3.994595631957054e-02     9.907903075218201e-01
    2.885375976562500e+00     5.888302922248840e-01     4.490785002708435e-01     6.720173358917236e-01
    2.543936729431152e+00     8.852428197860718e-01     4.135659039020538e-01    -2.128577679395676e-01
    2.578595638275146e+00    -7.306442260742188e-01    -4.757183790206909e-02    -6.810991764068604e-01
    1.607358694076538e+00    -3.677390813827515e-01    -6.807270646095276e-02    -9.274340867996216e-01
    1.164382934570312e+00    -2.832736968994141e-01     9.416759610176086e-01     1.816651076078415e-01
    7.300086021423340e-01    -8.205221891403198e-01    -4.298775494098663e-01    -3.767605125904083e-01
    1.701069831848145e+00     6.219444274902344e-01     6.758614778518677e-01    -3.954698443412781e-01
    1.602347373962402e+00    -8.359703421592712e-01    -5.264991521835327e-01     1.547652035951614e-01
    2.503326416015625e+00    -7.162622213363647e-01     4.069412052631378e-01    -5.668924450874329e-01
    1.660808444023132e+00     4.285686463117599e-02     6.448915004730225e-01    -7.630717158317566e-01
    7.966463565826416e-01     5.808318257331848e-01     3.811287283897400e-01    -7.192879319190979e-01
    1.475836634635925e+00     3.887571394443512e-02     9.926870465278625e-01     1.142857447266579e-01
    2.387871742248535e+00     2.738221175968647e-02    -7.326454520225525e-01     6.800594329833984e-01
    1.704140305519104e+00     5.478973984718323e-01     8.027262687683105e-01     2.354552298784256e-01
    1.703953981399536e+00     4.934594631195068e-01    -7.580472230911255e-01    -4.264529049396515e-01
    1.340614914894104e+00     1.709914207458496e-01    -9.187595844268799e-01    -3.558692634105682e-01
    2.974256515502930e+00     4.530872404575348e-01     5.874873399734497e-01     6.705001592636108e-01
    1.819188475608826e+00     5.263037085533142e-01    -1.332725435495377e-01    -8.397873044013977e-01
    1.953554511070251e+00    -6.149761676788330e-01    -4.260202348232269e-01    -6.635594367980957e-01
    1.662309288978577e+00     9.934509396553040e-01     3.625834360718727e-02     1.083540692925453e-01
    1.854874134063721e+00    -4.712494909763336e-01    -2.093703001737595e-01    -8.567894101142883e-01
    9.738718867301941e-01     3.645672500133514e-01    -3.311399817466736e-01     8.703085184097290e-01
    1.761985421180725e+00    -4.056439101696014e-01     4.215270876884460e-01    -8.110289573669434e-01
    2.364228248596191e+00    -7.985528707504272e-01     6.001816987991333e-01    -4.577523097395897e-02
    7.289499640464783e-01     6.357380151748657e-01     2.857106924057007e-01    -7.170821428298950e-01
    1.849365949630737e+00    -3.202315792441368e-02    -1.526704579591751e-01     9.877582788467407e-01
    1.103021025657654e+00    -2.338742464780807e-01    -4.024945497512817e-01     8.850429058074951e-01
    6.663396358489990e-01    -7.352148294448853e-01    -6.410730481147766e-01    -2.201917320489883e-01
    1.215968489646912e+00    -6.257669329643250e-01     6.144261956214905e-01    -4.805166125297546e-01
    1.575752258300781e+00     6.876814365386963e-02     9.976070523262024e-01    -7.159161847084761e-03
    2.339198827743530e+00     5.143565535545349e-01    -1.157926488667727e-02     8.574982285499573e-01
    1.664509415626526e+00    -6.959263682365417e-01     2.669237256050110e-01     6.666619777679443e-01
    1.910714864730835e+00     3.800044655799866e-01    -2.007635682821274e-01    -9.029343128204346e-01
    2.835395574569702e+00     2.676240503787994e-01     8.297008275985718e-01     4.898715317249298e-01
    1.312590003013611e+00     4.301207661628723e-01     8.906612992286682e-01    -1.473720520734787e-01
    2.732454776763916e+00    -7.964429259300232e-01    -5.377924442291260e-01     2.765102684497833e-01
    2.833720684051514e+00     5.779581069946289e-01    -1.528775542974472e-01     8.016189932823181e-01
    2.988204956054688e+00     9.197426438331604e-01    -3.130795657634735e-01    -2.367592006921768e-01
    4.923920929431915e-01     1.830032169818878e-01    -2.104110121726990e-01    -9.603317975997925e-01
    2.960896968841553e+00     1.013259291648865e-01     9.043905735015869e-01     4.145008027553558e-01
    2.178059816360474e+00    -4.734826087951660e-02    -9.988641738891602e-02    -9.938715696334839e-01
    1.560854792594910e+00     3.761683404445648e-01    -3.370194733142853e-01     8.630848526954651e-01
    8.507496118545532e-01     5.792624354362488e-01     7.053419947624207e-01     4.085924327373505e-01
    1.563223361968994e+00     8.661456704139709e-01     4.519972205162048e-01     2.132846117019653e-01
    2.473994970321655e+00    -9.583209156990051e-01    -9.541384130716324e-02     2.692901194095612e-01
    2.920917034149170e+00     5.120380520820618e-01    -3.753496706485748e-01     7.726123332977295e-01
    1.724274277687073e+00    -6.439874172210693e-01    -4.119553565979004e-01    -6.446494460105896e-01
    8.728491663932800e-01    -6.356312632560730e-01     7.710148096084595e-01    -3.884874656796455e-02
    1.300648689270020e+00    -2.936670482158661e-01     4.784970283508301e-01    -8.275265693664551e-01
    1.076261639595032e+00     4.714126884937286e-01    -4.899732470512390e-01     7.332779169082642e-01
    1.215632915496826e+00    -7.265733927488327e-02     9.882349371910095e-01    -1.345834881067276e-01
    4.979541897773743e-01    -3.753586709499359e-01    -5.205978751182556e-01     7.668661475181580e-01
    2.986406326293945e+00    -7.248370051383972e-01    -5.609436035156250e-01     3.999418914318085e-01
    1.078624367713928e+00    -3.879132866859436e-01     2.080479264259338e-01     8.979083299636841e-01
    1.194636702537537e+00    -7.035499811172485e-02    -9.974373579025269e-01    -1.299356482923031e-02
    1.592203855514526e+00    -1.297991424798965e-01     2.763613462448120e-01     9.522482752799988e-01
    1.145351171493530e+00    -2.271309047937393e-01     6.146280169487000e-01    -7.554098367691040e-01
    2.760838031768799e+00     1.367124468088150e-01     5.813733935356140e-01     8.020691275596619e-01
    1.050772070884705e+00    -1.825631479732692e-03    -9.019211530685425e-01    -4.318968653678894e-01
    1.493117928504944e+00     9.297390580177307e-01     3.404712975025177e-01    -1.402308344841003e-01
    2.003474235534668e+00    -1.095417067408562e-01    -3.846104741096497e-01    -9.165562987327576e-01
    1.823329329490662e+00    -3.614519238471985e-01     6.347117573022842e-02     9.302278757095337e-01
    2.513044834136963e+00     4.994766414165497e-01    -7.567895650863647e-01     4.216543734073639e-01
    1.025929927825928e+00    -4.067393243312836e-01    -6.613153815269470e-01    -6.302580833435059e-01
    2.677801609039307e+00    -1.550510972738266e-01    -2.397885322570801e-01     9.583634734153748e-01
    2.194480657577515e+00     2.250186353921890e-02     4.876137077808380e-01    -8.727695345878601e-01
    1.182291507720947e+00    -3.271761536598206e-01    -6.120949983596802e-01    -7.199274897575378e-01
    1.051884055137634e+00     8.923552036285400e-01    -2.619953751564026e-01     3.675062954425812e-01
    2.019874572753906e+00    -9.800895452499390e-01     1.692973822355270e-01     1.037442162632942e-01
    1.674818873405457e+00    -2.069981247186661e-01    -1.842216849327087e-01    -9.608403444290161e-01
    7.990614175796509e-01     1.282830834388733e-01    -3.136135339736938e-01     9.408454298973083e-01
    2.484991312026978e+00     8.158488869667053e-01     5.156545042991638e-01    -2.617078721523285e-01
    4.375716447830200e-01    -1.478345394134521e-01    -6.198282837867737e-01     7.706865668296814e-01
    5.782958269119263e-01    -2.257032543420792e-01     9.627155661582947e-01     1.491203904151917e-01
    4.976752698421478e-01     2.678605914115906e-01    -4.853044748306274e-01    -8.323042392730713e-01
    2.962674379348755e+00    -3.261368274688721e-01     8.851643204689026e-01     3.318415582180023e-01
    1.700630307197571e+00    -2.018257379531860e-01     5.389413833618164e-01    -8.178071975708008e-01
    2.427998304367065e+00    -1.998667567968369e-01     9.664136171340942e-01     1.615493744611740e-01
    1.797557950019836e+00    -8.097633719444275e-01    -3.286322057247162e-01    -4.860906898975372e-01
    2.746856212615967e+00     2.537522912025452e-01    -8.396655917167664e-01     4.801785349845886e-01
    2.535106420516968e+00     3.854745328426361e-01     8.858854174613953e-01    -2.581015229225159e-01
    2.684688806533813e+00    -8.934696316719055e-01    -1.749486895278096e-03     4.491204917430878e-01
    2.160938501358032e+00     6.443676352500916e-01    -1.558898836374283e-01    -7.486579418182373e-01
    5.596998929977417e-01    -3.160440623760223e-01     9.467331171035767e-01     6.174575537443161e-02
    1.228197455406189e+00    -2.128834575414658e-01    -3.042830824851990e-01     9.284893274307251e-01
    1.879490256309509e+00     6.892097592353821e-01     4.028254151344299e-01    -6.022637486457825e-01
    6.615957021713257e-01     5.573080182075500e-01    -8.282908201217651e-01     5.781088396906853e-02
    2.237140417098999e+00     8.092247694730759e-02    -8.933532238006592e-01     4.420084953308105e-01
    9.729548096656799e-01    -4.387705922126770e-01     9.558635950088501e-02    -8.935007452964783e-01
    2.778743267059326e+00    -2.667110562324524e-01     9.633068442344666e-01    -3.008685633540154e-02
    1.518791556358337e+00    -1.704168766736984e-01    -5.360069870948792e-01     8.268339633941650e-01
    2.560364007949829e+00     2.071548253297806e-01    -9.680276513099670e-01     1.414537280797958e-01
    1.712948799133301e+00    -7.930944561958313e-01     4.546836316585541e-01    -4.052951931953430e-01
    2.858712911605835e+00    -4.877312481403351e-01     4.133507609367371e-01     7.689340114593506e-01
    1.751451015472412e+00    -9.624644517898560e-01     2.127829641103745e-01     1.684801876544952e-01
    1.893633961677551e+00    -7.840104401111603e-02    -1.763509809970856e-01     9.812001585960388e-01
    1.184830546379089e+00     1.443465650081635e-01     3.347291946411133e-01    -9.311929941177368e-01
    2.023701190948486e+00     7.545860409736633e-01    -2.544103264808655e-01     6.048762798309326e-01
    1.083193898200989e+00    -8.426038622856140e-01    -5.319711565971375e-01    -8.381851017475128e-02
    2.961817264556885e+00    -1.810461878776550e-01     1.488813608884811e-01     9.721403121948242e-01
    1.903817653656006e+00     8.781071305274963e-01    -4.566610753536224e-01    -1.427883654832840e-01
    2.455928087234497e+00    -9.076662361621857e-02    -5.112429261207581e-01    -8.546298146247864e-01
    2.594695806503296e+00     6.163210868835449e-01    -7.590104937553406e-01    -2.098843157291412e-01
    7.600923180580139e-01    -6.890809535980225e-01    -4.656020700931549e-01     5.553218126296997e-01
    2.529936075210571e+00    -8.085722923278809e-01     2.843120694160461e-01    -5.151478648185730e-01
    2.197244882583618e+00    -4.248619377613068e-01     7.265520095825195e-01     5.400135517120361e-01
    9.900771975517273e-01     1.560876220464706e-01    -8.603715300559998e-01    -4.851776957511902e-01
    9.107468128204346e-01     8.006852269172668e-01    -5.157239437103271e-01     3.048473596572876e-01
