   -2.643600106239319e-01
   -1.885802745819092e-01
   -2.253324091434479e-01
   -3.899933993816376e-01
   -2.924978137016296e-01
   -3.212217688560486e-01
   -4.256788492202759e-01
   -2.116682231426239e-01
   -3.188230693340302e-01
   -1.797748804092407e-01
   -3.693209290504456e-01
   -3.014424443244934e-01
   -1.573427170515060e-01
   -1.646067649126053e-01
   -3.353852331638336e-01
   -1.593988537788391e-01
   -2.450627982616425e-01
   -4.228007495403290e-01
   -4.389296174049377e-01
   -4.007852077484131e-01
   -1.603325754404068e-01
   -1.649643331766129e-01
   -1.946090161800385e-01
   -5.641281604766846e-01
   -3.956224620342255e-01
   -4.980080127716064e-01
   -4.734173417091370e-01
   -2.415285259485245e-01
   -1.722989976406097e-01
   -3.120875060558319e-01
   -3.082054555416107e-01
   -2.298266291618347e-01
   -1.888931989669800e-01
   -6.784339547157288e-01
   -2.123630940914154e-01
   -1.533592343330383e-01
   -4.202618598937988e-01
   -2.348047792911530e-01
   -5.652903318405151e-01
   -6.285609006881714e-01
   -3.081158399581909e-01
   -4.305365383625031e-01
   -2.256487458944321e-01
   -4.286882281303406e-01
   -1.830260604619980e-01
   -1.819845438003540e-01
   -2.612808048725128e-01
   -2.629348933696747e-01
   -2.846480011940002e-01
   -1.964826434850693e-01
   -2.368672788143158e-01
   -2.708825469017029e-01
   -2.791128754615784e-01
   -5.329034924507141e-01
   -5.546532869338989e-01
   -3.980169892311096e-01
   -2.157237380743027e-01
   -1.984020471572876e-01
   -3.515135049819946e-01
   -3.005338609218597e-01
   -1.746200025081635e-01
   -1.964186728000641e-01
   -2.448450773954391e-01
   -1.819255650043488e-01
   -1.683454215526581e-01
   -1.545825004577637e-01
   -1.691360622644424e-01
   -5.060787200927734e-01
   -1.589205861091614e-01
   -1.572646051645279e-01
   -5.345292091369629e-01
   -1.675783991813660e-01
   -1.802408099174500e-01
   -1.851160228252411e-01
   -3.426329791545868e-01
   -3.352929949760437e-01
   -2.549432516098022e-01
   -4.089970588684082e-01
   -1.772723048925400e-01
   -2.121875733137131e-01
   -2.314636260271072e-01
   -3.131811022758484e-01
   -2.013008892536163e-01
   -2.963389158248901e-01
   -4.380637705326080e-01
   -3.465569615364075e-01
   -1.567522883415222e-01
   -1.727004051208496e-01
   -6.236957311630249e-01
   -2.725045084953308e-01
   -6.274584531784058e-01
   -2.586993277072906e-01
   -3.189626336097717e-01
   -2.374765425920486e-01
   -2.480724751949310e-01
   -2.186134457588196e-01
   -2.564701437950134e-01
   -2.699374258518219e-01
   -6.169471144676208e-01
   -5.549387931823730e-01
   -2.502032518386841e-01
   -5.284297466278076e-01
   -5.821238756179810e-01
   -2.695142328739166e-01
   -1.800719201564789e-01
   -2.569487094879150e-01
   -2.325172722339630e-01
   -1.547140032052994e-01
   -1.711775660514832e-01
   -2.138093411922455e-01
   -1.778046190738678e-01
   -5.916781425476074e-01
   -1.641005724668503e-01
   -3.959069550037384e-01
   -6.499063372612000e-01
   -2.609375715255737e-01
   -2.501803040504456e-01
   -2.982940673828125e-01
   -2.663441896438599e-01
   -1.666831225156784e-01
   -4.350261092185974e-01
   -2.101406604051590e-01
   -6.243650913238525e-01
   -1.683007776737213e-01
   -3.620998859405518e-01
   -3.266560435295105e-01
   -2.469129264354706e-01
   -1.817931830883026e-01
   -2.224690616130829e-01
   -5.139985680580139e-01
   -1.748521476984024e-01
   -5.663185119628906e-01
   -2.168676406145096e-01
   -1.915311962366104e-01
   -2.466717064380646e-01
   -6.047650575637817e-01
   -4.848812818527222e-01
   -1.844687014818192e-01
   -3.315739929676056e-01
   -2.247648835182190e-01
   -4.075677990913391e-01
   -3.693296015262604e-01
   -3.159526288509369e-01
   -1.751888990402222e-01
   -2.416407763957977e-01
   -4.399239122867584e-01
   -1.769909709692001e-01
   -3.560199439525604e-01
   -6.207528710365295e-01
   -1.951160132884979e-01
   -3.589453399181366e-01
   -1.784740835428238e-01
   -6.029847860336304e-01
   -1.929815709590912e-01
   -1.614969670772552e-01
   -4.409063756465912e-01
   -5.528119802474976e-01
   -2.696710228919983e-01
   -2.564806342124939e-01
   -1.958218961954117e-01
   -2.453223615884781e-01
   -1.565414369106293e-01
   -2.099115848541260e-01
   -5.847991704940796e-01
   -3.314667940139771e-01
   -5.703024864196777e-01
   -2.554387748241425e-01
   -1.891671121120453e-01
   -4.710927903652191e-01
   -2.269630283117294e-01
   -2.959927618503571e-01
   -2.541133165359497e-01
   -2.637055814266205e-01
   -2.920636236667633e-01
   -3.279048204421997e-01
   -1.836809664964676e-01
   -1.749799549579620e-01
   -1.932830512523651e-01
   -4.059635400772095e-01
   -2.680942416191101e-01
   -2.423743307590485e-01
   -6.647318601608276e-01
   -3.307110667228699e-01
   -6.632647514343262e-01
   -5.971904397010803e-01
   -2.162913978099823e-01
   -2.423299551010132e-01
   -2.447851598262787e-01
   -1.705122441053391e-01
   -6.085385084152222e-01
   -2.043524831533432e-01
   -3.198897540569305e-01
   -2.157481014728546e-01
   -5.569388866424561e-01
   -2.080906629562378e-01
   -3.654672205448151e-01
   -1.720429360866547e-01
   -6.491382122039795e-01
   -1.654383540153503e-01
   -2.233164906501770e-01
   -3.201634287834167e-01
   -6.218420267105103e-01
   -1.682090312242508e-01
   -3.117664456367493e-01
   -1.709414273500443e-01
   -1.622927188873291e-01
   -1.851624846458435e-01
   -2.196408957242966e-01
   -2.146685719490051e-01
   -3.583942651748657e-01
   -4.174099862575531e-01
   -3.612654805183411e-01
   -2.514052391052246e-01
   -5.842862725257874e-01
   -3.681737482547760e-01
   -6.781182289123535e-01
   -1.953165233135223e-01
   -5.178189873695374e-01
   -3.677302002906799e-01
   -5.615144968032837e-01
   -2.219405025243759e-01
   -4.174820780754089e-01
   -1.464863121509552e-01
   -4.964303970336914e-01
   -2.172611653804779e-01
   -4.876538515090942e-01
   -2.685155570507050e-01
   -1.705435663461685e-01
   -1.661947071552277e-01
   -2.344099283218384e-01
   -2.024413496255875e-01
   -1.501288115978241e-01
   -1.921570301055908e-01
   -1.911407411098480e-01
   -3.101049959659576e-01
   -3.265537023544312e-01
   -1.887143254280090e-01
   -1.620716899633408e-01
   -1.814268231391907e-01
   -2.654016613960266e-01
   -5.623191595077515e-01
   -2.801839113235474e-01
   -3.218981623649597e-01
   -2.579609751701355e-01
   -2.691285908222198e-01
   -2.014150470495224e-01
   -5.047978758811951e-01
   -2.220287322998047e-01
   -3.077977895736694e-01
   -1.674529463052750e-01
   -2.603916823863983e-01
   -3.348459005355835e-01
   -5.194414854049683e-01
   -1.788288801908493e-01
   -2.648715376853943e-01
   -1.952949613332748e-01
   -3.881540298461914e-01
   -1.632632911205292e-01
   -2.318013906478882e-01
   -4.521420598030090e-01
   -4.089624881744385e-01
   -2.911660373210907e-01
   -6.832251548767090e-01
   -1.870275884866714e-01
   -2.615796029567719e-01
   -5.428688526153564e-01
   -2.587998509407043e-01
   -3.205392956733704e-01
   -2.235964834690094e-01
   -4.235952496528625e-01
   -1.652557849884033e-01
   -2.029016613960266e-01
   -1.812059283256531e-01
   -2.682830691337585e-01
   -1.875882595777512e-01
   -5.193848609924316e-01
   -2.390522956848145e-01
   -1.657261699438095e-01
   -3.282168805599213e-01
   -2.693661749362946e-01
   -5.436699390411377e-01
   -2.480957359075546e-01
   -6.745582818984985e-01
   -2.487063109874725e-01
   -1.937400400638580e-01
   -4.497932493686676e-01
   -5.862846970558167e-01
   -3.919321298599243e-01
   -2.255599647760391e-01
   -6.124199628829956e-01
   -6.443498134613037e-01
   -2.763993740081787e-01
   -2.907953262329102e-01
   -1.943586468696594e-01
   -5.423508882522583e-01
   -3.150191009044647e-01
   -1.464392840862274e-01
   -6.364963650703430e-01
   -6.173664927482605e-01
   -1.728534698486328e-01
   -1.718353331089020e-01
   -2.573419809341431e-01
   -5.452185869216919e-01
   -6.379876732826233e-01
   -1.531996726989746e-01
   -1.683483123779297e-01
   -2.093606293201447e-01
   -5.855262279510498e-01
   -2.280257940292358e-01
   -1.433375775814056e-01
   -3.755702078342438e-01
   -6.183683872222900e-01
   -1.464307755231857e-01
   -1.631098389625549e-01
   -5.023207664489746e-01
   -2.074300497770309e-01
   -5.838372707366943e-01
   -3.719576895236969e-01
   -4.811961352825165e-01
   -3.172428011894226e-01
   -1.695232987403870e-01
   -5.901404619216919e-01
   -6.759636998176575e-01
   -1.787612736225128e-01
   -3.761304914951324e-01
   -1.933012306690216e-01
   -4.983278214931488e-01
   -1.792406737804413e-01
   -5.650218725204468e-01
   -1.903297901153564e-01
   -1.689434200525284e-01
   -1.458565890789032e-01
   -1.439991295337677e-01
   -5.955741405487061e-01
   -1.949103921651840e-01
   -6.119374632835388e-01
   -1.527439653873444e-01
   -4.014794826507568e-01
   -1.579797565937042e-01
   -4.101614058017731e-01
   -3.319998085498810e-01
   -2.672128379344940e-01
   -2.310880422592163e-01
   -5.361565351486206e-01
   -2.307683229446411e-01
   -6.579658985137939e-01
   -1.668039411306381e-01
   -1.590185016393661e-01
   -4.782649278640747e-01
   -1.790012419223785e-01
   -4.505693614482880e-01
   -2.079237699508667e-01
   -4.788734912872314e-01
   -2.021323442459106e-01
   -3.364486694335938e-01
   -1.990857124328613e-01
   -3.047636747360229e-01
   -3.419748544692993e-01
   -2.116186767816544e-01
   -1.919885128736496e-01
   -1.710563451051712e-01
   -2.378848195075989e-01
   -3.760182559490204e-01
   -1.686122417449951e-01
   -1.691094487905502e-01
   -2.871541082859039e-01
   -1.685229241847992e-01
   -2.766050398349762e-01
   -2.909550964832306e-01
   -3.299722671508789e-01
   -2.658782005310059e-01
   -2.736213803291321e-01
   -5.045888423919678e-01
   -5.150978565216064e-01
   -2.182134836912155e-01
   -4.077511727809906e-01
   -2.155925631523132e-01
   -1.859776973724365e-01
   -1.691805720329285e-01
   -2.673240900039673e-01
   -1.639139652252197e-01
   -5.414593219757080e-01
   -5.727580785751343e-01
   -4.066815972328186e-01
   -2.903704941272736e-01
   -1.714556664228439e-01
   -4.095778465270996e-01
   -2.268724739551544e-01
   -2.078063189983368e-01
   -2.062410414218903e-01
   -2.038652002811432e-01
   -3.815330862998962e-01
   -6.310784220695496e-01
   -2.336285710334778e-01
   -2.534783184528351e-01
   -4.408169984817505e-01
   -1.965425014495850e-01
   -2.936227619647980e-01
   -4.775236546993256e-01
   -1.691885590553284e-01
   -2.395140230655670e-01
   -1.821876019239426e-01
   -1.726444661617279e-01
   -2.574155330657959e-01
   -6.921190023422241e-01
   -2.101747989654541e-01
   -2.006623893976212e-01
   -4.043958187103271e-01
   -2.165084183216095e-01
   -4.786501824855804e-01
   -1.474279910326004e-01
   -2.995261549949646e-01
   -1.797398328781128e-01
   -1.745715439319611e-01
   -2.058316320180893e-01
   -6.845135688781738e-01
   -3.321937620639801e-01
   -3.754247128963470e-01
   -3.046469688415527e-01
   -1.587911546230316e-01
   -6.737457513809204e-01
   -5.055447816848755e-01
   -3.160549402236938e-01
   -4.456178247928619e-01
   -4.197620153427124e-01
   -4.745930731296539e-01
   -6.627530455589294e-01
   -2.729445099830627e-01
   -2.760282158851624e-01
   -3.499998748302460e-01
   -2.102670520544052e-01
   -6.236262321472168e-01
   -2.294476032257080e-01
   -3.044082820415497e-01
   -1.819687783718109e-01
   -3.137950301170349e-01
   -2.271346747875214e-01
   -2.716827094554901e-01
   -2.397177815437317e-01
   -2.563119232654572e-01
   -2.086654752492905e-01
   -2.462233304977417e-01
   -2.223510146141052e-01
   -2.702732086181641e-01
   -2.855498790740967e-01
   -3.539114892482758e-01
   -2.060468792915344e-01
   -1.553295850753784e-01
   -3.350175619125366e-01
   -4.253918528556824e-01
   -1.571941077709198e-01
   -2.488285005092621e-01
   -2.202658206224442e-01
   -3.107617795467377e-01
   -1.945329159498215e-01
   -3.120358288288116e-01
   -6.748160123825073e-01
   -1.937381178140640e-01
   -2.092112749814987e-01
   -3.356952071189880e-01
   -2.233604788780212e-01
   -3.599454164505005e-01
   -1.846561729907990e-01
   -3.860292434692383e-01
   -1.589502096176147e-01
   -4.572827219963074e-01
   -4.318865537643433e-01
   -5.948631763458252e-01
   -1.930529475212097e-01
   -6.583665609359741e-01
   -1.690475344657898e-01
   -1.721134483814240e-01
   -5.721269845962524e-01
   -6.374990940093994e-01
   -6.231609582901001e-01
   -1.664504110813141e-01
   -1.491562873125076e-01
   -2.431995570659637e-01
   -1.695400774478912e-01
   -2.616745531558990e-01
   -4.974643290042877e-01
   -2.312258630990982e-01
   -1.574131548404694e-01
   -2.150939404964447e-01
   -4.178698062896729e-01
   -1.850910335779190e-01
   -1.517283469438553e-01
   -5.831308364868164e-01
   -1.889695376157761e-01
   -2.221811711788177e-01
   -5.042490363121033e-01
   -1.845719814300537e-01
   -1.825012862682343e-01
   -4.327113032341003e-01
   -2.369581907987595e-01
   -5.919141769409180e-01
   -2.083909362554550e-01
   -1.981532573699951e-01
   -1.734772026538849e-01
   -3.033498227596283e-01
   -2.713333070278168e-01
   -4.152173697948456e-01
   -2.151457369327545e-01
   -2.394940555095673e-01
   -2.156867831945419e-01
   -2.162351310253143e-01
   -2.946616411209106e-01
   -2.875137925148010e-01
   -2.190815806388855e-01
   -1.767317652702332e-01
   -1.728105098009109e-01
   -1.813138276338577e-01
   -6.136666536331177e-01
   -1.888260245323181e-01
   -4.468483328819275e-01
   -4.659121334552765e-01
   -2.232034504413605e-01
   -2.205037921667099e-01
   -4.203190505504608e-01
   -1.870820075273514e-01
   -2.485079914331436e-01
   -6.020168066024780e-01
   -2.122918069362640e-01
   -1.997482925653458e-01
   -1.836463510990143e-01
   -3.392448425292969e-01
   -4.782107174396515e-01
   -2.311685085296631e-01
   -3.010033369064331e-01
   -6.348135471343994e-01
   -2.191493809223175e-01
   -3.676758408546448e-01
   -1.753947138786316e-01
   -2.143035829067230e-01
   -3.356457948684692e-01
   -3.476806282997131e-01
   -1.670885384082794e-01
   -2.403470426797867e-01
   -2.372373044490814e-01
   -1.877463757991791e-01
   -2.474342584609985e-01
   -2.969949543476105e-01
   -1.781359016895294e-01
   -4.318053722381592e-01
   -3.036302924156189e-01
   -1.933462619781494e-01
   -2.879979610443115e-01
   -1.710791140794754e-01
   -2.816085815429688e-01
   -2.572351396083832e-01
   -3.770465850830078e-01
   -2.236977070569992e-01
   -4.997173547744751e-01
   -2.333871126174927e-01
   -1.946421563625336e-01
   -6.436266899108887e-01
   -2.679793834686279e-01
   -1.578637957572937e-01
   -5.357323884963989e-01
   -5.466127395629883e-01
   -4.602534174919128e-01
   -3.275669217109680e-01
   -1.574685424566269e-01
   -5.433320403099060e-01
   -1.856049895286560e-01
   -3.027676045894623e-01
   -2.438317239284515e-01
   -6.475706100463867e-01
   -2.408321052789688e-01
   -2.122674733400345e-01
   -4.553914964199066e-01
   -1.677940785884857e-01
   -3.105041384696960e-01
   -4.827299118041992e-01
   -1.995160728693008e-01
   -1.717613339424133e-01
   -1.962199658155441e-01
   -5.753387212753296e-01
   -4.566369652748108e-01
   -5.488871335983276e-01
   -2.170580029487610e-01
   -3.362025022506714e-01
   -2.754973173141479e-01
   -3.369081616401672e-01
   -1.582857668399811e-01
   -2.108689099550247e-01
   -2.515790164470673e-01
   -1.588801145553589e-01
   -1.554540395736694e-01
   -2.062515616416931e-01
   -3.328025341033936e-01
   -5.211327075958252e-01
   -5.952237844467163e-01
   -2.646687626838684e-01
   -1.640823781490326e-01
   -1.750264316797256e-01
   -1.704780161380768e-01
   -3.467827141284943e-01
   -4.059551358222961e-01
   -2.202228605747223e-01
   -1.715317964553833e-01
   -1.926329284906387e-01
   -6.458718776702881e-01
   -3.939945101737976e-01
   -2.942625284194946e-01
   -4.313503503799438e-01
   -2.366730868816376e-01
   -2.120996713638306e-01
   -5.334388017654419e-01
   -1.825125366449356e-01
   -3.801069855690002e-01
   -6.926605701446533e-01
   -1.684072911739349e-01
   -2.818331718444824e-01
   -2.021615654230118e-01
   -4.602557122707367e-01
   -2.361776232719421e-01
   -1.680545359849930e-01
   -5.493587255477905e-01
   -1.671592593193054e-01
   -4.614568948745728e-01
   -1.675500571727753e-01
   -6.121155023574829e-01
   -1.732109189033508e-01
   -1.971824467182159e-01
   -4.326930046081543e-01
   -4.615033566951752e-01
   -1.730193495750427e-01
   -5.431686639785767e-01
   -6.478036642074585e-01
   -2.777987718582153e-01
   -1.646445691585541e-01
   -2.856563925743103e-01
   -1.827665567398071e-01
   -2.318854629993439e-01
   -2.139168828725815e-01
   -2.443107366561890e-01
   -1.780559569597244e-01
   -4.658383727073669e-01
   -1.720691472291946e-01
   -1.833294630050659e-01
   -2.577415704727173e-01
   -1.522117257118225e-01
   -1.717699170112610e-01
   -4.650136232376099e-01
   -4.393465816974640e-01
   -2.572131752967834e-01
   -3.603097200393677e-01
   -2.292921543121338e-01
   -2.403448373079300e-01
   -1.981225162744522e-01
   -4.213665127754211e-01
   -5.851518511772156e-01
   -3.283891677856445e-01
   -4.693381786346436e-01
   -6.202550530433655e-01
   -2.154780626296997e-01
   -3.070612847805023e-01
   -1.920712888240814e-01
   -2.717385888099670e-01
   -1.646755188703537e-01
   -1.630552113056183e-01
   -1.704562306404114e-01
   -1.892685741186142e-01
   -6.559218764305115e-01
   -3.572861552238464e-01
   -1.644259095191956e-01
   -1.544921249151230e-01
   -2.549277245998383e-01
   -1.529101133346558e-01
   -1.623314768075943e-01
   -2.075626552104950e-01
   -3.051044046878815e-01
   -3.687192201614380e-01
   -2.257821261882782e-01
   -4.019056558609009e-01
   -4.178534746170044e-01
   -2.087544202804565e-01
   -1.774445474147797e-01
   -4.839715957641602e-01
   -1.824746727943420e-01
   -6.994351744651794e-01
   -2.447480559349060e-01
   -2.307682186365128e-01
   -1.841469556093216e-01
   -2.238018214702606e-01
   -2.674244642257690e-01
   -2.739599645137787e-01
   -3.028849959373474e-01
   -2.181040048599243e-01
   -1.644347012042999e-01
   -3.077162206172943e-01
   -3.579574227333069e-01
   -6.437143087387085e-01
   -3.042664527893066e-01
   -1.582559645175934e-01
   -1.947455704212189e-01
   -6.125841736793518e-01
   -2.258479297161102e-01
   -3.764798343181610e-01
   -2.714204490184784e-01
   -1.480416506528854e-01
   -1.581465601921082e-01
   -3.021009862422943e-01
   -5.209904909133911e-01
   -2.516316175460815e-01
   -2.030058056116104e-01
   -1.845416724681854e-01
   -4.698041975498199e-01
   -5.670470595359802e-01
   -2.243617773056030e-01
   -3.923220634460449e-01
   -2.338483333587646e-01
   -4.013300836086273e-01
   -1.490763276815414e-01
   -2.132629156112671e-01
   -1.496929824352264e-01
   -2.118786573410034e-01
   -1.676918864250183e-01
   -4.895167350769043e-01
   -1.714969873428345e-01
   -1.659646183252335e-01
   -1.483617424964905e-01
   -1.985161304473877e-01
   -1.653007417917252e-01
   -5.752149224281311e-01
   -2.058370709419250e-01
   -2.687277197837830e-01
   -1.562868058681488e-01
   -1.798339635133743e-01
   -1.821026802062988e-01
   -1.928680539131165e-01
   -1.541619300842285e-01
   -1.923844814300537e-01
   -1.699014008045197e-01
   -1.962975859642029e-01
   -4.152417182922363e-01
   -4.266981184482574e-01
   -1.872012615203857e-01
   -4.393233954906464e-01
   -5.662409067153931e-01
   -2.511647939682007e-01
   -4.350946545600891e-01
   -1.502805054187775e-01
   -1.874449253082275e-01
   -6.170359849929810e-01
   -3.290131092071533e-01
   -2.004442363977432e-01
   -6.753543019294739e-01
   -1.968418806791306e-01
   -6.284900307655334e-01
   -5.273544788360596e-01
   -3.882980346679688e-01
   -6.268683671951294e-01
   -2.399452626705170e-01
   -2.614608407020569e-01
   -2.171946018934250e-01
   -2.106752395629883e-01
   -2.736483812332153e-01
   -3.238994777202606e-01
   -4.081645011901855e-01
   -1.879633665084839e-01
   -3.007541894912720e-01
   -1.961332261562347e-01
   -4.183840453624725e-01
   -2.361730039119720e-01
   -4.779059886932373e-01
   -2.276014387607574e-01
   -2.521892189979553e-01
   -2.669512629508972e-01
   -1.589154601097107e-01
   -2.134194672107697e-01
   -3.095999062061310e-01
   -6.162282228469849e-01
   -1.750174313783646e-01
   -2.339866906404495e-01
   -4.181951284408569e-01
   -2.760003805160522e-01
   -2.131142914295197e-01
   -1.877315491437912e-01
   -2.462056875228882e-01
   -2.508543431758881e-01
   -5.387823581695557e-01
   -4.105771481990814e-01
   -1.907865852117538e-01
   -3.173079490661621e-01
   -1.822877526283264e-01
   -3.907148838043213e-01
   -1.519703269004822e-01
   -3.295230567455292e-01
   -1.888656020164490e-01
   -2.327181100845337e-01
   -1.792876422405243e-01
   -5.198476314544678e-01
   -1.644802242517471e-01
   -5.331110954284668e-01
   -5.925613045692444e-01
   -2.227111607789993e-01
   -1.638737469911575e-01
   -1.600982993841171e-01
   -2.516258656978607e-01
   -6.211071014404297e-01
   -6.379709243774414e-01
   -2.531726062297821e-01
   -2.361108362674713e-01
   -2.108988165855408e-01
   -3.687831461429596e-01
   -1.832816749811172e-01
   -1.709854304790497e-01
   -1.657815426588058e-01
   -1.947522759437561e-01
   -3.680233657360077e-01
   -1.840426623821259e-01
   -3.219794631004333e-01
   -5.294015407562256e-01
   -1.989650875329971e-01
   -2.783394455909729e-01
   -3.594777286052704e-01
   -6.541717648506165e-01
   -2.821720242500305e-01
   -3.782725930213928e-01
   -3.370858430862427e-01
   -5.375013351440430e-01
   -1.635557711124420e-01
   -2.532290220260620e-01
   -1.635631918907166e-01
   -4.997860491275787e-01
   -1.573689877986908e-01
   -1.787420064210892e-01
   -2.138160467147827e-01
   -1.674868911504745e-01
   -6.379085779190063e-01
   -6.142504215240479e-01
   -2.760162055492401e-01
   -1.990257501602173e-01
   -3.392809033393860e-01
   -1.464207917451859e-01
   -3.306098580360413e-01
   -4.500862658023834e-01
   -2.258061319589615e-01
   -6.670417189598083e-01
   -4.360885024070740e-01
   -4.610447883605957e-01
   -1.592553555965424e-01
   -2.364020943641663e-01
   -1.641058027744293e-01
   -4.347206354141235e-01
   -1.599034070968628e-01
   -3.829318583011627e-01
   -1.518039852380753e-01
   -1.519402414560318e-01
   -4.447253048419952e-01
   -4.691200852394104e-01
   -3.003385663032532e-01
   -3.518064022064209e-01
   -1.810944676399231e-01
   -2.122067660093307e-01
   -1.632968187332153e-01
   -2.042813599109650e-01
   -4.462121427059174e-01
   -1.553465425968170e-01
   -2.212297618389130e-01
   -1.492728888988495e-01
   -5.730996131896973e-01
   -1.898787319660187e-01
   -2.406429648399353e-01
   -2.388111948966980e-01
   -4.188258349895477e-01
   -2.511081993579865e-01
   -2.402832508087158e-01
   -1.526229232549667e-01
   -3.930835723876953e-01
   -3.269715309143066e-01
   -5.100438594818115e-01
   -2.618265151977539e-01
   -6.038851737976074e-01
   -3.823693990707397e-01
   -1.555816382169724e-01
   -1.816846728324890e-01
   -2.334658801555634e-01
   -4.245593845844269e-01
   -2.082847654819489e-01
   -1.920536458492279e-01
   -1.542247235774994e-01
   -5.668681263923645e-01
   -3.298583030700684e-01
   -1.576229631900787e-01
   -6.480352878570557e-01
   -2.314122766256332e-01
   -3.548015952110291e-01
   -1.899197399616241e-01
   -2.931923866271973e-01
   -1.878871023654938e-01
   -1.575381010770798e-01
   -6.707654595375061e-01
   -1.498197913169861e-01
   -2.845004200935364e-01
   -2.593103647232056e-01
   -1.597025990486145e-01
   -2.946252226829529e-01
   -1.908317804336548e-01
   -3.874696791172028e-01
   -4.723063707351685e-01
   -2.242047488689423e-01
   -1.753870844841003e-01
   -1.879622191190720e-01
   -3.436590433120728e-01
   -1.638242900371552e-01
   -2.206991314888000e-01
   -1.995953470468521e-01
   -2.106824517250061e-01
   -2.132730633020401e-01
   -3.404967188835144e-01
   -1.776944994926453e-01
   -1.798632740974426e-01
   -1.588971465826035e-01
   -1.968794465065002e-01
   -2.447866797447205e-01
   -1.588488668203354e-01
   -2.415710836648941e-01
   -3.185601234436035e-01
   -2.782508134841919e-01
   -2.276040911674500e-01
   -1.648906916379929e-01
   -1.500255465507507e-01
   -3.573455214500427e-01
   -3.370646834373474e-01
   -6.879363059997559e-01
   -1.580841541290283e-01
   -1.846598386764526e-01
   -2.984457612037659e-01
   -6.278028488159180e-01
   -3.841247558593750e-01
   -1.658874154090881e-01
   -5.483877658843994e-01
   -1.590181589126587e-01
   -2.453714013099670e-01
   -2.562786638736725e-01
   -1.946375221014023e-01
   -1.926565468311310e-01
   -2.034408301115036e-01
   -3.939200639724731e-01
   -3.600778579711914e-01
   -6.490579843521118e-01
   -3.356545269489288e-01
   -1.632100194692612e-01
   -1.985433548688889e-01
   -2.239334136247635e-01
   -3.939674496650696e-01
   -1.627356410026550e-01
   -3.013186454772949e-01
   -1.573722213506699e-01
   -1.740789115428925e-01
   -1.573575139045715e-01
   -2.560232877731323e-01
   -1.934424340724945e-01
   -1.963968575000763e-01
   -6.235513091087341e-01
   -5.107334256172180e-01
   -3.359685540199280e-01
   -2.181112170219421e-01
   -3.301631510257721e-01
   -2.594186067581177e-01
   -3.493216633796692e-01
   -3.221416771411896e-01
   -1.551258563995361e-01
   -2.162657529115677e-01
   -1.607939600944519e-01
   -4.664613604545593e-01
   -2.527800202369690e-01
   -1.948662698268890e-01
   -1.899088323116302e-01
   -2.829296588897705e-01
   -1.759530454874039e-01
   -1.898724138736725e-01
   -3.009181320667267e-01
   -4.857376515865326e-01
   -1.909161657094955e-01
   -2.967742979526520e-01
   -2.147465646266937e-01
   -3.200084567070007e-01
   -4.026978015899658e-01
   -2.301841378211975e-01
   -1.877939552068710e-01
   -2.028810083866119e-01
   -5.840960741043091e-01
   -1.882858723402023e-01
   -3.706168532371521e-01
   -3.573511242866516e-01
   -2.599185407161713e-01
   -2.003775686025620e-01
   -2.768574655056000e-01
   -3.271481990814209e-01
   -2.543211877346039e-01
   -5.047049522399902e-01
   -2.670427858829498e-01
   -2.826708555221558e-01
   -4.085170030593872e-01
   -1.544822454452515e-01
   -3.548856973648071e-01
   -6.499014496803284e-01
   -2.207687795162201e-01
   -2.611995935440063e-01
   -2.093867212533951e-01
   -3.078787326812744e-01
   -3.453857302665710e-01
   -1.629531681537628e-01
   -5.994548201560974e-01
   -2.081470191478729e-01
   -1.571741998195648e-01
   -3.306304514408112e-01
   -5.640738010406494e-01
   -5.306770801544189e-01
   -4.248881042003632e-01
   -3.556180000305176e-01
   -3.162478804588318e-01
   -3.543168902397156e-01
   -1.827002167701721e-01
   -2.826292812824249e-01
   -2.136927843093872e-01
   -5.813180208206177e-01
   -1.659906506538391e-01
   -2.499225288629532e-01
   -2.270413637161255e-01
   -2.356029301881790e-01
   -6.488991379737854e-01
   -3.625193536281586e-01
   -2.600710988044739e-01
   -3.963347673416138e-01
   -4.807173013687134e-01
   -3.080144822597504e-01
   -2.492886036634445e-01
   -2.216544747352600e-01
   -5.176253318786621e-01
   -1.700430065393448e-01
   -4.424191117286682e-01
   -2.771027386188507e-01
   -5.347014069557190e-01
   -1.741853654384613e-01
   -1.675886064767838e-01
   -2.130352407693863e-01
   -3.195759952068329e-01
   -1.964897215366364e-01
   -2.421841919422150e-01
   -1.548871099948883e-01
   -7.011303901672363e-01
   -5.786259174346924e-01
   -1.750230193138123e-01
   -3.940218389034271e-01
   -2.061982005834579e-01
   -2.498863637447357e-01
   -6.383807659149170e-01
   -1.565692573785782e-01
   -1.688221544027328e-01
   -2.106554806232452e-01
   -1.562973707914352e-01
   -5.100287199020386e-01
   -5.758893489837646e-01
   -6.048436164855957e-01
   -5.876984596252441e-01
   -3.835456371307373e-01
   -5.847952365875244e-01
   -1.617283821105957e-01
   -3.298207819461823e-01
   -3.126704394817352e-01
   -2.521174848079681e-01
   -1.788241565227509e-01
   -1.858480125665665e-01
   -2.484157979488373e-01
   -1.589326560497284e-01
   -5.047079324722290e-01
   -2.169714719057083e-01
   -2.209493070840836e-01
   -2.190439403057098e-01
   -3.556137681007385e-01
   -2.997110188007355e-01
   -2.669880986213684e-01
   -5.885800719261169e-01
   -1.596117168664932e-01
   -3.956308364868164e-01
   -1.542398333549500e-01
   -1.570823639631271e-01
   -2.064875066280365e-01
   -2.649757564067841e-01
   -1.792533397674561e-01
   -2.714153528213501e-01
   -1.824956983327866e-01
   -6.636146306991577e-01
   -1.496581137180328e-01
   -3.815927505493164e-01
   -1.941758394241333e-01
   -4.754159450531006e-01
   -6.195394396781921e-01
   -4.098478853702545e-01
   -1.757754236459732e-01
   -2.462421506643295e-01
   -1.643119752407074e-01
   -3.992073535919189e-01
   -3.803365528583527e-01
   -2.648902833461761e-01
   -4.034088850021362e-01
   -2.107997238636017e-01
   -4.392498433589935e-01
   -2.260658442974091e-01
   -1.899864971637726e-01
   -2.175788432359695e-01
   -3.229276239871979e-01
   -5.041861534118652e-01
   -4.215615689754486e-01
   -3.734241127967834e-01
   -4.642131924629211e-01
   -1.516465395689011e-01
   -2.055832296609879e-01
   -2.335034608840942e-01
   -6.428615450859070e-01
   -3.306414186954498e-01
   -1.713067144155502e-01
   -2.611575722694397e-01
   -1.600320786237717e-01
   -2.336664199829102e-01
   -3.167507648468018e-01
   -6.692229509353638e-01
   -2.006853967905045e-01
   -1.764916330575943e-01
   -4.572757184505463e-01
   -4.112076163291931e-01
   -5.576708316802979e-01
   -1.473187804222107e-01
   -2.477214336395264e-01
   -3.433271050453186e-01
   -2.424499094486237e-01
   -6.450985670089722e-01
   -2.490766346454620e-01
   -2.663163840770721e-01
   -6.075686216354370e-01
   -3.403976857662201e-01
   -1.807322055101395e-01
   -1.581677794456482e-01
   -3.588129281997681e-01
   -4.038820266723633e-01
   -2.910989224910736e-01
   -1.640509665012360e-01
   -2.982849776744843e-01
   -2.158727943897247e-01
   -3.522812724113464e-01
   -2.482142150402069e-01
   -3.012132644653320e-01
   -2.952644824981689e-01
   -4.199033975601196e-01
   -1.556655466556549e-01
   -3.538257181644440e-01
   -1.732193231582642e-01
   -2.215764820575714e-01
   -1.950937658548355e-01
   -3.008483052253723e-01
   -2.105861902236938e-01
   -2.686849534511566e-01
   -1.737962663173676e-01
   -1.592257916927338e-01
   -1.643500477075577e-01
   -3.673958182334900e-01
   -2.469072192907333e-01
   -3.313104212284088e-01
   -2.048377841711044e-01
   -6.433040499687195e-01
   -2.732144594192505e-01
   -3.539482355117798e-01
   -3.678166568279266e-01
   -1.900336593389511e-01
   -1.570290625095367e-01
   -2.855872809886932e-01
   -6.010255813598633e-01
   -3.651804327964783e-01
   -1.670642197132111e-01
   -2.053186595439911e-01
   -3.092717528343201e-01
   -1.701381504535675e-01
   -2.437138855457306e-01
   -2.791566252708435e-01
   -2.838778495788574e-01
   -2.363009452819824e-01
   -1.515805125236511e-01
   -3.169860541820526e-01
   -3.307256698608398e-01
   -3.510363101959229e-01
   -3.231489956378937e-01
   -3.132875561714172e-01
   -2.368976771831512e-01
   -3.355615139007568e-01
   -6.678602695465088e-01
   -3.988097906112671e-01
   -2.184843719005585e-01
   -4.118685424327850e-01
   -1.934013813734055e-01
   -1.627963185310364e-01
   -2.031661868095398e-01
   -6.354926228523254e-01
   -2.576743364334106e-01
   -2.716647088527679e-01
   -1.707178652286530e-01
   -2.603087723255157e-01
   -1.782438308000565e-01
   -1.528742909431458e-01
   -3.910507857799530e-01
   -2.236429452896118e-01
   -4.213387370109558e-01
   -5.526382923126221e-01
   -6.243450641632080e-01
   -6.395603418350220e-01
   -6.146882176399231e-01
   -2.846294939517975e-01
   -1.495259851217270e-01
   -1.508137285709381e-01
   -3.018194437026978e-01
   -1.872999370098114e-01
   -2.333356887102127e-01
   -1.714314818382263e-01
   -2.399078905582428e-01
   -5.515987873077393e-01
   -2.406755089759827e-01
   -5.583069324493408e-01
   -4.784923195838928e-01
   -1.561488211154938e-01
   -2.778964936733246e-01
   -2.072547078132629e-01
   -1.741078197956085e-01
   -3.470686972141266e-01
   -5.105947256088257e-01
   -2.994247674942017e-01
   -3.964339494705200e-01
   -3.138577938079834e-01
   -2.494344413280487e-01
   -2.238219380378723e-01
   -5.673704147338867e-01
   -1.995521038770676e-01
   -3.853361606597900e-01
   -2.912563085556030e-01
   -5.031498670578003e-01
   -5.740061998367310e-01
   -1.759707778692245e-01
   -4.235545992851257e-01
   -2.329634428024292e-01
   -3.099476099014282e-01
   -2.195299416780472e-01
   -1.680748909711838e-01
   -1.863058954477310e-01
   -2.825276851654053e-01
   -3.362024724483490e-01
   -6.687164306640625e-01
   -2.227743268013000e-01
   -2.851597070693970e-01
   -1.650582700967789e-01
   -4.009903669357300e-01
   -2.101717740297318e-01
   -4.592474102973938e-01
   -3.593007028102875e-01
   -4.226666986942291e-01
   -2.998638749122620e-01
   -2.483268678188324e-01
   -6.793942451477051e-01
   -1.867477893829346e-01
   -2.011057138442993e-01
   -1.666076481342316e-01
   -6.823803186416626e-01
   -2.421851158142090e-01
   -2.259420156478882e-01
   -2.042052745819092e-01
   -1.654396057128906e-01
   -6.135699152946472e-01
   -3.029678463935852e-01
   -1.910048127174377e-01
   -2.862398028373718e-01
   -3.634241819381714e-01
   -1.818425506353378e-01
   -6.359782218933105e-01
   -2.865767478942871e-01
   -6.367155909538269e-01
   -1.990919858217239e-01
   -3.101376593112946e-01
   -1.522976160049438e-01
   -2.957336306571960e-01
   -2.115033417940140e-01
   -2.100691646337509e-01
   -2.117049396038055e-01
   -1.907348036766052e-01
   -2.925529778003693e-01
   -1.581573337316513e-01
   -5.787472128868103e-01
   -3.221198022365570e-01
   -1.494861394166946e-01
   -2.347386777400970e-01
   -2.427697330713272e-01
   -5.010272860527039e-01
   -2.014136165380478e-01
   -6.003975868225098e-01
   -2.386285662651062e-01
   -2.114953696727753e-01
   -3.393911421298981e-01
   -5.627586841583252e-01
   -3.511223495006561e-01
   -1.710882782936096e-01
   -2.039643526077271e-01
   -2.158063352108002e-01
   -1.609490215778351e-01
   -2.689720392227173e-01
   -2.144839018583298e-01
   -1.554464846849442e-01
   -3.041866719722748e-01
   -1.501856744289398e-01
   -2.351020574569702e-01
   -6.715455055236816e-01
   -3.803426623344421e-01
   -1.494972407817841e-01
   -2.034763693809509e-01
   -6.654368638992310e-01
   -1.723259836435318e-01
   -6.219951510429382e-01
   -3.220469057559967e-01
   -1.668018996715546e-01
   -4.606648385524750e-01
   -2.792411744594574e-01
   -1.491430401802063e-01
   -3.832176923751831e-01
   -1.561139672994614e-01
   -6.037106513977051e-01
   -2.978042662143707e-01
   -1.818340122699738e-01
   -1.799340695142746e-01
   -5.466758012771606e-01
   -2.278606891632080e-01
   -5.779405832290649e-01
   -6.148775815963745e-01
   -5.825352072715759e-01
   -2.097212970256805e-01
   -6.737037897109985e-01
   -6.748764514923096e-01
   -1.991545110940933e-01
   -2.658606767654419e-01
   -3.044322133064270e-01
   -2.659600079059601e-01
   -5.159758329391479e-01
   -5.925804376602173e-01
   -1.527523547410965e-01
   -5.429781675338745e-01
   -6.249244213104248e-01
   -2.165007889270782e-01
   -3.259036242961884e-01
   -5.204964876174927e-01
   -4.000846147537231e-01
   -1.520918607711792e-01
   -3.711902797222137e-01
   -3.310944437980652e-01
   -3.057596385478973e-01
   -1.624425351619720e-01
   -3.792187571525574e-01
   -2.546235620975494e-01
   -1.496770679950714e-01
   -5.948586463928223e-01
   -1.926956772804260e-01
   -3.449694216251373e-01
   -5.441334247589111e-01
   -5.155548453330994e-01
   -3.131960034370422e-01
   -1.824432909488678e-01
   -2.137964069843292e-01
   -2.108795493841171e-01
   -2.100895494222641e-01
   -1.526078432798386e-01
   -1.646879315376282e-01
   -1.744976937770844e-01
   -3.728922903537750e-01
   -2.153770625591278e-01
   -6.281964778900146e-01
   -4.008237719535828e-01
   -2.146214991807938e-01
   -4.545075595378876e-01
   -4.716938138008118e-01
   -6.495914459228516e-01
   -1.506806313991547e-01
   -3.629156947135925e-01
   -4.605520069599152e-01
   -4.879027903079987e-01
   -3.575115799903870e-01
   -1.781313866376877e-01
   -3.105536997318268e-01
   -4.198672175407410e-01
   -5.648556351661682e-01
   -1.752590239048004e-01
   -3.639245331287384e-01
   -1.980416029691696e-01
   -1.591120362281799e-01
   -3.818292617797852e-01
   -2.973032593727112e-01
   -2.504119575023651e-01
   -5.413588285446167e-01
   -3.528458774089813e-01
   -3.501020967960358e-01
   -1.618051528930664e-01
   -5.563098788261414e-01
   -4.192664325237274e-01
   -2.183505445718765e-01
   -2.560664713382721e-01
   -6.678438186645508e-01
   -2.768544256687164e-01
   -3.103413581848145e-01
   -6.405798196792603e-01
   -1.781981587409973e-01
   -2.987678050994873e-01
   -1.596337407827377e-01
   -5.218405127525330e-01
   -1.759268194437027e-01
   -1.878035366535187e-01
   -2.545753121376038e-01
   -2.427992820739746e-01
   -1.629171967506409e-01
   -2.305142581462860e-01
   -1.688640415668488e-01
   -2.358997613191605e-01
   -6.179091334342957e-01
   -5.738828778266907e-01
   -1.930901557207108e-01
   -4.937536120414734e-01
   -6.566625833511353e-01
   -3.328343331813812e-01
   -1.651109755039215e-01
   -4.098872542381287e-01
   -4.929724335670471e-01
   -1.827783435583115e-01
   -5.832527279853821e-01
   -2.429489195346832e-01
   -1.744949817657471e-01
   -2.081562876701355e-01
   -2.551234662532806e-01
   -6.428771018981934e-01
   -1.945851445198059e-01
   -5.030113458633423e-01
   -3.979561328887939e-01
   -1.765477657318115e-01
   -2.194853723049164e-01
   -1.959872245788574e-01
   -1.580454856157303e-01
   -4.419240057468414e-01
   -5.267099738121033e-01
   -1.448897272348404e-01
   -5.607997179031372e-01
   -2.593300044536591e-01
   -1.515488624572754e-01
   -1.827517896890640e-01
   -4.289855957031250e-01
   -5.601854920387268e-01
   -2.609777152538300e-01
   -3.536378145217896e-01
   -1.807779371738434e-01
   -5.507460832595825e-01
   -3.002951145172119e-01
   -1.548792123794556e-01
   -2.612613737583160e-01
   -1.758943200111389e-01
   -1.539981067180634e-01
   -2.050443738698959e-01
   -2.521603703498840e-01
   -2.050478309392929e-01
   -1.849694550037384e-01
   -4.257879853248596e-01
   -3.766563832759857e-01
   -2.291667759418488e-01
   -2.911210954189301e-01
   -1.984545886516571e-01
   -2.093229293823242e-01
   -4.049904346466064e-01
   -1.675544679164886e-01
   -2.280561923980713e-01
   -2.258566170930862e-01
   -3.400169014930725e-01
   -2.580224871635437e-01
   -1.544454693794250e-01
   -1.560084521770477e-01
   -3.879854083061218e-01
   -3.315572738647461e-01
   -3.221218287944794e-01
   -1.692645251750946e-01
   -1.792582869529724e-01
   -1.953822225332260e-01
   -2.713047862052917e-01
   -2.696033120155334e-01
   -3.782288432121277e-01
   -2.368833720684052e-01
   -2.068619877099991e-01
   -4.079962670803070e-01
   -5.613874793052673e-01
   -2.787602841854095e-01
   -1.907243281602859e-01
   -4.592513144016266e-01
   -1.599153131246567e-01
   -3.268515169620514e-01
   -3.239551186561584e-01
   -2.248923182487488e-01
   -5.073659420013428e-01
   -1.772883534431458e-01
   -6.488939523696899e-01
   -3.567879199981689e-01
   -3.191359639167786e-01
   -3.027509450912476e-01
   -2.990610003471375e-01
   -1.745410263538361e-01
   -1.591919660568237e-01
   -1.560319960117340e-01
   -1.715060770511627e-01
   -5.492368936538696e-01
   -1.441316008567810e-01
   -1.980445533990860e-01
   -1.938871741294861e-01
   -1.664898395538330e-01
   -4.143209457397461e-01
   -6.365624666213989e-01
   -1.567792296409607e-01
   -2.825058102607727e-01
   -3.066499829292297e-01
   -1.848413944244385e-01
   -3.053730130195618e-01
   -1.742651462554932e-01
   -5.350506305694580e-01
   -2.853705883026123e-01
   -2.714758515357971e-01
   -3.174728453159332e-01
   -5.478402972221375e-01
   -1.834253221750259e-01
   -1.726460605859756e-01
   -1.947644203901291e-01
   -2.973824143409729e-01
   -1.936085522174835e-01
   -5.380660295486450e-01
   -1.714497953653336e-01
   -1.721359789371490e-01
   -1.724189966917038e-01
   -4.579479098320007e-01
   -2.808715701103210e-01
   -3.450116515159607e-01
   -6.116546392440796e-01
   -3.379846513271332e-01
   -2.299104630947113e-01
   -2.133578062057495e-01
   -2.208279520273209e-01
   -1.587018668651581e-01
   -3.446831107139587e-01
   -5.597286820411682e-01
   -1.734714210033417e-01
   -4.180707037448883e-01
   -3.296023607254028e-01
   -1.623925119638443e-01
   -6.280185580253601e-01
   -3.363722264766693e-01
   -3.198684155941010e-01
   -1.610950231552124e-01
   -6.478904485702515e-01
   -2.128476649522781e-01
   -6.633887887001038e-01
   -5.771431922912598e-01
   -1.996783465147018e-01
   -1.747073829174042e-01
   -2.846293449401855e-01
   -4.838164448738098e-01
   -1.725664138793945e-01
   -4.127745926380157e-01
   -4.600547552108765e-01
   -2.727707624435425e-01
   -2.879562377929688e-01
   -3.885373473167419e-01
   -1.613813787698746e-01
   -2.533675134181976e-01
   -5.424385666847229e-01
   -6.608484983444214e-01
   -1.830492019653320e-01
   -1.975969523191452e-01
   -6.504468917846680e-01
   -2.036422491073608e-01
   -2.362883388996124e-01
   -6.546968221664429e-01
   -1.626922637224197e-01
   -3.067147135734558e-01
   -3.373200297355652e-01
   -5.760740041732788e-01
   -2.068973034620285e-01
   -1.969094723463058e-01
   -2.175699919462204e-01
   -3.848885297775269e-01
   -3.193605244159698e-01
   -1.566692292690277e-01
   -5.266885757446289e-01
   -2.924985885620117e-01
   -2.193194925785065e-01
   -2.533933520317078e-01
   -4.096876084804535e-01
   -1.708389520645142e-01
   -3.022997677326202e-01
   -2.142546623945236e-01
   -4.187407195568085e-01
   -2.331536412239075e-01
   -2.035185694694519e-01
   -2.843241989612579e-01
   -2.214330732822418e-01
   -2.384444028139114e-01
   -1.572106182575226e-01
   -2.265132814645767e-01
   -2.446386367082596e-01
   -2.372656464576721e-01
   -6.427853703498840e-01
   -5.985331535339355e-01
   -2.383265346288681e-01
   -2.034402936697006e-01
   -6.400253772735596e-01
   -2.844488620758057e-01
   -4.615443944931030e-01
   -1.496778130531311e-01
   -3.844386935234070e-01
   -1.704111844301224e-01
   -1.457944512367249e-01
   -2.417592704296112e-01
   -5.386480689048767e-01
   -1.873887926340103e-01
   -4.066169261932373e-01
   -3.458881676197052e-01
   -6.114217042922974e-01
   -1.693550348281860e-01
   -2.824008464813232e-01
   -1.652933657169342e-01
   -2.997489571571350e-01
   -4.938273727893829e-01
   -3.362052440643311e-01
   -2.094256281852722e-01
   -1.554382443428040e-01
   -2.014814466238022e-01
   -1.605799198150635e-01
   -5.722989439964294e-01
   -2.283920049667358e-01
   -1.702473759651184e-01
   -2.303239405155182e-01
   -5.946713685989380e-01
   -1.540619283914566e-01
   -3.462698459625244e-01
   -1.993208974599838e-01
   -2.925086021423340e-01
   -1.596793085336685e-01
   -2.406146824359894e-01
   -2.306173443794250e-01
   -2.073966711759567e-01
   -3.066454529762268e-01
   -2.097469419240952e-01
   -1.815549731254578e-01
   -1.837429404258728e-01
   -5.142129659652710e-01
   -3.151582479476929e-01
   -1.486565768718719e-01
   -2.206774652004242e-01
   -2.924137711524963e-01
   -1.797933280467987e-01
   -5.417307615280151e-01
   -3.806796669960022e-01
   -4.528574049472809e-01
   -1.744785010814667e-01
   -2.625495791435242e-01
   -2.757445275783539e-01
   -2.922331392765045e-01
   -1.735983341932297e-01
   -1.479911804199219e-01
   -1.569430828094482e-01
   -1.745713204145432e-01
   -6.374613046646118e-01
   -3.698347806930542e-01
   -2.542562484741211e-01
   -2.571240365505219e-01
   -5.225840210914612e-01
   -2.891494631767273e-01
   -3.273783028125763e-01
   -5.217374563217163e-01
   -2.906700968742371e-01
   -3.607457280158997e-01
   -2.117774784564972e-01
   -2.740801274776459e-01
   -3.251514732837677e-01
   -4.060270190238953e-01
   -6.465405821800232e-01
   -1.596658527851105e-01
   -1.974241137504578e-01
   -1.625530272722244e-01
   -1.957865059375763e-01
   -1.822537183761597e-01
   -3.215434849262238e-01
   -1.736395210027695e-01
   -1.832048147916794e-01
   -2.005346566438675e-01
   -2.508137822151184e-01
   -2.250477969646454e-01
   -2.632575929164886e-01
   -6.399589180946350e-01
   -1.546261012554169e-01
   -5.940372943878174e-01
   -1.801048517227173e-01
   -2.107854187488556e-01
   -3.856447041034698e-01
   -4.308478534221649e-01
   -2.264121919870377e-01
   -1.546266227960587e-01
   -1.879086196422577e-01
   -3.267417848110199e-01
   -1.633729338645935e-01
   -4.071857333183289e-01
   -1.990824788808823e-01
   -2.242295742034912e-01
   -3.808471560478210e-01
   -2.394314110279083e-01
   -5.107393264770508e-01
   -1.518208831548691e-01
   -2.707824110984802e-01
   -2.331149578094482e-01
   -6.560279130935669e-01
   -1.630673110485077e-01
   -5.864020586013794e-01
   -4.370962977409363e-01
   -1.492702066898346e-01
   -1.977733075618744e-01
   -6.510459184646606e-01
   -5.750534534454346e-01
   -2.768146395683289e-01
   -1.787129640579224e-01
   -1.953257620334625e-01
   -1.904408335685730e-01
   -1.863870918750763e-01
   -4.769458174705505e-01
   -6.001259088516235e-01
   -1.781147122383118e-01
   -1.954597532749176e-01
   -1.739716529846191e-01
   -5.197300910949707e-01
   -2.663488090038300e-01
   -1.848495304584503e-01
   -5.248899459838867e-01
   -1.798625588417053e-01
   -5.264475345611572e-01
   -2.736342847347260e-01
   -3.886418938636780e-01
   -4.069074392318726e-01
   -7.005168199539185e-01
   -3.155680298805237e-01
   -5.021058320999146e-01
   -2.439787685871124e-01
   -5.392140150070190e-01
   -6.791216135025024e-01
   -2.124813795089722e-01
   -2.110079824924469e-01
   -6.215502619743347e-01
   -4.614043831825256e-01
   -3.522049784660339e-01
   -3.544321060180664e-01
   -2.959188520908356e-01
   -6.066035032272339e-01
   -1.870681345462799e-01
   -1.563870608806610e-01
   -3.969001770019531e-01
   -6.740602254867554e-01
   -4.043492972850800e-01
   -1.965697407722473e-01
   -3.487157523632050e-01
   -2.675451934337616e-01
   -2.341437339782715e-01
   -4.302450418472290e-01
   -2.233484387397766e-01
   -2.587366402149200e-01
   -1.953914314508438e-01
   -5.792350769042969e-01
   -3.983387649059296e-01
   -2.099981606006622e-01
   -3.445104956626892e-01
   -5.148530006408691e-01
   -3.496967852115631e-01
   -2.863778769969940e-01
   -6.014981269836426e-01
   -2.600285708904266e-01
   -5.308419466018677e-01
   -6.029106378555298e-01
   -2.457331120967865e-01
   -1.943709850311279e-01
   -2.176194489002228e-01
   -2.680154442787170e-01
   -1.579755246639252e-01
   -2.841942012310028e-01
   -6.332300901412964e-01
   -4.629298150539398e-01
   -2.048595994710922e-01
   -2.486182749271393e-01
   -4.763060808181763e-01
   -2.974559068679810e-01
   -2.854263484477997e-01
   -1.559220254421234e-01
   -2.202114760875702e-01
   -3.205988109111786e-01
   -2.406270951032639e-01
   -1.911283284425735e-01
   -2.141037434339523e-01
   -1.757240146398544e-01
   -3.749875128269196e-01
   -2.233708500862122e-01
   -1.851793825626373e-01
   -2.372165024280548e-01
   -6.025913953781128e-01
   -2.941221594810486e-01
   -3.403537869453430e-01
   -1.614308059215546e-01
   -2.192399501800537e-01
   -3.640200495719910e-01
   -3.288249373435974e-01
   -1.499275267124176e-01
   -3.515380024909973e-01
   -3.461162149906158e-01
   -2.224767506122589e-01
   -6.020202636718750e-01
   -1.510296612977982e-01
   -4.051949083805084e-01
   -2.965571284294128e-01
   -3.393172025680542e-01
   -3.397704362869263e-01
   -1.706298887729645e-01
   -2.089356482028961e-01
   -5.796120166778564e-01
   -4.818459749221802e-01
   -1.666864603757858e-01
   -6.881856322288513e-01
   -3.517739772796631e-01
   -1.733987629413605e-01
   -1.686319708824158e-01
   -3.456307053565979e-01
   -1.775209754705429e-01
   -1.551713049411774e-01
   -3.437508940696716e-01
   -3.427862524986267e-01
   -3.441133499145508e-01
   -4.534077942371368e-01
   -1.535810828208923e-01
   -1.679883599281311e-01
   -6.292304992675781e-01
   -1.589087545871735e-01
   -2.197981625795364e-01
   -2.162243276834488e-01
   -4.560975134372711e-01
   -2.865219116210938e-01
   -1.607492566108704e-01
   -5.077548027038574e-01
   -1.523447930812836e-01
   -2.271908819675446e-01
   -1.710447072982788e-01
   -1.851141899824142e-01
   -1.682806760072708e-01
   -6.258794665336609e-01
   -2.157266587018967e-01
   -2.064049690961838e-01
   -2.199629992246628e-01
   -2.345387339591980e-01
   -1.750905811786652e-01
   -2.622483074665070e-01
   -3.708291053771973e-01
   -2.614904046058655e-01
   -2.411514222621918e-01
   -1.644576191902161e-01
   -3.295106887817383e-01
   -2.295872569084167e-01
   -4.010636508464813e-01
   -2.984496057033539e-01
   -2.982667982578278e-01
   -1.696989387273788e-01
   -2.191974520683289e-01
   -1.582341343164444e-01
   -3.205225467681885e-01
   -2.617821693420410e-01
   -1.788378804922104e-01
   -3.605054020881653e-01
   -4.852512180805206e-01
   -1.655821204185486e-01
   -2.251996994018555e-01
   -3.487060964107513e-01
   -1.599451005458832e-01
   -4.613702297210693e-01
   -3.015266954898834e-01
   -3.221616744995117e-01
   -6.479481458663940e-01
   -2.644711434841156e-01
   -4.176613688468933e-01
   -1.834723651409149e-01
   -1.575708836317062e-01
   -2.184084951877594e-01
   -2.392635941505432e-01
   -2.253575921058655e-01
   -1.467592120170593e-01
   -2.579889297485352e-01
   -5.254566073417664e-01
   -2.566061913967133e-01
   -4.411306977272034e-01
   -5.049668550491333e-01
   -2.061130255460739e-01
   -5.941010713577271e-01
   -6.590104103088379e-01
   -2.633236348628998e-01
   -1.891694664955139e-01
   -2.141384184360504e-01
   -2.899313569068909e-01
   -5.179787874221802e-01
   -1.648738086223602e-01
   -5.538608431816101e-01
   -2.485439479351044e-01
   -3.886178135871887e-01
   -6.542031764984131e-01
   -5.679427981376648e-01
   -2.399889230728149e-01
   -5.720623731613159e-01
   -1.932016462087631e-01
   -1.810977309942245e-01
   -6.702600717544556e-01
   -5.479896068572998e-01
   -1.765860468149185e-01
   -4.035325050354004e-01
   -5.363197326660156e-01
   -2.051771581172943e-01
   -5.505867600440979e-01
   -5.709725618362427e-01
   -5.694767236709595e-01
   -3.656219542026520e-01
   -4.122703671455383e-01
   -2.114595472812653e-01
   -3.077072799205780e-01
   -2.942305803298950e-01
   -3.258087933063507e-01
   -3.400546014308929e-01
   -2.163222432136536e-01
   -1.484841257333755e-01
   -2.302461862564087e-01
   -4.000784754753113e-01
   -1.964197456836700e-01
   -3.752100765705109e-01
   -1.748223900794983e-01
   -1.674053519964218e-01
   -2.499953806400299e-01
   -2.665227949619293e-01
   -2.621306777000427e-01
   -2.347711920738220e-01
   -1.723024845123291e-01
   -1.648569554090500e-01
   -2.676934301853180e-01
   -1.573522537946701e-01
   -2.128709554672241e-01
   -2.345578223466873e-01
   -1.979448795318604e-01
   -6.518450379371643e-01
   -3.738014698028564e-01
   -1.991673409938812e-01
   -2.457396090030670e-01
   -1.629380881786346e-01
   -2.881293296813965e-01
   -1.828889250755310e-01
   -1.769632697105408e-01
   -2.257386147975922e-01
   -3.344087004661560e-01
   -2.048417478799820e-01
   -2.360039502382278e-01
   -1.966269016265869e-01
   -1.670778542757034e-01
   -3.117637336254120e-01
   -5.392001271247864e-01
   -1.544099301099777e-01
   -2.240489125251770e-01
   -2.760537564754486e-01
   -4.789399206638336e-01
   -6.755223274230957e-01
   -2.645743787288666e-01
   -1.610896885395050e-01
   -2.935361862182617e-01
   -2.244371473789215e-01
   -2.375676482915878e-01
   -1.694927811622620e-01
   -1.532928198575974e-01
   -2.332231253385544e-01
   -2.150335758924484e-01
   -3.184981048107147e-01
   -2.015343904495239e-01
   -2.203007340431213e-01
   -1.784137338399887e-01
   -2.773303985595703e-01
   -5.248392820358276e-01
   -1.617658436298370e-01
   -6.206139326095581e-01
   -2.125618010759354e-01
   -4.410881698131561e-01
   -1.571030169725418e-01
   -3.640314936637878e-01
   -4.179395437240601e-01
   -2.144798636436462e-01
   -1.602261066436768e-01
   -1.480387002229691e-01
   -1.523629873991013e-01
   -4.425367712974548e-01
   -6.733641624450684e-01
   -3.414866924285889e-01
   -1.651708334684372e-01
   -1.591819971799850e-01
   -2.969335317611694e-01
   -1.591124534606934e-01
   -1.451392471790314e-01
   -1.976139545440674e-01
   -6.594191789627075e-01
   -2.803565859794617e-01
   -6.257537603378296e-01
   -2.421226054430008e-01
   -1.779633462429047e-01
   -2.096792012453079e-01
   -3.372485041618347e-01
   -5.996024012565613e-01
   -2.810512781143188e-01
   -3.035773634910583e-01
   -1.948516368865967e-01
   -2.040243297815323e-01
   -2.829170227050781e-01
   -2.828989028930664e-01
   -3.267106711864471e-01
   -3.522008061408997e-01
   -4.295511841773987e-01
   -6.287622451782227e-01
   -3.336464762687683e-01
   -1.635678261518478e-01
   -2.270374298095703e-01
   -2.882584035396576e-01
   -3.652216196060181e-01
   -2.569958567619324e-01
   -5.776976346969604e-01
   -6.704274415969849e-01
   -3.378580510616302e-01
   -2.637381553649902e-01
   -2.083296030759811e-01
   -4.013686776161194e-01
   -4.129364788532257e-01
   -1.671451330184937e-01
   -3.707071840763092e-01
   -1.800848394632339e-01
   -4.668917059898376e-01
   -3.122364878654480e-01
   -3.176403045654297e-01
   -2.254354655742645e-01
   -1.969489157199860e-01
   -2.283792048692703e-01
   -2.132869660854340e-01
   -1.667175889015198e-01
   -3.234079182147980e-01
   -3.527664542198181e-01
   -2.426623255014420e-01
   -4.046545624732971e-01
   -2.124424874782562e-01
   -2.492019981145859e-01
   -4.186180830001831e-01
   -2.402891218662262e-01
   -3.761062622070312e-01
   -2.975706458091736e-01
   -5.188310146331787e-01
   -2.168877422809601e-01
   -4.197299778461456e-01
   -4.647791385650635e-01
   -5.940893888473511e-01
   -2.370726168155670e-01
   -6.145529747009277e-01
   -2.271805405616760e-01
   -2.182462513446808e-01
   -2.818683683872223e-01
   -5.489616990089417e-01
   -2.635290622711182e-01
   -2.093092948198318e-01
   -4.886410236358643e-01
   -1.686702221632004e-01
   -1.644070148468018e-01
   -2.605518698692322e-01
   -1.618472337722778e-01
   -1.933313310146332e-01
   -1.582678556442261e-01
   -5.771822333335876e-01
   -5.053915977478027e-01
   -3.770949840545654e-01
   -2.966744303703308e-01
   -1.527698487043381e-01
   -3.684641122817993e-01
   -5.548644065856934e-01
   -1.512684822082520e-01
   -4.344223141670227e-01
   -2.791451215744019e-01
   -1.741760671138763e-01
   -1.582800000905991e-01
   -1.878105103969574e-01
   -6.197088360786438e-01
   -1.717260479927063e-01
   -2.532123625278473e-01
   -1.551884412765503e-01
   -2.132566720247269e-01
   -1.999852955341339e-01
   -3.015892803668976e-01
   -2.501062750816345e-01
   -1.977953761816025e-01
   -3.407495617866516e-01
   -4.559179842472076e-01
   -3.360100388526917e-01
   -1.584465205669403e-01
   -6.621735095977783e-01
   -3.845801055431366e-01
   -3.698659539222717e-01
   -1.931671500205994e-01
   -2.335759103298187e-01
   -6.563479900360107e-01
   -2.044483870267868e-01
   -1.491110324859619e-01
   -3.656688928604126e-01
   -1.604664027690887e-01
   -3.800609409809113e-01
   -2.011286169290543e-01
   -5.284426212310791e-01
   -5.513941049575806e-01
   -4.474069774150848e-01
   -2.862921059131622e-01
   -3.699644207954407e-01
   -1.688876301050186e-01
   -2.234928607940674e-01
   -2.106357812881470e-01
   -2.328549921512604e-01
   -1.641153395175934e-01
   -6.497533321380615e-01
   -1.776516884565353e-01
   -2.325661182403564e-01
   -2.161126732826233e-01
   -3.527561128139496e-01
   -2.139957398176193e-01
   -2.612488269805908e-01
   -4.082334637641907e-01
   -1.499042063951492e-01
   -5.716961622238159e-01
   -3.158499896526337e-01
   -2.219217866659164e-01
   -2.959209680557251e-01
   -2.107614874839783e-01
   -2.094754129648209e-01
   -1.999425590038300e-01
   -3.594089448451996e-01
   -2.465379536151886e-01
   -1.931053698062897e-01
   -3.622642755508423e-01
   -2.617424130439758e-01
   -1.545829176902771e-01
   -6.524773836135864e-01
   -1.680552363395691e-01
   -5.089417695999146e-01
   -1.596308052539825e-01
   -2.530934214591980e-01
   -3.146898746490479e-01
   -4.304052293300629e-01
   -1.859928816556931e-01
   -1.866495907306671e-01
   -2.756624817848206e-01
   -4.306694567203522e-01
   -6.692050099372864e-01
   -2.004060149192810e-01
   -4.133238792419434e-01
   -2.228311598300934e-01
   -6.778759956359863e-01
   -6.171174049377441e-01
   -1.577674150466919e-01
   -2.531835436820984e-01
   -1.830031573772430e-01
   -1.484178602695465e-01
   -1.896635591983795e-01
   -1.590029001235962e-01
   -3.373969197273254e-01
   -4.024870991706848e-01
   -1.862935572862625e-01
   -2.819895446300507e-01
   -3.046132922172546e-01
   -1.860685944557190e-01
   -1.760582029819489e-01
   -2.260001897811890e-01
   -2.828117609024048e-01
   -1.591611057519913e-01
   -3.690217733383179e-01
   -2.963662147521973e-01
   -4.451627731323242e-01
   -2.289912998676300e-01
   -2.111043035984039e-01
   -4.162419736385345e-01
   -2.505706548690796e-01
   -1.546617597341537e-01
   -2.946082949638367e-01
   -2.234738469123840e-01
   -1.636984944343567e-01
   -3.029130101203918e-01
   -2.226830720901489e-01
   -2.202353477478027e-01
   -2.003739774227142e-01
   -3.677670359611511e-01
   -1.992481052875519e-01
   -3.408476114273071e-01
   -5.648231506347656e-01
   -3.270356953144073e-01
   -3.525881767272949e-01
   -1.864894479513168e-01
   -3.319318294525146e-01
   -2.697055637836456e-01
   -1.720043867826462e-01
   -4.066895246505737e-01
   -1.606581509113312e-01
   -6.221898794174194e-01
   -2.662051022052765e-01
   -4.861647784709930e-01
   -6.044688820838928e-01
   -6.562731266021729e-01
   -2.703727483749390e-01
   -1.857439726591110e-01
   -3.292816877365112e-01
   -2.711330056190491e-01
   -3.113313913345337e-01
   -3.024159073829651e-01
   -1.666638255119324e-01
   -5.053058266639709e-01
   -1.773829162120819e-01
   -3.172938525676727e-01
   -2.124955654144287e-01
   -4.650780856609344e-01
   -5.907551050186157e-01
   -5.561627149581909e-01
   -3.781465590000153e-01
   -2.617077827453613e-01
   -2.043484151363373e-01
   -2.290723919868469e-01
   -3.383955955505371e-01
   -2.222696989774704e-01
   -1.484551131725311e-01
   -2.017315626144409e-01
   -1.576046943664551e-01
   -5.330321788787842e-01
   -1.963863819837570e-01
   -1.567073911428452e-01
   -2.270257771015167e-01
   -1.837140619754791e-01
   -2.311027348041534e-01
   -2.024424076080322e-01
   -2.225562632083893e-01
   -1.504890322685242e-01
   -2.232134342193604e-01
   -2.539296746253967e-01
   -6.399921774864197e-01
   -2.255781888961792e-01
   -2.001771032810211e-01
   -2.319346368312836e-01
   -6.018013954162598e-01
   -1.994073539972305e-01
   -2.608572840690613e-01
   -3.586224615573883e-01
   -2.981725931167603e-01
   -2.688123583793640e-01
   -4.752658903598785e-01
   -1.746934801340103e-01
   -2.116998732089996e-01
   -1.621344089508057e-01
   -1.885399371385574e-01
   -3.129661381244659e-01
   -3.364681303501129e-01
   -1.706616729497910e-01
   -5.414046645164490e-01
   -2.778661549091339e-01
   -2.315783798694611e-01
   -2.271994948387146e-01
   -4.725783467292786e-01
   -2.918538749217987e-01
   -2.583152651786804e-01
   -5.927895307540894e-01
   -2.963027954101562e-01
   -2.002713978290558e-01
   -3.778534233570099e-01
   -4.156489968299866e-01
   -2.873694896697998e-01
   -2.727247774600983e-01
   -4.194046258926392e-01
   -2.634896934032440e-01
   -5.729357004165649e-01
   -2.075560837984085e-01
   -5.559765696525574e-01
   -2.425654232501984e-01
   -5.244020223617554e-01
   -1.759222447872162e-01
   -1.652885079383850e-01
   -4.059364199638367e-01
   -6.606645584106445e-01
   -6.359171867370605e-01
   -1.792968064546585e-01
   -1.939145624637604e-01
   -3.075499236583710e-01
   -2.339724004268646e-01
   -2.657512128353119e-01
   -6.459045410156250e-01
   -2.122708857059479e-01
   -1.661547124385834e-01
   -3.155416548252106e-01
   -2.838354110717773e-01
   -2.101061046123505e-01
   -5.287755727767944e-01
   -1.916069090366364e-01
   -1.774740517139435e-01
   -2.405935525894165e-01
   -2.816364169120789e-01
   -5.762438774108887e-01
   -1.929408162832260e-01
   -1.643406003713608e-01
   -1.867022514343262e-01
   -5.919740200042725e-01
   -2.086180150508881e-01
   -2.337574660778046e-01
   -6.472206711769104e-01
   -2.672255337238312e-01
   -2.432671189308167e-01
   -2.987960577011108e-01
   -3.825082480907440e-01
   -6.638400554656982e-01
   -2.268728017807007e-01
   -1.839043796062469e-01
   -3.992950320243835e-01
   -3.812419176101685e-01
   -6.751447916030884e-01
   -6.312763094902039e-01
   -1.909232735633850e-01
   -2.986800372600555e-01
   -5.864233970642090e-01
   -3.293572664260864e-01
   -2.066219747066498e-01
   -1.655210703611374e-01
   -3.130572736263275e-01
   -5.885545015335083e-01
   -2.805318832397461e-01
   -2.233777940273285e-01
   -3.734100162982941e-01
   -1.586637049913406e-01
   -2.635310888290405e-01
   -1.836466193199158e-01
   -3.518781661987305e-01
   -4.459389746189117e-01
   -2.919994592666626e-01
   -2.120088338851929e-01
   -1.605165302753448e-01
   -4.706761837005615e-01
   -2.772600650787354e-01
   -2.769988775253296e-01
   -2.967851161956787e-01
   -3.547205328941345e-01
   -2.032691240310669e-01
   -3.626306653022766e-01
   -3.185694515705109e-01
   -2.410927861928940e-01
   -5.283512473106384e-01
   -1.857404112815857e-01
   -5.532578229904175e-01
   -2.281040847301483e-01
   -4.922337830066681e-01
   -2.202825844287872e-01
   -3.192195594310760e-01
   -2.549483478069305e-01
   -5.747538805007935e-01
   -2.974404990673065e-01
   -1.686898171901703e-01
   -2.785187661647797e-01
   -1.832869648933411e-01
   -6.375782489776611e-01
   -4.790015220642090e-01
   -1.795841902494431e-01
   -4.872983098030090e-01
   -2.809453308582306e-01
   -2.203234285116196e-01
   -2.018728703260422e-01
   -5.924981236457825e-01
   -2.984646856784821e-01
   -2.289319187402725e-01
   -5.279624462127686e-01
   -2.382178008556366e-01
   -1.591499745845795e-01
   -1.636570543050766e-01
   -2.944875955581665e-01
   -5.458573102951050e-01
   -1.783635765314102e-01
   -5.461639165878296e-01
   -3.352712094783783e-01
   -1.826307475566864e-01
   -3.985337615013123e-01
   -2.733813822269440e-01
   -6.276954412460327e-01
   -1.711531877517700e-01
   -5.025140643119812e-01
   -4.582904875278473e-01
   -3.982070088386536e-01
   -5.927555561065674e-01
   -3.069870769977570e-01
   -1.747716814279556e-01
   -2.700861692428589e-01
   -5.388804674148560e-01
   -1.738502085208893e-01
   -6.246392130851746e-01
   -3.111633956432343e-01
   -2.975781857967377e-01
   -2.105915099382401e-01
   -5.979588031768799e-01
   -1.727654635906219e-01
   -2.121696323156357e-01
   -6.309868097305298e-01
   -3.715520501136780e-01
   -6.414107084274292e-01
   -2.612016201019287e-01
   -1.789793670177460e-01
   -2.625131607055664e-01
   -3.925361633300781e-01
   -6.256867647171021e-01
   -3.046337962150574e-01
   -2.546336650848389e-01
   -3.604703545570374e-01
   -1.984359622001648e-01
   -2.327223718166351e-01
   -3.864266872406006e-01
   -3.253891468048096e-01
   -1.807924360036850e-01
   -3.184781670570374e-01
   -1.945085078477859e-01
   -1.645081490278244e-01
   -1.611573696136475e-01
   -1.595558226108551e-01
   -4.696631431579590e-01
   -2.411509156227112e-01
   -1.578790694475174e-01
   -2.931776344776154e-01
   -1.783029586076736e-01
   -3.119556307792664e-01
   -4.102461040019989e-01
   -2.128554433584213e-01
   -3.563189804553986e-01
   -3.431783318519592e-01
   -2.097382247447968e-01
   -1.746394932270050e-01
   -2.023233324289322e-01
   -2.006604671478271e-01
   -1.986880898475647e-01
   -2.519842684268951e-01
   -2.004528641700745e-01
   -2.109447270631790e-01
   -2.281492948532104e-01
   -1.531085520982742e-01
   -1.944887936115265e-01
   -2.175832241773605e-01
   -4.101120233535767e-01
   -5.491309762001038e-01
   -2.097717076539993e-01
   -5.978685021400452e-01
   -5.541840791702271e-01
   -6.360279321670532e-01
   -1.606762111186981e-01
   -1.571687757968903e-01
   -2.336663007736206e-01
   -2.270786464214325e-01
   -5.307302474975586e-01
   -1.875967383384705e-01
   -2.264250516891479e-01
   -1.918873637914658e-01
   -3.230874240398407e-01
   -2.025522142648697e-01
   -1.624919325113297e-01
   -2.099044620990753e-01
   -5.049773454666138e-01
   -2.996369600296021e-01
   -1.842177063226700e-01
   -4.879175722599030e-01
   -6.158955097198486e-01
   -1.756857335567474e-01
   -3.614976406097412e-01
   -1.795099377632141e-01
   -2.213034331798553e-01
   -1.549550890922546e-01
   -6.212600469589233e-01
   -2.277873158454895e-01
   -6.564996838569641e-01
   -6.609042882919312e-01
   -4.824156761169434e-01
   -1.748957484960556e-01
   -2.131415009498596e-01
   -3.778505921363831e-01
   -2.100290060043335e-01
   -1.633473634719849e-01
   -6.870920658111572e-01
   -3.176873922348022e-01
   -6.699615716934204e-01
   -2.416688799858093e-01
   -1.873593479394913e-01
   -2.896407246589661e-01
   -1.900487244129181e-01
   -6.653677821159363e-01
   -2.818548083305359e-01
   -6.322007179260254e-01
   -2.105454206466675e-01
   -2.351743876934052e-01
   -2.585963606834412e-01
   -1.643171310424805e-01
   -3.059164583683014e-01
   -2.607217133045197e-01
   -2.193504869937897e-01
   -2.941129505634308e-01
   -1.500053852796555e-01
   -5.073131918907166e-01
   -2.290956974029541e-01
   -2.967093288898468e-01
   -1.642481535673141e-01
   -1.682030558586121e-01
   -1.660001873970032e-01
   -3.218419551849365e-01
   -1.514567136764526e-01
   -3.415520489215851e-01
   -2.390944361686707e-01
   -2.875315546989441e-01
   -1.718481928110123e-01
   -1.627816557884216e-01
   -3.428381681442261e-01
   -2.159525454044342e-01
   -1.975414007902145e-01
   -1.827117800712585e-01
   -1.975637078285217e-01
   -1.945060193538666e-01
   -3.333987593650818e-01
   -2.390600591897964e-01
   -3.080800175666809e-01
   -3.449141681194305e-01
   -1.775926947593689e-01
   -5.063768625259399e-01
   -4.762876927852631e-01
   -2.317753136157990e-01
   -4.316596388816833e-01
   -4.380286931991577e-01
   -4.101984500885010e-01
   -3.302882909774780e-01
   -4.787451028823853e-01
   -2.491271495819092e-01
   -4.984359443187714e-01
   -4.914600849151611e-01
   -3.358885645866394e-01
   -5.366489887237549e-01
   -3.729325532913208e-01
   -1.634225398302078e-01
   -2.071192115545273e-01
   -4.870439767837524e-01
   -5.788678526878357e-01
   -1.709761619567871e-01
   -2.180947959423065e-01
   -2.611939907073975e-01
   -2.445160150527954e-01
   -3.328320980072021e-01
   -3.600803613662720e-01
   -2.680216431617737e-01
   -2.419928312301636e-01
   -1.456951647996902e-01
   -5.675934553146362e-01
   -3.811961412429810e-01
   -4.929843246936798e-01
   -6.440820693969727e-01
   -2.318947315216064e-01
   -4.417122006416321e-01
   -3.336521685123444e-01
   -2.486247122287750e-01
   -1.656292676925659e-01
   -5.035480260848999e-01
   -5.394905805587769e-01
   -1.711020618677139e-01
   -4.181995987892151e-01
   -6.513336300849915e-01
   -2.453906536102295e-01
   -2.132454514503479e-01
   -1.674827933311462e-01
   -2.041940391063690e-01
   -2.928064167499542e-01
   -3.192338943481445e-01
   -2.106869220733643e-01
   -1.897071152925491e-01
   -3.400197625160217e-01
   -1.771185100078583e-01
   -3.164426386356354e-01
   -2.112064659595490e-01
   -5.465971231460571e-01
   -2.533001601696014e-01
   -5.657280683517456e-01
   -3.478910028934479e-01
   -5.804148316383362e-01
   -2.228636145591736e-01
   -1.652264147996902e-01
   -5.246846675872803e-01
   -1.498696058988571e-01
   -3.015078902244568e-01
   -4.599907994270325e-01
   -6.644424200057983e-01
   -2.571248412132263e-01
   -3.923595547676086e-01
   -1.792042404413223e-01
   -2.357545495033264e-01
   -2.369303405284882e-01
   -4.903329014778137e-01
   -5.913639068603516e-01
   -2.137309163808823e-01
   -2.398387342691422e-01
   -4.181177318096161e-01
   -1.771238446235657e-01
   -4.313151240348816e-01
   -3.928632736206055e-01
   -1.662618517875671e-01
   -1.908941268920898e-01
   -2.143445014953613e-01
   -6.604285836219788e-01
   -1.642186045646667e-01
   -2.086041867733002e-01
   -2.077834904193878e-01
   -3.049687743186951e-01
   -1.917525082826614e-01
   -2.246424257755280e-01
   -1.938244849443436e-01
   -2.197587937116623e-01
   -1.809343099594116e-01
   -3.743786215782166e-01
   -3.110563158988953e-01
   -1.734157353639603e-01
   -2.774546742439270e-01
   -2.098861336708069e-01
   -3.153582513332367e-01
   -2.009783387184143e-01
   -2.985528111457825e-01
   -2.972507476806641e-01
   -2.735869884490967e-01
   -3.078112006187439e-01
   -5.705052018165588e-01
   -2.394472658634186e-01
   -3.175307512283325e-01
   -1.833202391862869e-01
   -2.766374647617340e-01
   -2.166943401098251e-01
   -1.853225231170654e-01
   -1.957972049713135e-01
   -2.077336013317108e-01
   -3.498330414295197e-01
   -2.449321448802948e-01
   -2.771235406398773e-01
   -1.725057661533356e-01
   -4.834516048431396e-01
   -3.610337376594543e-01
   -3.581284284591675e-01
   -1.856674551963806e-01
   -6.407234668731689e-01
   -2.209336310625076e-01
   -2.432569712400436e-01
   -3.636329770088196e-01
   -1.824634969234467e-01
   -3.558117449283600e-01
   -3.524591326713562e-01
   -3.727196455001831e-01
   -2.911531925201416e-01
   -1.511697769165039e-01
   -3.342052102088928e-01
   -2.735492587089539e-01
   -2.498730421066284e-01
   -3.565177321434021e-01
   -1.678309738636017e-01
   -1.638240069150925e-01
   -1.578501760959625e-01
   -2.472200989723206e-01
   -3.372824192047119e-01
   -6.059538125991821e-01
   -1.442770808935165e-01
   -1.514034569263458e-01
   -3.880852162837982e-01
   -2.403630763292313e-01
   -6.336343288421631e-01
   -3.415238559246063e-01
   -1.955018043518066e-01
   -2.929484248161316e-01
   -1.548722237348557e-01
   -4.235208034515381e-01
   -4.683820903301239e-01
   -1.472853273153305e-01
   -1.744859069585800e-01
   -3.614191114902496e-01
   -6.140952110290527e-01
   -2.697032094001770e-01
   -5.927346944808960e-01
   -1.714920997619629e-01
   -3.147326111793518e-01
   -3.653922975063324e-01
   -6.952090859413147e-01
   -6.290729641914368e-01
   -3.298506736755371e-01
   -4.163645505905151e-01
   -5.935903787612915e-01
   -1.702515929937363e-01
   -2.779397964477539e-01
   -2.479962110519409e-01
   -1.546537578105927e-01
   -2.306638509035110e-01
   -4.359876811504364e-01
   -1.675592064857483e-01
   -2.620359063148499e-01
   -3.393543362617493e-01
   -1.532325148582458e-01
   -1.659668833017349e-01
   -2.442836165428162e-01
   -3.279060125350952e-01
   -3.625603318214417e-01
   -5.577381849288940e-01
   -2.334181666374207e-01
   -2.677627503871918e-01
   -1.452509760856628e-01
   -3.215693831443787e-01
   -2.118947356939316e-01
   -2.546830475330353e-01
   -3.508035540580750e-01
   -2.053563892841339e-01
   -1.975765526294708e-01
   -2.866262793540955e-01
   -1.595812737941742e-01
   -1.910728216171265e-01
   -6.090620756149292e-01
   -5.465916395187378e-01
   -1.589187532663345e-01
   -3.618741631507874e-01
   -3.790388107299805e-01
   -2.041471600532532e-01
   -5.236022472381592e-01
   -2.346899062395096e-01
   -6.470357179641724e-01
   -1.809908002614975e-01
   -1.667729169130325e-01
   -6.564279794692993e-01
   -1.664931476116180e-01
   -2.474338114261627e-01
   -3.074032068252563e-01
   -4.902814328670502e-01
   -3.448318839073181e-01
   -6.357650756835938e-01
   -5.935335159301758e-01
   -2.966039776802063e-01
   -1.671670824289322e-01
   -2.720426917076111e-01
   -5.202074050903320e-01
   -1.772331297397614e-01
   -3.575391471385956e-01
   -1.770225763320923e-01
   -2.110855728387833e-01
   -1.742168068885803e-01
   -3.647295236587524e-01
   -2.418233752250671e-01
   -2.595314979553223e-01
   -3.929049968719482e-01
   -2.972627580165863e-01
   -4.295855760574341e-01
   -1.709409058094025e-01
   -1.931548714637756e-01
   -3.220441341400146e-01
   -2.106415778398514e-01
   -1.900714039802551e-01
   -4.844554960727692e-01
   -4.581987559795380e-01
   -2.585629224777222e-01
   -6.242471933364868e-01
   -4.039872288703918e-01
   -5.979468822479248e-01
   -3.519574999809265e-01
   -6.837977170944214e-01
   -3.236916661262512e-01
   -2.639792859554291e-01
   -4.632371068000793e-01
   -5.268476009368896e-01
   -1.884927451610565e-01
   -2.046869397163391e-01
   -1.767358630895615e-01
   -6.558653712272644e-01
   -2.752957344055176e-01
   -1.832496076822281e-01
   -2.298502027988434e-01
   -1.726091802120209e-01
   -3.409917652606964e-01
   -2.153582274913788e-01
   -3.942922949790955e-01
   -3.149735331535339e-01
   -3.843955993652344e-01
   -6.836156845092773e-01
   -2.927333116531372e-01
   -4.105477035045624e-01
   -1.737205535173416e-01
   -6.552617549896240e-01
   -2.869181334972382e-01
   -5.435374975204468e-01
   -2.869599461555481e-01
   -3.958949446678162e-01
   -5.575405359268188e-01
   -2.213273644447327e-01
   -3.670652508735657e-01
   -3.063824474811554e-01
   -2.575442194938660e-01
   -2.440873831510544e-01
   -2.101344168186188e-01
   -2.010819166898727e-01
   -1.582413166761398e-01
   -4.165514409542084e-01
   -2.751674056053162e-01
   -1.511686742305756e-01
   -3.833048045635223e-01
   -4.511243104934692e-01
   -3.775892257690430e-01
   -6.805949211120605e-01
   -4.264923334121704e-01
   -1.693019717931747e-01
   -2.567559182643890e-01
   -2.900500893592834e-01
   -2.072472125291824e-01
   -2.294648885726929e-01
   -3.585026264190674e-01
   -1.737999022006989e-01
   -1.765201687812805e-01
   -2.970645129680634e-01
   -1.653932780027390e-01
   -1.830155253410339e-01
   -2.419210970401764e-01
   -5.964483022689819e-01
   -2.059121429920197e-01
   -3.426784873008728e-01
   -1.835964322090149e-01
   -2.295889854431152e-01
   -2.567347884178162e-01
   -1.651678532361984e-01
   -6.409587860107422e-01
   -2.189769148826599e-01
   -6.234357953071594e-01
   -6.895388364791870e-01
   -2.587155103683472e-01
   -3.863721191883087e-01
   -3.525857329368591e-01
   -1.545101851224899e-01
   -2.558671236038208e-01
   -1.584473848342896e-01
   -5.570012927055359e-01
   -2.001168131828308e-01
   -1.819376647472382e-01
   -1.705884784460068e-01
   -1.934088319540024e-01
   -2.661193311214447e-01
   -2.422331422567368e-01
   -6.132645606994629e-01
   -1.643283963203430e-01
   -4.228540360927582e-01
   -1.841692775487900e-01
   -2.298568189144135e-01
   -2.552870213985443e-01
   -1.468848735094070e-01
   -6.245414018630981e-01
   -1.556094586849213e-01
   -1.997820436954498e-01
   -1.789147704839706e-01
   -2.184377312660217e-01
   -5.748350620269775e-01
   -2.945812642574310e-01
   -3.281809985637665e-01
   -6.754570007324219e-01
   -1.548566669225693e-01
   -1.828577220439911e-01
   -6.641718745231628e-01
   -3.315381407737732e-01
   -6.640830039978027e-01
   -1.609098911285400e-01
   -5.906246900558472e-01
   -1.675542593002319e-01
   -1.852221488952637e-01
   -2.406634688377380e-01
   -1.985459178686142e-01
   -2.231255322694778e-01
   -1.519757807254791e-01
   -1.719781905412674e-01
   -5.489290356636047e-01
   -1.623659878969193e-01
   -1.923376470804214e-01
   -5.156578421592712e-01
   -2.149013131856918e-01
   -4.029423296451569e-01
   -2.095029950141907e-01
   -3.040643334388733e-01
   -2.042993456125259e-01
   -3.754695057868958e-01
   -3.486191034317017e-01
   -1.795883327722549e-01
   -6.843549013137817e-01
   -3.269937336444855e-01
   -6.416698098182678e-01
   -2.349002510309219e-01
   -5.955812931060791e-01
   -3.975971937179565e-01
   -4.807054102420807e-01
   -1.986833214759827e-01
   -2.664919495582581e-01
   -3.276570439338684e-01
   -3.245870769023895e-01
   -1.617420613765717e-01
   -3.609492778778076e-01
   -6.290894746780396e-01
   -1.916673779487610e-01
   -2.638722658157349e-01
   -5.113217830657959e-01
   -1.814354062080383e-01
   -6.839374303817749e-01
   -2.195672541856766e-01
   -1.663827002048492e-01
   -2.138359993696213e-01
   -2.516993284225464e-01
   -1.485496163368225e-01
   -2.778433263301849e-01
   -6.361987590789795e-01
   -2.446564733982086e-01
   -2.146315574645996e-01
   -5.965861678123474e-01
   -3.025756478309631e-01
   -2.880132794380188e-01
   -2.867799401283264e-01
   -3.255055248737335e-01
   -3.005606532096863e-01
   -3.324287831783295e-01
   -1.968403160572052e-01
   -4.220966100692749e-01
   -1.724479347467422e-01
   -2.796390652656555e-01
   -6.793057322502136e-01
   -5.161110162734985e-01
   -3.581922948360443e-01
   -3.697417080402374e-01
   -1.552421450614929e-01
   -1.547709554433823e-01
   -1.798744499683380e-01
   -3.036711812019348e-01
   -3.311488330364227e-01
   -2.424048781394958e-01
   -6.337095499038696e-01
   -3.340979218482971e-01
   -2.923261225223541e-01
   -2.041139602661133e-01
   -2.264739871025085e-01
   -1.501840800046921e-01
   -6.230340003967285e-01
   -2.656324505805969e-01
   -6.643035411834717e-01
   -2.404941618442535e-01
   -1.492583453655243e-01
   -1.511445194482803e-01
   -2.965039014816284e-01
   -2.209280431270599e-01
   -2.186993658542633e-01
   -1.722012162208557e-01
   -2.702413797378540e-01
   -5.189462900161743e-01
   -6.201086044311523e-01
   -1.756244450807571e-01
   -1.534634232521057e-01
   -6.119930744171143e-01
   -1.651175022125244e-01
   -4.639716744422913e-01
   -5.933481454849243e-01
   -2.045900374650955e-01
   -6.226301193237305e-01
   -3.723874390125275e-01
   -1.573988348245621e-01
   -3.004666864871979e-01
   -4.920653104782104e-01
   -2.090176045894623e-01
   -2.566840052604675e-01
   -2.592674195766449e-01
   -3.036957979202271e-01
   -5.645691156387329e-01
   -3.071929812431335e-01
   -3.670644760131836e-01
   -2.254456877708435e-01
   -4.311978220939636e-01
   -3.781093358993530e-01
   -1.586287617683411e-01
   -6.200833320617676e-01
   -4.500539004802704e-01
   -2.873785793781281e-01
   -2.422498464584351e-01
   -3.030569851398468e-01
   -4.171965122222900e-01
   -3.278400897979736e-01
   -2.841733098030090e-01
   -2.307681739330292e-01
   -1.540765166282654e-01
   -1.540772020816803e-01
   -1.792207956314087e-01
   -2.248924523591995e-01
   -2.835973203182220e-01
   -2.671297192573547e-01
   -1.748632788658142e-01
   -6.203303337097168e-01
   -1.600863039493561e-01
   -4.285348355770111e-01
   -1.626578867435455e-01
   -1.543179899454117e-01
   -2.250269055366516e-01
   -2.065289169549942e-01
   -2.017851024866104e-01
   -1.583779454231262e-01
   -2.733425199985504e-01
   -5.572307109832764e-01
   -1.938541829586029e-01
   -2.391050010919571e-01
   -1.837573945522308e-01
   -2.007785439491272e-01
   -2.909196317195892e-01
   -4.815129339694977e-01
   -2.776051461696625e-01
   -3.977484405040741e-01
   -1.529788374900818e-01
   -1.799016296863556e-01
   -2.720046639442444e-01
   -5.655484199523926e-01
   -1.458410173654556e-01
   -4.131479859352112e-01
   -2.064255923032761e-01
   -1.711963713169098e-01
   -4.229750633239746e-01
   -2.507346570491791e-01
   -3.240165710449219e-01
   -1.674017310142517e-01
   -2.290341854095459e-01
   -5.164269208908081e-01
   -1.920914798974991e-01
   -5.082978010177612e-01
   -2.781689763069153e-01
   -1.919419616460800e-01
   -2.423909157514572e-01
   -1.703591346740723e-01
   -5.528528094291687e-01
   -1.598669439554214e-01
   -2.603842616081238e-01
   -5.629857778549194e-01
   -3.579441308975220e-01
   -3.813781738281250e-01
   -2.256096899509430e-01
   -2.288611680269241e-01
   -3.353779911994934e-01
   -2.868917584419250e-01
   -3.569582104682922e-01
   -3.728280067443848e-01
   -2.679543793201447e-01
   -2.079095244407654e-01
   -2.336412072181702e-01
   -3.761059939861298e-01
   -4.333582222461700e-01
   -3.277400732040405e-01
   -2.929039597511292e-01
   -2.834277451038361e-01
   -5.582635402679443e-01
   -1.951405405998230e-01
   -6.619158387184143e-01
   -6.028859615325928e-01
   -6.567653417587280e-01
   -2.822246551513672e-01
   -4.401575028896332e-01
   -1.781196296215057e-01
   -6.080055236816406e-01
   -2.005127519369125e-01
   -1.710882484912872e-01
   -6.530038118362427e-01
   -2.384699285030365e-01
   -5.108631849288940e-01
   -2.913312911987305e-01
   -3.584935367107391e-01
   -2.350198328495026e-01
   -2.532844543457031e-01
   -5.839956998825073e-01
   -1.510829627513885e-01
   -3.700250089168549e-01
   -1.640527695417404e-01
   -1.587240099906921e-01
   -6.517055034637451e-01
   -3.260710239410400e-01
   -3.170795440673828e-01
   -1.456876248121262e-01
   -2.113156169652939e-01
   -2.079160809516907e-01
   -4.799543619155884e-01
   -1.987849175930023e-01
   -1.733135133981705e-01
   -5.597985982894897e-01
   -3.688263595104218e-01
   -6.833491921424866e-01
   -4.309034347534180e-01
   -1.846648752689362e-01
   -1.765957474708557e-01
   -2.156050801277161e-01
   -4.723705053329468e-01
   -6.236959099769592e-01
   -1.789233386516571e-01
   -5.299674868583679e-01
   -1.970733255147934e-01
   -2.800396680831909e-01
   -3.598731756210327e-01
   -2.854833602905273e-01
   -2.193285226821899e-01
   -2.292591631412506e-01
   -5.763263702392578e-01
   -1.849177479743958e-01
   -3.218348622322083e-01
   -6.100668311119080e-01
   -2.929482460021973e-01
   -5.719610452651978e-01
   -6.469324827194214e-01
   -4.422250092029572e-01
   -1.615070402622223e-01
   -2.275898158550262e-01
   -1.834822297096252e-01
   -3.303168416023254e-01
   -4.192956686019897e-01
   -3.620041608810425e-01
   -4.355898499488831e-01
   -1.860815286636353e-01
   -2.305648177862167e-01
   -1.637904345989227e-01
   -6.592421531677246e-01
   -4.083811640739441e-01
   -2.209341228008270e-01
   -1.567006111145020e-01
   -3.651186823844910e-01
   -2.229971289634705e-01
   -1.823188215494156e-01
   -5.471732616424561e-01
   -6.153489351272583e-01
   -1.936551332473755e-01
   -3.317421078681946e-01
   -3.905814290046692e-01
   -1.657108962535858e-01
   -1.906611621379852e-01
   -1.625934392213821e-01
   -1.667912453413010e-01
   -2.501963078975677e-01
   -5.241352915763855e-01
   -1.964761316776276e-01
   -3.980115056037903e-01
   -1.813692897558212e-01
   -2.175153791904449e-01
   -1.899715363979340e-01
   -2.561277449131012e-01
   -2.723556160926819e-01
   -5.768859386444092e-01
   -4.071863293647766e-01
   -3.021483421325684e-01
   -5.013124346733093e-01
   -3.019543886184692e-01
   -3.858264684677124e-01
   -1.874548494815826e-01
   -1.955358237028122e-01
   -2.700730860233307e-01
   -5.092755556106567e-01
   -3.133136630058289e-01
   -2.706907391548157e-01
   -1.594501882791519e-01
   -1.543315201997757e-01
   -1.713866293430328e-01
   -1.660943776369095e-01
   -1.617512851953506e-01
   -6.340570449829102e-01
   -1.591229438781738e-01
   -2.131249010562897e-01
   -1.867982000112534e-01
   -1.692233830690384e-01
   -2.080887556076050e-01
   -4.123349785804749e-01
   -2.643874585628510e-01
   -1.866280436515808e-01
   -1.490945816040039e-01
   -6.584670543670654e-01
   -5.999196767807007e-01
   -4.717616140842438e-01
   -6.074386835098267e-01
   -5.646405220031738e-01
   -1.829289644956589e-01
   -4.334710836410522e-01
   -4.702886044979095e-01
   -3.122208416461945e-01
   -2.945753037929535e-01
   -1.868003606796265e-01
   -1.792977005243301e-01
   -2.762165367603302e-01
   -5.768620967864990e-01
   -1.567299067974091e-01
   -3.179267048835754e-01
   -5.481302738189697e-01
   -4.841014444828033e-01
   -1.975198984146118e-01
   -1.816750466823578e-01
   -1.780549883842468e-01
   -3.770250976085663e-01
   -1.902272254228592e-01
   -2.476587891578674e-01
   -1.990960091352463e-01
   -4.110859930515289e-01
   -4.253522753715515e-01
   -2.552331686019897e-01
   -2.110442370176315e-01
   -1.662908494472504e-01
   -2.311055958271027e-01
   -1.625262051820755e-01
   -2.295111864805222e-01
   -2.978330850601196e-01
   -2.001390904188156e-01
   -5.812749266624451e-01
   -6.389462947845459e-01
   -2.655924558639526e-01
   -3.163191676139832e-01
   -3.174222111701965e-01
   -1.896941363811493e-01
   -1.533268392086029e-01
   -2.388469278812408e-01
   -3.161525726318359e-01
   -1.915120184421539e-01
   -2.213380932807922e-01
   -2.607526779174805e-01
   -3.850100636482239e-01
   -4.304422140121460e-01
   -3.361874818801880e-01
   -3.383236527442932e-01
   -2.379155606031418e-01
   -1.705995500087738e-01
   -3.709273338317871e-01
   -2.417861223220825e-01
   -1.740055531263351e-01
   -1.475873440504074e-01
   -6.486405134201050e-01
   -2.728595733642578e-01
   -2.127293199300766e-01
   -2.325788736343384e-01
   -3.285233378410339e-01
   -2.438229620456696e-01
   -6.083693504333496e-01
   -5.520141124725342e-01
   -4.682323038578033e-01
   -2.118628323078156e-01
   -1.972738206386566e-01
   -2.259945571422577e-01
   -1.562660783529282e-01
   -3.598179221153259e-01
   -2.758904099464417e-01
   -2.124384939670563e-01
   -4.631696641445160e-01
   -3.677250742912292e-01
   -2.970255017280579e-01
   -6.068550348281860e-01
   -1.485034078359604e-01
   -2.260719090700150e-01
   -2.867041230201721e-01
   -1.582130938768387e-01
   -2.303837835788727e-01
   -6.319156885147095e-01
   -2.837098538875580e-01
   -6.259489655494690e-01
   -1.891847103834152e-01
   -2.545471191406250e-01
   -2.991400361061096e-01
   -3.564706146717072e-01
   -1.892786026000977e-01
   -3.248473703861237e-01
   -4.952922761440277e-01
   -1.623028814792633e-01
   -1.705990731716156e-01
   -4.759438931941986e-01
   -1.951562315225601e-01
   -6.650803089141846e-01
   -1.809809207916260e-01
   -2.320306003093719e-01
   -1.953805685043335e-01
   -6.478505134582520e-01
   -2.448073178529739e-01
   -1.743394136428833e-01
   -1.773117035627365e-01
   -2.921746373176575e-01
   -1.577915400266647e-01
   -1.472909301519394e-01
   -4.618670940399170e-01
   -2.348360121250153e-01
   -2.764410972595215e-01
   -2.207751870155334e-01
   -5.329559445381165e-01
   -1.819494366645813e-01
   -4.303899109363556e-01
   -2.197497785091400e-01
   -1.767627298831940e-01
   -1.598628014326096e-01
   -4.117330014705658e-01
   -3.690380454063416e-01
   -3.625406026840210e-01
   -3.526418209075928e-01
   -4.981073737144470e-01
   -3.045424818992615e-01
   -2.650683224201202e-01
   -1.951363086700439e-01
   -2.140050530433655e-01
   -2.425640076398849e-01
   -3.541157543659210e-01
   -2.954632341861725e-01
   -3.426764011383057e-01
   -1.742173731327057e-01
   -3.949055075645447e-01
   -6.525807380676270e-01
   -3.576602935791016e-01
   -4.151967763900757e-01
   -5.220575332641602e-01
   -4.611010551452637e-01
   -1.620716303586960e-01
   -4.234287142753601e-01
   -2.028757780790329e-01
   -1.887528896331787e-01
   -2.285937219858170e-01
   -2.363670766353607e-01
   -1.910288780927658e-01
   -1.617492437362671e-01
   -1.551882922649384e-01
   -5.352540016174316e-01
   -1.746085137128830e-01
   -6.717182397842407e-01
   -3.934291005134583e-01
   -1.470997929573059e-01
   -4.224652349948883e-01
   -4.696013927459717e-01
   -2.178684324026108e-01
   -2.982959151268005e-01
   -6.128264665603638e-01
   -1.813443899154663e-01
   -3.962566256523132e-01
   -3.369118571281433e-01
   -1.572832465171814e-01
   -3.446914851665497e-01
   -1.990538537502289e-01
   -3.082572817802429e-01
   -2.714782357215881e-01
   -2.235534340143204e-01
   -1.930349767208099e-01
   -3.819743394851685e-01
   -3.479554057121277e-01
   -3.672856390476227e-01
   -2.900668382644653e-01
   -5.270711183547974e-01
   -3.199375271797180e-01
   -2.861726880073547e-01
   -3.507108092308044e-01
   -2.150249034166336e-01
   -6.130291819572449e-01
   -1.927233636379242e-01
   -2.302694320678711e-01
   -1.507310867309570e-01
   -3.377186954021454e-01
   -3.668710291385651e-01
   -1.863039582967758e-01
   -4.085173606872559e-01
   -2.737320661544800e-01
   -1.504998803138733e-01
   -2.125735431909561e-01
   -3.510900139808655e-01
   -4.621565341949463e-01
   -2.577606737613678e-01
   -2.528375089168549e-01
   -1.817627996206284e-01
   -6.350076198577881e-01
   -1.802316009998322e-01
   -3.467874228954315e-01
   -3.387264907360077e-01
   -2.167023122310638e-01
   -6.660493016242981e-01
   -1.693204641342163e-01
   -4.555251896381378e-01
   -2.044955044984818e-01
   -3.128912448883057e-01
   -1.586402654647827e-01
   -2.823349237442017e-01
   -3.650189340114594e-01
   -2.779914736747742e-01
   -2.316754758358002e-01
   -2.816611528396606e-01
   -6.219415664672852e-01
   -4.582591652870178e-01
   -1.762497127056122e-01
   -5.016479492187500e-01
   -3.740752935409546e-01
   -1.880838125944138e-01
   -3.861909210681915e-01
   -5.310906767845154e-01
   -2.044609785079956e-01
   -4.100493788719177e-01
   -2.008488476276398e-01
   -2.078196257352829e-01
   -1.707887351512909e-01
   -1.605993211269379e-01
   -2.043749988079071e-01
   -1.951299756765366e-01
   -2.867782711982727e-01
   -4.468699991703033e-01
   -2.155257165431976e-01
   -2.065114080905914e-01
   -1.604967564344406e-01
   -2.167430520057678e-01
   -2.363480031490326e-01
   -3.524100184440613e-01
   -3.722371459007263e-01
   -6.021107435226440e-01
   -1.534998267889023e-01
   -4.918277263641357e-01
   -2.442125082015991e-01
   -6.112867593765259e-01
   -1.661085635423660e-01
   -3.684209287166595e-01
   -1.525927335023880e-01
   -6.401853561401367e-01
   -2.093098163604736e-01
   -5.059188604354858e-01
   -1.626535803079605e-01
   -3.359354436397552e-01
   -1.483913809061050e-01
   -5.948379039764404e-01
   -5.871776342391968e-01
   -4.398142695426941e-01
   -5.364178419113159e-01
   -3.884849548339844e-01
   -3.145158588886261e-01
   -4.479677081108093e-01
   -3.582757115364075e-01
   -2.528336644172668e-01
   -1.910687386989594e-01
   -3.074099421501160e-01
   -2.382234483957291e-01
   -2.549344003200531e-01
   -2.400275617837906e-01
   -6.332288384437561e-01
   -6.494226455688477e-01
   -1.924754530191422e-01
   -2.032858133316040e-01
   -2.130004167556763e-01
   -4.812647700309753e-01
   -2.784106433391571e-01
   -3.341234922409058e-01
   -2.559946179389954e-01
   -1.962938755750656e-01
   -2.896565794944763e-01
   -3.217197656631470e-01
   -5.340440869331360e-01
   -6.123676300048828e-01
   -3.622946739196777e-01
   -1.660098731517792e-01
   -5.328913331031799e-01
   -1.538592278957367e-01
   -3.290322124958038e-01
   -6.818439960479736e-01
   -3.591125905513763e-01
   -3.565580248832703e-01
   -2.058285474777222e-01
   -2.372490465641022e-01
   -2.024765610694885e-01
   -2.252885550260544e-01
   -2.573679983615875e-01
   -2.870716452598572e-01
   -1.847993135452271e-01
   -3.361816406250000e-01
   -6.327471733093262e-01
   -5.290590524673462e-01
   -1.576288193464279e-01
   -2.512212395668030e-01
   -2.195162326097488e-01
   -2.872042953968048e-01
   -2.038762122392654e-01
   -3.601822257041931e-01
   -2.515933215618134e-01
   -4.028114676475525e-01
   -1.563522666692734e-01
   -2.284325659275055e-01
   -1.532796174287796e-01
   -3.399586081504822e-01
   -1.799138337373734e-01
   -3.616141080856323e-01
   -4.081195592880249e-01
   -2.775752842426300e-01
   -1.700922250747681e-01
   -1.529765129089355e-01
   -3.166842758655548e-01
   -1.538088023662567e-01
   -2.238418459892273e-01
   -6.746059656143188e-01
   -2.717712223529816e-01
   -3.031085133552551e-01
   -1.747604310512543e-01
   -1.540673673152924e-01
   -2.117238044738770e-01
   -3.233530223369598e-01
   -2.094027400016785e-01
   -1.993260085582733e-01
   -1.605790555477142e-01
   -2.644762992858887e-01
   -6.558973193168640e-01
   -5.204979181289673e-01
   -1.859208643436432e-01
   -1.528702974319458e-01
   -2.210687696933746e-01
   -2.608634233474731e-01
   -2.456635981798172e-01
   -2.237468659877777e-01
   -6.069391965866089e-01
   -6.779737472534180e-01
   -1.874004155397415e-01
   -2.306279540061951e-01
   -4.653608202934265e-01
   -6.368566751480103e-01
   -1.857951879501343e-01
   -1.727997809648514e-01
   -6.020450592041016e-01
   -4.117646813392639e-01
   -2.852417230606079e-01
   -5.998513102531433e-01
   -1.789704263210297e-01
   -3.788969218730927e-01
   -1.485611945390701e-01
   -6.174275875091553e-01
   -5.497225522994995e-01
   -1.852122098207474e-01
   -6.088279485702515e-01
   -5.667567253112793e-01
   -1.593546271324158e-01
   -1.507926583290100e-01
   -2.318963855504990e-01
   -2.964936494827271e-01
   -2.556970715522766e-01
   -2.260440587997437e-01
   -1.728246062994003e-01
   -2.317193895578384e-01
   -1.987138092517853e-01
   -6.361217498779297e-01
   -2.222261428833008e-01
   -1.831444054841995e-01
   -1.669906973838806e-01
   -1.588029563426971e-01
   -1.640171259641647e-01
   -4.628028273582458e-01
   -2.155537605285645e-01
   -1.712811887264252e-01
   -5.270397067070007e-01
   -2.308720797300339e-01
   -2.703451514244080e-01
   -2.211703360080719e-01
   -5.676445960998535e-01
   -2.384777665138245e-01
   -1.937749087810516e-01
   -2.617939710617065e-01
   -2.407311201095581e-01
   -4.089407920837402e-01
   -2.775731384754181e-01
   -1.543907821178436e-01
   -6.441794633865356e-01
   -1.618454605340958e-01
   -4.515773355960846e-01
   -5.252428054809570e-01
   -2.221606373786926e-01
   -2.477877289056778e-01
   -1.543656289577484e-01
   -3.902052342891693e-01
   -4.116697609424591e-01
   -1.689303070306778e-01
   -1.752035766839981e-01
   -1.666322052478790e-01
   -5.436375737190247e-01
   -6.282298564910889e-01
   -3.228335082530975e-01
   -3.563420772552490e-01
   -3.315750956535339e-01
   -3.990381658077240e-01
   -2.041676342487335e-01
   -2.792774438858032e-01
   -1.508719176054001e-01
   -1.814597249031067e-01
   -2.068879902362823e-01
   -3.680584430694580e-01
   -1.709364801645279e-01
   -1.505479961633682e-01
   -2.490904331207275e-01
   -2.197057306766510e-01
   -2.192697823047638e-01
   -5.833371877670288e-01
   -1.751863509416580e-01
   -2.816564738750458e-01
   -2.182314395904541e-01
   -1.964667588472366e-01
   -1.747290343046188e-01
   -6.437374353408813e-01
   -4.623340666294098e-01
   -2.714582085609436e-01
   -6.085761785507202e-01
   -3.230251371860504e-01
   -2.531489133834839e-01
   -5.424189567565918e-01
   -1.886031180620193e-01
   -1.754958480596542e-01
   -2.961168289184570e-01
   -1.731992959976196e-01
   -5.876009464263916e-01
   -3.406825959682465e-01
   -1.690820455551147e-01
   -6.151568889617920e-01
   -1.747818440198898e-01
   -3.789949715137482e-01
   -4.461531043052673e-01
   -2.456921488046646e-01
   -1.874912232160568e-01
   -1.943275183439255e-01
   -3.302388787269592e-01
   -1.905694007873535e-01
   -1.808352619409561e-01
   -1.651255190372467e-01
   -1.877106130123138e-01
   -1.621859371662140e-01
   -1.759534776210785e-01
   -3.207075595855713e-01
   -1.528416723012924e-01
   -6.275683045387268e-01
   -1.909473389387131e-01
   -5.751893520355225e-01
   -3.302699625492096e-01
   -2.541720569133759e-01
   -2.133845537900925e-01
   -2.694330811500549e-01
   -1.823833137750626e-01
   -1.930766403675079e-01
   -1.758692711591721e-01
   -2.810310721397400e-01
   -2.728051543235779e-01
   -5.852285623550415e-01
   -2.121957242488861e-01
   -1.572290956974030e-01
   -2.306029498577118e-01
   -2.913916707038879e-01
   -1.880768239498138e-01
   -2.725961208343506e-01
   -3.146743178367615e-01
   -2.290059030056000e-01
   -6.623908281326294e-01
   -2.869991064071655e-01
   -5.978652834892273e-01
   -3.713164329528809e-01
   -1.754198670387268e-01
   -4.360966682434082e-01
   -2.426359653472900e-01
   -4.042645096778870e-01
   -6.100811362266541e-01
   -1.635889112949371e-01
   -5.170555114746094e-01
   -1.682485640048981e-01
   -5.241371989250183e-01
   -4.523789584636688e-01
   -3.360401988029480e-01
   -1.514907628297806e-01
   -1.751276552677155e-01
   -2.217707335948944e-01
   -2.207684218883514e-01
   -3.648310899734497e-01
   -1.709290593862534e-01
   -2.858871519565582e-01
   -2.886377871036530e-01
   -6.173325777053833e-01
   -1.812965273857117e-01
   -2.023613005876541e-01
   -1.908638775348663e-01
   -3.670185804367065e-01
   -6.630049943923950e-01
   -1.713017076253891e-01
   -4.338175952434540e-01
   -3.203407526016235e-01
   -1.971111297607422e-01
   -4.024043381214142e-01
   -2.940227985382080e-01
   -2.085441499948502e-01
   -4.507678151130676e-01
   -2.885476052761078e-01
   -2.491243481636047e-01
   -2.244229316711426e-01
   -3.394980430603027e-01
   -1.886508762836456e-01
   -2.424147129058838e-01
   -6.626666784286499e-01
   -2.336246967315674e-01
   -1.552169919013977e-01
   -6.081269979476929e-01
   -2.508394718170166e-01
   -1.717637479305267e-01
   -2.209162116050720e-01
   -1.573773622512817e-01
   -3.428433537483215e-01
   -3.105219006538391e-01
   -2.682533264160156e-01
   -4.264064431190491e-01
   -2.954170107841492e-01
   -2.353335618972778e-01
   -2.126601189374924e-01
   -6.410522460937500e-01
   -6.477177143096924e-01
   -1.748247742652893e-01
   -1.604125052690506e-01
   -1.691208034753799e-01
   -6.860539913177490e-01
   -4.600916504859924e-01
   -2.308923602104187e-01
   -2.808158099651337e-01
   -6.715577244758606e-01
   -2.810517251491547e-01
   -3.103196620941162e-01
   -1.854261308908463e-01
   -4.126804172992706e-01
   -1.652441024780273e-01
   -1.771147251129150e-01
   -5.628372430801392e-01
   -5.991964340209961e-01
   -5.972423553466797e-01
   -1.514402031898499e-01
   -6.300628781318665e-01
   -2.982305288314819e-01
   -5.002140998840332e-01
   -3.008138537406921e-01
   -4.629241824150085e-01
   -1.959459930658340e-01
   -1.999526619911194e-01
   -3.057062327861786e-01
   -1.985224187374115e-01
   -2.300854325294495e-01
   -3.914642930030823e-01
   -1.507105827331543e-01
   -1.648966819047928e-01
   -2.142758071422577e-01
   -1.658087521791458e-01
   -2.275253832340240e-01
   -2.340200543403625e-01
   -1.747290194034576e-01
   -4.696790277957916e-01
   -1.600597798824310e-01
   -2.415763288736343e-01
   -2.137629836797714e-01
   -1.908155232667923e-01
   -2.416104376316071e-01
   -1.571678221225739e-01
   -6.117172241210938e-01
   -2.061794102191925e-01
   -3.234424591064453e-01
   -6.671394109725952e-01
   -2.127472460269928e-01
   -1.805781424045563e-01
   -4.420211911201477e-01
   -2.220168560743332e-01
   -2.830957174301147e-01
   -2.896285653114319e-01
   -1.806420683860779e-01
   -3.440394103527069e-01
   -5.783287286758423e-01
   -1.881112605333328e-01
   -4.770922064781189e-01
   -1.624435037374496e-01
   -4.262192249298096e-01
   -4.163287878036499e-01
   -1.873115003108978e-01
   -3.126929402351379e-01
   -3.269656002521515e-01
   -1.598186045885086e-01
   -1.509061455726624e-01
   -1.490691602230072e-01
   -6.763722896575928e-01
   -2.329405993223190e-01
   -2.160664349794388e-01
   -2.485022097826004e-01
   -1.534083634614944e-01
   -3.089614510536194e-01
   -1.705049127340317e-01
   -1.751324981451035e-01
   -3.440050482749939e-01
   -1.930619478225708e-01
   -2.995986640453339e-01
   -4.705324172973633e-01
   -1.937477588653564e-01
   -4.396656155586243e-01
   -1.584492325782776e-01
   -2.384392619132996e-01
   -2.374694496393204e-01
   -1.802885532379150e-01
   -3.369925022125244e-01
   -3.092643618583679e-01
   -3.005562424659729e-01
   -2.208971977233887e-01
   -2.631549239158630e-01
   -3.779467940330505e-01
   -3.300392329692841e-01
   -1.531817167997360e-01
   -2.007008939981461e-01
   -3.459778130054474e-01
   -2.967002987861633e-01
   -4.181759357452393e-01
   -1.844942420721054e-01
   -1.554412543773651e-01
   -6.059390306472778e-01
   -1.506869941949844e-01
   -3.238595128059387e-01
   -2.109048366546631e-01
   -2.356266975402832e-01
   -4.139102697372437e-01
   -4.796808660030365e-01
   -2.004461288452148e-01
   -2.455692887306213e-01
   -2.362831532955170e-01
   -1.786425113677979e-01
   -2.953997552394867e-01
   -2.334221750497818e-01
   -2.229195833206177e-01
   -3.902729153633118e-01
   -1.995421648025513e-01
   -6.051996946334839e-01
   -2.518197000026703e-01
   -6.730630397796631e-01
   -5.160831212997437e-01
   -5.702179670333862e-01
   -2.163185775279999e-01
   -2.154035568237305e-01
   -2.184151262044907e-01
   -2.600340843200684e-01
   -2.861966788768768e-01
   -2.764635682106018e-01
   -3.413888812065125e-01
   -3.812462091445923e-01
   -1.511276364326477e-01
   -2.480033338069916e-01
   -3.628662824630737e-01
   -3.086792528629303e-01
   -3.459447026252747e-01
   -4.041827321052551e-01
   -6.002022027969360e-01
   -2.478678971529007e-01
   -1.610212028026581e-01
   -1.696340590715408e-01
   -6.117309331893921e-01
   -2.994514703750610e-01
   -6.355462074279785e-01
   -1.431428939104080e-01
   -1.798201948404312e-01
   -2.034956514835358e-01
   -2.747079432010651e-01
   -3.923944830894470e-01
   -1.636338680982590e-01
   -5.763404369354248e-01
   -3.900992572307587e-01
   -1.991935819387436e-01
   -3.149861395359039e-01
   -5.249338150024414e-01
   -3.496866822242737e-01
   -1.930974721908569e-01
   -3.712928295135498e-01
   -2.620035707950592e-01
   -3.206670880317688e-01
   -5.454285144805908e-01
   -2.242422699928284e-01
   -5.633561611175537e-01
   -1.701779067516327e-01
   -6.801537275314331e-01
   -2.496458888053894e-01
   -1.721983104944229e-01
   -3.769793510437012e-01
   -2.156540751457214e-01
   -2.245499640703201e-01
   -3.045905232429504e-01
   -1.626867800951004e-01
   -3.222714662551880e-01
   -1.580407768487930e-01
   -2.547808289527893e-01
   -4.999196231365204e-01
   -3.895206153392792e-01
   -2.354831695556641e-01
   -6.602394580841064e-01
   -5.829287767410278e-01
   -2.149555683135986e-01
   -2.186489999294281e-01
   -2.872345447540283e-01
   -2.410329133272171e-01
   -2.305081337690353e-01
   -1.603290736675262e-01
   -1.629885733127594e-01
   -4.385641515254974e-01
   -2.292270213365555e-01
   -2.868687808513641e-01
   -1.680155992507935e-01
   -3.006615340709686e-01
   -4.015077054500580e-01
   -3.122442066669464e-01
   -4.064157307147980e-01
   -6.280936002731323e-01
   -2.038210034370422e-01
   -1.596640944480896e-01
   -1.621110439300537e-01
   -5.767791271209717e-01
   -1.769012957811356e-01
   -1.581338047981262e-01
   -1.669088900089264e-01
   -2.683201134204865e-01
   -3.508234322071075e-01
   -2.883445918560028e-01
   -2.425229251384735e-01
   -5.958039760589600e-01
   -3.195396065711975e-01
   -3.524699509143829e-01
   -2.468001544475555e-01
   -3.087720274925232e-01
   -6.417753696441650e-01
   -1.643604636192322e-01
   -2.635179162025452e-01
   -2.296919226646423e-01
   -5.102893114089966e-01
   -3.836140632629395e-01
   -2.253341674804688e-01
   -3.003617823123932e-01
   -3.730905652046204e-01
   -3.165507912635803e-01
   -1.886567175388336e-01
   -1.569851785898209e-01
   -1.492490470409393e-01
   -6.691781878471375e-01
   -4.490344822406769e-01
   -5.854634046554565e-01
   -1.526210606098175e-01
   -3.924638032913208e-01
   -2.052909433841705e-01
   -2.670963108539581e-01
   -5.633658170700073e-01
   -4.110476374626160e-01
   -5.590701103210449e-01
   -2.313425242900848e-01
   -2.999317049980164e-01
   -2.095968425273895e-01
   -1.983887553215027e-01
   -3.696371912956238e-01
   -6.117587089538574e-01
   -1.752924919128418e-01
   -5.614700913429260e-01
   -2.072949558496475e-01
   -1.577326506376266e-01
   -3.464980125427246e-01
   -2.424332201480865e-01
   -1.677843779325485e-01
   -4.326838850975037e-01
   -5.829849243164062e-01
   -1.899690628051758e-01
   -1.668294966220856e-01
   -2.276508361101151e-01
   -3.736608028411865e-01
   -2.874010205268860e-01
   -1.739013791084290e-01
   -1.604849994182587e-01
   -5.455534458160400e-01
   -4.090672135353088e-01
   -2.915018796920776e-01
   -5.385762453079224e-01
   -1.937928795814514e-01
   -1.663838028907776e-01
   -3.199350535869598e-01
   -6.291341781616211e-01
   -4.968533515930176e-01
   -2.624013423919678e-01
   -2.809930145740509e-01
   -2.681478261947632e-01
   -3.201844394207001e-01
   -1.629113107919693e-01
   -3.208896219730377e-01
   -3.663593530654907e-01
   -3.648818731307983e-01
   -6.705870628356934e-01
   -3.658568859100342e-01
   -2.176212370395660e-01
   -2.666968107223511e-01
   -1.544261574745178e-01
   -3.980945348739624e-01
   -1.686867773532867e-01
   -1.973088383674622e-01
   -6.078720688819885e-01
   -2.218146026134491e-01
   -1.820442080497742e-01
   -1.547791212797165e-01
   -1.536646634340286e-01
   -2.750714123249054e-01
   -1.612412184476852e-01
   -1.877325475215912e-01
   -1.685723513364792e-01
   -2.743612825870514e-01
   -3.703797757625580e-01
   -5.145153999328613e-01
   -2.830779552459717e-01
   -2.628493010997772e-01
   -1.737716346979141e-01
   -2.760368585586548e-01
   -5.818166136741638e-01
   -3.097738921642303e-01
   -1.908983886241913e-01
   -2.808237075805664e-01
   -2.795886397361755e-01
   -3.445508480072021e-01
   -1.549935787916183e-01
   -2.619518041610718e-01
   -2.229761183261871e-01
   -2.990348637104034e-01
   -2.371153533458710e-01
   -4.767095148563385e-01
   -2.505097389221191e-01
   -1.828848123550415e-01
   -6.133216619491577e-01
   -2.464726865291595e-01
   -3.899633288383484e-01
   -5.432142019271851e-01
   -3.413237035274506e-01
   -2.914260029792786e-01
   -2.010107040405273e-01
   -2.574114501476288e-01
   -2.461772859096527e-01
   -1.616151034832001e-01
   -3.617354333400726e-01
   -1.584621220827103e-01
   -1.643281579017639e-01
   -1.577448397874832e-01
   -6.527167558670044e-01
   -1.530362665653229e-01
   -2.087546885013580e-01
   -3.026857376098633e-01
   -5.568512678146362e-01
   -3.157705664634705e-01
   -1.731445342302322e-01
   -1.585113257169724e-01
   -2.503372728824615e-01
   -4.639162421226501e-01
   -3.360799551010132e-01
   -4.388709664344788e-01
   -3.666905760765076e-01
   -6.137980222702026e-01
   -1.453895121812820e-01
   -3.880902528762817e-01
   -3.725139200687408e-01
   -2.831678986549377e-01
   -3.783929944038391e-01
   -1.650982350111008e-01
   -4.194798469543457e-01
   -3.332990407943726e-01
   -2.261378467082977e-01
   -2.432894855737686e-01
   -1.861111223697662e-01
   -4.016658067703247e-01
   -1.677460968494415e-01
   -2.081447988748550e-01
   -3.635244369506836e-01
   -4.737238287925720e-01
   -2.098774313926697e-01
   -2.677302062511444e-01
   -5.501788854598999e-01
   -1.918095201253891e-01
   -6.410005092620850e-01
   -6.043561697006226e-01
   -6.573205590248108e-01
   -1.496482044458389e-01
   -2.639081776142120e-01
   -1.850334703922272e-01
   -2.372910082340240e-01
   -1.670328974723816e-01
   -1.831880807876587e-01
   -1.603775769472122e-01
   -2.204460799694061e-01
   -6.031773090362549e-01
   -3.570541441440582e-01
   -2.563183903694153e-01
   -6.321352720260620e-01
   -2.048699259757996e-01
   -4.229644238948822e-01
   -1.604453027248383e-01
   -2.951322793960571e-01
   -1.794355809688568e-01
   -2.484463304281235e-01
   -1.539662480354309e-01
   -2.396894842386246e-01
   -2.398346066474915e-01
   -3.855650126934052e-01
   -2.381266355514526e-01
   -3.606446981430054e-01
   -1.508108079433441e-01
   -2.563851475715637e-01
   -1.841059327125549e-01
   -1.810469925403595e-01
   -5.114677548408508e-01
   -1.709792912006378e-01
   -2.016156911849976e-01
   -4.530238807201385e-01
   -5.414246320724487e-01
