   -2.042902857065201e-01
   -1.392081975936890e-01
   -1.706925332546234e-01
   -3.182023465633392e-01
   -2.224654257297516e-01
   -2.084538787603378e-01
   -2.544895112514496e-01
   -1.545255631208420e-01
   -2.268849015235901e-01
   -1.457441598176956e-01
   -2.977998852729797e-01
   -2.384549677371979e-01
   -1.306428760290146e-01
   -1.252200007438660e-01
   -2.349520176649094e-01
   -1.205385848879814e-01
   -1.829804331064224e-01
   -3.346317708492279e-01
   -3.021021783351898e-01
   -2.451896816492081e-01
   -1.277522742748260e-01
   -1.355655789375305e-01
   -1.498959958553314e-01
   -4.133107662200928e-01
   -3.113333582878113e-01
   -3.559170365333557e-01
   -3.596240878105164e-01
   -1.730684787034988e-01
   -1.355550587177277e-01
   -2.015471458435059e-01
   -2.151028662919998e-01
   -1.661623120307922e-01
   -1.536654531955719e-01
   -4.199969768524170e-01
   -1.550796926021576e-01
   -1.264142096042633e-01
   -2.579835951328278e-01
   -1.656546294689178e-01
   -3.836070895195007e-01
   -4.368783235549927e-01
   -2.300767004489899e-01
   -2.744509577751160e-01
   -1.753035187721252e-01
   -3.459593653678894e-01
   -1.405270397663116e-01
   -1.463163346052170e-01
   -2.080374807119370e-01
   -1.955074071884155e-01
   -2.250033468008041e-01
   -1.438964158296585e-01
   -1.820243448019028e-01
   -2.158659100532532e-01
   -2.088915705680847e-01
   -3.879032731056213e-01
   -3.335447311401367e-01
   -2.836659848690033e-01
   -1.539392620325089e-01
   -1.505926400423050e-01
   -2.763457894325256e-01
   -2.146691530942917e-01
   -1.360099613666534e-01
   -1.447615176439285e-01
   -1.866665780544281e-01
   -1.402257233858109e-01
   -1.262773424386978e-01
   -1.280031055212021e-01
   -1.261874139308929e-01
   -3.142479658126831e-01
   -1.271719932556152e-01
   -1.258266121149063e-01
   -3.698785305023193e-01
   -1.310161352157593e-01
   -1.329306662082672e-01
   -1.517497748136520e-01
   -2.148269116878510e-01
   -2.438839972019196e-01
   -1.989202946424484e-01
   -3.318419456481934e-01
   -1.455923616886139e-01
   -1.556326597929001e-01
   -1.609146445989609e-01
   -2.258901596069336e-01
   -1.460880935192108e-01
   -2.220802754163742e-01
   -3.159499168395996e-01
   -2.480134218931198e-01
   -1.282977461814880e-01
   -1.292283684015274e-01
   -4.358013570308685e-01
   -1.924514025449753e-01
   -4.192421436309814e-01
   -1.828301995992661e-01
   -2.516708076000214e-01
   -1.904963999986649e-01
   -1.964060962200165e-01
   -1.563550531864166e-01
   -2.036379575729370e-01
   -2.106467038393021e-01
   -4.370911419391632e-01
   -3.784898221492767e-01
   -1.851788461208344e-01
   -3.892543315887451e-01
   -3.818554282188416e-01
   -1.983369737863541e-01
   -1.482505649328232e-01
   -1.787699013948441e-01
   -1.705272644758224e-01
   -1.226024702191353e-01
   -1.287509649991989e-01
   -1.542220562696457e-01
   -1.399945765733719e-01
   -3.788213729858398e-01
   -1.364765465259552e-01
   -3.061997294425964e-01
   -3.982616364955902e-01
   -2.027832716703415e-01
   -1.773754507303238e-01
   -2.166001051664352e-01
   -1.903153806924820e-01
   -1.344492286443710e-01
   -3.019647300243378e-01
   -1.668448448181152e-01
   -4.363457560539246e-01
   -1.290856897830963e-01
   -2.244544029235840e-01
   -2.477816194295883e-01
   -1.753230690956116e-01
   -1.371907889842987e-01
   -1.636334806680679e-01
   -3.121322691440582e-01
   -1.368397474288940e-01
   -4.185178577899933e-01
   -1.725355088710785e-01
   -1.461064070463181e-01
   -1.883154213428497e-01
   -3.695464134216309e-01
   -3.545221686363220e-01
   -1.386503130197525e-01
   -2.222884893417358e-01
   -1.583854556083679e-01
   -3.235573470592499e-01
   -2.348568886518478e-01
   -2.128932029008865e-01
   -1.333424746990204e-01
   -1.928880065679550e-01
   -2.852276563644409e-01
   -1.466069966554642e-01
   -2.327158153057098e-01
   -4.254238009452820e-01
   -1.451780945062637e-01
   -2.586309015750885e-01
   -1.361332237720490e-01
   -4.245402216911316e-01
   -1.506164669990540e-01
   -1.305540651082993e-01
   -3.153993189334869e-01
   -3.969354927539825e-01
   -1.845618933439255e-01
   -2.037396430969238e-01
   -1.414637267589569e-01
   -1.890456974506378e-01
   -1.266617476940155e-01
   -1.504532843828201e-01
   -3.572999536991119e-01
   -2.225074172019958e-01
   -4.347595870494843e-01
   -2.037981897592545e-01
   -1.410395205020905e-01
   -3.091591000556946e-01
   -1.702663004398346e-01
   -2.352806329727173e-01
   -1.784846782684326e-01
   -1.887513697147369e-01
   -2.008379846811295e-01
   -2.234859466552734e-01
   -1.470355391502380e-01
   -1.356455832719803e-01
   -1.476379334926605e-01
   -2.874178290367126e-01
   -1.999620050191879e-01
   -1.820891797542572e-01
   -4.291128218173981e-01
   -2.360551208257675e-01
   -4.065493941307068e-01
   -4.254524707794189e-01
   -1.702608764171600e-01
   -1.767938137054443e-01
   -1.763648986816406e-01
   -1.282461136579514e-01
   -4.190532863140106e-01
   -1.551241278648376e-01
   -2.254033982753754e-01
   -1.618962883949280e-01
   -4.096933901309967e-01
   -1.550435721874237e-01
   -2.698688805103302e-01
   -1.365547031164169e-01
   -4.085560142993927e-01
   -1.260434538125992e-01
   -1.632285267114639e-01
   -2.058023661375046e-01
   -4.090179800987244e-01
   -1.261789202690125e-01
   -2.313194423913956e-01
   -1.324715614318848e-01
   -1.266327798366547e-01
   -1.461613923311234e-01
   -1.701439470052719e-01
   -1.600951552391052e-01
   -2.432620376348495e-01
   -2.571338713169098e-01
   -2.365324199199677e-01
   -1.764942258596420e-01
   -4.300849437713623e-01
   -2.467585951089859e-01
   -4.213572144508362e-01
   -1.448088586330414e-01
   -3.770538568496704e-01
   -2.501677870750427e-01
   -3.472886085510254e-01
   -1.673787534236908e-01
   -2.819928526878357e-01
   -1.223669871687889e-01
   -3.204019963741302e-01
   -1.535925865173340e-01
   -3.417345285415649e-01
   -2.118923068046570e-01
   -1.375688314437866e-01
   -1.294711381196976e-01
   -1.785731017589569e-01
   -1.502129435539246e-01
   -1.247433871030807e-01
   -1.560800671577454e-01
   -1.403863579034805e-01
   -2.018380314111710e-01
   -2.444711476564407e-01
   -1.546601802110672e-01
   -1.237480118870735e-01
   -1.477532833814621e-01
   -2.034948766231537e-01
   -3.977473676204681e-01
   -1.923644393682480e-01
   -2.046774774789810e-01
   -1.763365417718887e-01
   -1.871477663516998e-01
   -1.508496403694153e-01
   -3.822026550769806e-01
   -1.641830354928970e-01
   -2.065095752477646e-01
   -1.267204880714417e-01
   -1.770248562097549e-01
   -2.186302393674850e-01
   -3.027177453041077e-01
   -1.475691795349121e-01
   -1.965881437063217e-01
   -1.600516587495804e-01
   -2.503393292427063e-01
   -1.317262947559357e-01
   -1.805025637149811e-01
   -2.728048563003540e-01
   -3.011091649532318e-01
   -2.013658285140991e-01
   -4.246366024017334e-01
   -1.416907459497452e-01
   -1.761185377836227e-01
   -3.894039690494537e-01
   -1.964107155799866e-01
   -2.085037827491760e-01
   -1.623974293470383e-01
   -2.785198986530304e-01
   -1.362797468900681e-01
   -1.591281145811081e-01
   -1.398551315069199e-01
   -1.921502500772476e-01
   -1.529139727354050e-01
   -3.444834947586060e-01
   -1.880595535039902e-01
   -1.335583031177521e-01
   -2.323277890682220e-01
   -1.792659759521484e-01
   -3.679823279380798e-01
   -1.849515587091446e-01
   -4.238878190517426e-01
   -1.755549609661102e-01
   -1.506853401660919e-01
   -2.884185612201691e-01
   -4.103914499282837e-01
   -2.617557048797607e-01
   -1.592988073825836e-01
   -4.301365017890930e-01
   -4.281345605850220e-01
   -2.065391391515732e-01
   -2.114172875881195e-01
   -1.502797156572342e-01
   -3.778714537620544e-01
   -2.230899930000305e-01
   -1.226268336176872e-01
   -4.139588773250580e-01
   -4.353332519531250e-01
   -1.373040080070496e-01
   -1.419115513563156e-01
   -1.967335194349289e-01
   -3.425022959709167e-01
   -4.099552929401398e-01
   -1.227374002337456e-01
   -1.306768357753754e-01
   -1.589414924383163e-01
   -4.096048474311829e-01
   -1.635300070047379e-01
   -1.218361929059029e-01
   -2.555493414402008e-01
   -4.044333398342133e-01
   -1.217595487833023e-01
   -1.293620467185974e-01
   -3.604297041893005e-01
   -1.602022796869278e-01
   -3.941106498241425e-01
   -2.820305824279785e-01
   -3.437300324440002e-01
   -2.033676654100418e-01
   -1.312568783760071e-01
   -4.393580257892609e-01
   -4.228668808937073e-01
   -1.435160934925079e-01
   -2.643443942070007e-01
   -1.441572159528732e-01
   -3.752967119216919e-01
   -1.317525207996368e-01
   -4.211737513542175e-01
   -1.441863477230072e-01
   -1.311278641223907e-01
   -1.214036792516708e-01
   -1.217949539422989e-01
   -3.966566920280457e-01
   -1.415585428476334e-01
   -4.103651344776154e-01
   -1.274853497743607e-01
   -2.483000606298447e-01
   -1.194964051246643e-01
   -2.927238643169403e-01
   -2.174102514982224e-01
   -1.920818239450455e-01
   -1.839845031499863e-01
   -4.060409665107727e-01
   -1.777461469173431e-01
   -4.296526908874512e-01
   -1.276093274354935e-01
   -1.298854500055313e-01
   -3.271519243717194e-01
   -1.340400576591492e-01
   -3.424910604953766e-01
   -1.678310930728912e-01
   -3.802037835121155e-01
   -1.491396874189377e-01
   -2.293973714113235e-01
   -1.619054377079010e-01
   -2.113459408283234e-01
   -2.292455434799194e-01
   -1.603646278381348e-01
   -1.504542380571365e-01
   -1.339612603187561e-01
   -1.713707149028778e-01
   -2.735661864280701e-01
   -1.279021352529526e-01
   -1.328629404306412e-01
   -1.951081603765488e-01
   -1.396239548921585e-01
   -1.861724555492401e-01
   -1.924387812614441e-01
   -2.281964421272278e-01
   -1.969202905893326e-01
   -2.048813104629517e-01
   -3.952734172344208e-01
   -4.000087976455688e-01
   -1.645917445421219e-01
   -2.628592252731323e-01
   -1.543630659580231e-01
   -1.507384479045868e-01
   -1.409653872251511e-01
   -2.126838713884354e-01
   -1.293664723634720e-01
   -3.858574628829956e-01
   -4.000288844108582e-01
   -2.818970382213593e-01
   -2.307880669832230e-01
   -1.383685320615768e-01
   -2.623205482959747e-01
   -1.587771326303482e-01
   -1.582769900560379e-01
   -1.615190356969833e-01
   -1.470191180706024e-01
   -3.058671951293945e-01
   -4.089635610580444e-01
   -1.687149852514267e-01
   -1.905358284711838e-01
   -3.093764483928680e-01
   -1.508390307426453e-01
   -1.955960541963577e-01
   -3.264788091182709e-01
   -1.265574097633362e-01
   -1.904650926589966e-01
   -1.336699128150940e-01
   -1.283428519964218e-01
   -1.803148835897446e-01
   -4.258394837379456e-01
   -1.519131064414978e-01
   -1.460916548967361e-01
   -2.957748770713806e-01
   -1.546100527048111e-01
   -3.548064827919006e-01
   -1.229245066642761e-01
   -2.138835638761520e-01
   -1.387176960706711e-01
   -1.375660598278046e-01
   -1.665586531162262e-01
   -4.229691922664642e-01
   -2.194486409425735e-01
   -2.321445643901825e-01
   -2.243817448616028e-01
   -1.303141415119171e-01
   -4.288167357444763e-01
   -3.948579132556915e-01
   -2.407941520214081e-01
   -3.546655774116516e-01
   -2.593022286891937e-01
   -3.612857460975647e-01
   -4.194430112838745e-01
   -2.086056470870972e-01
   -2.040940076112747e-01
   -2.411253005266190e-01
   -1.516606509685516e-01
   -4.348674416542053e-01
   -1.708425283432007e-01
   -2.045870721340179e-01
   -1.440805643796921e-01
   -2.277744412422180e-01
   -1.818511188030243e-01
   -1.904456168413162e-01
   -1.675371527671814e-01
   -1.922786384820938e-01
   -1.537694931030273e-01
   -1.690388470888138e-01
   -1.690866947174072e-01
   -1.977389901876450e-01
   -2.015709131956100e-01
   -2.343294024467468e-01
   -1.581373959779739e-01
   -1.263819485902786e-01
   -2.294978499412537e-01
   -2.959651947021484e-01
   -1.282109469175339e-01
   -1.695364713668823e-01
   -1.701184511184692e-01
   -2.067848145961761e-01
   -1.496130228042603e-01
   -2.168900966644287e-01
   -4.298448264598846e-01
   -1.401554942131042e-01
   -1.572219729423523e-01
   -2.352801561355591e-01
   -1.600171625614166e-01
   -2.283586710691452e-01
   -1.408477574586868e-01
   -2.437747865915298e-01
   -1.278828829526901e-01
   -3.559374213218689e-01
   -2.967168688774109e-01
   -3.855549991130829e-01
   -1.581557691097260e-01
   -4.304029345512390e-01
   -1.261025369167328e-01
   -1.335093677043915e-01
   -3.664536774158478e-01
   -4.034249484539032e-01
   -4.306223392486572e-01
   -1.250092387199402e-01
   -1.252802163362503e-01
   -1.913329362869263e-01
   -1.281011253595352e-01
   -1.795661151409149e-01
   -3.615322113037109e-01
   -1.699344813823700e-01
   -1.271119713783264e-01
   -1.550123393535614e-01
   -2.705949842929840e-01
   -1.426371783018112e-01
   -1.260947436094284e-01
   -3.741507828235626e-01
   -1.406819075345993e-01
   -1.658558249473572e-01
   -3.820548057556152e-01
   -1.510221511125565e-01
   -1.359100490808487e-01
   -2.979505658149719e-01
   -1.788070946931839e-01
   -4.380068778991699e-01
   -1.573926061391830e-01
   -1.495276093482971e-01
   -1.343036741018295e-01
   -2.006176561117172e-01
   -1.915201246738434e-01
   -2.951188981533051e-01
   -1.577662676572800e-01
   -1.785697788000107e-01
   -1.649825721979141e-01
   -1.526454091072083e-01
   -2.017514556646347e-01
   -1.943235248327255e-01
   -1.746626943349838e-01
   -1.330561041831970e-01
   -1.286907941102982e-01
   -1.449546962976456e-01
   -4.293365180492401e-01
   -1.503188759088516e-01
   -2.808974385261536e-01
   -2.820766866207123e-01
   -1.590810567140579e-01
   -1.578741073608398e-01
   -2.866162955760956e-01
   -1.377755105495453e-01
   -1.809480339288712e-01
   -3.802509307861328e-01
   -1.534440368413925e-01
   -1.454241722822189e-01
   -1.480250060558319e-01
   -2.224749624729156e-01
   -3.296918869018555e-01
   -1.759220808744431e-01
   -1.970583945512772e-01
   -4.350517392158508e-01
   -1.553450375795364e-01
   -2.451460808515549e-01
   -1.449706554412842e-01
   -1.512358039617538e-01
   -2.279462516307831e-01
   -2.768848538398743e-01
   -1.381933987140656e-01
   -1.702431142330170e-01
   -1.751278787851334e-01
   -1.450864076614380e-01
   -1.900343745946884e-01
   -1.925378739833832e-01
   -1.415273994207382e-01
   -2.847532331943512e-01
   -2.223149389028549e-01
   -1.532346606254578e-01
   -2.233806848526001e-01
   -1.369786411523819e-01
   -2.142974734306335e-01
   -1.804281324148178e-01
   -2.702760100364685e-01
   -1.676820218563080e-01
   -3.151039481163025e-01
   -1.678518503904343e-01
   -1.438730806112289e-01
   -4.207382500171661e-01
   -1.849611699581146e-01
   -1.323767900466919e-01
   -3.275926411151886e-01
   -3.753428757190704e-01
   -3.629992902278900e-01
   -2.603049278259277e-01
   -1.196113228797913e-01
   -4.163450300693512e-01
   -1.527760326862335e-01
   -1.978299766778946e-01
   -1.738626807928085e-01
   -4.304779469966888e-01
   -1.798879802227020e-01
   -1.546858698129654e-01
   -2.850263118743896e-01
   -1.343468427658081e-01
   -2.237973809242249e-01
   -3.774938583374023e-01
   -1.441755741834641e-01
   -1.300331205129623e-01
   -1.579216569662094e-01
   -3.930081427097321e-01
   -2.696729004383087e-01
   -3.286043107509613e-01
   -1.656411737203598e-01
   -2.179751545190811e-01
   -1.964817047119141e-01
   -2.124986797571182e-01
   -1.263794004917145e-01
   -1.550580263137817e-01
   -1.737754195928574e-01
   -1.222177669405937e-01
   -1.214112043380737e-01
   -1.634208559989929e-01
   -2.194335609674454e-01
   -3.982622623443604e-01
   -4.270090758800507e-01
   -2.077967375516891e-01
   -1.354743689298630e-01
   -1.444158852100372e-01
   -1.276187598705292e-01
   -2.487276047468185e-01
   -2.852010428905487e-01
   -1.637468338012695e-01
   -1.278934031724930e-01
   -1.522185206413269e-01
   -4.100098013877869e-01
   -2.478708326816559e-01
   -2.099936902523041e-01
   -3.445345759391785e-01
   -1.628516614437103e-01
   -1.598248481750488e-01
   -4.143121540546417e-01
   -1.425707638263702e-01
   -2.395596653223038e-01
   -4.271743595600128e-01
   -1.359736472368240e-01
   -2.210744321346283e-01
   -1.457376480102539e-01
   -3.581151664257050e-01
   -1.657059341669083e-01
   -1.359004378318787e-01
   -3.783564269542694e-01
   -1.369666457176208e-01
   -2.960440516471863e-01
   -1.290056407451630e-01
   -3.904891312122345e-01
   -1.338301151990891e-01
   -1.488322764635086e-01
   -3.521906733512878e-01
   -3.117643296718597e-01
   -1.318201273679733e-01
   -3.845938444137573e-01
   -4.333764314651489e-01
   -1.968032866716385e-01
   -1.358875483274460e-01
   -1.987638026475906e-01
   -1.374859064817429e-01
   -1.655959188938141e-01
   -1.630971878767014e-01
   -1.780475676059723e-01
   -1.378252357244492e-01
   -3.754372596740723e-01
   -1.422131061553955e-01
   -1.438154727220535e-01
   -1.839224696159363e-01
   -1.271046996116638e-01
   -1.370444744825363e-01
   -2.721854150295258e-01
   -3.568352162837982e-01
   -2.023254930973053e-01
   -2.442510873079300e-01
   -1.823538094758987e-01
   -1.678331047296524e-01
   -1.490659564733505e-01
   -3.151102662086487e-01
   -4.082477390766144e-01
   -2.495212852954865e-01
   -3.307293653488159e-01
   -3.963350057601929e-01
   -1.641113758087158e-01
   -2.024427503347397e-01
   -1.425908207893372e-01
   -2.043788433074951e-01
   -1.310207992792130e-01
   -1.261640787124634e-01
   -1.310468018054962e-01
   -1.450361609458923e-01
   -4.320978522300720e-01
   -2.702561020851135e-01
   -1.270183324813843e-01
   -1.228056252002716e-01
   -1.973677873611450e-01
   -1.251313686370850e-01
   -1.233561411499977e-01
   -1.630071401596069e-01
   -2.399432063102722e-01
   -2.258740961551666e-01
   -1.638261526823044e-01
   -2.558282315731049e-01
   -2.900808453559875e-01
   -1.590834259986877e-01
   -1.319326758384705e-01
   -3.190391361713409e-01
   -1.500979065895081e-01
   -4.211456775665283e-01
   -1.677848994731903e-01
   -1.765341013669968e-01
   -1.484565287828445e-01
   -1.622985601425171e-01
   -1.945567727088928e-01
   -2.151431143283844e-01
   -1.989280134439468e-01
   -1.615247130393982e-01
   -1.373561620712280e-01
   -2.063075006008148e-01
   -2.692474722862244e-01
   -4.097372591495514e-01
   -1.992076337337494e-01
   -1.222229450941086e-01
   -1.541904509067535e-01
   -4.124791920185089e-01
   -1.585767120122910e-01
   -2.541888654232025e-01
   -1.809880137443542e-01
   -1.207788065075874e-01
   -1.205373480916023e-01
   -2.068322896957397e-01
   -3.426533341407776e-01
   -1.758522838354111e-01
   -1.609962284564972e-01
   -1.363305896520615e-01
   -3.160874545574188e-01
   -4.003522992134094e-01
   -1.611559838056564e-01
   -2.669473588466644e-01
   -1.695823371410370e-01
   -2.985090613365173e-01
   -1.216218098998070e-01
   -1.574075818061829e-01
   -1.213275790214539e-01
   -1.566898226737976e-01
   -1.257647424936295e-01
   -3.766379058361053e-01
   -1.307333707809448e-01
   -1.374162137508392e-01
   -1.211047396063805e-01
   -1.614504605531693e-01
   -1.250264793634415e-01
   -4.132660329341888e-01
   -1.567558050155640e-01
   -1.909307390451431e-01
   -1.312794685363770e-01
   -1.365749537944794e-01
   -1.452185809612274e-01
   -1.461612135171890e-01
   -1.218858435750008e-01
   -1.560622751712799e-01
   -1.397309601306915e-01
   -1.466905772686005e-01
   -3.314020335674286e-01
   -2.643035352230072e-01
   -1.494057327508926e-01
   -3.535993099212646e-01
   -3.372949063777924e-01
   -1.772621124982834e-01
   -2.594610750675201e-01
   -1.269854009151459e-01
   -1.427349746227264e-01
   -3.879282176494598e-01
   -2.339515537023544e-01
   -1.606103181838989e-01
   -4.288082420825958e-01
   -1.462026089429855e-01
   -4.002457261085510e-01
   -3.585034906864166e-01
   -2.737450897693634e-01
   -4.366583824157715e-01
   -1.655890345573425e-01
   -1.751881688833237e-01
   -1.657645553350449e-01
   -1.666167974472046e-01
   -2.168098837137222e-01
   -2.589353322982788e-01
   -2.716348469257355e-01
   -1.382867544889450e-01
   -2.179170548915863e-01
   -1.520218849182129e-01
   -3.404592871665955e-01
   -1.767660379409790e-01
   -3.104934692382812e-01
   -1.708838194608688e-01
   -1.976691186428070e-01
   -1.820367872714996e-01
   -1.304701268672943e-01
   -1.523134410381317e-01
   -2.381464689970016e-01
   -3.908128440380096e-01
   -1.313498169183731e-01
   -1.758366376161575e-01
   -2.788115143775940e-01
   -1.904093921184540e-01
   -1.530375778675079e-01
   -1.387218236923218e-01
   -1.755765527486801e-01
   -1.977554559707642e-01
   -3.536907136440277e-01
   -2.589290440082550e-01
   -1.442865431308746e-01
   -2.176613807678223e-01
   -1.455588191747665e-01
   -2.372824698686600e-01
   -1.220210641622543e-01
   -2.237110137939453e-01
   -1.514428555965424e-01
   -1.705611497163773e-01
   -1.481888443231583e-01
   -3.633003830909729e-01
   -1.275422424077988e-01
   -3.745079934597015e-01
   -3.952572345733643e-01
   -1.561201661825180e-01
   -1.324030160903931e-01
   -1.248831599950790e-01
   -1.702276766300201e-01
   -4.295554161071777e-01
   -3.876456320285797e-01
   -1.943173706531525e-01
   -1.655006557703018e-01
   -1.609968394041061e-01
   -2.676649987697601e-01
   -1.480935066938400e-01
   -1.370082050561905e-01
   -1.348283290863037e-01
   -1.534650772809982e-01
   -2.329445928335190e-01
   -1.440417170524597e-01
   -2.061413973569870e-01
   -3.951357305049896e-01
   -1.472967565059662e-01
   -2.018151283264160e-01
   -2.843621671199799e-01
   -4.050099551677704e-01
   -1.955741345882416e-01
   -2.786011993885040e-01
   -2.208245992660522e-01
   -3.899521827697754e-01
   -1.241373568773270e-01
   -2.016250640153885e-01
   -1.250910162925720e-01
   -3.775313198566437e-01
   -1.260670721530914e-01
   -1.366417557001114e-01
   -1.694400459527969e-01
   -1.320417076349258e-01
   -4.304378628730774e-01
   -4.351670444011688e-01
   -1.859331130981445e-01
   -1.604476720094681e-01
   -2.275535315275192e-01
   -1.219495907425880e-01
   -2.551282048225403e-01
   -2.817208766937256e-01
   -1.659213006496429e-01
   -4.198470711708069e-01
   -3.429329991340637e-01
   -3.283134102821350e-01
   -1.243679597973824e-01
   -1.696211695671082e-01
   -1.248415485024452e-01
   -3.175058662891388e-01
   -1.300982981920242e-01
   -2.617033123970032e-01
   -1.221593990921974e-01
   -1.223893091082573e-01
   -2.906659245491028e-01
   -3.499049246311188e-01
   -2.364092171192169e-01
   -2.513181269168854e-01
   -1.452658921480179e-01
   -1.556271463632584e-01
   -1.272458583116531e-01
   -1.478104293346405e-01
   -3.321723341941833e-01
   -1.217652931809425e-01
   -1.754104048013687e-01
   -1.242347359657288e-01
   -4.314306974411011e-01
   -1.518470495939255e-01
   -1.884165704250336e-01
   -1.683019995689392e-01
   -3.381776213645935e-01
   -1.752514541149139e-01
   -1.888272911310196e-01
   -1.249414533376694e-01
   -2.908508181571960e-01
   -2.417023032903671e-01
   -4.024440050125122e-01
   -1.797219663858414e-01
   -4.240321218967438e-01
   -2.552239298820496e-01
   -1.282230317592621e-01
   -1.344610750675201e-01
   -1.641197949647903e-01
   -3.023235797882080e-01
   -1.516227424144745e-01
   -1.425206065177917e-01
   -1.297851204872131e-01
   -3.646189868450165e-01
   -2.142775803804398e-01
   -1.218100935220718e-01
   -4.335914850234985e-01
   -1.782815307378769e-01
   -2.285311818122864e-01
   -1.491374969482422e-01
   -2.111699432134628e-01
   -1.371635496616364e-01
   -1.222597137093544e-01
   -4.205082058906555e-01
   -1.221926063299179e-01
   -2.085677087306976e-01
   -1.749256998300552e-01
   -1.246762052178383e-01
   -2.110713571310043e-01
   -1.431293338537216e-01
   -3.077598810195923e-01
   -3.509364128112793e-01
   -1.637561470270157e-01
   -1.354391574859619e-01
   -1.429181993007660e-01
   -2.285354435443878e-01
   -1.278844773769379e-01
   -1.714219748973846e-01
   -1.512091904878616e-01
   -1.711464971303940e-01
   -1.584326475858688e-01
   -2.142592370510101e-01
   -1.391481310129166e-01
   -1.359440237283707e-01
   -1.214777901768684e-01
   -1.601094007492065e-01
   -1.680559217929840e-01
   -1.332417428493500e-01
   -1.668447256088257e-01
   -2.468701452016830e-01
   -2.172394990921021e-01
   -1.734592318534851e-01
   -1.244221925735474e-01
   -1.242382079362869e-01
   -2.505405247211456e-01
   -2.407439798116684e-01
   -4.274805486202240e-01
   -1.260727643966675e-01
   -1.387475430965424e-01
   -2.053461372852325e-01
   -4.369846880435944e-01
   -2.327947616577148e-01
   -1.291588991880417e-01
   -3.715978264808655e-01
   -1.231576725840569e-01
   -1.803337186574936e-01
   -1.958959400653839e-01
   -1.581002175807953e-01
   -1.546775102615356e-01
   -1.549887955188751e-01
   -2.572413980960846e-01
   -2.451843470335007e-01
   -3.974538743495941e-01
   -2.427450120449066e-01
   -1.362850219011307e-01
   -1.492626368999481e-01
   -1.637362539768219e-01
   -2.861405909061432e-01
   -1.248941719532013e-01
   -2.036083340644836e-01
   -1.305761188268661e-01
   -1.297734826803207e-01
   -1.218764483928680e-01
   -1.956642419099808e-01
   -1.581010967493057e-01
   -1.479960083961487e-01
   -4.063302874565125e-01
   -3.476029932498932e-01
   -2.598426938056946e-01
   -1.620895415544510e-01
   -2.098969668149948e-01
   -1.799879372119904e-01
   -2.189571559429169e-01
   -2.149957120418549e-01
   -1.255268603563309e-01
   -1.570915728807449e-01
   -1.308911740779877e-01
   -2.758582532405853e-01
   -1.729487776756287e-01
   -1.416966617107391e-01
   -1.501737833023071e-01
   -1.901127099990845e-01
   -1.440062820911407e-01
   -1.499077826738358e-01
   -2.159278243780136e-01
   -3.802019357681274e-01
   -1.500269174575806e-01
   -1.973887383937836e-01
   -1.550340801477432e-01
   -2.110776007175446e-01
   -2.734055817127228e-01
   -1.600710302591324e-01
   -1.526814550161362e-01
   -1.636288166046143e-01
   -4.339021444320679e-01
   -1.376355141401291e-01
   -2.381460964679718e-01
   -2.726067602634430e-01
   -2.059980332851410e-01
   -1.591578722000122e-01
   -2.083810567855835e-01
   -2.423536181449890e-01
   -1.734631657600403e-01
   -2.970029711723328e-01
   -1.992258876562119e-01
   -1.882643252611160e-01
   -2.470899075269699e-01
   -1.223414987325668e-01
   -2.301692217588425e-01
   -4.282130897045135e-01
   -1.610038578510284e-01
   -1.809187531471252e-01
   -1.573652178049088e-01
   -2.115962952375412e-01
   -2.155610620975494e-01
   -1.231069117784500e-01
   -4.296269416809082e-01
   -1.600311845541000e-01
   -1.200642883777618e-01
   -2.151197791099548e-01
   -4.324215352535248e-01
   -3.854908645153046e-01
   -3.423077762126923e-01
   -2.806946337223053e-01
   -2.468335628509521e-01
   -2.803523242473602e-01
   -1.341911256313324e-01
   -2.167225331068039e-01
   -1.598975062370300e-01
   -4.089208543300629e-01
   -1.311943531036377e-01
   -1.764723658561707e-01
   -1.624572426080704e-01
   -1.631926447153091e-01
   -4.310195446014404e-01
   -2.656259536743164e-01
   -1.757169961929321e-01
   -3.061398565769196e-01
   -2.923049032688141e-01
   -2.368995100259781e-01
   -1.832032352685928e-01
   -1.568256467580795e-01
   -3.964864015579224e-01
   -1.314852684736252e-01
   -2.713459134101868e-01
   -2.008875161409378e-01
   -3.706607222557068e-01
   -1.364267468452454e-01
   -1.366904824972153e-01
   -1.521827131509781e-01
   -2.414609342813492e-01
   -1.578558683395386e-01
   -1.671671867370605e-01
   -1.285967379808426e-01
   -4.262080490589142e-01
   -3.823282122612000e-01
   -1.417626589536667e-01
   -2.646536529064178e-01
   -1.493372470140457e-01
   -1.854745596647263e-01
   -4.308428466320038e-01
   -1.277941763401031e-01
   -1.284134835004807e-01
   -1.558467298746109e-01
   -1.211456805467606e-01
   -3.297156393527985e-01
   -3.664874434471130e-01
   -4.383413493633270e-01
   -3.586373329162598e-01
   -2.935146093368530e-01
   -4.003960192203522e-01
   -1.338063478469849e-01
   -2.311343550682068e-01
   -2.042721509933472e-01
   -1.816708594560623e-01
   -1.406618654727936e-01
   -1.475120335817337e-01
   -1.694113165140152e-01
   -1.217529550194740e-01
   -3.691779971122742e-01
   -1.662904173135757e-01
   -1.557534337043762e-01
   -1.604792773723602e-01
   -2.390947639942169e-01
   -2.306900620460510e-01
   -2.105533629655838e-01
   -3.711109459400177e-01
   -1.204800605773926e-01
   -3.176442384719849e-01
   -1.204280257225037e-01
   -1.257429122924805e-01
   -1.487469375133514e-01
   -1.890940517187119e-01
   -1.443610340356827e-01
   -1.897407472133636e-01
   -1.435609608888626e-01
   -4.304896593093872e-01
   -1.207077279686928e-01
   -2.705341279506683e-01
   -1.523860543966293e-01
   -3.029928505420685e-01
   -4.329327940940857e-01
   -2.544314861297607e-01
   -1.309263855218887e-01
   -1.756212115287781e-01
   -1.265291869640350e-01
   -2.682566046714783e-01
   -2.869806885719299e-01
   -1.966047883033752e-01
   -2.495203018188477e-01
   -1.528845429420471e-01
   -3.340533673763275e-01
   -1.616400778293610e-01
   -1.385350376367569e-01
   -1.604928076267242e-01
   -2.346538454294205e-01
   -3.461286723613739e-01
   -3.161616623401642e-01
   -2.481530308723450e-01
   -3.447713255882263e-01
   -1.202074736356735e-01
   -1.630806177854538e-01
   -1.673647314310074e-01
   -3.962541222572327e-01
   -2.588587105274200e-01
   -1.317355632781982e-01
   -1.783071160316467e-01
   -1.235705763101578e-01
   -1.752504259347916e-01
   -2.037556320428848e-01
   -4.200945496559143e-01
   -1.451079696416855e-01
   -1.400651931762695e-01
   -2.825097441673279e-01
   -3.199309706687927e-01
   -3.458372950553894e-01
   -1.225222498178482e-01
   -1.848638504743576e-01
   -2.308250069618225e-01
   -1.705878376960754e-01
   -4.259979724884033e-01
   -1.701415777206421e-01
   -2.030923068523407e-01
   -4.281135499477386e-01
   -2.649279832839966e-01
   -1.427397578954697e-01
   -1.264443695545197e-01
   -2.865297198295593e-01
   -3.255857229232788e-01
   -1.931453198194504e-01
   -1.269581019878387e-01
   -2.038279026746750e-01
   -1.657367944717407e-01
   -2.431636303663254e-01
   -1.840931624174118e-01
   -2.245899736881256e-01
   -1.944809854030609e-01
   -2.565207183361053e-01
   -1.232975348830223e-01
   -2.191715985536575e-01
   -1.433122456073761e-01
   -1.561141908168793e-01
   -1.420343965291977e-01
   -2.321367710828781e-01
   -1.516914516687393e-01
   -1.944571733474731e-01
   -1.345248818397522e-01
   -1.266026049852371e-01
   -1.331494897603989e-01
   -2.273848205804825e-01
   -1.876179128885269e-01
   -2.610454559326172e-01
   -1.489218026399612e-01
   -4.167166948318481e-01
   -1.879985481500626e-01
   -2.340568602085114e-01
   -2.331928461790085e-01
   -1.446331739425659e-01
   -1.279539465904236e-01
   -1.872570514678955e-01
   -3.939611911773682e-01
   -2.558275461196899e-01
   -1.266521215438843e-01
   -1.630034744739532e-01
   -2.254918813705444e-01
   -1.384767144918442e-01
   -1.742398887872696e-01
   -2.083034366369247e-01
   -2.075106203556061e-01
   -1.854576766490936e-01
   -1.236307397484779e-01
   -2.423286586999893e-01
   -2.331635951995850e-01
   -2.338535636663437e-01
   -2.081083208322525e-01
   -2.418286651372910e-01
   -1.675779670476913e-01
   -2.317467480897903e-01
   -4.137109816074371e-01
   -3.241302967071533e-01
   -1.628403812646866e-01
   -2.614253163337708e-01
   -1.540063768625259e-01
   -1.294839680194855e-01
   -1.567422896623611e-01
   -4.000751376152039e-01
   -1.886184364557266e-01
   -1.856222897768021e-01
   -1.417469680309296e-01
   -1.775418668985367e-01
   -1.354207843542099e-01
   -1.243443638086319e-01
   -2.576818168163300e-01
   -1.802972853183746e-01
   -3.232902884483337e-01
   -4.187678694725037e-01
   -3.842785954475403e-01
   -4.084332883358002e-01
   -4.105060994625092e-01
   -2.045845538377762e-01
   -1.227914616465569e-01
   -1.250264793634415e-01
   -2.258740961551666e-01
   -1.453064829111099e-01
   -1.664927005767822e-01
   -1.421419084072113e-01
   -1.879715770483017e-01
   -4.152786135673523e-01
   -1.674708575010300e-01
   -4.130337834358215e-01
   -2.858584821224213e-01
   -1.301991641521454e-01
   -2.071748375892639e-01
   -1.653219163417816e-01
   -1.313824504613876e-01
   -2.373378872871399e-01
   -3.750372529029846e-01
   -1.941103637218475e-01
   -2.698512673377991e-01
   -2.014504224061966e-01
   -1.723057776689529e-01
   -1.776936501264572e-01
   -3.637683987617493e-01
   -1.518082767724991e-01
   -2.490225583314896e-01
   -2.054138034582138e-01
   -2.936146855354309e-01
   -3.947726786136627e-01
   -1.337958127260208e-01
   -2.676389515399933e-01
   -1.761303395032883e-01
   -2.090225815773010e-01
   -1.680949032306671e-01
   -1.271774172782898e-01
   -1.519734412431717e-01
   -1.896898299455643e-01
   -2.114467173814774e-01
   -4.266219437122345e-01
   -1.595969647169113e-01
   -2.034321874380112e-01
   -1.377105861902237e-01
   -3.051559925079346e-01
   -1.548898071050644e-01
   -2.828525900840759e-01
   -2.945120036602020e-01
   -3.222479224205017e-01
   -2.106797397136688e-01
   -1.692458689212799e-01
   -4.293404817581177e-01
   -1.454688757658005e-01
   -1.452249884605408e-01
   -1.285415142774582e-01
   -4.235962629318237e-01
   -1.671353727579117e-01
   -1.766047328710556e-01
   -1.641346812248230e-01
   -1.322635412216187e-01
   -4.269962310791016e-01
   -2.341492772102356e-01
   -1.493696123361588e-01
   -2.209339737892151e-01
   -2.415882200002670e-01
   -1.459761708974838e-01
   -4.340643286705017e-01
   -2.013064175844193e-01
   -4.247990846633911e-01
   -1.591519713401794e-01
   -1.990436017513275e-01
   -1.251517385244370e-01
   -2.138900756835938e-01
   -1.538674086332321e-01
   -1.625042557716370e-01
   -1.589710563421249e-01
   -1.404955238103867e-01
   -1.949147284030914e-01
   -1.230816766619682e-01
   -4.266468882560730e-01
   -2.118225395679474e-01
   -1.215666830539703e-01
   -1.738196015357971e-01
   -1.853690594434738e-01
   -3.716190755367279e-01
   -1.549022644758224e-01
   -4.329430758953094e-01
   -1.689545214176178e-01
   -1.530436873435974e-01
   -2.350311130285263e-01
   -4.097423553466797e-01
   -2.786174416542053e-01
   -1.313354372978210e-01
   -1.526027768850327e-01
   -1.719836294651031e-01
   -1.317263096570969e-01
   -1.816183030605316e-01
   -1.592807173728943e-01
   -1.297925710678101e-01
   -2.145213037729263e-01
   -1.242376416921616e-01
   -1.687428951263428e-01
   -4.257063269615173e-01
   -2.950347363948822e-01
   -1.247672438621521e-01
   -1.532159149646759e-01
   -4.034117460250854e-01
   -1.396510750055313e-01
   -4.361714720726013e-01
   -2.558669149875641e-01
   -1.326687633991241e-01
   -2.729860544204712e-01
   -1.878474652767181e-01
   -1.261842101812363e-01
   -2.662827670574188e-01
   -1.201656907796860e-01
   -3.634208142757416e-01
   -2.168303579092026e-01
   -1.421288549900055e-01
   -1.468577831983566e-01
   -3.816566765308380e-01
   -1.640129834413528e-01
   -4.139384925365448e-01
   -4.114673435688019e-01
   -3.935506343841553e-01
   -1.618676483631134e-01
   -4.300339221954346e-01
   -4.300768077373505e-01
   -1.548645198345184e-01
   -2.093051820993423e-01
   -2.014443576335907e-01
   -2.097978442907333e-01
   -3.962770998477936e-01
   -3.942311406135559e-01
   -1.232473179697990e-01
   -3.916348218917847e-01
   -4.229807257652283e-01
   -1.571270972490311e-01
   -2.404073327779770e-01
   -3.057848513126373e-01
   -2.537441551685333e-01
   -1.199670284986496e-01
   -3.027532994747162e-01
   -2.424823641777039e-01
   -2.081494033336639e-01
   -1.283346414566040e-01
   -2.408031970262527e-01
   -1.966508328914642e-01
   -1.256045401096344e-01
   -4.058665335178375e-01
   -1.475696712732315e-01
   -2.371128350496292e-01
   -4.026171267032623e-01
   -3.626886606216431e-01
   -2.061564922332764e-01
   -1.399020850658417e-01
   -1.692692041397095e-01
   -1.526891291141510e-01
   -1.521994024515152e-01
   -1.274499744176865e-01
   -1.345754116773605e-01
   -1.317792534828186e-01
   -2.731429636478424e-01
   -1.560664027929306e-01
   -4.360842406749725e-01
   -2.420074343681335e-01
   -1.707093417644501e-01
   -2.726024091243744e-01
   -2.906270623207092e-01
   -4.253295063972473e-01
   -1.226488798856735e-01
   -2.264119237661362e-01
   -3.587580025196075e-01
   -3.827503025531769e-01
   -2.526171505451202e-01
   -1.360376775264740e-01
   -2.174253463745117e-01
   -3.249467611312866e-01
   -4.133955836296082e-01
   -1.393283605575562e-01
   -2.865009903907776e-01
   -1.569291651248932e-01
   -1.234848573803902e-01
   -2.726258635520935e-01
   -1.993153542280197e-01
   -1.769700795412064e-01
   -4.165424406528473e-01
   -2.381468862295151e-01
   -2.671913504600525e-01
   -1.262393295764923e-01
   -4.156388342380524e-01
   -2.603875398635864e-01
   -1.608251780271530e-01
   -2.008349150419235e-01
   -4.300304055213928e-01
   -1.902082413434982e-01
   -2.004239559173584e-01
   -4.054125249385834e-01
   -1.356861293315887e-01
   -1.962824165821075e-01
   -1.321723759174347e-01
   -3.341687917709351e-01
   -1.301265209913254e-01
   -1.402503103017807e-01
   -1.900308132171631e-01
   -1.723200380802155e-01
   -1.285757422447205e-01
   -1.620797216892242e-01
   -1.395059376955032e-01
   -1.701890528202057e-01
   -3.821175098419189e-01
   -4.116749763488770e-01
   -1.495241224765778e-01
   -3.842002749443054e-01
   -4.312732219696045e-01
   -2.312956303358078e-01
   -1.243599578738213e-01
   -2.506279349327087e-01
   -3.840267360210419e-01
   -1.506899297237396e-01
   -3.915116488933563e-01
   -1.863832622766495e-01
   -1.345278173685074e-01
   -1.504218876361847e-01
   -1.869824528694153e-01
   -4.324153959751129e-01
   -1.510130763053894e-01
   -2.954509854316711e-01
   -2.862198054790497e-01
   -1.465237140655518e-01
   -1.601803302764893e-01
   -1.549090892076492e-01
   -1.253312081098557e-01
   -3.519802391529083e-01
   -3.145014345645905e-01
   -1.217011138796806e-01
   -4.040304720401764e-01
   -1.833751052618027e-01
   -1.228423789143562e-01
   -1.426052004098892e-01
   -2.930022478103638e-01
   -3.698240220546722e-01
   -1.839405447244644e-01
   -2.429495602846146e-01
   -1.480915248394012e-01
   -4.122191965579987e-01
   -1.993388533592224e-01
   -1.239146888256073e-01
   -2.056010067462921e-01
   -1.349420994520187e-01
   -1.234184727072716e-01
   -1.502219587564468e-01
   -1.869576573371887e-01
   -1.596860587596893e-01
   -1.502472311258316e-01
   -2.694957852363586e-01
   -2.804836332798004e-01
   -1.835754513740540e-01
   -2.218130975961685e-01
   -1.473276168107986e-01
   -1.635421365499496e-01
   -2.561810910701752e-01
   -1.295944899320602e-01
   -1.668039560317993e-01
   -1.820380538702011e-01
   -2.570393085479736e-01
   -1.900918781757355e-01
   -1.204360052943230e-01
   -1.258712410926819e-01
   -2.348576486110687e-01
   -2.145414054393768e-01
   -2.244975864887238e-01
   -1.360186487436295e-01
   -1.340901255607605e-01
   -1.546409875154495e-01
   -1.857613474130630e-01
   -2.045714706182480e-01
   -2.675448060035706e-01
   -1.759171932935715e-01
   -1.609066426753998e-01
   -2.981253862380981e-01
   -3.575257956981659e-01
   -2.024308890104294e-01
   -1.553623527288437e-01
   -3.475244641304016e-01
   -1.248405277729034e-01
   -2.348219603300095e-01
   -2.343804985284805e-01
   -1.665377020835876e-01
   -3.153486251831055e-01
   -1.341013908386230e-01
   -4.172986149787903e-01
   -2.848866283893585e-01
   -2.255000621080399e-01
   -2.189416289329529e-01
   -2.060071229934692e-01
   -1.369549632072449e-01
   -1.270377635955811e-01
   -1.229772642254829e-01
   -1.279535144567490e-01
   -3.840486705303192e-01
   -1.214416772127151e-01
   -1.445029824972153e-01
   -1.424702703952789e-01
   -1.262575685977936e-01
   -2.502002120018005e-01
   -4.192329645156860e-01
   -1.273556500673294e-01
   -1.992731988430023e-01
   -2.252999544143677e-01
   -1.468903869390488e-01
   -2.335586100816727e-01
   -1.429914385080338e-01
   -3.753409385681152e-01
   -2.049883008003235e-01
   -1.826428472995758e-01
   -2.018780857324600e-01
   -3.987980782985687e-01
   -1.358615756034851e-01
   -1.375030130147934e-01
   -1.505730450153351e-01
   -2.176085561513901e-01
   -1.485606282949448e-01
   -3.914426863193512e-01
   -1.313384473323822e-01
   -1.394053101539612e-01
   -1.329230070114136e-01
   -2.891306281089783e-01
   -2.204927206039429e-01
   -2.569743394851685e-01
   -4.371909499168396e-01
   -2.337151318788528e-01
   -1.606965214014053e-01
   -1.573676019906998e-01
   -1.737067252397537e-01
   -1.328637748956680e-01
   -2.278009355068207e-01
   -3.805741369724274e-01
   -1.325946599245071e-01
   -3.038587868213654e-01
   -2.229961305856705e-01
   -1.307521164417267e-01
   -4.367022514343262e-01
   -2.239290177822113e-01
   -2.503454983234406e-01
   -1.309274733066559e-01
   -3.988123536109924e-01
   -1.519756764173508e-01
   -4.234374463558197e-01
   -3.905519545078278e-01
   -1.565606892108917e-01
   -1.444210857152939e-01
   -2.223831713199615e-01
   -2.917217612266541e-01
   -1.304569393396378e-01
   -2.901210486888885e-01
   -3.550517559051514e-01
   -1.831812858581543e-01
   -2.016592025756836e-01
   -2.716453075408936e-01
   -1.264533400535583e-01
   -1.999751031398773e-01
   -3.930178880691528e-01
   -4.130801260471344e-01
   -1.466425806283951e-01
   -1.608902364969254e-01
   -4.018665552139282e-01
   -1.513260602951050e-01
   -1.652636975049973e-01
   -4.321249723434448e-01
   -1.222570240497589e-01
   -2.093718498945236e-01
   -2.726735472679138e-01
   -3.524032533168793e-01
   -1.665065288543701e-01
   -1.458919644355774e-01
   -1.534441709518433e-01
   -2.398335784673691e-01
   -2.151747643947601e-01
   -1.215385496616364e-01
   -3.721932470798492e-01
   -1.942912489175797e-01
   -1.662458777427673e-01
   -1.769619733095169e-01
   -3.164072334766388e-01
   -1.376245766878128e-01
   -2.114616036415100e-01
   -1.525444537401199e-01
   -2.962123751640320e-01
   -1.729778200387955e-01
   -1.556617766618729e-01
   -2.221198976039886e-01
   -1.605129837989807e-01
   -1.907692849636078e-01
   -1.208133175969124e-01
   -1.800031960010529e-01
   -1.795050799846649e-01
   -1.634651571512222e-01
   -4.338941574096680e-01
   -4.251457154750824e-01
   -1.722228527069092e-01
   -1.619181782007217e-01
   -4.323268234729767e-01
   -2.078028470277786e-01
   -3.194290101528168e-01
   -1.205808818340302e-01
   -2.736915946006775e-01
   -1.412791460752487e-01
   -1.226963624358177e-01
   -1.667238473892212e-01
   -3.322560191154480e-01
   -1.492072790861130e-01
   -2.727723419666290e-01
   -2.616596817970276e-01
   -4.378776848316193e-01
   -1.349906921386719e-01
   -2.217344343662262e-01
   -1.248013228178024e-01
   -1.977672427892685e-01
   -2.895892560482025e-01
   -2.640902996063232e-01
   -1.633357703685760e-01
   -1.274445205926895e-01
   -1.582036316394806e-01
   -1.216876953840256e-01
   -4.271408915519714e-01
   -1.637629568576813e-01
   -1.378531008958817e-01
   -1.684942841529846e-01
   -4.338628649711609e-01
   -1.205589100718498e-01
   -2.757630944252014e-01
   -1.494070589542389e-01
   -1.929106116294861e-01
   -1.312911808490753e-01
   -1.909992694854736e-01
   -1.645499318838120e-01
   -1.686551421880722e-01
   -2.068630158901215e-01
   -1.570121198892593e-01
   -1.362223625183105e-01
   -1.364433318376541e-01
   -4.049068987369537e-01
   -2.079685330390930e-01
   -1.249384209513664e-01
   -1.641326397657394e-01
   -2.035915404558182e-01
   -1.423809826374054e-01
   -3.567524552345276e-01
   -2.415363788604736e-01
   -3.325310647487640e-01
   -1.409292370080948e-01
   -1.859464049339294e-01
   -2.007749378681183e-01
   -2.071447670459747e-01
   -1.322094500064850e-01
   -1.231698542833328e-01
   -1.294889748096466e-01
   -1.318649798631668e-01
   -4.310123324394226e-01
   -2.502478361129761e-01
   -1.824394315481186e-01
   -1.855966448783875e-01
   -3.103193938732147e-01
   -2.097241878509521e-01
   -2.502200305461884e-01
   -4.073962271213531e-01
   -1.919149607419968e-01
   -2.661846578121185e-01
   -1.498465389013290e-01
   -2.131096869707108e-01
   -2.144111096858978e-01
   -2.499058246612549e-01
   -4.299916326999664e-01
   -1.297324150800705e-01
   -1.513662040233612e-01
   -1.311459243297577e-01
   -1.450362354516983e-01
   -1.488452851772308e-01
   -2.562683522701263e-01
   -1.396972388029099e-01
   -1.495576500892639e-01
   -1.475812196731567e-01
   -1.735463291406631e-01
   -1.617035120725632e-01
   -1.906073391437531e-01
   -4.296760261058807e-01
   -1.199641749262810e-01
   -4.070721566677094e-01
   -1.460746228694916e-01
   -1.612255871295929e-01
   -3.070475459098816e-01
   -2.785450220108032e-01
   -1.579196453094482e-01
   -1.281507313251495e-01
   -1.388303786516190e-01
   -2.101900428533554e-01
   -1.250874251127243e-01
   -2.931918799877167e-01
   -1.439446061849594e-01
   -1.629742085933685e-01
   -3.085692524909973e-01
   -1.759090125560760e-01
   -3.593443334102631e-01
   -1.258809864521027e-01
   -1.810551583766937e-01
   -1.728819757699966e-01
   -4.110203981399536e-01
   -1.303711086511612e-01
   -3.894916772842407e-01
   -2.596086859703064e-01
   -1.245116069912910e-01
   -1.442018151283264e-01
   -4.313045740127563e-01
   -4.306051433086395e-01
   -2.010084986686707e-01
   -1.368920207023621e-01
   -1.512745022773743e-01
   -1.502840965986252e-01
   -1.491404324769974e-01
   -2.821643948554993e-01
   -4.267772734165192e-01
   -1.447633504867554e-01
   -1.449995487928391e-01
   -1.299380660057068e-01
   -4.090668261051178e-01
   -1.839088797569275e-01
   -1.476063877344131e-01
   -3.118557035923004e-01
   -1.375974714756012e-01
   -4.108731150627136e-01
   -1.943543404340744e-01
   -2.811066508293152e-01
   -2.770254909992218e-01
   -4.262338280677795e-01
   -2.325762957334518e-01
   -3.433458805084229e-01
   -1.829985976219177e-01
   -3.281483948230743e-01
   -4.159384369850159e-01
   -1.595305353403091e-01
   -1.500005871057510e-01
   -4.343036711215973e-01
   -2.858395576477051e-01
   -2.467596977949142e-01
   -2.200885117053986e-01
   -1.953271031379700e-01
   -4.336813092231750e-01
   -1.458433568477631e-01
   -1.271887421607971e-01
   -2.524401545524597e-01
   -4.292613863945007e-01
   -3.242551386356354e-01
   -1.436920166015625e-01
   -2.543434500694275e-01
   -2.021058946847916e-01
   -1.828907281160355e-01
   -2.726984024047852e-01
   -1.639953702688217e-01
   -1.853714883327484e-01
   -1.513401269912720e-01
   -4.276286065578461e-01
   -2.674866616725922e-01
   -1.676978915929794e-01
   -2.181858569383621e-01
   -3.830028176307678e-01
   -2.180886566638947e-01
   -2.013660818338394e-01
   -3.629845380783081e-01
   -1.909763514995575e-01
   -3.486981689929962e-01
   -3.824021518230438e-01
   -1.867298334836960e-01
   -1.532700508832932e-01
   -1.586075127124786e-01
   -1.892730891704559e-01
   -1.213957071304321e-01
   -2.109310179948807e-01
   -4.102395772933960e-01
   -2.781973481178284e-01
   -1.573645472526550e-01
   -1.722049117088318e-01
   -2.887897193431854e-01
   -2.284013777971268e-01
   -2.269391268491745e-01
   -1.303310990333557e-01
   -1.582740992307663e-01
   -2.079311758279800e-01
   -1.736054122447968e-01
   -1.515030562877655e-01
   -1.726098805665970e-01
   -1.323561966419220e-01
   -2.947509586811066e-01
   -1.792123466730118e-01
   -1.471603810787201e-01
   -1.746519207954407e-01
   -4.344746470451355e-01
   -1.939353197813034e-01
   -2.304375171661377e-01
   -1.223746016621590e-01
   -1.706018894910812e-01
   -2.282228618860245e-01
   -2.083242386579514e-01
   -1.229608878493309e-01
   -2.415392696857452e-01
   -2.459618747234344e-01
   -1.759344488382339e-01
   -4.044018387794495e-01
   -1.242129728198051e-01
   -2.444363385438919e-01
   -2.041574567556381e-01
   -2.549277245998383e-01
   -2.219142168760300e-01
   -1.326417177915573e-01
   -1.631786972284317e-01
   -4.198658168315887e-01
   -3.035407960414886e-01
   -1.388023346662521e-01
   -4.273872077465057e-01
   -2.328772395849228e-01
   -1.372386515140533e-01
   -1.307025998830795e-01
   -2.277619987726212e-01
   -1.386955678462982e-01
   -1.233511045575142e-01
   -2.601619362831116e-01
   -2.701784074306488e-01
   -2.632786631584167e-01
   -2.891731262207031e-01
   -1.224466264247894e-01
   -1.312286853790283e-01
   -4.367669820785522e-01
   -1.223386153578758e-01
   -1.726894676685333e-01
   -1.520217210054398e-01
   -2.894207835197449e-01
   -2.115979939699173e-01
   -1.247235238552094e-01
   -3.724043369293213e-01
   -1.233083605766296e-01
   -1.588459014892578e-01
   -1.292753219604492e-01
   -1.527040749788284e-01
   -1.348953098058701e-01
   -4.349436759948730e-01
   -1.718596369028091e-01
   -1.651007980108261e-01
   -1.655693799257278e-01
   -1.843743026256561e-01
   -1.447801440954208e-01
   -1.784409135580063e-01
   -2.478334754705429e-01
   -1.818944215774536e-01
   -1.688680499792099e-01
   -1.243282184004784e-01
   -2.097031772136688e-01
   -1.759322583675385e-01
   -2.613566517829895e-01
   -1.981901526451111e-01
   -1.959200799465179e-01
   -1.339838355779648e-01
   -1.551649272441864e-01
   -1.320839375257492e-01
   -2.407781481742859e-01
   -1.975907981395721e-01
   -1.369424164295197e-01
   -2.812162339687347e-01
   -3.186806738376617e-01
   -1.262906193733215e-01
   -1.665123552083969e-01
   -2.705126404762268e-01
   -1.205186024308205e-01
   -3.635188639163971e-01
   -2.017708718776703e-01
   -2.353536337614059e-01
   -4.204204678535461e-01
   -1.832701712846756e-01
   -2.641141116619110e-01
   -1.409764736890793e-01
   -1.197423413395882e-01
   -1.581945866346359e-01
   -1.870212852954865e-01
   -1.649396121501923e-01
   -1.238956302404404e-01
   -2.019596993923187e-01
   -3.526473939418793e-01
   -1.957777440547943e-01
   -2.873313426971436e-01
   -3.130096197128296e-01
   -1.657950729131699e-01
   -3.875769674777985e-01
   -4.108723104000092e-01
   -1.909343749284744e-01
   -1.388062983751297e-01
   -1.611316800117493e-01
   -2.175766080617905e-01
   -3.538763523101807e-01
   -1.240432113409042e-01
   -3.536212742328644e-01
   -1.781120002269745e-01
   -2.349792867898941e-01
   -4.331098794937134e-01
   -3.506091237068176e-01
   -1.805989593267441e-01
   -3.660825490951538e-01
   -1.554656624794006e-01
   -1.406513154506683e-01
   -4.273881912231445e-01
   -4.011111855506897e-01
   -1.308795958757401e-01
   -2.480322420597076e-01
   -4.134314656257629e-01
   -1.512763053178787e-01
   -3.714848160743713e-01
   -3.845826983451843e-01
   -3.637569844722748e-01
   -2.649989128112793e-01
   -2.527892589569092e-01
   -1.662989258766174e-01
   -2.171856313943863e-01
   -1.915553808212280e-01
   -2.325950711965561e-01
   -2.197533249855042e-01
   -1.596807390451431e-01
   -1.221338361501694e-01
   -1.735739707946777e-01
   -2.741997838020325e-01
   -1.576509177684784e-01
   -2.680075764656067e-01
   -1.339115202426910e-01
   -1.391420960426331e-01
   -1.998019516468048e-01
   -1.912108212709427e-01
   -1.968413293361664e-01
   -1.702647358179092e-01
   -1.359492391347885e-01
   -1.318856179714203e-01
   -1.963538825511932e-01
   -1.214774623513222e-01
   -1.642178446054459e-01
   -1.660828441381454e-01
   -1.451148390769958e-01
   -4.221674203872681e-01
   -2.766754627227783e-01
   -1.438523977994919e-01
   -1.751761138439178e-01
   -1.299547851085663e-01
   -2.209460437297821e-01
   -1.374798119068146e-01
   -1.435195803642273e-01
   -1.592137962579727e-01
   -2.566581666469574e-01
   -1.639559864997864e-01
   -1.692486107349396e-01
   -1.581214517354965e-01
   -1.384192258119583e-01
   -2.033783942461014e-01
   -3.963005542755127e-01
   -1.217877566814423e-01
   -1.772629916667938e-01
   -1.960122287273407e-01
   -3.555113077163696e-01
   -4.258354604244232e-01
   -1.784630715847015e-01
   -1.258654445409775e-01
   -2.286297529935837e-01
   -1.701232343912125e-01
   -1.707879453897476e-01
   -1.327349990606308e-01
   -1.221148967742920e-01
   -1.804004460573196e-01
   -1.621011495590210e-01
   -2.163653224706650e-01
   -1.574462652206421e-01
   -1.560506522655487e-01
   -1.408592909574509e-01
   -1.894380897283554e-01
   -3.446279764175415e-01
   -1.284928619861603e-01
   -4.313019216060638e-01
   -1.600620150566101e-01
   -3.371600210666656e-01
   -1.298232227563858e-01
   -2.646196484565735e-01
   -2.621658146381378e-01
   -1.687098443508148e-01
   -1.224314272403717e-01
   -1.223440766334534e-01
   -1.225227937102318e-01
   -3.297204077243805e-01
   -4.196628034114838e-01
   -2.266413867473602e-01
   -1.363344490528107e-01
   -1.234859228134155e-01
   -2.106413692235947e-01
   -1.289819926023483e-01
   -1.227337494492531e-01
   -1.430065780878067e-01
   -4.271593093872070e-01
   -1.913389116525650e-01
   -4.347988665103912e-01
   -1.700298488140106e-01
   -1.343968659639359e-01
   -1.522037088871002e-01
   -2.312073111534119e-01
   -4.372940659523010e-01
   -1.856326460838318e-01
   -2.270966619253159e-01
   -1.589082628488541e-01
   -1.566031426191330e-01
   -1.950559467077255e-01
   -2.199534624814987e-01
   -2.581465840339661e-01
   -2.231772392988205e-01
   -3.419747054576874e-01
   -4.012466371059418e-01
   -2.138698250055313e-01
   -1.311448812484741e-01
   -1.619436740875244e-01
   -2.275964766740799e-01
   -2.398014813661575e-01
   -1.766570508480072e-01
   -4.167930185794830e-01
   -4.300026893615723e-01
   -2.559697628021240e-01
   -1.775869280099869e-01
   -1.577527523040771e-01
   -2.640698850154877e-01
   -2.547026872634888e-01
   -1.337731927633286e-01
   -2.700347006320953e-01
   -1.425228118896484e-01
   -3.113066852092743e-01
   -2.165782600641251e-01
   -2.230935692787170e-01
   -1.660443097352982e-01
   -1.575904488563538e-01
   -1.743553280830383e-01
   -1.656194329261780e-01
   -1.350145339965820e-01
   -2.098938077688217e-01
   -2.284217327833176e-01
   -1.937833875417709e-01
   -2.850372195243835e-01
   -1.584773510694504e-01
   -1.739502996206284e-01
   -3.392879068851471e-01
   -1.793423891067505e-01
   -2.514467239379883e-01
   -2.048336863517761e-01
   -4.053398966789246e-01
   -1.564922183752060e-01
   -2.817514836788177e-01
   -2.982166409492493e-01
   -4.366122186183929e-01
   -1.791308969259262e-01
   -3.927280008792877e-01
   -1.601980775594711e-01
   -1.554602682590485e-01
   -1.979095339775085e-01
   -3.964922726154327e-01
   -1.771775484085083e-01
   -1.602374017238617e-01
   -3.835220336914062e-01
   -1.389000862836838e-01
   -1.251675784587860e-01
   -1.821120828390121e-01
   -1.309438496828079e-01
   -1.574707925319672e-01
   -1.287607997655869e-01
   -4.203977584838867e-01
   -3.974132239818573e-01
   -2.982014119625092e-01
   -2.028337866067886e-01
   -1.277857273817062e-01
   -2.987407743930817e-01
   -4.245872199535370e-01
   -1.258694231510162e-01
   -3.234197497367859e-01
   -1.841860562562943e-01
   -1.309792399406433e-01
   -1.325160264968872e-01
   -1.503098309040070e-01
   -4.378358125686646e-01
   -1.382198333740234e-01
   -1.998483240604401e-01
   -1.246782988309860e-01
   -1.693720370531082e-01
   -1.457987874746323e-01
   -2.223267108201981e-01
   -1.793581843376160e-01
   -1.560937762260437e-01
   -2.313864529132843e-01
   -2.680113613605499e-01
   -2.588008344173431e-01
   -1.239636838436127e-01
   -4.147694706916809e-01
   -2.799803912639618e-01
   -3.007894158363342e-01
   -1.489262878894806e-01
   -1.621419638395309e-01
   -4.099247455596924e-01
   -1.580162346363068e-01
   -1.209980919957161e-01
   -2.299372851848602e-01
   -1.313532739877701e-01
   -2.768589556217194e-01
   -1.612595766782761e-01
   -3.977053761482239e-01
   -3.926546275615692e-01
   -3.478196561336517e-01
   -2.076533436775208e-01
   -2.781234383583069e-01
   -1.370546668767929e-01
   -1.786493957042694e-01
   -1.610427796840668e-01
   -1.703719943761826e-01
   -1.332289427518845e-01
   -4.307217001914978e-01
   -1.422003209590912e-01
   -1.793215870857239e-01
   -1.680527478456497e-01
   -2.375983595848083e-01
   -1.712531894445419e-01
   -1.847301125526428e-01
   -2.555191218852997e-01
   -1.261123418807983e-01
   -3.808375000953674e-01
   -2.523978948593140e-01
   -1.575618386268616e-01
   -1.954759210348129e-01
   -1.566614061594009e-01
   -1.634026169776917e-01
   -1.525463312864304e-01
   -2.915516197681427e-01
   -1.930641382932663e-01
   -1.437876969575882e-01
   -2.638867199420929e-01
   -1.924778372049332e-01
   -1.203008219599724e-01
   -4.277458488941193e-01
   -1.283920407295227e-01
   -3.267903625965118e-01
   -1.298085749149323e-01
   -1.937022060155869e-01
   -2.052366882562637e-01
   -3.269554376602173e-01
   -1.373641192913055e-01
   -1.526869088411331e-01
   -1.913315653800964e-01
   -2.901024818420410e-01
   -4.187766611576080e-01
   -1.594865769147873e-01
   -2.975309789180756e-01
   -1.747561693191528e-01
   -4.267793297767639e-01
   -4.141427278518677e-01
   -1.252342611551285e-01
   -1.750700473785400e-01
   -1.452841460704803e-01
   -1.219537109136581e-01
   -1.403655260801315e-01
   -1.300045251846313e-01
   -2.654395699501038e-01
   -2.977098226547241e-01
   -1.423162966966629e-01
   -1.869021207094193e-01
   -2.163465470075607e-01
   -1.381847560405731e-01
   -1.311159431934357e-01
   -1.643045246601105e-01
   -2.091069221496582e-01
   -1.234199330210686e-01
   -2.972044646739960e-01
   -2.189019769430161e-01
   -3.347783684730530e-01
   -1.717312633991241e-01
   -1.668996363878250e-01
   -3.269432187080383e-01
   -1.717002391815186e-01
   -1.299964040517807e-01
   -2.081350535154343e-01
   -1.680709719657898e-01
   -1.310755014419556e-01
   -2.097715884447098e-01
   -1.671517342329025e-01
   -1.658038496971130e-01
   -1.534641981124878e-01
   -2.862753570079803e-01
   -1.592464148998260e-01
   -2.238696366548538e-01
   -3.469754755496979e-01
   -2.567101418972015e-01
   -2.499509453773499e-01
   -1.395214051008224e-01
   -2.111052125692368e-01
   -1.909196227788925e-01
   -1.391909271478653e-01
   -2.525644004344940e-01
   -1.239475682377815e-01
   -4.301418364048004e-01
   -1.831696927547455e-01
   -2.874750196933746e-01
   -4.061888754367828e-01
   -4.227330088615417e-01
   -1.966733336448669e-01
   -1.397284120321274e-01
   -2.085372656583786e-01
   -2.041784971952438e-01
   -2.330395430326462e-01
   -2.377351373434067e-01
   -1.344055533409119e-01
   -3.440240025520325e-01
   -1.332621127367020e-01
   -2.197780311107635e-01
   -1.649972051382065e-01
   -2.863537073135376e-01
   -3.588913083076477e-01
   -3.798530995845795e-01
   -2.372583448886871e-01
   -1.861082464456558e-01
   -1.559378057718277e-01
   -1.626072824001312e-01
   -2.283811718225479e-01
   -1.752615123987198e-01
   -1.219857260584831e-01
   -1.507427990436554e-01
   -1.268135458230972e-01
   -3.384816050529480e-01
   -1.428624987602234e-01
   -1.294653862714767e-01
   -1.705915331840515e-01
   -1.358422487974167e-01
   -1.609369665384293e-01
   -1.557932645082474e-01
   -1.557137668132782e-01
   -1.237990483641624e-01
   -1.721483618021011e-01
   -1.850375533103943e-01
   -4.161917567253113e-01
   -1.764890402555466e-01
   -1.522751003503799e-01
   -1.775415986776352e-01
   -4.340443313121796e-01
   -1.461539864540100e-01
   -1.972953528165817e-01
   -2.216804772615433e-01
   -1.945502609014511e-01
   -1.976543217897415e-01
   -3.792583048343658e-01
   -1.345169395208359e-01
   -1.525956541299820e-01
   -1.264437437057495e-01
   -1.488968580961227e-01
   -2.182872593402863e-01
   -2.190098315477371e-01
   -1.324140280485153e-01
   -3.498501777648926e-01
   -1.842354387044907e-01
   -1.721287816762924e-01
   -1.747458428144455e-01
   -2.840311229228973e-01
   -2.005133926868439e-01
   -1.923598647117615e-01
   -3.835092782974243e-01
   -2.265739440917969e-01
   -1.543537825345993e-01
   -2.981429100036621e-01
   -2.760424911975861e-01
   -2.108752876520157e-01
   -1.944870799779892e-01
   -2.609176337718964e-01
   -1.961473971605301e-01
   -3.778048753738403e-01
   -1.548152267932892e-01
   -3.789066374301910e-01
   -1.722469776868820e-01
   -3.829969763755798e-01
   -1.424768716096878e-01
   -1.258386075496674e-01
   -2.544717788696289e-01
   -4.321503043174744e-01
   -4.122118651866913e-01
   -1.398555189371109e-01
   -1.515304893255234e-01
   -2.279722690582275e-01
   -1.750800758600235e-01
   -1.974687427282333e-01
   -4.105683565139771e-01
   -1.603612601757050e-01
   -1.322378963232040e-01
   -2.256947457790375e-01
   -1.936288326978683e-01
   -1.607458144426346e-01
   -3.645761311054230e-01
   -1.498528718948364e-01
   -1.449291706085205e-01
   -1.768181771039963e-01
   -1.911694705486298e-01
   -4.293814003467560e-01
   -1.567759662866592e-01
   -1.318819671869278e-01
   -1.482899039983749e-01
   -4.175781607627869e-01
   -1.523527354001999e-01
   -1.691927909851074e-01
   -4.245134294033051e-01
   -2.024364322423935e-01
   -1.816108226776123e-01
   -1.941335648298264e-01
   -2.591731846332550e-01
   -4.266598820686340e-01
   -1.744964867830276e-01
   -1.411837935447693e-01
   -3.018476963043213e-01
   -2.837409675121307e-01
   -4.236780703067780e-01
   -4.247982800006866e-01
   -1.555461287498474e-01
   -2.300551235675812e-01
   -3.522864580154419e-01
   -2.304480522871017e-01
   -1.655720025300980e-01
   -1.257362812757492e-01
   -2.106480449438095e-01
   -4.100505411624908e-01
   -1.843474656343460e-01
   -1.613076925277710e-01
   -2.285719513893127e-01
   -1.303799897432327e-01
   -2.010758221149445e-01
   -1.395657360553741e-01
   -2.576509416103363e-01
   -2.965242862701416e-01
   -2.257407605648041e-01
   -1.514888107776642e-01
   -1.287742555141449e-01
   -2.767000198364258e-01
   -2.153546810150146e-01
   -1.855812519788742e-01
   -1.951438486576080e-01
   -2.776084244251251e-01
   -1.497566103935242e-01
   -2.316174656152725e-01
   -2.155475914478302e-01
   -1.830389350652695e-01
   -3.443563878536224e-01
   -1.466023921966553e-01
   -3.563478887081146e-01
   -1.738731414079666e-01
   -3.005393147468567e-01
   -1.772057712078094e-01
   -2.554168403148651e-01
   -1.872239559888840e-01
   -4.124461710453033e-01
   -2.243285477161407e-01
   -1.373057663440704e-01
   -2.074586451053619e-01
   -1.491108834743500e-01
   -4.009597897529602e-01
   -2.913582921028137e-01
   -1.478165984153748e-01
   -3.036608994007111e-01
   -2.121869027614594e-01
   -1.670795679092407e-01
   -1.601386219263077e-01
   -3.832087516784668e-01
   -2.121744900941849e-01
   -1.821545809507370e-01
   -3.951056003570557e-01
   -1.667429506778717e-01
   -1.334633231163025e-01
   -1.230072975158691e-01
   -2.136307060718536e-01
   -3.447036743164062e-01
   -1.329476386308670e-01
   -3.926720917224884e-01
   -2.437923103570938e-01
   -1.398569196462631e-01
   -2.491580545902252e-01
   -1.888358443975449e-01
   -4.151551723480225e-01
   -1.291849911212921e-01
   -3.427958786487579e-01
   -3.641807436943054e-01
   -2.512805461883545e-01
   -3.867502808570862e-01
   -2.023040354251862e-01
   -1.355188190937042e-01
   -2.036549448966980e-01
   -4.144159555435181e-01
   -1.357358247041702e-01
   -3.820720613002777e-01
   -2.283667325973511e-01
   -2.056046426296234e-01
   -1.521171927452087e-01
   -4.266384840011597e-01
   -1.334792524576187e-01
   -1.549204289913177e-01
   -4.336140453815460e-01
   -2.867776453495026e-01
   -4.349962472915649e-01
   -1.754838675260544e-01
   -1.403943300247192e-01
   -1.785249263048172e-01
   -2.591305077075958e-01
   -4.182105958461761e-01
   -2.172931134700775e-01
   -1.772655993700027e-01
   -2.373179942369461e-01
   -1.611954122781754e-01
   -1.816494464874268e-01
   -2.522780895233154e-01
   -2.603427171707153e-01
   -1.350648850202560e-01
   -2.395069748163223e-01
   -1.562642604112625e-01
   -1.355844289064407e-01
   -1.292510181665421e-01
   -1.207845285534859e-01
   -3.787128031253815e-01
   -1.873397380113602e-01
   -1.297544240951538e-01
   -2.206271588802338e-01
   -1.351553499698639e-01
   -2.076960504055023e-01
   -3.182179629802704e-01
   -1.662746667861938e-01
   -2.324419021606445e-01
   -2.571668624877930e-01
   -1.693124920129776e-01
   -1.318426430225372e-01
   -1.525868475437164e-01
   -1.542261540889740e-01
   -1.467635631561279e-01
   -1.710809320211411e-01
   -1.502421498298645e-01
   -1.614934355020523e-01
   -1.619112342596054e-01
   -1.289142966270447e-01
   -1.421803236007690e-01
   -1.544559299945831e-01
   -2.694162428379059e-01
   -3.468625545501709e-01
   -1.630447208881378e-01
   -3.700504302978516e-01
   -4.094643592834473e-01
   -4.225009083747864e-01
   -1.271104216575623e-01
   -1.256718486547470e-01
   -1.740606874227524e-01
   -1.596232205629349e-01
   -3.584012687206268e-01
   -1.382892429828644e-01
   -1.580473780632019e-01
   -1.526497602462769e-01
   -2.126275151968002e-01
   -1.454167068004608e-01
   -1.340373456478119e-01
   -1.500105559825897e-01
   -3.158907294273376e-01
   -2.033534795045853e-01
   -1.412715166807175e-01
   -3.100445270538330e-01
   -4.265486598014832e-01
   -1.447472274303436e-01
   -2.342600673437119e-01
   -1.363102644681931e-01
   -1.693263500928879e-01
   -1.237400919198990e-01
   -4.319292902946472e-01
   -1.598336100578308e-01
   -3.992558121681213e-01
   -4.319727420806885e-01
   -2.909114360809326e-01
   -1.339661777019501e-01
   -1.520592719316483e-01
   -2.329423576593399e-01
   -1.505806744098663e-01
   -1.251788437366486e-01
   -4.279495179653168e-01
   -2.480962276458740e-01
   -4.257656335830688e-01
   -1.681535094976425e-01
   -1.444846093654633e-01
   -2.283760905265808e-01
   -1.389717310667038e-01
   -4.254610538482666e-01
   -2.106706202030182e-01
   -4.139143228530884e-01
   -1.677674353122711e-01
   -1.618646830320358e-01
   -1.988877654075623e-01
   -1.268195360898972e-01
   -1.970162093639374e-01
   -1.855081021785736e-01
   -1.754960715770721e-01
   -2.310966849327087e-01
   -1.221809238195419e-01
   -2.956682443618774e-01
   -1.718702465295792e-01
   -2.250735610723495e-01
   -1.372132152318954e-01
   -1.361929625272751e-01
   -1.358229368925095e-01
   -2.091872990131378e-01
   -1.224887296557426e-01
   -2.359470129013062e-01
   -1.732482910156250e-01
   -2.237837016582489e-01
   -1.331212669610977e-01
   -1.230344995856285e-01
   -2.278457581996918e-01
   -1.715396195650101e-01
   -1.429974287748337e-01
   -1.430196166038513e-01
   -1.479303538799286e-01
   -1.545669734477997e-01
   -2.478831112384796e-01
   -1.653816848993301e-01
   -1.999050080776215e-01
   -2.683330774307251e-01
   -1.460386365652084e-01
   -3.771100938320160e-01
   -3.557350039482117e-01
   -1.631489992141724e-01
   -3.196099102497101e-01
   -2.760747969150543e-01
   -2.640178799629211e-01
   -2.128453850746155e-01
   -3.525386154651642e-01
   -1.955181062221527e-01
   -3.272404372692108e-01
   -3.832915425300598e-01
   -2.696020305156708e-01
   -3.985703587532043e-01
   -2.337283790111542e-01
   -1.254941523075104e-01
   -1.677293330430984e-01
   -2.904122769832611e-01
   -4.110850989818573e-01
   -1.329473704099655e-01
   -1.594576835632324e-01
   -1.928130686283112e-01
   -1.923356950283051e-01
   -2.617197036743164e-01
   -2.603787183761597e-01
   -1.797414720058441e-01
   -1.780043244361877e-01
   -1.226237118244171e-01
   -4.147114157676697e-01
   -2.406002432107925e-01
   -3.123900294303894e-01
   -4.338272511959076e-01
   -1.734837889671326e-01
   -3.561333119869232e-01
   -2.231946885585785e-01
   -1.727010905742645e-01
   -1.290298700332642e-01
   -3.917484879493713e-01
   -3.182424306869507e-01
   -1.329369544982910e-01
   -2.743997275829315e-01
   -4.213533699512482e-01
   -1.727960258722305e-01
   -1.537927985191345e-01
   -1.392453014850616e-01
   -1.465636640787125e-01
   -1.977187395095825e-01
   -2.097215950489044e-01
   -1.607447713613510e-01
   -1.406525522470474e-01
   -2.594691514968872e-01
   -1.425746977329254e-01
   -2.229735702276230e-01
   -1.648702323436737e-01
   -3.303658962249756e-01
   -1.792742162942886e-01
   -4.129933416843414e-01
   -2.176418006420135e-01
   -4.311334192752838e-01
   -1.557749807834625e-01
   -1.236918419599533e-01
   -3.727190494537354e-01
   -1.256017535924911e-01
   -2.275626659393311e-01
   -2.903427481651306e-01
   -4.207052290439606e-01
   -1.796784847974777e-01
   -2.721703350543976e-01
   -1.395903676748276e-01
   -1.775325089693069e-01
   -1.742193698883057e-01
   -3.653307557106018e-01
   -4.254083931446075e-01
   -1.708773225545883e-01
   -1.899440288543701e-01
   -2.560040354728699e-01
   -1.312618553638458e-01
   -2.707360386848450e-01
   -2.399044781923294e-01
   -1.278476268053055e-01
   -1.480021774768829e-01
   -1.571338921785355e-01
   -4.311780333518982e-01
   -1.319126933813095e-01
   -1.622376441955566e-01
   -1.494728624820709e-01
   -2.334578931331635e-01
   -1.472608447074890e-01
   -1.675407588481903e-01
   -1.538465768098831e-01
   -1.680646091699600e-01
   -1.387874633073807e-01
   -2.698202133178711e-01
   -2.021392881870270e-01
   -1.347553730010986e-01
   -1.853190213441849e-01
   -1.702517420053482e-01
   -2.109876573085785e-01
   -1.526707410812378e-01
   -2.062307149171829e-01
   -1.973747313022614e-01
   -1.818384826183319e-01
   -2.434833049774170e-01
   -3.956312835216522e-01
   -1.718708723783493e-01
   -2.125328183174133e-01
   -1.391817629337311e-01
   -1.870087981224060e-01
   -1.731879264116287e-01
   -1.493991315364838e-01
   -1.518802344799042e-01
   -1.483888030052185e-01
   -2.237685173749924e-01
   -1.836020946502686e-01
   -1.888931989669800e-01
   -1.306602507829666e-01
   -3.539245724678040e-01
   -2.297646105289459e-01
   -2.533989846706390e-01
   -1.458066999912262e-01
   -4.003684222698212e-01
   -1.732248961925507e-01
   -1.803983598947525e-01
   -2.944130301475525e-01
   -1.504308581352234e-01
   -2.318842113018036e-01
   -2.204660773277283e-01
   -2.630620300769806e-01
   -2.189191877841949e-01
   -1.218767017126083e-01
   -2.422495484352112e-01
   -1.959478110074997e-01
   -1.803476810455322e-01
   -2.248781472444534e-01
   -1.400507688522339e-01
   -1.294139772653580e-01
   -1.233225986361504e-01
   -1.932678520679474e-01
   -2.150280326604843e-01
   -3.904671669006348e-01
   -1.220590248703957e-01
   -1.206177771091461e-01
   -2.502623498439789e-01
   -1.728524714708328e-01
   -4.361440837383270e-01
   -2.357925027608871e-01
   -1.586866676807404e-01
   -2.321724444627762e-01
   -1.276864111423492e-01
   -3.028694987297058e-01
   -2.931101322174072e-01
   -1.233806014060974e-01
   -1.319891661405563e-01
   -2.538162171840668e-01
   -3.885934054851532e-01
   -1.909026503562927e-01
   -3.910536468029022e-01
   -1.422120630741119e-01
   -2.124336063861847e-01
   -2.308835238218307e-01
   -4.194117784500122e-01
   -4.326128661632538e-01
   -2.215435206890106e-01
   -2.818726003170013e-01
   -4.221002757549286e-01
   -1.300151348114014e-01
   -1.840090304613113e-01
   -1.736885160207748e-01
   -1.252055764198303e-01
   -1.759794801473618e-01
   -2.636986672878265e-01
   -1.318075209856033e-01
   -1.798006743192673e-01
   -2.311900109052658e-01
   -1.270829290151596e-01
   -1.282169073820114e-01
   -1.771622300148010e-01
   -2.483063191175461e-01
   -2.241133302450180e-01
   -3.520304560661316e-01
   -1.720006614923477e-01
   -1.871650367975235e-01
   -1.226209700107574e-01
   -2.454149276018143e-01
   -1.513299494981766e-01
   -1.723394244909286e-01
   -2.485816478729248e-01
   -1.657600551843643e-01
   -1.500517129898071e-01
   -1.988872438669205e-01
   -1.311864107847214e-01
   -1.487711668014526e-01
   -4.184241294860840e-01
   -3.930458128452301e-01
   -1.233873218297958e-01
   -2.657908797264099e-01
   -2.948030829429626e-01
   -1.546424627304077e-01
   -4.054034650325775e-01
   -1.799907386302948e-01
   -4.270222187042236e-01
   -1.464308053255081e-01
   -1.278490871191025e-01
   -4.087013006210327e-01
   -1.260156035423279e-01
   -1.685953140258789e-01
   -2.157429158687592e-01
   -3.820064067840576e-01
   -2.372000515460968e-01
   -4.358275234699249e-01
   -3.711000084877014e-01
   -1.937521547079086e-01
   -1.390260308980942e-01
   -2.153175920248032e-01
   -3.062632083892822e-01
   -1.309311091899872e-01
   -2.574830651283264e-01
   -1.406189799308777e-01
   -1.629201620817184e-01
   -1.337796896696091e-01
   -2.606426775455475e-01
   -1.754944324493408e-01
   -1.780817806720734e-01
   -2.711369693279266e-01
   -1.948768198490143e-01
   -2.851827144622803e-01
   -1.314889043569565e-01
   -1.580835282802582e-01
   -2.125827819108963e-01
   -1.524750590324402e-01
   -1.484605967998505e-01
   -3.166432082653046e-01
   -3.622120022773743e-01
   -1.880131214857101e-01
   -4.368581175804138e-01
   -2.624113857746124e-01
   -3.915663957595825e-01
   -2.441965192556381e-01
   -4.267593622207642e-01
   -2.108924835920334e-01
   -1.990118324756622e-01
   -2.815591394901276e-01
   -3.089423179626465e-01
   -1.376135349273682e-01
   -1.503176987171173e-01
   -1.381052881479263e-01
   -4.109982848167419e-01
   -2.105691432952881e-01
   -1.484407782554626e-01
   -1.662475019693375e-01
   -1.388636678457260e-01
   -2.387622743844986e-01
   -1.714668869972229e-01
   -2.724334597587585e-01
   -2.048123776912689e-01
   -2.604261934757233e-01
   -4.280499517917633e-01
   -2.174069881439209e-01
   -2.494004219770432e-01
   -1.391648799180984e-01
   -4.329649209976196e-01
   -1.944057643413544e-01
   -3.553627133369446e-01
   -2.249217927455902e-01
   -2.794522345066071e-01
   -3.745970129966736e-01
   -1.778952628374100e-01
   -2.806619703769684e-01
   -2.392241507768631e-01
   -2.035986185073853e-01
   -1.774204224348068e-01
   -1.572214961051941e-01
   -1.527810841798782e-01
   -1.205443143844604e-01
   -2.773850262165070e-01
   -2.060174494981766e-01
   -1.242477893829346e-01
   -2.790790498256683e-01
   -2.892840802669525e-01
   -3.045763373374939e-01
   -4.259247481822968e-01
   -2.867713272571564e-01
   -1.408993601799011e-01
   -1.864021718502045e-01
   -2.064471840858459e-01
   -1.474800705909729e-01
   -1.793585866689682e-01
   -2.931171655654907e-01
   -1.362295597791672e-01
   -1.450900435447693e-01
   -2.002158164978027e-01
   -1.315020918846130e-01
   -1.448729634284973e-01
   -1.813693344593048e-01
   -3.770535588264465e-01
   -1.601225137710571e-01
   -2.147424072027206e-01
   -1.440043598413467e-01
   -1.708978116512299e-01
   -1.941981017589569e-01
   -1.361759006977081e-01
   -4.117321074008942e-01
   -1.648082286119461e-01
   -4.327961206436157e-01
   -4.272241294384003e-01
   -2.031101137399673e-01
   -2.429849505424500e-01
   -2.515799403190613e-01
   -1.294456422328949e-01
   -2.004850804805756e-01
   -1.291347593069077e-01
   -4.169037044048309e-01
   -1.467673331499100e-01
   -1.460136473178864e-01
   -1.359426379203796e-01
   -1.411308646202087e-01
   -1.872382760047913e-01
   -1.935272812843323e-01
   -4.263707399368286e-01
   -1.290744841098785e-01
   -3.279396295547485e-01
   -1.460735499858856e-01
   -1.640140265226364e-01
   -1.909097284078598e-01
   -1.244858428835869e-01
   -4.098010659217834e-01
   -1.218755319714546e-01
   -1.439008563756943e-01
   -1.375745385885239e-01
   -1.534681469202042e-01
   -3.963324427604675e-01
   -2.260679155588150e-01
   -2.563343644142151e-01
   -4.293902516365051e-01
   -1.237961724400520e-01
   -1.468278467655182e-01
   -4.119018316268921e-01
   -2.211782187223434e-01
   -4.315370023250580e-01
   -1.243393048644066e-01
   -3.602626621723175e-01
   -1.273832172155380e-01
   -1.387530267238617e-01
   -1.930041015148163e-01
   -1.542972922325134e-01
   -1.611967533826828e-01
   -1.204404532909393e-01
   -1.400362104177475e-01
   -3.642894923686981e-01
   -1.345333606004715e-01
   -1.440024822950363e-01
   -3.952621817588806e-01
   -1.699561774730682e-01
   -2.470631301403046e-01
   -1.662168204784393e-01
   -2.359303385019302e-01
   -1.475086957216263e-01
   -2.426936328411102e-01
   -2.359133213758469e-01
   -1.333897262811661e-01
   -4.286091327667236e-01
   -2.068118602037430e-01
   -4.248668551445007e-01
   -1.785835176706314e-01
   -4.017199575901031e-01
   -3.056058883666992e-01
   -3.834975659847260e-01
   -1.459373682737350e-01
   -1.922316700220108e-01
   -2.160034626722336e-01
   -2.459714710712433e-01
   -1.316879540681839e-01
   -2.349842041730881e-01
   -3.911691904067993e-01
   -1.515840739011765e-01
   -1.917145252227783e-01
   -3.930458426475525e-01
   -1.438158154487610e-01
   -4.242566823959351e-01
   -1.679874360561371e-01
   -1.250802278518677e-01
   -1.603493243455887e-01
   -1.833045035600662e-01
   -1.205882206559181e-01
   -1.883146166801453e-01
   -4.320650696754456e-01
   -1.850389838218689e-01
   -1.526715755462646e-01
   -4.192509055137634e-01
   -2.357402741909027e-01
   -2.027871608734131e-01
   -1.897187232971191e-01
   -2.263637483119965e-01
   -2.171209007501602e-01
   -2.452595084905624e-01
   -1.445927768945694e-01
   -2.525805830955505e-01
   -1.283101737499237e-01
   -1.887095570564270e-01
   -4.203677475452423e-01
   -3.711100816726685e-01
   -2.262435555458069e-01
   -2.442629784345627e-01
   -1.265521198511124e-01
   -1.206865683197975e-01
   -1.362582594156265e-01
   -1.998753100633621e-01
   -2.572447061538696e-01
   -1.796999126672745e-01
   -4.361427128314972e-01
   -2.200238257646561e-01
   -2.183425128459930e-01
   -1.506003439426422e-01
   -1.677555292844772e-01
   -1.220302060246468e-01
   -4.188154041767120e-01
   -1.883372515439987e-01
   -4.284687340259552e-01
   -1.901337355375290e-01
   -1.210831552743912e-01
   -1.273516863584518e-01
   -2.170351296663284e-01
   -1.549858450889587e-01
   -1.718620061874390e-01
   -1.416384875774384e-01
   -1.871661096811295e-01
   -3.884879350662231e-01
   -4.330450296401978e-01
   -1.435948759317398e-01
   -1.259607523679733e-01
   -4.264978170394897e-01
   -1.244060024619102e-01
   -2.737380564212799e-01
   -4.349933266639709e-01
   -1.509323120117188e-01
   -4.165931046009064e-01
   -2.476766109466553e-01
   -1.251815706491470e-01
   -1.954098939895630e-01
   -3.160511255264282e-01
   -1.614132672548294e-01
   -1.932277828454971e-01
   -2.028630673885345e-01
   -2.128033638000488e-01
   -3.685643076896667e-01
   -2.100992798805237e-01
   -2.780369222164154e-01
   -1.669543385505676e-01
   -2.559487223625183e-01
   -2.590509653091431e-01
   -1.311910152435303e-01
   -3.801817893981934e-01
   -3.612653315067291e-01
   -2.138308137655258e-01
   -1.780170202255249e-01
   -2.116004377603531e-01
   -2.912838757038116e-01
   -2.355459928512573e-01
   -1.895517855882645e-01
   -1.755436062812805e-01
   -1.244711652398109e-01
   -1.253829747438431e-01
   -1.349977850914001e-01
   -1.767067313194275e-01
   -2.037778347730637e-01
   -1.835837364196777e-01
   -1.327705085277557e-01
   -4.312760829925537e-01
   -1.226991191506386e-01
   -2.760351300239563e-01
   -1.269890815019608e-01
   -1.252173930406570e-01
   -1.652946323156357e-01
   -1.658377051353455e-01
   -1.488660573959351e-01
   -1.206079646945000e-01
   -1.818457543849945e-01
   -3.650447130203247e-01
   -1.529634892940521e-01
   -1.874020844697952e-01
   -1.493685841560364e-01
   -1.487653702497482e-01
   -2.067432850599289e-01
   -3.027423918247223e-01
   -2.132326662540436e-01
   -2.747510373592377e-01
   -1.230126023292542e-01
   -1.339661031961441e-01
   -1.828965991735458e-01
   -3.694435358047485e-01
   -1.229501739144325e-01
   -2.924342751502991e-01
   -1.654460132122040e-01
   -1.311199218034744e-01
   -3.072404265403748e-01
   -1.747226864099503e-01
   -2.057589143514633e-01
   -1.281381696462631e-01
   -1.687536388635635e-01
   -3.562851846218109e-01
   -1.415296643972397e-01
   -3.528645932674408e-01
   -2.190929055213928e-01
   -1.558440178632736e-01
   -1.770953088998795e-01
   -1.293584555387497e-01
   -3.924621641635895e-01
   -1.297564506530762e-01
   -1.804361343383789e-01
   -4.212820827960968e-01
   -2.613027393817902e-01
   -2.759833931922913e-01
   -1.804646402597427e-01
   -1.592580676078796e-01
   -2.289112657308578e-01
   -2.065515220165253e-01
   -2.702476382255554e-01
   -2.589871883392334e-01
   -1.868800520896912e-01
   -1.579451411962509e-01
   -1.660958081483841e-01
   -2.748780548572540e-01
   -3.517234027385712e-01
   -2.194784879684448e-01
   -2.153347879648209e-01
   -1.912620812654495e-01
   -3.952325880527496e-01
   -1.531226187944412e-01
   -4.268426001071930e-01
   -3.864097297191620e-01
   -4.148460328578949e-01
   -1.959593445062637e-01
   -2.719105780124664e-01
   -1.378130614757538e-01
   -4.364886283874512e-01
   -1.572656035423279e-01
   -1.401247084140778e-01
   -4.293560087680817e-01
   -1.640689373016357e-01
   -3.808801472187042e-01
   -2.256662845611572e-01
   -2.658789157867432e-01
   -1.869459003210068e-01
   -1.814890950918198e-01
   -3.664363324642181e-01
   -1.203632280230522e-01
   -2.386865615844727e-01
   -1.336808353662491e-01
   -1.299519091844559e-01
   -4.083035290241241e-01
   -2.256536483764648e-01
   -2.327529191970825e-01
   -1.223369464278221e-01
   -1.671808511018753e-01
   -1.519908607006073e-01
   -2.796273231506348e-01
   -1.444351375102997e-01
   -1.382455080747604e-01
   -3.783625662326813e-01
   -2.300349473953247e-01
   -4.204818606376648e-01
   -2.930785119533539e-01
   -1.389090865850449e-01
   -1.312547177076340e-01
   -1.666090190410614e-01
   -3.504796624183655e-01
   -4.375855326652527e-01
   -1.438545286655426e-01
   -3.689419627189636e-01
   -1.451880186796188e-01
   -2.061356604099274e-01
   -2.394537925720215e-01
   -1.906826496124268e-01
   -1.647968143224716e-01
   -1.634082794189453e-01
   -4.046741724014282e-01
   -1.481080949306488e-01
   -2.444814592599869e-01
   -3.904934823513031e-01
   -2.327473461627960e-01
   -3.872841596603394e-01
   -4.287481009960175e-01
   -3.135670423507690e-01
   -1.221037954092026e-01
   -1.644828617572784e-01
   -1.402036994695663e-01
   -2.177546471357346e-01
   -2.696069180965424e-01
   -2.645909488201141e-01
   -2.578262686729431e-01
   -1.363744735717773e-01
   -1.702028661966324e-01
   -1.239774450659752e-01
   -4.168698489665985e-01
   -2.766790390014648e-01
   -1.743138432502747e-01
   -1.225731745362282e-01
   -2.283950299024582e-01
   -1.742955595254898e-01
   -1.418521553277969e-01
   -3.731992840766907e-01
   -4.256361424922943e-01
   -1.477750688791275e-01
   -2.446060478687286e-01
   -2.367002069950104e-01
   -1.276329457759857e-01
   -1.497486084699631e-01
   -1.276830434799194e-01
   -1.267892718315125e-01
   -1.757523417472839e-01
   -3.545116484165192e-01
   -1.514983177185059e-01
   -2.764020264148712e-01
   -1.336013227701187e-01
   -1.577713042497635e-01
   -1.547918617725372e-01
   -1.945274770259857e-01
   -1.902000904083252e-01
   -3.932585418224335e-01
   -2.763783335685730e-01
   -2.136680781841278e-01
   -2.956407070159912e-01
   -1.961883902549744e-01
   -2.775752842426300e-01
   -1.496381163597107e-01
   -1.492056101560593e-01
   -2.025250345468521e-01
   -3.675835132598877e-01
   -2.501565217971802e-01
   -1.976179480552673e-01
   -1.204981580376625e-01
   -1.251056343317032e-01
   -1.393786221742630e-01
   -1.273047029972076e-01
   -1.352700293064117e-01
   -4.218200147151947e-01
   -1.274573802947998e-01
   -1.538699865341187e-01
   -1.488337516784668e-01
   -1.305510848760605e-01
   -1.681759804487228e-01
   -3.007055819034576e-01
   -1.952747702598572e-01
   -1.434097439050674e-01
   -1.233608201146126e-01
   -4.185111522674561e-01
   -4.210948944091797e-01
   -3.485556244850159e-01
   -3.875325322151184e-01
   -4.199135005474091e-01
   -1.396245211362839e-01
   -2.959333360195160e-01
   -3.702932000160217e-01
   -2.031397223472595e-01
   -2.000229358673096e-01
   -1.400469094514847e-01
   -1.393435448408127e-01
   -2.083266079425812e-01
   -3.755056560039520e-01
   -1.280186027288437e-01
   -2.505041956901550e-01
   -3.945013582706451e-01
   -3.354592323303223e-01
   -1.471502035856247e-01
   -1.337052136659622e-01
   -1.408201754093170e-01
   -2.549529969692230e-01
   -1.407600939273834e-01
   -1.693520247936249e-01
   -1.547642946243286e-01
   -2.455224692821503e-01
   -3.045800328254700e-01
   -1.755573004484177e-01
   -1.523609757423401e-01
   -1.386806666851044e-01
   -1.669352352619171e-01
   -1.276925951242447e-01
   -1.763839721679688e-01
   -2.240116894245148e-01
   -1.477092206478119e-01
   -3.822167515754700e-01
   -3.955022990703583e-01
   -1.893235146999359e-01
   -2.374392747879028e-01
   -2.239500582218170e-01
   -1.390773952007294e-01
   -1.207441762089729e-01
   -1.800976097583771e-01
   -2.209388017654419e-01
   -1.420183181762695e-01
   -1.567683666944504e-01
   -1.974999308586121e-01
   -2.547785937786102e-01
   -2.568320333957672e-01
   -2.218739390373230e-01
   -2.391310036182404e-01
   -1.699978709220886e-01
   -1.305174827575684e-01
   -2.957133352756500e-01
   -1.801601350307465e-01
   -1.360673308372498e-01
   -1.231362000107765e-01
   -4.266889393329620e-01
   -1.885623633861542e-01
   -1.641197055578232e-01
   -1.822272837162018e-01
   -2.363918423652649e-01
   -1.850278079509735e-01
   -4.039590358734131e-01
   -3.399888575077057e-01
   -3.183541297912598e-01
   -1.580433696508408e-01
   -1.420692354440689e-01
   -1.607653945684433e-01
   -1.298495829105377e-01
   -2.220590710639954e-01
   -1.883145570755005e-01
   -1.510393470525742e-01
   -3.070030212402344e-01
   -2.296013087034225e-01
   -2.094311565160751e-01
   -3.958084881305695e-01
   -1.231518760323524e-01
   -1.785571724176407e-01
   -2.204172164201736e-01
   -1.222066879272461e-01
   -1.835094988346100e-01
   -4.359519183635712e-01
   -1.934694051742554e-01
   -3.902472555637360e-01
   -1.532113850116730e-01
   -1.906325668096542e-01
   -2.145100831985474e-01
   -2.740252017974854e-01
   -1.498224437236786e-01
   -2.113230228424072e-01
   -3.942896723747253e-01
   -1.332863718271255e-01
   -1.352287232875824e-01
   -3.822285830974579e-01
   -1.429146379232407e-01
   -4.210689067840576e-01
   -1.349424123764038e-01
   -1.691144257783890e-01
   -1.466854214668274e-01
   -4.335288107395172e-01
   -1.677039712667465e-01
   -1.424396932125092e-01
   -1.321422904729843e-01
   -2.121961414813995e-01
   -1.290552765130997e-01
   -1.208626925945282e-01
   -2.855772674083710e-01
   -1.749704629182816e-01
   -2.137738466262817e-01
   -1.656581163406372e-01
   -3.419547677040100e-01
   -1.455140858888626e-01
   -2.667381465435028e-01
   -1.635455787181854e-01
   -1.462590992450714e-01
   -1.338144242763519e-01
   -3.154282569885254e-01
   -2.475814223289490e-01
   -2.801185846328735e-01
   -2.278297990560532e-01
   -3.089190423488617e-01
   -2.411480545997620e-01
   -1.879271119832993e-01
   -1.476585716009140e-01
   -1.605775058269501e-01
   -1.943412721157074e-01
   -2.548686861991882e-01
   -2.118798047304153e-01
   -2.266955077648163e-01
   -1.381278932094574e-01
   -2.389953583478928e-01
   -4.188123643398285e-01
   -2.719576656818390e-01
   -3.002548813819885e-01
   -3.969116508960724e-01
   -3.731072247028351e-01
   -1.287697553634644e-01
   -2.855359613895416e-01
   -1.603701412677765e-01
   -1.490123122930527e-01
   -1.711814999580383e-01
   -1.667093038558960e-01
   -1.396595984697342e-01
   -1.268123835325241e-01
   -1.217467114329338e-01
   -3.731435537338257e-01
   -1.399354338645935e-01
   -4.296729862689972e-01
   -2.496997267007828e-01
   -1.236246973276138e-01
   -2.560312747955322e-01
   -2.796060144901276e-01
   -1.744715124368668e-01
   -2.323190569877625e-01
   -4.338010251522064e-01
   -1.419081091880798e-01
   -2.423930764198303e-01
   -2.468727529048920e-01
   -1.199484914541245e-01
   -2.660019993782043e-01
   -1.607615798711777e-01
   -1.991752982139587e-01
   -1.803473979234695e-01
   -1.621367037296295e-01
   -1.422495245933533e-01
   -2.532548308372498e-01
   -2.242053449153900e-01
   -2.747173607349396e-01
   -2.276237308979034e-01
   -3.585627675056458e-01
   -2.048974782228470e-01
   -1.932722479104996e-01
   -2.771017849445343e-01
   -1.553736180067062e-01
   -4.320666790008545e-01
   -1.528544872999191e-01
   -1.637704223394394e-01
   -1.252011060714722e-01
   -2.232158333063126e-01
   -2.479426860809326e-01
   -1.410938501358032e-01
   -2.505892813205719e-01
   -1.836457848548889e-01
   -1.234872937202454e-01
   -1.635602712631226e-01
   -2.568042874336243e-01
   -3.604410886764526e-01
   -1.783480346202850e-01
   -1.983227729797363e-01
   -1.429247707128525e-01
   -4.324038326740265e-01
   -1.430213302373886e-01
   -2.222973406314850e-01
   -2.189631313085556e-01
   -1.565406173467636e-01
   -4.236282110214233e-01
   -1.366327106952667e-01
   -3.403436541557312e-01
   -1.573608070611954e-01
   -2.227017879486084e-01
   -1.280752718448639e-01
   -2.203198671340942e-01
   -2.549504041671753e-01
   -1.990599036216736e-01
   -1.809260845184326e-01
   -1.942428797483444e-01
   -3.975063264369965e-01
   -3.439341783523560e-01
   -1.330293118953705e-01
   -3.673103749752045e-01
   -2.326917052268982e-01
   -1.442063152790070e-01
   -3.028280138969421e-01
   -3.924914896488190e-01
   -1.491738855838776e-01
   -2.940816581249237e-01
   -1.633635759353638e-01
   -1.691110283136368e-01
   -1.417273133993149e-01
   -1.257107704877853e-01
   -1.507772207260132e-01
   -1.489728540182114e-01
   -2.251795977354050e-01
   -2.891363203525543e-01
   -1.578320562839508e-01
   -1.607036590576172e-01
   -1.284373402595520e-01
   -1.533613950014114e-01
   -1.750870347023010e-01
   -2.322358489036560e-01
   -3.092152774333954e-01
   -4.118601083755493e-01
   -1.250075697898865e-01
   -2.896457314491272e-01
   -1.893862783908844e-01
   -3.962854444980621e-01
   -1.342901587486267e-01
   -2.463808804750443e-01
   -1.281746327877045e-01
   -4.332557916641235e-01
   -1.489764004945755e-01
   -3.402242362499237e-01
   -1.319707781076431e-01
   -2.165500521659851e-01
   -1.209358647465706e-01
   -4.201657474040985e-01
   -3.858881890773773e-01
   -2.782847881317139e-01
   -3.390477001667023e-01
   -2.526946961879730e-01
   -2.117058485746384e-01
   -3.297184109687805e-01
   -2.624239027500153e-01
   -1.917827427387238e-01
   -1.551330685615540e-01
   -1.983855813741684e-01
   -1.877381205558777e-01
   -1.799221783876419e-01
   -1.652879565954208e-01
   -4.233445227146149e-01
   -4.319486916065216e-01
   -1.511374861001968e-01
   -1.513809263706207e-01
   -1.605704426765442e-01
   -3.484535217285156e-01
   -1.978982090950012e-01
   -2.368136793375015e-01
   -1.952809244394302e-01
   -1.479751318693161e-01
   -1.989553272724152e-01
   -2.351443469524384e-01
   -4.193359613418579e-01
   -4.081340730190277e-01
   -2.637391090393066e-01
   -1.338134109973907e-01
   -3.513733744621277e-01
   -1.288083642721176e-01
   -2.269639223814011e-01
   -4.260520339012146e-01
   -2.354083806276321e-01
   -2.835575640201569e-01
   -1.509213596582413e-01
   -1.728972792625427e-01
   -1.522135883569717e-01
   -1.788447648286819e-01
   -1.901230961084366e-01
   -1.995658725500107e-01
   -1.451266407966614e-01
   -2.564257383346558e-01
   -4.153217077255249e-01
   -4.149051904678345e-01
   -1.214488521218300e-01
   -1.871258169412613e-01
   -1.773357242345810e-01
   -1.922829002141953e-01
   -1.475859880447388e-01
   -2.414911538362503e-01
   -1.759885996580124e-01
   -2.518970966339111e-01
   -1.291461884975433e-01
   -1.723489463329315e-01
   -1.280318051576614e-01
   -2.128515988588333e-01
   -1.334853619337082e-01
   -2.278257161378860e-01
   -2.536854147911072e-01
   -2.194078713655472e-01
   -1.303776800632477e-01
   -1.205283254384995e-01
   -2.122402340173721e-01
   -1.258544176816940e-01
   -1.705081909894943e-01
   -4.194773733615875e-01
   -1.885536760091782e-01
   -2.388032078742981e-01
   -1.362283378839493e-01
   -1.257362812757492e-01
   -1.609558314085007e-01
   -2.078518420457840e-01
   -1.505151987075806e-01
   -1.620064377784729e-01
   -1.252566128969193e-01
   -1.791721135377884e-01
   -4.078139066696167e-01
   -3.331808149814606e-01
   -1.488179564476013e-01
   -1.201484426856041e-01
   -1.638348549604416e-01
   -1.857924014329910e-01
   -1.944054663181305e-01
   -1.715035289525986e-01
   -3.673649430274963e-01
   -4.213371872901917e-01
   -1.466658264398575e-01
   -1.706016957759857e-01
   -2.826420664787292e-01
   -4.216932058334351e-01
   -1.358000338077545e-01
   -1.293660551309586e-01
   -4.285837709903717e-01
   -2.562466263771057e-01
   -2.262693941593170e-01
   -3.663081824779510e-01
   -1.477241516113281e-01
   -2.361858785152435e-01
   -1.220373809337616e-01
   -4.190182387828827e-01
   -3.582974076271057e-01
   -1.363432556390762e-01
   -4.393551647663116e-01
   -3.484112918376923e-01
   -1.278355717658997e-01
   -1.214460134506226e-01
   -1.725555956363678e-01
   -2.140363305807114e-01
   -2.011248767375946e-01
   -1.694039702415466e-01
   -1.423806101083755e-01
   -1.685889810323715e-01
   -1.563022136688232e-01
   -4.329198896884918e-01
   -1.571801602840424e-01
   -1.463241279125214e-01
   -1.368338912725449e-01
   -1.279775649309158e-01
   -1.367599517107010e-01
   -3.386556506156921e-01
   -1.554784178733826e-01
   -1.308764815330505e-01
   -3.311701714992523e-01
   -1.821013540029526e-01
   -2.060792893171310e-01
   -1.597294658422470e-01
   -3.707622587680817e-01
   -1.705732196569443e-01
   -1.461475044488907e-01
   -1.878416240215302e-01
   -1.797665059566498e-01
   -2.863962650299072e-01
   -1.986518651247025e-01
   -1.223050504922867e-01
   -4.079878926277161e-01
   -1.287559419870377e-01
   -3.472753167152405e-01
   -3.958595395088196e-01
   -1.592519581317902e-01
   -1.938749104738235e-01
   -1.227133423089981e-01
   -2.761788368225098e-01
   -3.277415931224823e-01
   -1.310271024703979e-01
   -1.343936622142792e-01
   -1.269435584545135e-01
   -3.975058197975159e-01
   -4.278593659400940e-01
   -2.143283188343048e-01
   -2.375434786081314e-01
   -2.452040165662766e-01
   -2.418455481529236e-01
   -1.644945442676544e-01
   -1.948189884424210e-01
   -1.267175376415253e-01
   -1.496465802192688e-01
   -1.640200614929199e-01
   -2.902587354183197e-01
   -1.303680539131165e-01
   -1.272822767496109e-01
   -1.764163076877594e-01
   -1.594474762678146e-01
   -1.618156284093857e-01
   -3.600526452064514e-01
   -1.319841891527176e-01
   -1.931120902299881e-01
   -1.564559489488602e-01
   -1.547353565692902e-01
   -1.316048502922058e-01
   -4.340726137161255e-01
   -3.508791923522949e-01
   -1.924947649240494e-01
   -3.926699161529541e-01
   -2.078271359205246e-01
   -1.885661631822586e-01
   -3.816739022731781e-01
   -1.434444785118103e-01
   -1.401940882205963e-01
   -1.967871338129044e-01
   -1.327250301837921e-01
   -4.321577250957489e-01
   -2.254498749971390e-01
   -1.388111859560013e-01
   -4.340820610523224e-01
   -1.353343576192856e-01
   -2.958067059516907e-01
   -2.820859551429749e-01
   -1.819246560335159e-01
   -1.449661701917648e-01
   -1.451164484024048e-01
   -2.411369085311890e-01
   -1.381722539663315e-01
   -1.339963972568512e-01
   -1.265608817338943e-01
   -1.500137597322464e-01
   -1.295902431011200e-01
   -1.417960077524185e-01
   -2.537917196750641e-01
   -1.257409453392029e-01
   -3.949865102767944e-01
   -1.554562896490097e-01
   -3.563002645969391e-01
   -2.094184756278992e-01
   -1.726695448160172e-01
   -1.697782278060913e-01
   -2.017510980367661e-01
   -1.456906646490097e-01
   -1.535802930593491e-01
   -1.318512409925461e-01
   -2.021470069885254e-01
   -1.819943189620972e-01
   -4.184776246547699e-01
   -1.585225015878677e-01
   -1.260354518890381e-01
   -1.625563949346542e-01
   -2.014155834913254e-01
   -1.374734938144684e-01
   -2.125323414802551e-01
   -2.099194228649139e-01
   -1.588232368230820e-01
   -4.314796328544617e-01
   -2.120520025491714e-01
   -4.177450537681580e-01
   -2.491882890462875e-01
   -1.380899697542191e-01
   -2.764518857002258e-01
   -1.781086474657059e-01
   -2.542211115360260e-01
   -4.061386585235596e-01
   -1.253823339939117e-01
   -3.226690292358398e-01
   -1.260728538036346e-01
   -4.072352051734924e-01
   -3.429331779479980e-01
   -2.137741595506668e-01
   -1.276030242443085e-01
   -1.427621692419052e-01
   -1.582873314619064e-01
   -1.590202748775482e-01
   -2.369426637887955e-01
   -1.302031874656677e-01
   -1.994941830635071e-01
   -1.901028603315353e-01
   -4.124935269355774e-01
   -1.495212465524673e-01
   -1.557090580463409e-01
   -1.518489271402359e-01
   -2.498567700386047e-01
   -4.172820448875427e-01
   -1.325480341911316e-01
   -3.099410533905029e-01
   -2.083670049905777e-01
   -1.574499011039734e-01
   -2.729929089546204e-01
   -2.331103384494781e-01
   -1.674896478652954e-01
   -2.889388203620911e-01
   -1.893623620271683e-01
   -1.703471541404724e-01
   -1.636170744895935e-01
   -2.358466237783432e-01
   -1.480061262845993e-01
   -1.921437978744507e-01
   -4.260003566741943e-01
   -1.824994236230850e-01
   -1.306978762149811e-01
   -4.278294146060944e-01
   -1.814471185207367e-01
   -1.277321428060532e-01
   -1.712212413549423e-01
   -1.312443315982819e-01
   -2.671082019805908e-01
   -2.388720065355301e-01
   -1.802059113979340e-01
   -2.849475443363190e-01
   -2.082533687353134e-01
   -1.795611381530762e-01
   -1.513160467147827e-01
   -4.192154407501221e-01
   -4.339493811130524e-01
   -1.359326541423798e-01
   -1.342392563819885e-01
   -1.308362782001495e-01
   -4.223892092704773e-01
   -2.900557518005371e-01
   -1.625504344701767e-01
   -2.200998365879059e-01
   -4.291714429855347e-01
   -2.228704243898392e-01
   -2.092057764530182e-01
   -1.379142105579376e-01
   -2.479004710912704e-01
   -1.284401267766953e-01
   -1.352959722280502e-01
   -4.297589361667633e-01
   -4.392831325531006e-01
   -3.707066774368286e-01
   -1.257477104663849e-01
   -4.334315061569214e-01
   -2.076849192380905e-01
   -3.473860025405884e-01
   -1.944477856159210e-01
   -3.550484180450439e-01
   -1.481517404317856e-01
   -1.612863093614578e-01
   -2.251857668161392e-01
   -1.527763009071350e-01
   -1.727073788642883e-01
   -2.680133879184723e-01
   -1.212365925312042e-01
   -1.372424662113190e-01
   -1.525684595108032e-01
   -1.266850531101227e-01
   -1.782070845365524e-01
   -1.807728558778763e-01
   -1.369595527648926e-01
   -3.086711168289185e-01
   -1.239334493875504e-01
   -1.776040792465210e-01
   -1.661693304777145e-01
   -1.564940810203552e-01
   -1.825912892818451e-01
   -1.284762918949127e-01
   -4.250103831291199e-01
   -1.506195068359375e-01
   -2.530328929424286e-01
   -4.266402721405029e-01
   -1.519642621278763e-01
   -1.338135302066803e-01
   -2.861015200614929e-01
   -1.578243970870972e-01
   -2.131164073944092e-01
   -2.024251967668533e-01
   -1.385641992092133e-01
   -2.185035794973373e-01
   -4.182323217391968e-01
   -1.528175026178360e-01
   -2.865134775638580e-01
   -1.251925081014633e-01
   -2.765204906463623e-01
   -2.509337663650513e-01
   -1.518630981445312e-01
   -2.259683609008789e-01
   -2.247844934463501e-01
   -1.311443895101547e-01
   -1.210179030895233e-01
   -1.214356347918510e-01
   -4.202006161212921e-01
   -1.822327524423599e-01
   -1.747264415025711e-01
   -1.850517839193344e-01
   -1.273445934057236e-01
   -2.305299937725067e-01
   -1.281853318214417e-01
   -1.349990963935852e-01
   -2.373127490282059e-01
   -1.542989909648895e-01
   -1.982531398534775e-01
   -2.740542888641357e-01
   -1.544702649116516e-01
   -2.683857381343842e-01
   -1.294732838869095e-01
   -1.841187179088593e-01
   -1.775420606136322e-01
   -1.409040987491608e-01
   -2.391862869262695e-01
   -2.038999050855637e-01
   -2.063884139060974e-01
   -1.784551888704300e-01
   -1.899933516979218e-01
   -2.336526364088058e-01
   -2.171408832073212e-01
   -1.255947947502136e-01
   -1.622340381145477e-01
   -2.505418956279755e-01
   -2.077695727348328e-01
   -3.160114884376526e-01
   -1.367323547601700e-01
   -1.199814006686211e-01
   -4.194561243057251e-01
   -1.272997111082077e-01
   -2.068691700696945e-01
   -1.644476950168610e-01
   -1.860050857067108e-01
   -2.499868422746658e-01
   -3.828944861888885e-01
   -1.458141207695007e-01
   -1.846150606870651e-01
   -1.888659894466400e-01
   -1.418045610189438e-01
   -2.120581567287445e-01
   -1.610419601202011e-01
   -1.659753173589706e-01
   -2.961001396179199e-01
   -1.566021144390106e-01
   -3.751853704452515e-01
   -1.789312809705734e-01
   -4.287127852439880e-01
   -3.551829457283020e-01
   -4.066914319992065e-01
   -1.718784570693970e-01
   -1.620313823223114e-01
   -1.571319401264191e-01
   -1.985925436019897e-01
   -1.992969214916229e-01
   -1.911861896514893e-01
   -2.385939210653305e-01
   -2.876841127872467e-01
   -1.218318790197372e-01
   -1.906452924013138e-01
   -2.549266219139099e-01
   -2.152121961116791e-01
   -2.815821468830109e-01
   -3.094919323921204e-01
   -4.173991382122040e-01
   -1.920971721410751e-01
   -1.246292442083359e-01
   -1.274339556694031e-01
   -4.016067385673523e-01
   -1.997147351503372e-01
   -4.195836782455444e-01
   -1.215633079409599e-01
   -1.364623457193375e-01
   -1.550371348857880e-01
   -1.875197440385818e-01
   -2.369055002927780e-01
   -1.245338544249535e-01
   -4.023239314556122e-01
   -2.511521279811859e-01
   -1.470551788806915e-01
   -2.340688407421112e-01
   -4.101027548313141e-01
   -2.346472442150116e-01
   -1.411969065666199e-01
   -2.911658287048340e-01
   -1.774674504995346e-01
   -2.341889590024948e-01
   -3.801800012588501e-01
   -1.735194325447083e-01
   -3.470901250839233e-01
   -1.333663910627365e-01
   -4.274930357933044e-01
   -1.854601055383682e-01
   -1.296702921390533e-01
   -2.563775777816772e-01
   -1.656388342380524e-01
   -1.686681210994720e-01
   -2.322075515985489e-01
   -1.233657225966454e-01
   -2.200677394866943e-01
   -1.313220411539078e-01
   -1.759276092052460e-01
   -3.656962513923645e-01
   -3.035069108009338e-01
   -1.684336811304092e-01
   -4.285843670368195e-01
   -3.858596384525299e-01
   -1.585584282875061e-01
   -1.599832326173782e-01
   -1.887433081865311e-01
   -1.695345342159271e-01
   -1.808570176362991e-01
   -1.322888433933258e-01
   -1.273494958877563e-01
   -2.644562125205994e-01
   -1.748840212821960e-01
   -1.900777518749237e-01
   -1.319218277931213e-01
   -2.011369317770004e-01
   -2.634264230728149e-01
   -2.339578568935394e-01
   -2.701340615749359e-01
   -4.342715144157410e-01
   -1.585686355829239e-01
   -1.232217922806740e-01
   -1.340674310922623e-01
   -3.592620193958282e-01
   -1.348167359828949e-01
   -1.244995296001434e-01
   -1.273302435874939e-01
   -2.138792276382446e-01
   -2.519312500953674e-01
   -2.213820666074753e-01
   -1.676563173532486e-01
   -3.877459764480591e-01
   -2.274448126554489e-01
   -2.681712210178375e-01
   -1.850577443838120e-01
   -2.298137545585632e-01
   -4.348642528057098e-01
   -1.299053430557251e-01
   -1.959692388772964e-01
   -1.618232876062393e-01
   -3.454552888870239e-01
   -3.081912994384766e-01
   -1.788405030965805e-01
   -2.322632372379303e-01
   -2.396907806396484e-01
   -2.054280042648315e-01
   -1.426688581705093e-01
   -1.228930503129959e-01
   -1.217340677976608e-01
   -4.265784919261932e-01
   -3.137533366680145e-01
   -4.270200729370117e-01
   -1.256910860538483e-01
   -3.089163303375244e-01
   -1.584623754024506e-01
   -1.859544217586517e-01
   -4.211134314537048e-01
   -2.663084864616394e-01
   -4.039353728294373e-01
   -1.719188690185547e-01
   -2.276329994201660e-01
   -1.543546468019485e-01
   -1.504098325967789e-01
   -2.845126986503601e-01
   -4.357493221759796e-01
   -1.422850042581558e-01
   -4.086144566535950e-01
   -1.529249846935272e-01
   -1.271156966686249e-01
   -2.228402197360992e-01
   -1.810955852270126e-01
   -1.297370493412018e-01
   -3.337236344814301e-01
   -4.041690230369568e-01
   -1.517030745744705e-01
   -1.246615797281265e-01
   -1.706492155790329e-01
   -2.974006533622742e-01
   -2.170376032590866e-01
   -1.345572173595428e-01
   -1.262208223342896e-01
   -4.157679975032806e-01
   -2.579491734504700e-01
   -2.105235755443573e-01
   -3.595272600650787e-01
   -1.535964608192444e-01
   -1.269647926092148e-01
   -2.065505832433701e-01
   -4.366362988948822e-01
   -3.414811491966248e-01
   -1.798094809055328e-01
   -1.909540295600891e-01
   -2.134251892566681e-01
   -2.120093554258347e-01
   -1.298196911811829e-01
   -2.061983495950699e-01
   -2.726394534111023e-01
   -2.443939298391342e-01
   -4.284287989139557e-01
   -2.323673963546753e-01
   -1.709194332361221e-01
   -1.946713477373123e-01
   -1.223928555846214e-01
   -2.573503553867340e-01
   -1.283098012208939e-01
   -1.466828435659409e-01
   -3.949774801731110e-01
   -1.611331850290298e-01
   -1.379343569278717e-01
   -1.276246756315231e-01
   -1.215700656175613e-01
   -1.993602961301804e-01
   -1.237468272447586e-01
   -1.373872309923172e-01
   -1.382530182600021e-01
   -2.036145180463791e-01
   -2.657127380371094e-01
   -4.023261368274689e-01
   -1.910220235586166e-01
   -2.059497237205505e-01
   -1.417965143918991e-01
   -1.967753618955612e-01
   -3.709107339382172e-01
   -2.164829373359680e-01
   -1.463240534067154e-01
   -1.910028755664825e-01
   -1.912062168121338e-01
   -2.334114015102386e-01
   -1.206616908311844e-01
   -1.813915967941284e-01
   -1.743162870407104e-01
   -1.932066380977631e-01
   -1.814876049757004e-01
   -3.089719712734222e-01
   -1.890581399202347e-01
   -1.490204036235809e-01
   -3.880740702152252e-01
   -1.806508004665375e-01
   -2.780472934246063e-01
   -4.149263501167297e-01
   -2.583699524402618e-01
   -2.051904201507568e-01
   -1.479814946651459e-01
   -1.990781277418137e-01
   -1.748118102550507e-01
   -1.260370165109634e-01
   -2.359911501407623e-01
   -1.315583139657974e-01
   -1.257169842720032e-01
   -1.196458414196968e-01
   -4.273279905319214e-01
   -1.215392500162125e-01
   -1.581041961908340e-01
   -2.055121511220932e-01
   -3.541269600391388e-01
   -2.032665461301804e-01
   -1.436278373003006e-01
   -1.225226148962975e-01
   -1.932199299335480e-01
   -3.586722314357758e-01
   -2.420148402452469e-01
   -2.780147194862366e-01
   -2.547040879726410e-01
   -4.325264394283295e-01
   -1.215451285243034e-01
   -2.848505675792694e-01
   -2.584611177444458e-01
   -2.042594403028488e-01
   -2.690803408622742e-01
   -1.291544884443283e-01
   -2.880442142486572e-01
   -2.104703187942505e-01
   -1.694736331701279e-01
   -1.837219446897507e-01
   -1.394094079732895e-01
   -2.979999780654907e-01
   -1.330069601535797e-01
   -1.569820493459702e-01
   -2.625745236873627e-01
   -2.797300517559052e-01
   -1.704731285572052e-01
   -1.963351964950562e-01
   -3.747178912162781e-01
   -1.402211934328079e-01
   -4.330940544605255e-01
   -4.234507977962494e-01
   -4.261400103569031e-01
   -1.219599470496178e-01
   -1.938974708318710e-01
   -1.446736305952072e-01
   -1.872472912073135e-01
   -1.295686662197113e-01
   -1.385629475116730e-01
   -1.337325870990753e-01
   -1.576616913080215e-01
   -4.265055954456329e-01
   -2.534362971782684e-01
   -1.762690097093582e-01
   -4.029342532157898e-01
   -1.543869525194168e-01
   -3.173712790012360e-01
   -1.289533376693726e-01
   -2.124132513999939e-01
   -1.376764774322510e-01
   -1.947727799415588e-01
   -1.260614991188049e-01
   -1.917921006679535e-01
   -1.773506104946136e-01
   -2.587482035160065e-01
   -1.659869402647018e-01
   -2.876504957675934e-01
   -1.218264847993851e-01
   -1.739521473646164e-01
   -1.431009024381638e-01
   -1.355200856924057e-01
   -3.935698568820953e-01
   -1.406598389148712e-01
   -1.577417254447937e-01
   -3.038634657859802e-01
   -3.304719328880310e-01
