    0.000000000000000e+00     0.000000000000000e+00     1.125465869903564e+00
    1.000000000000000e+00     5.616875886917114e-01    -1.214625000953674e+00
    0.000000000000000e+00     0.000000000000000e+00     7.575419545173645e-01
    0.000000000000000e+00     0.000000000000000e+00    -2.062972635030746e-01
    0.000000000000000e+00     0.000000000000000e+00    -9.496656060218811e-01
    1.000000000000000e+00     9.060236811637878e-01    -1.766286790370941e-01
    1.000000000000000e+00     9.195385575294495e-01     4.326812922954559e-01
    1.000000000000000e+00     9.647520780563354e-01    -1.031274080276489e+00
    0.000000000000000e+00     0.000000000000000e+00    -1.084230542182922e+00
    0.000000000000000e+00     0.000000000000000e+00    -1.755785942077637e+00
    0.000000000000000e+00     0.000000000000000e+00     5.382924675941467e-01
    0.000000000000000e+00     0.000000000000000e+00     3.410219252109528e-01
    0.000000000000000e+00     0.000000000000000e+00    -1.693957448005676e+00
    1.000000000000000e+00     5.150312185287476e-01     1.123560190200806e+00
    0.000000000000000e+00     0.000000000000000e+00     1.334166169166565e+00
    1.000000000000000e+00     3.599719405174255e-01    -7.473412156105042e-01
    0.000000000000000e+00     0.000000000000000e+00    -1.746259689331055e+00
    0.000000000000000e+00     0.000000000000000e+00     2.145965248346329e-01
    1.058338116854429e-02     1.000000000000000e+00     6.879773736000061e-01
    1.000000000000000e+00     9.785875678062439e-01    -1.142237409949303e-01
    0.000000000000000e+00     0.000000000000000e+00     2.696877956390381e+00
    0.000000000000000e+00     0.000000000000000e+00     1.810265898704529e+00
    0.000000000000000e+00     0.000000000000000e+00    -9.591772556304932e-01
    0.000000000000000e+00     0.000000000000000e+00     2.882238328456879e-01
    0.000000000000000e+00     0.000000000000000e+00     4.866484403610229e-01
    0.000000000000000e+00     0.000000000000000e+00    -7.382036447525024e-01
    0.000000000000000e+00     0.000000000000000e+00     6.895285844802856e-01
    6.090126633644104e-01     1.000000000000000e+00     1.491365209221840e-02
    0.000000000000000e+00     0.000000000000000e+00    -2.085578203201294e+00
    1.000000000000000e+00     7.332961559295654e-01     6.832220554351807e-01
    8.847354352474213e-02     1.000000000000000e+00    -1.316501498222351e+00
    6.937404870986938e-01     1.000000000000000e+00     1.093845725059509e+00
    0.000000000000000e+00     0.000000000000000e+00    -1.110202789306641e+00
    3.534822463989258e-01     1.000000000000000e+00     1.892669312655926e-02
    9.967086911201477e-01     1.000000000000000e+00    -1.653890371322632e+00
    0.000000000000000e+00     0.000000000000000e+00    -2.070192337036133e+00
    8.500146269798279e-01     1.000000000000000e+00    -7.861000299453735e-01
    1.000000000000000e+00     7.856341004371643e-01     4.168027341365814e-01
    1.117123514413834e-01     1.000000000000000e+00     1.587065756320953e-01
    0.000000000000000e+00     0.000000000000000e+00    -2.461663633584976e-01
    0.000000000000000e+00     0.000000000000000e+00    -1.181182742118835e+00
    4.799081683158875e-01     1.000000000000000e+00     9.829932451248169e-01
    0.000000000000000e+00     0.000000000000000e+00     1.183033347129822e+00
    0.000000000000000e+00     0.000000000000000e+00    -3.338544964790344e-01
    3.268469274044037e-01     1.000000000000000e+00     1.230777859687805e+00
    0.000000000000000e+00     0.000000000000000e+00    -1.339831352233887e+00
    0.000000000000000e+00     0.000000000000000e+00    -3.506334125995636e-01
    0.000000000000000e+00     0.000000000000000e+00     1.545681238174438e+00
    0.000000000000000e+00     0.000000000000000e+00    -4.444849491119385e-01
    1.000000000000000e+00     6.021226048469543e-01    -1.255348563194275e+00
    0.000000000000000e+00     0.000000000000000e+00     4.610945284366608e-01
    0.000000000000000e+00     0.000000000000000e+00    -1.459731012582779e-01
    0.000000000000000e+00     0.000000000000000e+00     3.541565239429474e-01
    0.000000000000000e+00     0.000000000000000e+00    -3.230368793010712e-01
    8.191989660263062e-01     1.000000000000000e+00     1.599754840135574e-01
    0.000000000000000e+00     0.000000000000000e+00    -1.024374246597290e+00
    1.000000000000000e+00     5.912042260169983e-01     1.111633181571960e+00
    1.526679992675781e-01     1.000000000000000e+00     7.696246504783630e-01
    0.000000000000000e+00     0.000000000000000e+00    -5.513465404510498e-01
    0.000000000000000e+00     0.000000000000000e+00    -1.052370905876160e+00
    8.841374516487122e-02     1.000000000000000e+00     6.800721287727356e-01
    1.000000000000000e+00     7.175934314727783e-01     1.768090009689331e+00
    0.000000000000000e+00     0.000000000000000e+00     1.356009602546692e+00
    2.113001346588135e-01     1.000000000000000e+00     2.420583963394165e+00
    1.000000000000000e+00     4.089502692222595e-01     2.914866805076599e-01
    0.000000000000000e+00     0.000000000000000e+00    -1.512696504592896e+00
    1.000000000000000e+00     3.714173734188080e-01    -8.003252148628235e-01
    6.107235550880432e-01     1.000000000000000e+00     3.712226450443268e-01
    0.000000000000000e+00     0.000000000000000e+00    -2.177226841449738e-01
    0.000000000000000e+00     0.000000000000000e+00    -2.809616565704346e+00
    2.171925269067287e-02     1.000000000000000e+00     4.354915916919708e-01
    2.682850062847137e-01     1.000000000000000e+00    -2.643443346023560e+00
    1.000000000000000e+00     4.148142337799072e-01    -1.082523703575134e+00
    0.000000000000000e+00     0.000000000000000e+00    -8.419672250747681e-01
    1.000000000000000e+00     7.375773191452026e-01    -6.447757035493851e-02
    0.000000000000000e+00     0.000000000000000e+00    -6.437293440103531e-02
    0.000000000000000e+00     0.000000000000000e+00     2.240085229277611e-02
    0.000000000000000e+00     0.000000000000000e+00    -4.634911119937897e-01
    0.000000000000000e+00     0.000000000000000e+00    -9.007136821746826e-01
    8.489388823509216e-01     1.000000000000000e+00     1.051997065544128e+00
    1.000000000000000e+00     5.277021527290344e-01     4.686175286769867e-01
    0.000000000000000e+00     0.000000000000000e+00     1.099876046180725e+00
    1.000000000000000e+00     5.628168582916260e-01     1.787768453359604e-01
    0.000000000000000e+00     0.000000000000000e+00     1.041967034339905e+00
    0.000000000000000e+00     0.000000000000000e+00     5.227835178375244e-01
    0.000000000000000e+00     0.000000000000000e+00     1.179641127586365e+00
    0.000000000000000e+00     0.000000000000000e+00     4.684273302555084e-01
    1.000000000000000e+00     4.501609504222870e-01     1.003672003746033e+00
    0.000000000000000e+00     0.000000000000000e+00    -1.578501611948013e-02
    3.011190891265869e-01     1.000000000000000e+00    -1.592227339744568e+00
    7.929142564535141e-02     1.000000000000000e+00    -4.472687542438507e-01
    5.430430173873901e-01     1.000000000000000e+00    -1.726192593574524e+00
    0.000000000000000e+00     0.000000000000000e+00     5.007157325744629e-01
    0.000000000000000e+00     0.000000000000000e+00    -1.469418108463287e-01
    0.000000000000000e+00     0.000000000000000e+00     6.116881370544434e-01
    1.000000000000000e+00     6.791858673095703e-01    -8.319624066352844e-01
    0.000000000000000e+00     0.000000000000000e+00     7.144638150930405e-02
    0.000000000000000e+00     0.000000000000000e+00    -3.422521948814392e-01
    0.000000000000000e+00     0.000000000000000e+00    -2.359099835157394e-01
    9.153781831264496e-02     1.000000000000000e+00     4.985400289297104e-02
    0.000000000000000e+00     0.000000000000000e+00     6.606131196022034e-01
    0.000000000000000e+00     0.000000000000000e+00     2.160418629646301e-01
    2.912654578685760e-01     1.000000000000000e+00     8.428376168012619e-02
    0.000000000000000e+00     0.000000000000000e+00     1.339814901351929e+00
    0.000000000000000e+00     0.000000000000000e+00     9.238998889923096e-01
    9.695556163787842e-01     1.000000000000000e+00    -3.582930266857147e-01
    2.136471867561340e-01     1.000000000000000e+00     7.762387990951538e-01
    3.163422346115112e-01     1.000000000000000e+00    -8.608429133892059e-02
    1.000000000000000e+00     4.861655235290527e-01    -1.693607449531555e+00
    1.000000000000000e+00     7.241676449775696e-01    -2.176726907491684e-01
    0.000000000000000e+00     0.000000000000000e+00    -2.398408174514771e+00
    4.254374206066132e-01     1.000000000000000e+00    -6.405662298202515e-01
    0.000000000000000e+00     0.000000000000000e+00     5.347740054130554e-01
    0.000000000000000e+00     0.000000000000000e+00    -6.289523243904114e-01
    5.788030624389648e-01     1.000000000000000e+00     3.210191726684570e-01
    0.000000000000000e+00     0.000000000000000e+00    -7.506331801414490e-01
    6.631722450256348e-01     1.000000000000000e+00     1.755381345748901e+00
    0.000000000000000e+00     0.000000000000000e+00    -2.321840636432171e-02
    1.618030667304993e-01     1.000000000000000e+00     1.614044308662415e+00
    0.000000000000000e+00     0.000000000000000e+00    -1.888002038002014e+00
    0.000000000000000e+00     0.000000000000000e+00     8.448159694671631e-01
    0.000000000000000e+00     0.000000000000000e+00     5.104838609695435e-01
    0.000000000000000e+00     0.000000000000000e+00    -2.153132408857346e-01
    1.000000000000000e+00     8.283215761184692e-01    -9.566292762756348e-01
    1.000000000000000e+00     7.972934246063232e-01     3.395487070083618e-01
    0.000000000000000e+00     0.000000000000000e+00     6.785501837730408e-01
    7.081737518310547e-01     1.000000000000000e+00     1.525118589401245e+00
    1.000000000000000e+00     8.597972989082336e-01    -6.879835128784180e-01
    4.023702442646027e-01     1.000000000000000e+00     1.130268454551697e+00
    7.392611503601074e-01     1.000000000000000e+00     2.359683513641357e-01
    0.000000000000000e+00     0.000000000000000e+00     2.581565618515015e+00
    0.000000000000000e+00     0.000000000000000e+00    -2.941832244396210e-01
    0.000000000000000e+00     0.000000000000000e+00    -1.240902543067932e+00
    2.258998602628708e-01     1.000000000000000e+00     2.377604484558105e+00
    0.000000000000000e+00     0.000000000000000e+00     7.441584467887878e-01
    6.986446380615234e-01     1.000000000000000e+00     1.386842727661133e-01
    0.000000000000000e+00     0.000000000000000e+00    -6.449418663978577e-01
    1.000000000000000e+00     8.373704552650452e-01     1.730804562568665e+00
    4.571171402931213e-01     1.000000000000000e+00     1.164984226226807e+00
    1.000000000000000e+00     5.798044204711914e-01    -1.008215665817261e+00
    0.000000000000000e+00     0.000000000000000e+00     4.300422966480255e-01
    8.195526599884033e-01     1.000000000000000e+00    -2.894118428230286e-02
    5.435716509819031e-01     1.000000000000000e+00    -1.201558709144592e+00
    1.000000000000000e+00     8.687456250190735e-01     1.790783166885376e+00
    0.000000000000000e+00     0.000000000000000e+00    -5.357733368873596e-01
    3.446230888366699e-01     1.000000000000000e+00     7.917562723159790e-01
    0.000000000000000e+00     0.000000000000000e+00     3.087356686592102e-01
    5.839737057685852e-01     1.000000000000000e+00     1.116494059562683e+00
    0.000000000000000e+00     0.000000000000000e+00     5.019863247871399e-01
    1.000000000000000e+00     9.407556653022766e-01     2.039555311203003e+00
    0.000000000000000e+00     0.000000000000000e+00     1.977492272853851e-01
    8.530498147010803e-01     1.000000000000000e+00    -2.102574586868286e+00
    0.000000000000000e+00     0.000000000000000e+00     2.811382412910461e-01
    0.000000000000000e+00     0.000000000000000e+00     2.152339935302734e+00
    0.000000000000000e+00     0.000000000000000e+00     1.677015304565430e+00
    0.000000000000000e+00     0.000000000000000e+00     5.521566867828369e-01
    0.000000000000000e+00     0.000000000000000e+00    -5.929927229881287e-01
    1.000000000000000e+00     9.539706110954285e-01     1.090170145034790e-01
    0.000000000000000e+00     0.000000000000000e+00    -3.573535978794098e-01
    1.000000000000000e+00     4.317520856857300e-01     7.815971970558167e-01
    0.000000000000000e+00     0.000000000000000e+00    -4.048705399036407e-01
    0.000000000000000e+00     0.000000000000000e+00    -9.058283567428589e-01
    1.000000000000000e+00     5.504985451698303e-01     9.653868675231934e-01
    7.185466885566711e-01     1.000000000000000e+00     3.996890485286713e-01
    4.399171173572540e-01     1.000000000000000e+00     5.981905460357666e-01
    0.000000000000000e+00     0.000000000000000e+00    -2.162352800369263e-01
    0.000000000000000e+00     0.000000000000000e+00     3.213493525981903e-01
    1.000000000000000e+00     7.745792269706726e-01     6.532021164894104e-01
    2.847854197025299e-01     1.000000000000000e+00    -5.422924160957336e-01
    0.000000000000000e+00     0.000000000000000e+00     1.700396537780762e+00
    0.000000000000000e+00     0.000000000000000e+00    -1.986200064420700e-01
    8.015933036804199e-01     1.000000000000000e+00    -1.377556085586548e+00
    1.685727387666702e-01     1.000000000000000e+00    -1.313436031341553e+00
    5.121934413909912e-01     1.000000000000000e+00    -3.622671365737915e-01
    2.629788219928741e-01     1.000000000000000e+00    -9.718785881996155e-01
    0.000000000000000e+00     0.000000000000000e+00     1.434981226921082e+00
    2.872456014156342e-01     1.000000000000000e+00    -2.317904472351074e+00
    1.073044762015343e-01     1.000000000000000e+00    -1.395416706800461e-01
    0.000000000000000e+00     0.000000000000000e+00     1.353913992643356e-01
    0.000000000000000e+00     0.000000000000000e+00     1.513333439826965e+00
    0.000000000000000e+00     0.000000000000000e+00    -1.023897051811218e+00
    1.008745059370995e-01     1.000000000000000e+00    -2.271007150411606e-01
    0.000000000000000e+00     0.000000000000000e+00     8.802378773689270e-01
    5.234356522560120e-01     1.000000000000000e+00     2.376256585121155e-01
    0.000000000000000e+00     0.000000000000000e+00    -2.841744422912598e-01
    0.000000000000000e+00     0.000000000000000e+00     5.364587903022766e-01
    1.283939927816391e-01     1.000000000000000e+00    -1.880597352981567e+00
    3.854840993881226e-01     1.000000000000000e+00     1.359443664550781e+00
    1.000000000000000e+00     4.735651016235352e-01     1.768519282341003e+00
    0.000000000000000e+00     0.000000000000000e+00    -5.088778734207153e-01
    0.000000000000000e+00     0.000000000000000e+00    -1.492820262908936e+00
    0.000000000000000e+00     0.000000000000000e+00    -9.382072091102600e-01
    0.000000000000000e+00     0.000000000000000e+00    -2.086127281188965e+00
    0.000000000000000e+00     0.000000000000000e+00    -6.140519678592682e-02
    4.583797156810760e-01     1.000000000000000e+00    -2.136847257614136e+00
    0.000000000000000e+00     0.000000000000000e+00    -3.685329556465149e-01
    0.000000000000000e+00     0.000000000000000e+00     8.865045905113220e-01
    3.943442702293396e-01     1.000000000000000e+00    -4.257973730564117e-01
    1.000000000000000e+00     5.595360994338989e-01    -2.027642250061035e+00
    5.678635239601135e-01     1.000000000000000e+00    -1.931469202041626e+00
    1.000000000000000e+00     7.708830237388611e-01    -3.909723460674286e-01
    1.967344880104065e-01     1.000000000000000e+00     3.523461222648621e-01
    1.000000000000000e+00     4.072796702384949e-01    -3.014748096466064e-01
    0.000000000000000e+00     0.000000000000000e+00    -1.603702902793884e-01
    5.166164636611938e-01     1.000000000000000e+00     1.646561384201050e+00
    6.853798031806946e-01     1.000000000000000e+00    -1.237439393997192e+00
    0.000000000000000e+00     0.000000000000000e+00    -1.291048169136047e+00
    0.000000000000000e+00     0.000000000000000e+00    -1.642744779586792e+00
    2.105000168085098e-01     1.000000000000000e+00     1.813241481781006e+00
    1.437855362892151e-01     1.000000000000000e+00     3.584054410457611e-01
    8.315879106521606e-01     1.000000000000000e+00    -8.142652511596680e-01
    5.250364542007446e-01     1.000000000000000e+00     1.198033928871155e+00
    8.862694501876831e-01     1.000000000000000e+00    -5.395191907882690e-01
    0.000000000000000e+00     0.000000000000000e+00    -1.562996506690979e-01
    2.340392172336578e-01     1.000000000000000e+00     6.914013028144836e-01
    3.235026001930237e-01     1.000000000000000e+00     2.088643312454224e-01
    1.000000000000000e+00     8.324187397956848e-01    -8.320531249046326e-01
    0.000000000000000e+00     0.000000000000000e+00    -6.815106272697449e-01
    9.250847995281219e-02     1.000000000000000e+00     1.213324308395386e+00
    6.548335552215576e-01     1.000000000000000e+00    -5.428562164306641e-01
    0.000000000000000e+00     0.000000000000000e+00    -4.376810491085052e-01
    9.428597241640091e-02     1.000000000000000e+00    -3.872382938861847e-01
    0.000000000000000e+00     0.000000000000000e+00    -5.189431309700012e-01
    3.946946859359741e-01     1.000000000000000e+00     5.445611476898193e-01
    1.000000000000000e+00     5.074054002761841e-01    -1.766935288906097e-01
    0.000000000000000e+00     0.000000000000000e+00    -6.379709839820862e-01
    0.000000000000000e+00     0.000000000000000e+00    -1.858060657978058e-01
    0.000000000000000e+00     0.000000000000000e+00    -2.089142084121704e+00
    5.272497534751892e-01     1.000000000000000e+00    -2.018994808197021e+00
    0.000000000000000e+00     0.000000000000000e+00     5.399026907980442e-03
    8.309797048568726e-01     1.000000000000000e+00     5.090211629867554e-01
    0.000000000000000e+00     0.000000000000000e+00     2.037468194961548e+00
    0.000000000000000e+00     0.000000000000000e+00     9.407030940055847e-01
    1.000000000000000e+00     5.394950509071350e-01    -1.372710227966309e+00
    1.000000000000000e+00     8.012584447860718e-01     4.592099487781525e-01
    0.000000000000000e+00     0.000000000000000e+00     8.244158625602722e-01
    0.000000000000000e+00     0.000000000000000e+00    -7.929623126983643e-01
    1.000000000000000e+00     5.169065594673157e-01    -1.826678395271301e+00
    0.000000000000000e+00     0.000000000000000e+00    -9.755675196647644e-01
    0.000000000000000e+00     0.000000000000000e+00     1.040856361389160e+00
    0.000000000000000e+00     0.000000000000000e+00    -6.793200969696045e-01
    7.455943226814270e-01     1.000000000000000e+00     1.494724512100220e+00
    1.000000000000000e+00     6.789481043815613e-01     3.922439515590668e-01
    1.000000000000000e+00     7.100693583488464e-01    -8.721323013305664e-01
    6.915407180786133e-01     1.000000000000000e+00    -1.091204285621643e+00
    5.260727405548096e-01     1.000000000000000e+00     2.023277521133423e+00
    0.000000000000000e+00     0.000000000000000e+00     4.613889455795288e-01
    2.553774416446686e-01     1.000000000000000e+00    -6.138570308685303e-01
    7.224434018135071e-01     1.000000000000000e+00    -1.366175532341003e+00
    1.000000000000000e+00     4.972230792045593e-01    -1.575432300567627e+00
    1.000000000000000e+00     6.750115752220154e-01    -9.958503842353821e-01
    8.085035681724548e-01     1.000000000000000e+00    -2.315153628587723e-01
    9.701485037803650e-01     1.000000000000000e+00    -9.631377644836903e-03
    0.000000000000000e+00     0.000000000000000e+00     4.290671348571777e-01
    0.000000000000000e+00     0.000000000000000e+00    -1.589976191520691e+00
    0.000000000000000e+00     0.000000000000000e+00    -3.158949017524719e-01
    5.301653146743774e-01     1.000000000000000e+00     4.493258893489838e-01
    0.000000000000000e+00     0.000000000000000e+00    -5.664395689964294e-01
    0.000000000000000e+00     0.000000000000000e+00     5.178072452545166e-01
    8.499874472618103e-01     1.000000000000000e+00    -4.232487827539444e-02
    0.000000000000000e+00     0.000000000000000e+00    -4.489963054656982e-01
    4.212091565132141e-01     1.000000000000000e+00    -1.492483496665955e+00
    2.692918479442596e-01     1.000000000000000e+00     9.120843559503555e-02
    7.074302434921265e-01     1.000000000000000e+00    -2.105828762054443e+00
    1.000000000000000e+00     5.843388438224792e-01     6.751939654350281e-01
    0.000000000000000e+00     0.000000000000000e+00     6.292040944099426e-01
    0.000000000000000e+00     0.000000000000000e+00     4.964906722307205e-02
    1.000000000000000e+00     9.323004484176636e-01    -9.719036221504211e-01
    7.569099068641663e-01     1.000000000000000e+00    -1.090963482856750e+00
    2.677154839038849e-01     1.000000000000000e+00    -1.036523103713989e+00
    0.000000000000000e+00     0.000000000000000e+00    -8.691962361335754e-01
    0.000000000000000e+00     0.000000000000000e+00    -4.732820689678192e-01
    1.873762160539627e-01     1.000000000000000e+00     2.067629098892212e+00
    8.609668165445328e-02     1.000000000000000e+00    -1.248018026351929e+00
    0.000000000000000e+00     0.000000000000000e+00    -8.336715698242188e-01
    2.568612396717072e-01     1.000000000000000e+00     1.037796139717102e-01
    0.000000000000000e+00     0.000000000000000e+00     1.104313969612122e+00
    0.000000000000000e+00     0.000000000000000e+00     5.576815009117126e-01
    0.000000000000000e+00     0.000000000000000e+00    -1.306854009628296e+00
    1.000000000000000e+00     5.641563534736633e-01     2.294893264770508e-01
    1.408268064260483e-01     1.000000000000000e+00     2.667274177074432e-01
    0.000000000000000e+00     0.000000000000000e+00    -1.373703241348267e+00
    2.540683746337891e-01     1.000000000000000e+00    -2.685583233833313e-01
    8.160569071769714e-01     1.000000000000000e+00     1.370595812797546e+00
    0.000000000000000e+00     0.000000000000000e+00     8.393630385398865e-01
    4.055307209491730e-01     1.000000000000000e+00    -8.189831972122192e-01
    0.000000000000000e+00     0.000000000000000e+00     3.384950757026672e-01
    1.979714781045914e-01     1.000000000000000e+00    -7.873404026031494e-01
    1.000000000000000e+00     6.208031177520752e-01     1.885946244001389e-01
    0.000000000000000e+00     0.000000000000000e+00    -3.446165025234222e-01
    3.636911883950233e-02     1.000000000000000e+00     2.958493828773499e-01
    0.000000000000000e+00     0.000000000000000e+00     1.161585330963135e+00
    0.000000000000000e+00     0.000000000000000e+00    -1.330267906188965e+00
    0.000000000000000e+00     0.000000000000000e+00    -1.668337345123291e+00
    0.000000000000000e+00     0.000000000000000e+00    -6.180053949356079e-01
    0.000000000000000e+00     0.000000000000000e+00     9.828745722770691e-01
    0.000000000000000e+00     0.000000000000000e+00    -1.640408039093018e+00
    2.203930169343948e-01     1.000000000000000e+00     5.580663084983826e-01
    0.000000000000000e+00     0.000000000000000e+00    -2.511882036924362e-02
    0.000000000000000e+00     0.000000000000000e+00    -2.571041882038116e-01
    0.000000000000000e+00     0.000000000000000e+00    -8.493390679359436e-01
    0.000000000000000e+00     0.000000000000000e+00    -8.941705822944641e-01
    5.651997327804565e-01     1.000000000000000e+00     4.072294533252716e-01
    2.953578233718872e-01     1.000000000000000e+00     4.200073182582855e-01
    0.000000000000000e+00     0.000000000000000e+00    -1.156775832176208e+00
    5.836367011070251e-01     1.000000000000000e+00    -2.508629798889160e+00
    0.000000000000000e+00     0.000000000000000e+00    -1.330696582794189e+00
    0.000000000000000e+00     0.000000000000000e+00    -1.947615444660187e-01
    1.000000000000000e+00     9.972767233848572e-01    -1.810069680213928e+00
    0.000000000000000e+00     0.000000000000000e+00    -2.859199941158295e-01
    7.337670028209686e-02     1.000000000000000e+00    -1.074273586273193e+00
    2.421514391899109e-01     1.000000000000000e+00     4.883275330066681e-01
    0.000000000000000e+00     0.000000000000000e+00     4.785901308059692e-01
    0.000000000000000e+00     0.000000000000000e+00    -2.299945056438446e-01
    0.000000000000000e+00     0.000000000000000e+00    -8.005535006523132e-01
    0.000000000000000e+00     0.000000000000000e+00    -1.598859429359436e+00
    1.202639043331146e-01     1.000000000000000e+00     5.816490650177002e-01
    0.000000000000000e+00     0.000000000000000e+00     4.042755067348480e-01
    0.000000000000000e+00     0.000000000000000e+00    -8.779066205024719e-01
    1.000000000000000e+00     7.110858559608459e-01    -1.681153774261475e-01
    6.416934132575989e-01     1.000000000000000e+00    -1.331607550382614e-01
    0.000000000000000e+00     0.000000000000000e+00    -2.363321632146835e-01
    2.819300591945648e-01     1.000000000000000e+00    -3.839523196220398e-01
    0.000000000000000e+00     0.000000000000000e+00     1.041978120803833e+00
    0.000000000000000e+00     0.000000000000000e+00     1.077355742454529e+00
    1.000000000000000e+00     9.440561532974243e-01     6.503892540931702e-01
    0.000000000000000e+00     0.000000000000000e+00    -6.952731013298035e-01
    1.000000000000000e+00     3.747037351131439e-01     7.224713917821646e-04
    0.000000000000000e+00     0.000000000000000e+00     3.051899969577789e-01
    5.532734990119934e-01     1.000000000000000e+00     1.752239704132080e+00
    5.530990958213806e-01     1.000000000000000e+00    -6.516454815864563e-01
    0.000000000000000e+00     0.000000000000000e+00    -6.524249315261841e-01
    0.000000000000000e+00     0.000000000000000e+00    -8.815649747848511e-01
    1.808226257562637e-01     1.000000000000000e+00     5.633962750434875e-01
    1.000000000000000e+00     4.695945978164673e-01    -3.431710898876190e-01
    1.044087260961533e-01     1.000000000000000e+00     6.283956766128540e-01
    0.000000000000000e+00     0.000000000000000e+00     1.283456563949585e+00
    8.927062153816223e-01     1.000000000000000e+00     8.281321525573730e-01
    1.000000000000000e+00     3.443135917186737e-01    -7.039915919303894e-01
    0.000000000000000e+00     0.000000000000000e+00     9.214783310890198e-01
    7.978596091270447e-01     1.000000000000000e+00     9.112566709518433e-01
    2.979063987731934e-02     1.000000000000000e+00     5.474819540977478e-01
    0.000000000000000e+00     0.000000000000000e+00    -4.657163023948669e-01
    0.000000000000000e+00     0.000000000000000e+00    -4.643457010388374e-02
    0.000000000000000e+00     0.000000000000000e+00    -1.325079917907715e+00
    6.619473546743393e-02     1.000000000000000e+00     2.593949250876904e-02
    1.000000000000000e+00     6.887218356132507e-01    -3.759767115116119e-02
    0.000000000000000e+00     0.000000000000000e+00     2.255654096603394e+00
    7.503248751163483e-02     1.000000000000000e+00     7.858442068099976e-01
    1.000000000000000e+00     5.824506282806396e-01    -4.385493099689484e-01
    0.000000000000000e+00     0.000000000000000e+00    -3.957760334014893e-01
    0.000000000000000e+00     0.000000000000000e+00     5.274926424026489e-01
    0.000000000000000e+00     0.000000000000000e+00    -3.854244351387024e-01
    1.000000000000000e+00     9.420314431190491e-01    -9.433531165122986e-01
    1.997255980968475e-01     1.000000000000000e+00     1.262323856353760e+00
    0.000000000000000e+00     0.000000000000000e+00     2.187812924385071e-01
    2.146997451782227e-01     1.000000000000000e+00     1.499646902084351e+00
    3.734115958213806e-01     1.000000000000000e+00    -1.189133524894714e+00
    0.000000000000000e+00     0.000000000000000e+00    -2.124785661697388e+00
    0.000000000000000e+00     0.000000000000000e+00    -2.175427913665771e+00
    8.610453456640244e-03     1.000000000000000e+00     2.556489467620850e+00
    5.619429945945740e-01     1.000000000000000e+00     2.087452709674835e-01
    0.000000000000000e+00     0.000000000000000e+00    -7.183293104171753e-01
    1.000000000000000e+00     5.599593520164490e-01    -1.607931494712830e+00
    0.000000000000000e+00     0.000000000000000e+00    -1.310644626617432e+00
    8.279117941856384e-01     1.000000000000000e+00     6.611731052398682e-01
    0.000000000000000e+00     0.000000000000000e+00    -1.031884908676147e+00
    1.000000000000000e+00     7.858018279075623e-01    -7.297060489654541e-01
    1.000000000000000e+00     7.561533451080322e-01     1.008002400398254e+00
    6.433871388435364e-02     1.000000000000000e+00    -1.127193689346313e+00
    0.000000000000000e+00     0.000000000000000e+00    -1.593078851699829e+00
    0.000000000000000e+00     0.000000000000000e+00    -9.574752449989319e-01
    0.000000000000000e+00     0.000000000000000e+00     1.982283443212509e-01
    0.000000000000000e+00     0.000000000000000e+00     4.397736787796021e-01
    0.000000000000000e+00     0.000000000000000e+00    -1.048808693885803e+00
    4.535150527954102e-01     1.000000000000000e+00     5.248084068298340e-01
    1.000000000000000e+00     6.361767649650574e-01    -1.257820248603821e+00
    0.000000000000000e+00     0.000000000000000e+00     1.528124213218689e+00
    0.000000000000000e+00     0.000000000000000e+00    -1.531327217817307e-01
    0.000000000000000e+00     0.000000000000000e+00     3.254900872707367e-01
    0.000000000000000e+00     0.000000000000000e+00     2.501215696334839e+00
    0.000000000000000e+00     0.000000000000000e+00    -1.532254368066788e-01
    0.000000000000000e+00     0.000000000000000e+00    -3.955428600311279e-01
    0.000000000000000e+00     0.000000000000000e+00     8.338052034378052e-01
    0.000000000000000e+00     0.000000000000000e+00    -4.119328409433365e-02
    0.000000000000000e+00     0.000000000000000e+00    -2.055521488189697e+00
    5.039643645286560e-01     1.000000000000000e+00    -8.601956367492676e-01
    1.000000000000000e+00     5.342299342155457e-01    -1.024402499198914e+00
    0.000000000000000e+00     0.000000000000000e+00    -1.568979144096375e+00
    0.000000000000000e+00     0.000000000000000e+00     1.966707110404968e-01
    1.000000000000000e+00     5.270651578903198e-01     1.162471890449524e+00
    0.000000000000000e+00     0.000000000000000e+00    -9.296818636357784e-03
    2.634370028972626e-01     1.000000000000000e+00     3.080926239490509e-01
    6.131984591484070e-01     1.000000000000000e+00     8.520821332931519e-01
    0.000000000000000e+00     0.000000000000000e+00     8.839732408523560e-01
    0.000000000000000e+00     0.000000000000000e+00    -6.527698636054993e-01
    0.000000000000000e+00     0.000000000000000e+00    -1.223790407180786e+00
    1.000000000000000e+00     9.017197489738464e-01     1.751920878887177e-01
    7.723012566566467e-02     1.000000000000000e+00    -7.002311348915100e-01
    1.000000000000000e+00     3.945987224578857e-01     1.111409068107605e+00
    0.000000000000000e+00     0.000000000000000e+00    -5.353321433067322e-01
    1.000000000000000e+00     3.947913944721222e-01    -3.996627330780029e-01
    1.000000000000000e+00     3.855595290660858e-01    -8.925669789314270e-01
    7.863873243331909e-01     1.000000000000000e+00     1.606159806251526e+00
    2.569665312767029e-01     1.000000000000000e+00    -1.277630478143692e-01
    1.000000000000000e+00     6.781682968139648e-01     5.334162116050720e-01
    1.000000000000000e+00     5.961555838584900e-01    -1.193608641624451e+00
    0.000000000000000e+00     0.000000000000000e+00    -7.970994114875793e-01
    1.000000000000000e+00     6.147654652595520e-01    -8.009422421455383e-01
    0.000000000000000e+00     0.000000000000000e+00    -6.575881242752075e-01
    0.000000000000000e+00     0.000000000000000e+00    -1.437315225601196e+00
    0.000000000000000e+00     0.000000000000000e+00     1.456825733184814e+00
    2.563656568527222e-01     1.000000000000000e+00     2.068697452545166e+00
    0.000000000000000e+00     0.000000000000000e+00    -1.400990605354309e+00
    0.000000000000000e+00     0.000000000000000e+00     5.701708793640137e-01
    3.381866216659546e-02     1.000000000000000e+00    -1.967933326959610e-01
    6.627880334854126e-01     1.000000000000000e+00     2.443149685859680e-01
    1.000000000000000e+00     8.861690163612366e-01    -5.909838080406189e-01
    0.000000000000000e+00     0.000000000000000e+00     1.296730518341064e+00
    0.000000000000000e+00     0.000000000000000e+00    -1.219411611557007e+00
    1.314578652381897e-01     1.000000000000000e+00     3.869045376777649e-01
    0.000000000000000e+00     0.000000000000000e+00     1.075737103819847e-01
    0.000000000000000e+00     0.000000000000000e+00     4.048166573047638e-01
    0.000000000000000e+00     0.000000000000000e+00     1.159459166228771e-02
    7.913199663162231e-01     1.000000000000000e+00    -8.277111649513245e-01
    0.000000000000000e+00     0.000000000000000e+00    -4.223144650459290e-01
    2.849728465080261e-01     1.000000000000000e+00     5.641368031501770e-02
    0.000000000000000e+00     0.000000000000000e+00    -3.403026461601257e-01
    0.000000000000000e+00     0.000000000000000e+00    -7.917507886886597e-01
    2.149448730051517e-02     1.000000000000000e+00     7.919807434082031e-01
    1.000000000000000e+00     6.447679400444031e-01     1.382187008857727e+00
    0.000000000000000e+00     0.000000000000000e+00     2.613499946892262e-02
    0.000000000000000e+00     0.000000000000000e+00     1.664765834808350e+00
    7.426374554634094e-01     1.000000000000000e+00     1.062107801437378e+00
    0.000000000000000e+00     0.000000000000000e+00    -1.295499205589294e+00
    0.000000000000000e+00     0.000000000000000e+00     1.173243761062622e+00
    0.000000000000000e+00     0.000000000000000e+00     7.476405501365662e-01
    4.679338037967682e-01     1.000000000000000e+00     5.363700985908508e-01
    1.000000000000000e+00     7.221157550811768e-01    -1.155281424522400e+00
    0.000000000000000e+00     0.000000000000000e+00    -5.575333237648010e-01
    8.235157728195190e-01     1.000000000000000e+00    -1.533846020698547e+00
    1.000000000000000e+00     5.911731719970703e-01     1.992520242929459e-01
    0.000000000000000e+00     0.000000000000000e+00    -2.991706132888794e-01
    0.000000000000000e+00     0.000000000000000e+00    -1.625024437904358e+00
    1.303855478763580e-01     1.000000000000000e+00     3.316133916378021e-01
    4.418885707855225e-01     1.000000000000000e+00    -1.232812285423279e+00
    0.000000000000000e+00     0.000000000000000e+00    -1.749674916267395e+00
    0.000000000000000e+00     0.000000000000000e+00    -5.101388692855835e-01
    1.510382890701294e-01     1.000000000000000e+00    -1.355760097503662e+00
    0.000000000000000e+00     0.000000000000000e+00    -9.082472324371338e-01
    0.000000000000000e+00     0.000000000000000e+00     1.562342286109924e+00
    1.000000000000000e+00     5.478563308715820e-01     2.368269115686417e-01
    0.000000000000000e+00     0.000000000000000e+00     1.770438313484192e+00
    8.235885500907898e-01     1.000000000000000e+00     1.212129950523376e+00
    0.000000000000000e+00     0.000000000000000e+00    -1.524337887763977e+00
    1.161400154232979e-01     1.000000000000000e+00     1.138502478599548e+00
    4.522302001714706e-02     1.000000000000000e+00    -2.494757920503616e-01
    1.000000000000000e+00     4.182217121124268e-01     4.724855720996857e-01
    1.332467496395111e-01     1.000000000000000e+00     2.091486692428589e+00
    0.000000000000000e+00     0.000000000000000e+00     1.084993124008179e+00
    1.000000000000000e+00     8.244683146476746e-01    -1.405489802360535e+00
    9.422827959060669e-01     1.000000000000000e+00     9.308563470840454e-01
    5.319542884826660e-01     1.000000000000000e+00     1.214442729949951e+00
    7.695918083190918e-01     1.000000000000000e+00     8.212869167327881e-01
    0.000000000000000e+00     0.000000000000000e+00    -2.202142477035522e+00
    0.000000000000000e+00     0.000000000000000e+00    -6.250132918357849e-01
    9.911754168570042e-03     1.000000000000000e+00    -8.471247553825378e-01
    3.461827039718628e-01     1.000000000000000e+00     4.817470908164978e-01
    0.000000000000000e+00     0.000000000000000e+00     1.023554131388664e-01
    0.000000000000000e+00     0.000000000000000e+00    -2.770254611968994e-01
    1.000000000000000e+00     3.691195547580719e-01     2.953911423683167e-01
    4.054343104362488e-01     1.000000000000000e+00     4.061883687973022e-01
    4.428217113018036e-01     1.000000000000000e+00    -2.369323074817657e-01
    3.998230099678040e-01     1.000000000000000e+00    -4.461650848388672e-01
    0.000000000000000e+00     0.000000000000000e+00    -4.781763553619385e-01
    1.000000000000000e+00     3.937529921531677e-01    -8.229562044143677e-01
    0.000000000000000e+00     0.000000000000000e+00    -1.346960306167603e+00
    0.000000000000000e+00     0.000000000000000e+00    -1.034238338470459e+00
    1.000000000000000e+00     5.174264907836914e-01    -1.724669098854065e+00
    1.000000000000000e+00     8.373567461967468e-01    -1.179149389266968e+00
    0.000000000000000e+00     0.000000000000000e+00    -5.594858527183533e-01
    1.886702924966812e-01     1.000000000000000e+00    -1.977242708206177e+00
    0.000000000000000e+00     0.000000000000000e+00    -7.522315979003906e-01
    1.000000000000000e+00     7.380456924438477e-01    -1.404893040657043e+00
    3.887111544609070e-01     1.000000000000000e+00    -9.381652474403381e-01
    8.337219059467316e-02     1.000000000000000e+00     2.131170272827148e+00
    0.000000000000000e+00     0.000000000000000e+00    -1.871059894561768e+00
    4.225538372993469e-01     1.000000000000000e+00     1.038936972618103e-01
    1.000000000000000e+00     7.304838895797729e-01    -2.072418212890625e+00
    0.000000000000000e+00     0.000000000000000e+00     1.732778191566467e+00
    0.000000000000000e+00     0.000000000000000e+00    -2.002290338277817e-01
    0.000000000000000e+00     0.000000000000000e+00    -2.685212790966034e-01
    1.000000000000000e+00     5.699587464332581e-01     6.362758874893188e-01
    0.000000000000000e+00     0.000000000000000e+00     9.072335362434387e-01
    0.000000000000000e+00     0.000000000000000e+00     4.982917010784149e-01
    0.000000000000000e+00     0.000000000000000e+00    -2.805467247962952e-01
    0.000000000000000e+00     0.000000000000000e+00    -2.869004011154175e-01
    3.761165440082550e-01     1.000000000000000e+00     2.214985132217407e+00
    4.260368645191193e-01     1.000000000000000e+00     2.601570129394531e+00
    1.000000000000000e+00     9.401976466178894e-01    -4.966699182987213e-01
    3.310860693454742e-01     1.000000000000000e+00    -1.281219244003296e+00
    0.000000000000000e+00     0.000000000000000e+00    -6.129580140113831e-01
    7.437582015991211e-01     1.000000000000000e+00    -1.186030864715576e+00
    0.000000000000000e+00     0.000000000000000e+00     2.385644018650055e-01
    0.000000000000000e+00     0.000000000000000e+00     1.952625751495361e+00
    1.000000000000000e+00     4.804476797580719e-01     7.486587762832642e-01
    5.527591109275818e-01     1.000000000000000e+00    -1.253231048583984e+00
    9.302343726158142e-01     1.000000000000000e+00     1.323675215244293e-01
    0.000000000000000e+00     0.000000000000000e+00    -8.274149894714355e-01
    1.000000000000000e+00     6.254405379295349e-01     1.010785460472107e+00
    1.000000000000000e+00     4.031046926975250e-01    -4.283243045210838e-02
    0.000000000000000e+00     0.000000000000000e+00    -1.989998579025269e+00
    0.000000000000000e+00     0.000000000000000e+00    -2.033206969499588e-01
    0.000000000000000e+00     0.000000000000000e+00     1.102646946907043e+00
    5.454970598220825e-01     1.000000000000000e+00     1.410253643989563e-01
    7.716335058212280e-01     1.000000000000000e+00     6.335977315902710e-01
    1.000000000000000e+00     7.166069149971008e-01    -9.518502354621887e-01
    1.000000000000000e+00     7.397095561027527e-01     1.681760311126709e+00
    3.839068114757538e-02     1.000000000000000e+00     1.031566619873047e+00
    1.000000000000000e+00     5.023660659790039e-01    -1.812407970428467e-01
    5.495076626539230e-02     1.000000000000000e+00    -1.105764150619507e+00
    4.944014251232147e-01     1.000000000000000e+00     5.754622220993042e-01
    1.000000000000000e+00     7.277554273605347e-01    -1.265976190567017e+00
    1.000000000000000e+00     5.782769322395325e-01     1.144446611404419e+00
    0.000000000000000e+00     0.000000000000000e+00    -1.284139394760132e+00
    6.938371062278748e-01     1.000000000000000e+00    -1.089385271072388e+00
    3.405704349279404e-02     1.000000000000000e+00    -9.207898378372192e-01
    0.000000000000000e+00     0.000000000000000e+00    -1.087043404579163e+00
    1.000000000000000e+00     7.593649625778198e-01    -7.854874730110168e-01
    0.000000000000000e+00     0.000000000000000e+00    -3.792072832584381e-01
    1.000000000000000e+00     5.636452436447144e-01     1.037612915039062e+00
    2.885329425334930e-01     1.000000000000000e+00     1.106734395027161e+00
    0.000000000000000e+00     0.000000000000000e+00     1.726445704698563e-01
    1.000000000000000e+00     4.546837210655212e-01     1.238657683134079e-01
    2.539207041263580e-01     1.000000000000000e+00    -1.355791926383972e+00
    0.000000000000000e+00     0.000000000000000e+00    -2.852083742618561e-01
    0.000000000000000e+00     0.000000000000000e+00     7.099709510803223e-01
    9.647334218025208e-01     1.000000000000000e+00    -1.124243736267090e+00
    0.000000000000000e+00     0.000000000000000e+00    -1.707004070281982e+00
    0.000000000000000e+00     0.000000000000000e+00    -2.013126611709595e+00
    0.000000000000000e+00     0.000000000000000e+00     3.748036026954651e-01
    1.000000000000000e+00     6.148825883865356e-01    -3.130244016647339e-01
    0.000000000000000e+00     0.000000000000000e+00    -1.052992343902588e+00
    2.419622391462326e-01     1.000000000000000e+00    -5.086491107940674e-01
    0.000000000000000e+00     0.000000000000000e+00    -2.064626067876816e-01
    0.000000000000000e+00     0.000000000000000e+00    -1.527398109436035e+00
    0.000000000000000e+00     0.000000000000000e+00    -5.038629174232483e-01
    0.000000000000000e+00     0.000000000000000e+00    -1.243669539690018e-01
    0.000000000000000e+00     0.000000000000000e+00    -5.522223711013794e-01
    7.579950094223022e-01     1.000000000000000e+00     9.927275180816650e-01
    0.000000000000000e+00     0.000000000000000e+00     8.669531941413879e-01
    0.000000000000000e+00     0.000000000000000e+00    -1.825553894042969e+00
    5.221881866455078e-01     1.000000000000000e+00    -5.055109262466431e-01
    7.387440204620361e-01     1.000000000000000e+00    -1.663304567337036e+00
    1.000000000000000e+00     7.325783967971802e-01     5.173153877258301e-01
    1.549798548221588e-01     1.000000000000000e+00     2.196965366601944e-01
    8.885238170623779e-01     1.000000000000000e+00     1.450000524520874e+00
    0.000000000000000e+00     0.000000000000000e+00     7.746376395225525e-01
    7.164131999015808e-01     1.000000000000000e+00    -2.622112333774567e-01
    5.885847657918930e-02     1.000000000000000e+00     6.447173357009888e-01
    0.000000000000000e+00     0.000000000000000e+00    -2.024322152137756e-01
    0.000000000000000e+00     0.000000000000000e+00    -4.239092580974102e-03
    1.000000000000000e+00     3.730942010879517e-01    -7.866318225860596e-01
    0.000000000000000e+00     0.000000000000000e+00    -4.104008078575134e-01
    0.000000000000000e+00     0.000000000000000e+00     2.209983468055725e-01
    1.000000000000000e+00     7.579220533370972e-01     2.666828036308289e-01
    6.790890097618103e-01     1.000000000000000e+00    -1.588225841522217e+00
    9.722344577312469e-03     1.000000000000000e+00    -4.365759789943695e-01
    0.000000000000000e+00     0.000000000000000e+00     1.625441193580627e+00
    1.000000000000000e+00     9.296925067901611e-01    -1.744772791862488e+00
    5.579964518547058e-01     1.000000000000000e+00     4.364178478717804e-01
    0.000000000000000e+00     0.000000000000000e+00     1.161716103553772e+00
    0.000000000000000e+00     0.000000000000000e+00     1.245730280876160e+00
    0.000000000000000e+00     0.000000000000000e+00     7.234796881675720e-02
    1.000000000000000e+00     4.838992953300476e-01    -9.393217563629150e-01
    1.000000000000000e+00     6.027615070343018e-01    -1.537464618682861e+00
    0.000000000000000e+00     0.000000000000000e+00     2.116870880126953e-01
    6.326993554830551e-02     1.000000000000000e+00     6.601503491401672e-01
    1.000000000000000e+00     9.835913777351379e-01     2.389430701732635e-01
    8.432731032371521e-01     1.000000000000000e+00     3.209540545940399e-01
    0.000000000000000e+00     0.000000000000000e+00     5.487866997718811e-01
    9.005722403526306e-01     1.000000000000000e+00    -1.004601359367371e+00
    6.950350105762482e-02     1.000000000000000e+00    -5.925502777099609e-01
    1.000000000000000e+00     7.423738837242126e-01     5.316119790077209e-01
    0.000000000000000e+00     0.000000000000000e+00    -2.474552869796753e+00
    8.120426535606384e-01     1.000000000000000e+00     1.300794720649719e+00
    1.000000000000000e+00     7.560893297195435e-01    -1.214570522308350e+00
    1.000000000000000e+00     5.696938037872314e-01     2.083284854888916e+00
    1.000000000000000e+00     8.965722322463989e-01     2.736453056335449e+00
    0.000000000000000e+00     0.000000000000000e+00    -1.447300314903259e+00
    6.843255758285522e-01     1.000000000000000e+00     1.192984342575073e+00
    0.000000000000000e+00     0.000000000000000e+00    -5.251114368438721e-01
    0.000000000000000e+00     0.000000000000000e+00     3.867681324481964e-01
    0.000000000000000e+00     0.000000000000000e+00    -8.128920793533325e-01
    0.000000000000000e+00     0.000000000000000e+00     6.686372160911560e-01
    0.000000000000000e+00     0.000000000000000e+00     6.374077200889587e-01
    1.000000000000000e+00     4.201537668704987e-01    -1.301578998565674e+00
    0.000000000000000e+00     0.000000000000000e+00    -1.100652813911438e+00
    0.000000000000000e+00     0.000000000000000e+00    -4.246059656143188e-01
    1.422866433858871e-01     1.000000000000000e+00     2.077759742736816e+00
    1.000000000000000e+00     3.968294560909271e-01     1.023085951805115e+00
    0.000000000000000e+00     0.000000000000000e+00     2.005339622497559e+00
    3.477195501327515e-01     1.000000000000000e+00    -5.021737813949585e-01
    7.567177414894104e-01     1.000000000000000e+00    -2.978700995445251e-01
    0.000000000000000e+00     0.000000000000000e+00     8.929706215858459e-01
    0.000000000000000e+00     0.000000000000000e+00     5.008454322814941e-01
    1.000000000000000e+00     4.965063631534576e-01     1.328618228435516e-01
    0.000000000000000e+00     0.000000000000000e+00    -1.474460721015930e+00
    0.000000000000000e+00     0.000000000000000e+00    -2.071361690759659e-01
    0.000000000000000e+00     0.000000000000000e+00    -7.534573227167130e-02
    8.383439183235168e-01     1.000000000000000e+00    -1.619082242250443e-01
    1.977396756410599e-01     1.000000000000000e+00     2.044658176600933e-03
    0.000000000000000e+00     0.000000000000000e+00    -9.919431805610657e-01
    0.000000000000000e+00     0.000000000000000e+00    -3.925712108612061e-01
    1.000000000000000e+00     4.971127212047577e-01     1.059202909469604e+00
    0.000000000000000e+00     0.000000000000000e+00    -3.476574718952179e-01
    1.000000000000000e+00     7.167415618896484e-01    -5.233967304229736e-02
    0.000000000000000e+00     0.000000000000000e+00     2.262867689132690e+00
    4.063170030713081e-02     1.000000000000000e+00    -3.984633982181549e-01
    0.000000000000000e+00     0.000000000000000e+00     1.300876975059509e+00
    3.925960063934326e-01     1.000000000000000e+00     8.374176025390625e-01
    1.000000000000000e+00     9.492580890655518e-01     2.110503435134888e+00
    4.140349030494690e-01     1.000000000000000e+00    -3.568329215049744e-01
    5.354013442993164e-01     1.000000000000000e+00    -2.556443452835083e+00
    4.050852358341217e-01     1.000000000000000e+00     3.171139582991600e-02
    0.000000000000000e+00     0.000000000000000e+00    -3.796437680721283e-01
    1.268377453088760e-01     1.000000000000000e+00     7.445618510246277e-01
    1.000000000000000e+00     8.060183525085449e-01    -8.164356946945190e-01
    0.000000000000000e+00     0.000000000000000e+00    -3.560617566108704e-01
    0.000000000000000e+00     0.000000000000000e+00    -3.411977887153625e-01
    1.633213013410568e-01     1.000000000000000e+00     1.618007779121399e+00
    0.000000000000000e+00     0.000000000000000e+00    -9.542929530143738e-01
    3.880122900009155e-01     1.000000000000000e+00    -8.861816525459290e-01
    1.000000000000000e+00     7.968291044235229e-01    -1.497466087341309e+00
    9.995622038841248e-01     1.000000000000000e+00    -3.792689740657806e-01
    0.000000000000000e+00     0.000000000000000e+00     1.712797284126282e+00
    1.143055036664009e-01     1.000000000000000e+00    -1.532943487167358e+00
    2.051805555820465e-01     1.000000000000000e+00     2.418434381484985e+00
    0.000000000000000e+00     0.000000000000000e+00    -1.712871044874191e-01
    0.000000000000000e+00     0.000000000000000e+00    -1.040382623672485e+00
    0.000000000000000e+00     0.000000000000000e+00    -1.110870480537415e+00
    3.403680622577667e-01     1.000000000000000e+00     7.868666648864746e-01
    0.000000000000000e+00     0.000000000000000e+00    -8.160251975059509e-01
    0.000000000000000e+00     0.000000000000000e+00    -2.110069274902344e+00
    1.000000000000000e+00     9.495591521263123e-01    -1.037632972002029e-01
    0.000000000000000e+00     0.000000000000000e+00    -3.261810243129730e-01
    0.000000000000000e+00     0.000000000000000e+00     6.529915928840637e-01
    1.496321707963943e-01     1.000000000000000e+00    -7.807086110115051e-01
    0.000000000000000e+00     0.000000000000000e+00    -9.586226344108582e-01
    1.000000000000000e+00     7.204672694206238e-01     5.818004608154297e-01
    4.873533546924591e-01     1.000000000000000e+00     3.488398790359497e-01
    0.000000000000000e+00     0.000000000000000e+00    -6.063110828399658e-01
    0.000000000000000e+00     0.000000000000000e+00     6.145802736282349e-01
    0.000000000000000e+00     0.000000000000000e+00     1.605941504240036e-01
    0.000000000000000e+00     0.000000000000000e+00     4.562599658966064e-01
    3.853394091129303e-01     1.000000000000000e+00     1.022068634629250e-01
    0.000000000000000e+00     0.000000000000000e+00    -1.636074185371399e+00
    1.000000000000000e+00     9.474695324897766e-01     1.165016889572144e+00
    1.000000000000000e+00     7.585406899452209e-01    -1.522294521331787e+00
    0.000000000000000e+00     0.000000000000000e+00    -5.402987599372864e-01
    0.000000000000000e+00     0.000000000000000e+00     2.602652311325073e+00
    1.000000000000000e+00     9.138342142105103e-01    -1.603400826454163e+00
    9.436177611351013e-01     1.000000000000000e+00    -1.866122364997864e+00
    1.393269896507263e-01     1.000000000000000e+00    -2.402563571929932e+00
    0.000000000000000e+00     0.000000000000000e+00    -2.831166982650757e-01
    0.000000000000000e+00     0.000000000000000e+00    -2.174305617809296e-01
    1.000000000000000e+00     9.191372394561768e-01    -8.785387277603149e-01
    1.548126190900803e-01     1.000000000000000e+00     2.090702533721924e+00
    0.000000000000000e+00     0.000000000000000e+00     4.787524640560150e-01
    0.000000000000000e+00     0.000000000000000e+00     1.315457820892334e-01
    1.000000000000000e+00     4.547646939754486e-01     1.755519151687622e+00
    0.000000000000000e+00     0.000000000000000e+00     3.170444369316101e-01
    0.000000000000000e+00     0.000000000000000e+00    -5.710203051567078e-01
    1.000000000000000e+00     7.435075044631958e-01    -2.100539058446884e-01
    7.140775322914124e-01     1.000000000000000e+00    -1.944841861724854e+00
    5.924078226089478e-01     1.000000000000000e+00     9.963127374649048e-01
    0.000000000000000e+00     0.000000000000000e+00    -4.523063004016876e-01
    0.000000000000000e+00     0.000000000000000e+00     2.028056144714355e+00
    1.000000000000000e+00     4.551496803760529e-01     6.153437495231628e-01
    2.728567421436310e-01     1.000000000000000e+00     7.952122092247009e-01
    0.000000000000000e+00     0.000000000000000e+00     6.698588132858276e-01
    4.122900366783142e-01     1.000000000000000e+00     2.343202531337738e-01
    1.000000000000000e+00     5.574617981910706e-01    -5.279337242245674e-02
    0.000000000000000e+00     0.000000000000000e+00     1.083096563816071e-01
    0.000000000000000e+00     0.000000000000000e+00     1.785131216049194e+00
    7.981918454170227e-01     1.000000000000000e+00    -4.333940446376801e-01
    0.000000000000000e+00     0.000000000000000e+00    -1.636874556541443e+00
    0.000000000000000e+00     0.000000000000000e+00     4.604157209396362e-01
    1.000000000000000e+00     8.257725238800049e-01    -6.596740484237671e-01
    3.244768381118774e-01     1.000000000000000e+00    -1.719913601875305e+00
    0.000000000000000e+00     0.000000000000000e+00    -2.002164125442505e-01
    7.361965775489807e-01     1.000000000000000e+00    -1.288737177848816e+00
    0.000000000000000e+00     0.000000000000000e+00     3.228010833263397e-01
    3.378448784351349e-01     1.000000000000000e+00     2.024044096469879e-01
    1.000000000000000e+00     8.020395040512085e-01     5.416384339332581e-01
    1.000000000000000e+00     6.383531093597412e-01     1.819287240505219e-01
    0.000000000000000e+00     0.000000000000000e+00     1.298623561859131e+00
    7.805342227220535e-02     1.000000000000000e+00    -1.717125475406647e-01
    1.000000000000000e+00     5.546026229858398e-01     3.270563781261444e-01
    1.391729712486267e-01     1.000000000000000e+00    -6.101780533790588e-01
    1.000000000000000e+00     6.044932603836060e-01     6.990458965301514e-01
    0.000000000000000e+00     0.000000000000000e+00     1.272752165794373e+00
    1.000000000000000e+00     4.176980257034302e-01    -1.747778654098511e+00
    4.516707658767700e-01     1.000000000000000e+00     1.193755030632019e+00
    3.035736978054047e-01     1.000000000000000e+00     1.495981961488724e-01
    1.000000000000000e+00     9.996250867843628e-01     8.313766121864319e-01
    0.000000000000000e+00     0.000000000000000e+00    -5.839315652847290e-01
    1.000000000000000e+00     4.972822070121765e-01    -8.149679899215698e-01
    1.549381911754608e-01     1.000000000000000e+00    -7.910734415054321e-02
    0.000000000000000e+00     0.000000000000000e+00     1.749392300844193e-01
    1.000000000000000e+00     9.201613664627075e-01     1.657234668731689e+00
    5.181350931525230e-02     1.000000000000000e+00    -1.687570065259933e-01
    4.886063933372498e-01     1.000000000000000e+00    -8.591532707214355e-01
    0.000000000000000e+00     0.000000000000000e+00    -9.151377528905869e-02
    0.000000000000000e+00     0.000000000000000e+00    -3.255049586296082e-01
    5.931257605552673e-01     1.000000000000000e+00     7.271669507026672e-01
    0.000000000000000e+00     0.000000000000000e+00    -5.482833981513977e-01
    5.773339271545410e-01     1.000000000000000e+00    -1.179407835006714e+00
    1.000000000000000e+00     3.979600071907043e-01     1.283647537231445e+00
    0.000000000000000e+00     0.000000000000000e+00     1.432210206985474e-01
    1.000000000000000e+00     7.616179585456848e-01    -2.069352149963379e+00
    0.000000000000000e+00     0.000000000000000e+00    -6.088106036186218e-01
    0.000000000000000e+00     0.000000000000000e+00     1.427994519472122e-01
    0.000000000000000e+00     0.000000000000000e+00     4.064709544181824e-01
    1.000000000000000e+00     4.503074288368225e-01     1.296990394592285e+00
    0.000000000000000e+00     0.000000000000000e+00     6.117962598800659e-01
    0.000000000000000e+00     0.000000000000000e+00    -7.844976186752319e-01
    2.397422343492508e-01     1.000000000000000e+00     1.624046444892883e+00
    0.000000000000000e+00     0.000000000000000e+00    -1.257659047842026e-01
    9.798523783683777e-01     1.000000000000000e+00     4.832046627998352e-01
    0.000000000000000e+00     0.000000000000000e+00    -6.241592764854431e-01
    4.279478788375854e-01     1.000000000000000e+00    -5.373775959014893e-01
    4.850109815597534e-01     1.000000000000000e+00     2.161606550216675e+00
    0.000000000000000e+00     0.000000000000000e+00     1.996871829032898e-02
    0.000000000000000e+00     0.000000000000000e+00     1.387076497077942e+00
    8.306037187576294e-01     1.000000000000000e+00     5.688129067420959e-01
    0.000000000000000e+00     0.000000000000000e+00     5.832084417343140e-01
    7.318605780601501e-01     1.000000000000000e+00     3.863233923912048e-01
    0.000000000000000e+00     0.000000000000000e+00     1.834491729736328e+00
    0.000000000000000e+00     0.000000000000000e+00     4.320074319839478e-01
    8.767881393432617e-01     1.000000000000000e+00    -2.315426059067249e-02
    7.549734711647034e-01     1.000000000000000e+00    -8.691788464784622e-02
    1.000000000000000e+00     9.530018568038940e-01     4.682887494564056e-01
    0.000000000000000e+00     0.000000000000000e+00    -3.874058425426483e-01
    4.723072648048401e-01     1.000000000000000e+00    -1.389527440071106e+00
    4.968405365943909e-01     1.000000000000000e+00     5.245043039321899e-01
    0.000000000000000e+00     0.000000000000000e+00    -6.678184866905212e-01
    0.000000000000000e+00     0.000000000000000e+00     6.906259059906006e-01
    1.343310624361038e-01     1.000000000000000e+00     3.496161103248596e-01
    1.000000000000000e+00     9.520961642265320e-01     1.202751755714417e+00
    3.854902088642120e-01     1.000000000000000e+00    -1.127085834741592e-01
    1.209695041179657e-01     1.000000000000000e+00    -4.909287020564079e-02
    0.000000000000000e+00     0.000000000000000e+00    -5.780977606773376e-01
    0.000000000000000e+00     0.000000000000000e+00    -2.052275277674198e-02
    1.000000000000000e+00     5.632191300392151e-01    -8.820523619651794e-01
    1.000000000000000e+00     5.395084023475647e-01     3.281432092189789e-01
    0.000000000000000e+00     0.000000000000000e+00    -1.764469265937805e+00
    0.000000000000000e+00     0.000000000000000e+00     3.186021447181702e-01
    0.000000000000000e+00     0.000000000000000e+00     4.427982568740845e-01
    0.000000000000000e+00     0.000000000000000e+00    -3.150730133056641e-01
    1.995536088943481e-01     1.000000000000000e+00     1.067682147026062e+00
    1.000000000000000e+00     5.051687955856323e-01     1.513927221298218e+00
    0.000000000000000e+00     0.000000000000000e+00    -1.278657555580139e+00
    0.000000000000000e+00     0.000000000000000e+00    -2.205263853073120e+00
    0.000000000000000e+00     0.000000000000000e+00    -4.306212663650513e-01
    0.000000000000000e+00     0.000000000000000e+00    -1.264800548553467e+00
    3.437069058418274e-01     1.000000000000000e+00     4.059037566184998e-01
    0.000000000000000e+00     0.000000000000000e+00     1.381592154502869e+00
    0.000000000000000e+00     0.000000000000000e+00     5.777878165245056e-01
    1.000000000000000e+00     8.276119232177734e-01    -1.289987325668335e+00
    0.000000000000000e+00     0.000000000000000e+00     2.130179166793823e+00
    1.000000000000000e+00     5.548597574234009e-01    -1.325842261314392e+00
    0.000000000000000e+00     0.000000000000000e+00     8.360905051231384e-01
    4.427053630352020e-01     1.000000000000000e+00    -1.785462200641632e-01
    1.000000000000000e+00     5.307974815368652e-01    -1.881643652915955e+00
    0.000000000000000e+00     0.000000000000000e+00    -1.407802700996399e+00
    1.782688051462173e-01     1.000000000000000e+00     9.039393067359924e-01
    7.251397967338562e-01     1.000000000000000e+00     1.499123454093933e+00
    1.000000000000000e+00     6.327504515647888e-01    -1.417498230934143e+00
    1.000000000000000e+00     5.596165657043457e-01     1.716692566871643e+00
    6.137706637382507e-01     1.000000000000000e+00    -6.676123142242432e-01
    0.000000000000000e+00     0.000000000000000e+00     5.887465476989746e-01
    3.145462274551392e-01     1.000000000000000e+00    -5.256984382867813e-02
    6.401891708374023e-01     1.000000000000000e+00     5.222186446189880e-01
    6.019314527511597e-01     1.000000000000000e+00     1.239707916975021e-01
    2.603371739387512e-01     1.000000000000000e+00     8.966512084007263e-01
    0.000000000000000e+00     0.000000000000000e+00    -2.062097072601318e+00
    1.000000000000000e+00     8.288612365722656e-01    -2.988880574703217e-01
    0.000000000000000e+00     0.000000000000000e+00    -2.699818849563599e+00
    3.027564287185669e-01     1.000000000000000e+00     1.350274682044983e+00
    0.000000000000000e+00     0.000000000000000e+00    -1.316578388214111e+00
    2.266779243946075e-01     1.000000000000000e+00     1.587364912033081e+00
    0.000000000000000e+00     0.000000000000000e+00    -6.053957939147949e-01
    0.000000000000000e+00     0.000000000000000e+00     1.762444078922272e-01
    8.788263797760010e-01     1.000000000000000e+00    -2.600268125534058e+00
    0.000000000000000e+00     0.000000000000000e+00     1.824018061161041e-01
    1.768427789211273e-01     1.000000000000000e+00     5.059607699513435e-02
    1.000000000000000e+00     4.966123998165131e-01    -6.088693737983704e-01
    0.000000000000000e+00     0.000000000000000e+00     5.020921677350998e-02
    8.485948443412781e-01     1.000000000000000e+00     1.228430032730103e+00
    1.000000000000000e+00     5.166684389114380e-01     1.486560702323914e-01
    0.000000000000000e+00     0.000000000000000e+00     4.686065912246704e-01
    6.730641126632690e-01     1.000000000000000e+00     2.267808169126511e-01
    0.000000000000000e+00     0.000000000000000e+00    -1.300331950187683e+00
    1.000000000000000e+00     7.002774477005005e-01    -1.443827390670776e+00
    0.000000000000000e+00     0.000000000000000e+00    -2.087249994277954e+00
    0.000000000000000e+00     0.000000000000000e+00    -1.079920649528503e+00
    0.000000000000000e+00     0.000000000000000e+00    -7.515245676040649e-02
    0.000000000000000e+00     0.000000000000000e+00    -2.344726085662842e+00
    0.000000000000000e+00     0.000000000000000e+00     1.806963324546814e+00
    0.000000000000000e+00     0.000000000000000e+00    -1.980645179748535e+00
    8.914139270782471e-01     1.000000000000000e+00     5.097052454948425e-01
    0.000000000000000e+00     0.000000000000000e+00    -2.307715654373169e+00
    1.000000000000000e+00     7.467060089111328e-01     2.255903482437134e-01
    0.000000000000000e+00     0.000000000000000e+00     4.558259546756744e-01
    1.000000000000000e+00     9.266785979270935e-01    -1.694465994834900e+00
    0.000000000000000e+00     0.000000000000000e+00    -8.653405904769897e-01
    0.000000000000000e+00     0.000000000000000e+00     4.169235005974770e-03
    4.901673793792725e-01     1.000000000000000e+00    -1.173820067197084e-02
    5.169081091880798e-01     1.000000000000000e+00    -8.706089258193970e-01
    0.000000000000000e+00     0.000000000000000e+00     8.699367046356201e-01
    7.326523661613464e-01     1.000000000000000e+00     1.217609405517578e+00
    0.000000000000000e+00     0.000000000000000e+00    -4.982020556926727e-01
    1.000000000000000e+00     4.620034098625183e-01     3.572910130023956e-01
    0.000000000000000e+00     0.000000000000000e+00    -2.722257971763611e-01
    1.000000000000000e+00     5.825330615043640e-01    -2.210708141326904e+00
    0.000000000000000e+00     0.000000000000000e+00    -5.806705355644226e-01
    0.000000000000000e+00     0.000000000000000e+00     2.692045450210571e+00
    7.344652414321899e-01     1.000000000000000e+00    -2.380666971206665e+00
    0.000000000000000e+00     0.000000000000000e+00    -1.396050333976746e+00
    0.000000000000000e+00     0.000000000000000e+00    -1.530055165290833e+00
    0.000000000000000e+00     0.000000000000000e+00    -4.486545920372009e-01
    0.000000000000000e+00     0.000000000000000e+00    -2.167867496609688e-02
    1.000000000000000e+00     7.889250516891479e-01     5.656523108482361e-01
    0.000000000000000e+00     0.000000000000000e+00     8.263091444969177e-01
    3.870497047901154e-01     1.000000000000000e+00     9.103320837020874e-01
    0.000000000000000e+00     0.000000000000000e+00     1.152051448822021e+00
    0.000000000000000e+00     0.000000000000000e+00     6.935162544250488e-01
    5.691014528274536e-01     1.000000000000000e+00    -7.938920259475708e-01
    3.355952203273773e-01     1.000000000000000e+00    -1.934408664703369e+00
    3.000409603118896e-01     1.000000000000000e+00    -3.307639956474304e-01
    0.000000000000000e+00     0.000000000000000e+00     4.659397602081299e-01
    0.000000000000000e+00     0.000000000000000e+00    -9.031175971031189e-01
    8.424605727195740e-01     1.000000000000000e+00    -1.423339962959290e+00
    7.158961296081543e-01     1.000000000000000e+00    -1.754809498786926e+00
    1.000000000000000e+00     5.045963525772095e-01     2.048901796340942e+00
    0.000000000000000e+00     0.000000000000000e+00    -4.061634466052055e-02
    0.000000000000000e+00     0.000000000000000e+00    -1.141571283340454e+00
    2.662205509841442e-02     1.000000000000000e+00    -1.170689940452576e+00
    0.000000000000000e+00     0.000000000000000e+00    -1.382333785295486e-01
    0.000000000000000e+00     0.000000000000000e+00     2.513439178466797e+00
    2.910422682762146e-01     1.000000000000000e+00    -1.910010129213333e-01
    0.000000000000000e+00     0.000000000000000e+00    -3.391813635826111e-01
    0.000000000000000e+00     0.000000000000000e+00    -3.592367172241211e-01
    0.000000000000000e+00     0.000000000000000e+00     1.120035529136658e+00
    0.000000000000000e+00     0.000000000000000e+00    -1.996569871902466e+00
    8.525863289833069e-01     1.000000000000000e+00    -1.952973723411560e+00
    6.928478479385376e-01     1.000000000000000e+00    -7.080223560333252e-01
    1.000000000000000e+00     5.761833190917969e-01     7.174516916275024e-01
    0.000000000000000e+00     0.000000000000000e+00     6.341091543436050e-02
    9.084808230400085e-01     1.000000000000000e+00    -2.703095197677612e+00
    0.000000000000000e+00     0.000000000000000e+00    -1.077642440795898e+00
    0.000000000000000e+00     0.000000000000000e+00    -1.868112325668335e+00
    0.000000000000000e+00     0.000000000000000e+00     7.856986485421658e-03
    0.000000000000000e+00     0.000000000000000e+00     1.556610941886902e+00
    0.000000000000000e+00     0.000000000000000e+00    -1.373277902603149e-01
    1.000000000000000e+00     8.594934344291687e-01     5.963354706764221e-01
    0.000000000000000e+00     0.000000000000000e+00     5.079879164695740e-01
    1.000000000000000e+00     9.509230852127075e-01     1.250108122825623e+00
    0.000000000000000e+00     0.000000000000000e+00    -3.182855546474457e-01
    0.000000000000000e+00     0.000000000000000e+00    -2.259494543075562e+00
    0.000000000000000e+00     0.000000000000000e+00    -5.018602609634399e-01
    0.000000000000000e+00     0.000000000000000e+00    -8.570497035980225e-01
    0.000000000000000e+00     0.000000000000000e+00    -3.525012731552124e-01
    1.000000000000000e+00     8.456480503082275e-01     3.294645249843597e-01
    0.000000000000000e+00     0.000000000000000e+00    -5.535388588905334e-01
    2.258559316396713e-01     1.000000000000000e+00     9.088899493217468e-01
    0.000000000000000e+00     0.000000000000000e+00     1.970712780952454e+00
    1.000000000000000e+00     4.710605740547180e-01     7.424710392951965e-01
    1.000000000000000e+00     6.954659223556519e-01     1.058080554008484e+00
    0.000000000000000e+00     0.000000000000000e+00    -9.843353033065796e-01
    1.000000000000000e+00     7.736063599586487e-01    -1.849442005157471e+00
    1.000000000000000e+00     7.480899095535278e-01    -1.981459975242615e+00
    0.000000000000000e+00     0.000000000000000e+00    -5.341563820838928e-01
    4.215029478073120e-01     1.000000000000000e+00     6.787795424461365e-01
    9.544229507446289e-01     1.000000000000000e+00    -1.312641650438309e-01
    1.000000000000000e+00     6.326100826263428e-01    -2.350385904312134e+00
    0.000000000000000e+00     0.000000000000000e+00    -3.870989084243774e-01
    0.000000000000000e+00     0.000000000000000e+00     1.824786216020584e-01
    7.868770360946655e-01     1.000000000000000e+00     3.182194828987122e-01
    0.000000000000000e+00     0.000000000000000e+00     2.987920045852661e-01
    0.000000000000000e+00     0.000000000000000e+00    -6.717545390129089e-01
    1.000000000000000e+00     4.233977496623993e-01    -8.908433318138123e-01
    1.000000000000000e+00     7.499663233757019e-01     2.350234746932983e+00
    3.060895502567291e-01     1.000000000000000e+00    -2.321588546037674e-01
    0.000000000000000e+00     0.000000000000000e+00     3.545563817024231e-01
    0.000000000000000e+00     0.000000000000000e+00    -1.296852588653564e+00
    1.000000000000000e+00     5.762941837310791e-01     6.706615090370178e-01
    8.300307989120483e-01     1.000000000000000e+00     1.346204519271851e+00
    0.000000000000000e+00     0.000000000000000e+00     3.779336214065552e-01
    9.442889690399170e-01     1.000000000000000e+00    -1.056069135665894e+00
    0.000000000000000e+00     0.000000000000000e+00    -2.715383172035217e-01
    0.000000000000000e+00     0.000000000000000e+00    -3.693728744983673e-01
    5.625842213630676e-01     1.000000000000000e+00     5.992810130119324e-01
    4.443172812461853e-01     1.000000000000000e+00     1.443473935127258e+00
    5.097574591636658e-01     1.000000000000000e+00     2.312015295028687e+00
    4.629669189453125e-01     1.000000000000000e+00    -1.269817233085632e+00
    5.648326277732849e-01     1.000000000000000e+00     2.373708248138428e+00
    0.000000000000000e+00     0.000000000000000e+00    -1.243987441062927e+00
    1.786805391311646e-01     1.000000000000000e+00     2.257800579071045e+00
    0.000000000000000e+00     0.000000000000000e+00    -1.737291663885117e-01
    3.797586262226105e-01     1.000000000000000e+00    -2.040483951568604e+00
    1.000000000000000e+00     7.527286410331726e-01     2.495058923959732e-01
    0.000000000000000e+00     0.000000000000000e+00     1.210179805755615e+00
    1.000000000000000e+00     8.298900127410889e-01    -2.277617216110229e+00
    1.000000000000000e+00     4.686959683895111e-01    -2.019161224365234e+00
    0.000000000000000e+00     0.000000000000000e+00    -8.384740948677063e-01
    1.000000000000000e+00     5.725665092468262e-01     9.171966910362244e-01
    0.000000000000000e+00     0.000000000000000e+00    -5.561852455139160e-01
    1.000000000000000e+00     5.937225222587585e-01    -8.255540728569031e-01
    0.000000000000000e+00     0.000000000000000e+00     2.090852260589600e-01
    0.000000000000000e+00     0.000000000000000e+00     5.562752485275269e-01
    0.000000000000000e+00     0.000000000000000e+00    -1.013014793395996e+00
    1.000000000000000e+00     4.171981811523438e-01     8.367573022842407e-01
    0.000000000000000e+00     0.000000000000000e+00     2.041450262069702e+00
    0.000000000000000e+00     0.000000000000000e+00     1.219236969947815e+00
    0.000000000000000e+00     0.000000000000000e+00    -6.566233634948730e-01
    1.911880373954773e-01     1.000000000000000e+00     1.370030082762241e-02
    0.000000000000000e+00     0.000000000000000e+00     2.190235853195190e+00
    1.000000000000000e+00     8.343389630317688e-01     4.227530956268311e-01
    4.138041138648987e-01     1.000000000000000e+00    -7.624696940183640e-02
    0.000000000000000e+00     0.000000000000000e+00    -2.801133096218109e-01
    1.000000000000000e+00     7.646949291229248e-01     4.697870090603828e-02
    5.747330188751221e-01     1.000000000000000e+00    -5.707486271858215e-01
    1.321902424097061e-01     1.000000000000000e+00    -5.790923833847046e-01
    1.000000000000000e+00     7.472150921821594e-01    -2.484231472015381e+00
    0.000000000000000e+00     0.000000000000000e+00     4.067006334662437e-02
    0.000000000000000e+00     0.000000000000000e+00    -1.029531121253967e+00
    0.000000000000000e+00     0.000000000000000e+00     4.825015962123871e-01
    0.000000000000000e+00     0.000000000000000e+00    -1.403774619102478e+00
    0.000000000000000e+00     0.000000000000000e+00    -2.068895101547241e+00
    3.863647580146790e-01     1.000000000000000e+00     8.985642790794373e-01
    1.060528010129929e-01     1.000000000000000e+00    -3.828583359718323e-01
    5.867851376533508e-01     1.000000000000000e+00     2.362602353096008e-01
    0.000000000000000e+00     0.000000000000000e+00    -1.106081843376160e+00
    0.000000000000000e+00     0.000000000000000e+00     6.713748574256897e-01
    5.005244612693787e-01     1.000000000000000e+00    -2.266695499420166e+00
    5.378203988075256e-01     1.000000000000000e+00     1.778740644454956e+00
    0.000000000000000e+00     0.000000000000000e+00    -8.824315667152405e-01
    1.000000000000000e+00     6.330119371414185e-01     1.422926545143127e+00
    6.922245621681213e-01     1.000000000000000e+00     1.236215710639954e+00
    0.000000000000000e+00     0.000000000000000e+00     1.636283755302429e+00
    1.000000000000000e+00     4.315171837806702e-01    -5.266643762588501e-01
    1.000000000000000e+00     6.814520359039307e-01     1.876595497131348e+00
    0.000000000000000e+00     0.000000000000000e+00    -1.109733343124390e+00
    0.000000000000000e+00     0.000000000000000e+00    -7.583949565887451e-01
    4.995317757129669e-01     1.000000000000000e+00    -8.547290563583374e-01
    2.510276734828949e-01     1.000000000000000e+00     1.598374843597412e-01
    1.144603118300438e-01     1.000000000000000e+00     1.471588611602783e-01
    0.000000000000000e+00     0.000000000000000e+00    -7.683317661285400e-01
    2.179138213396072e-01     1.000000000000000e+00    -1.154884338378906e+00
    1.000000000000000e+00     7.566198706626892e-01    -6.139691472053528e-01
    9.744628071784973e-01     1.000000000000000e+00     1.005857229232788e+00
    1.000000000000000e+00     7.951382994651794e-01    -6.571981906890869e-01
    6.213057637214661e-01     1.000000000000000e+00     1.305495262145996e+00
    0.000000000000000e+00     0.000000000000000e+00    -1.574489712715149e+00
    1.000000000000000e+00     9.759899377822876e-01     3.293658494949341e-01
    0.000000000000000e+00     0.000000000000000e+00    -1.659599184989929e+00
    9.570059776306152e-01     1.000000000000000e+00     3.808468878269196e-01
    1.000000000000000e+00     6.430993676185608e-01    -1.053303360939026e+00
    1.000000000000000e+00     4.814081490039825e-01    -6.911097764968872e-01
    0.000000000000000e+00     0.000000000000000e+00     1.140977621078491e+00
    1.000000000000000e+00     8.649479746818542e-01     5.482094287872314e-01
    0.000000000000000e+00     0.000000000000000e+00     2.355869859457016e-01
    0.000000000000000e+00     0.000000000000000e+00     1.567401647567749e+00
    0.000000000000000e+00     0.000000000000000e+00    -2.997482717037201e-01
    0.000000000000000e+00     0.000000000000000e+00    -5.328251123428345e-01
    0.000000000000000e+00     0.000000000000000e+00     1.590384006500244e+00
    1.000000000000000e+00     9.286035299301147e-01     1.056694746017456e+00
    1.000000000000000e+00     7.653896808624268e-01    -1.712000727653503e+00
    8.392757177352905e-01     1.000000000000000e+00    -1.112192034721375e+00
    6.214991584420204e-02     1.000000000000000e+00    -9.798645377159119e-01
    1.000000000000000e+00     5.144778490066528e-01    -6.331911087036133e-01
    0.000000000000000e+00     0.000000000000000e+00     3.487208187580109e-01
    0.000000000000000e+00     0.000000000000000e+00    -1.085187435150146e+00
    0.000000000000000e+00     0.000000000000000e+00    -3.218484520912170e-01
    1.000000000000000e+00     4.407556951045990e-01     6.015322804450989e-01
    6.804696321487427e-01     1.000000000000000e+00    -3.024863302707672e-01
    0.000000000000000e+00     0.000000000000000e+00    -8.587505221366882e-01
    0.000000000000000e+00     0.000000000000000e+00    -2.847112119197845e-01
    0.000000000000000e+00     0.000000000000000e+00     1.654850363731384e+00
    0.000000000000000e+00     0.000000000000000e+00     1.201481223106384e+00
    0.000000000000000e+00     0.000000000000000e+00     3.292598128318787e-01
    1.000000000000000e+00     6.283346414566040e-01    -2.447181195020676e-02
    8.982004523277283e-01     1.000000000000000e+00    -4.009229242801666e-01
    0.000000000000000e+00     0.000000000000000e+00     7.854617238044739e-01
    1.000000000000000e+00     7.318170666694641e-01     9.792962670326233e-01
    1.000000000000000e+00     9.168680310249329e-01     2.238956540822983e-01
    3.677379488945007e-01     1.000000000000000e+00     2.777976274490356e+00
    6.938206553459167e-01     1.000000000000000e+00    -7.401875257492065e-01
    6.115766242146492e-02     1.000000000000000e+00    -1.331532597541809e-01
    7.231463193893433e-01     1.000000000000000e+00    -1.683159351348877e+00
    9.702002406120300e-01     1.000000000000000e+00    -1.413622021675110e+00
    1.254366636276245e-01     1.000000000000000e+00     1.967785000801086e+00
    3.225132226943970e-01     1.000000000000000e+00     6.163917183876038e-01
    1.000000000000000e+00     7.196006178855896e-01    -1.386156678199768e-01
    1.000000000000000e+00     4.000806212425232e-01    -1.097779273986816e+00
    0.000000000000000e+00     0.000000000000000e+00    -1.180751547217369e-01
    0.000000000000000e+00     0.000000000000000e+00     1.209404826164246e+00
    1.000000000000000e+00     4.267598688602448e-01    -1.676960825920105e+00
    9.179206490516663e-01     1.000000000000000e+00     9.952855110168457e-01
    0.000000000000000e+00     0.000000000000000e+00    -2.311453670263290e-01
    0.000000000000000e+00     0.000000000000000e+00     6.752573251724243e-01
    0.000000000000000e+00     0.000000000000000e+00     1.981725171208382e-02
    0.000000000000000e+00     0.000000000000000e+00     3.170693516731262e-01
    0.000000000000000e+00     0.000000000000000e+00    -4.337375760078430e-01
    0.000000000000000e+00     0.000000000000000e+00     5.222060084342957e-01
    1.000000000000000e+00     4.103180468082428e-01     7.990885376930237e-01
    0.000000000000000e+00     0.000000000000000e+00     3.360937237739563e-01
    1.354514509439468e-01     1.000000000000000e+00    -2.037576913833618e+00
    0.000000000000000e+00     0.000000000000000e+00    -1.163643598556519e-01
    0.000000000000000e+00     0.000000000000000e+00     2.579367160797119e+00
    7.746874094009399e-01     1.000000000000000e+00    -6.799656152725220e-01
    1.000000000000000e+00     9.002714753150940e-01    -2.744676470756531e-01
    1.000000000000000e+00     5.443843007087708e-01    -9.282095432281494e-01
    0.000000000000000e+00     0.000000000000000e+00    -2.189077734947205e-01
    0.000000000000000e+00     0.000000000000000e+00    -8.449786305427551e-01
    1.000000000000000e+00     6.009872555732727e-01     3.599386811256409e-01
    0.000000000000000e+00     0.000000000000000e+00    -1.191298887133598e-01
    7.012724280357361e-01     1.000000000000000e+00     1.811016499996185e-01
    0.000000000000000e+00     0.000000000000000e+00     7.915948033332825e-01
    0.000000000000000e+00     0.000000000000000e+00    -2.712216973304749e-02
    1.000000000000000e+00     5.801542401313782e-01     1.786741167306900e-01
    0.000000000000000e+00     0.000000000000000e+00     2.192333713173866e-02
    6.773342490196228e-01     1.000000000000000e+00     1.368188142776489e+00
    7.515661120414734e-01     1.000000000000000e+00    -8.009818792343140e-01
    0.000000000000000e+00     0.000000000000000e+00    -1.577179908752441e+00
    1.183519233018160e-02     1.000000000000000e+00     5.344868302345276e-01
    0.000000000000000e+00     0.000000000000000e+00     1.040787100791931e+00
    0.000000000000000e+00     0.000000000000000e+00     1.605111360549927e+00
    1.000000000000000e+00     5.601282119750977e-01    -7.239540219306946e-01
    0.000000000000000e+00     0.000000000000000e+00     8.004839420318604e-01
    0.000000000000000e+00     0.000000000000000e+00     8.654680848121643e-01
    1.000000000000000e+00     5.955039858818054e-01    -9.327635169029236e-01
    0.000000000000000e+00     0.000000000000000e+00     1.087451577186584e+00
    2.052527815103531e-01     1.000000000000000e+00     2.753921449184418e-01
    2.523659765720367e-01     1.000000000000000e+00     2.013988643884659e-01
    0.000000000000000e+00     0.000000000000000e+00    -1.713477611541748e+00
    1.486567109823227e-01     1.000000000000000e+00    -8.955312967300415e-01
    1.000000000000000e+00     6.267400979995728e-01     8.301251530647278e-01
    0.000000000000000e+00     0.000000000000000e+00     2.030436396598816e-01
    0.000000000000000e+00     0.000000000000000e+00     4.744631052017212e-01
    0.000000000000000e+00     0.000000000000000e+00    -1.592218279838562e+00
    1.000000000000000e+00     6.177602410316467e-01     1.001336649060249e-01
    6.085045933723450e-01     1.000000000000000e+00    -1.216544389724731e+00
    1.000000000000000e+00     6.627881526947021e-01    -2.530762195587158e+00
    3.944140970706940e-01     1.000000000000000e+00    -5.720969438552856e-01
    4.784756600856781e-01     1.000000000000000e+00    -1.097926944494247e-01
    0.000000000000000e+00     0.000000000000000e+00    -1.922773718833923e-01
    7.239465117454529e-01     1.000000000000000e+00     2.498538643121719e-01
    0.000000000000000e+00     0.000000000000000e+00    -2.797527611255646e-01
    3.698842227458954e-02     1.000000000000000e+00     1.149431467056274e-01
    0.000000000000000e+00     0.000000000000000e+00    -1.132613793015480e-02
    0.000000000000000e+00     0.000000000000000e+00     1.207913160324097e+00
    1.000000000000000e+00     8.868564963340759e-01     8.900459408760071e-01
    2.270194143056870e-01     1.000000000000000e+00     1.688946366310120e+00
    0.000000000000000e+00     0.000000000000000e+00    -1.750239491462708e+00
    0.000000000000000e+00     0.000000000000000e+00    -1.247246026992798e+00
    1.000000000000000e+00     5.516152381896973e-01    -7.404705882072449e-01
    1.000000000000000e+00     4.989751875400543e-01     1.971782445907593e+00
    0.000000000000000e+00     0.000000000000000e+00     4.239729046821594e-01
    0.000000000000000e+00     0.000000000000000e+00     1.704869866371155e+00
    1.000000000000000e+00     5.283181667327881e-01    -1.078929543495178e+00
    6.351447701454163e-01     1.000000000000000e+00    -1.779785156250000e+00
    2.560173571109772e-01     1.000000000000000e+00    -5.836829543113708e-01
    0.000000000000000e+00     0.000000000000000e+00    -5.121536850929260e-01
    0.000000000000000e+00     0.000000000000000e+00    -3.696928024291992e-01
    5.227019190788269e-01     1.000000000000000e+00    -4.499922692775726e-01
    1.000000000000000e+00     3.478876054286957e-01     2.245370596647263e-01
    0.000000000000000e+00     0.000000000000000e+00     3.246146738529205e-01
    1.000000000000000e+00     8.141435384750366e-01     2.351032257080078e+00
    0.000000000000000e+00     0.000000000000000e+00     2.701240301132202e+00
    1.000000000000000e+00     5.564975738525391e-01     1.344040036201477e+00
    2.100806534290314e-01     1.000000000000000e+00     1.648796796798706e+00
    0.000000000000000e+00     0.000000000000000e+00    -1.983751654624939e+00
    5.303922295570374e-01     1.000000000000000e+00     3.205361962318420e-01
    0.000000000000000e+00     0.000000000000000e+00    -2.293921232223511e+00
    6.254409253597260e-02     1.000000000000000e+00    -3.258832395076752e-01
    0.000000000000000e+00     0.000000000000000e+00     2.900501012802124e+00
    0.000000000000000e+00     0.000000000000000e+00     2.403054833412170e-01
    0.000000000000000e+00     0.000000000000000e+00     1.445755600929260e+00
    4.409751296043396e-01     1.000000000000000e+00     4.606815576553345e-01
    0.000000000000000e+00     0.000000000000000e+00     2.806805372238159e-01
    7.980654835700989e-01     1.000000000000000e+00     8.640209436416626e-01
    1.000000000000000e+00     4.484880268573761e-01    -1.494462728500366e+00
    6.100826859474182e-01     1.000000000000000e+00     7.806065082550049e-01
    1.000000000000000e+00     7.870200276374817e-01     8.874320387840271e-01
    1.384865492582321e-01     1.000000000000000e+00    -9.135108590126038e-01
    0.000000000000000e+00     0.000000000000000e+00    -7.172659784555435e-02
    0.000000000000000e+00     0.000000000000000e+00    -6.383544802665710e-01
    8.779112696647644e-01     1.000000000000000e+00    -6.200702190399170e-01
    1.000000000000000e+00     7.599146366119385e-01    -2.868930101394653e-01
    0.000000000000000e+00     0.000000000000000e+00    -8.002523183822632e-01
    1.000000000000000e+00     8.534290194511414e-01    -1.558529853820801e+00
    1.000000000000000e+00     4.404132664203644e-01    -1.083365797996521e+00
    4.665319323539734e-01     1.000000000000000e+00     2.022230625152588e+00
    0.000000000000000e+00     0.000000000000000e+00     6.579318046569824e-01
    6.660632044076920e-02     1.000000000000000e+00    -8.367398977279663e-01
    0.000000000000000e+00     0.000000000000000e+00     8.049440383911133e-01
    2.979293465614319e-01     1.000000000000000e+00     2.928899824619293e-01
    0.000000000000000e+00     0.000000000000000e+00     7.032954692840576e-01
    5.070568323135376e-01     1.000000000000000e+00    -2.141201019287109e+00
    0.000000000000000e+00     0.000000000000000e+00    -9.583290219306946e-01
    8.352760076522827e-01     1.000000000000000e+00     1.649732738733292e-01
    5.614532828330994e-01     1.000000000000000e+00     3.868556320667267e-01
    0.000000000000000e+00     0.000000000000000e+00    -2.434045970439911e-01
    8.774957656860352e-01     1.000000000000000e+00     1.655822396278381e-01
    1.000000000000000e+00     7.450743317604065e-01    -7.033085227012634e-01
    1.000000000000000e+00     6.963045001029968e-01    -1.011490821838379e+00
    0.000000000000000e+00     0.000000000000000e+00     6.086139678955078e-01
    1.000000000000000e+00     7.416543960571289e-01     7.807297706604004e-01
    3.064551353454590e-01     1.000000000000000e+00     4.390819966793060e-01
    1.000000000000000e+00     5.077090263366699e-01    -1.248639464378357e+00
    0.000000000000000e+00     0.000000000000000e+00    -2.271016120910645e+00
    6.461208462715149e-01     1.000000000000000e+00    -2.924349904060364e-01
    0.000000000000000e+00     0.000000000000000e+00     6.281438469886780e-01
    6.396393179893494e-01     1.000000000000000e+00    -9.209463000297546e-02
    0.000000000000000e+00     0.000000000000000e+00    -2.217964410781860e+00
    0.000000000000000e+00     0.000000000000000e+00    -1.741914749145508e+00
    3.276532888412476e-01     1.000000000000000e+00    -1.258899331092834e+00
    1.000000000000000e+00     9.167758226394653e-01    -6.680949330329895e-01
    7.607285678386688e-02     1.000000000000000e+00    -2.563949525356293e-01
    1.000000000000000e+00     5.757094025611877e-01     7.366371154785156e-01
    0.000000000000000e+00     0.000000000000000e+00    -4.176897108554840e-01
    0.000000000000000e+00     0.000000000000000e+00     5.024804472923279e-01
    0.000000000000000e+00     0.000000000000000e+00    -7.361320853233337e-01
    0.000000000000000e+00     0.000000000000000e+00    -4.717637002468109e-01
    0.000000000000000e+00     0.000000000000000e+00     9.471973776817322e-01
    0.000000000000000e+00     0.000000000000000e+00     5.309128165245056e-01
    0.000000000000000e+00     0.000000000000000e+00     3.306127339601517e-02
    1.000000000000000e+00     8.005490899085999e-01     1.112067818641663e+00
    1.000000000000000e+00     9.853134751319885e-01    -2.556308984756470e+00
    5.359890460968018e-01     1.000000000000000e+00     9.657785296440125e-01
    0.000000000000000e+00     0.000000000000000e+00     1.952388882637024e+00
    0.000000000000000e+00     0.000000000000000e+00    -1.053918957710266e+00
    0.000000000000000e+00     0.000000000000000e+00     2.938006818294525e-01
    0.000000000000000e+00     0.000000000000000e+00    -1.934769749641418e-01
    1.000000000000000e+00     7.609527111053467e-01    -7.800311446189880e-01
    9.006056785583496e-01     1.000000000000000e+00     4.707496166229248e-01
    2.822513878345490e-01     1.000000000000000e+00    -2.834041595458984e+00
    1.000000000000000e+00     7.230741977691650e-01     5.397656187415123e-02
    0.000000000000000e+00     0.000000000000000e+00     8.285221457481384e-01
    1.000000000000000e+00     5.315378904342651e-01     4.967071712017059e-01
    1.000000000000000e+00     4.981263875961304e-01    -1.365955948829651e+00
    0.000000000000000e+00     0.000000000000000e+00     8.476737141609192e-01
    1.000000000000000e+00     6.305506825447083e-01    -8.097098469734192e-01
    0.000000000000000e+00     0.000000000000000e+00    -2.352856546640396e-01
    4.182308912277222e-01     1.000000000000000e+00     2.561095476150513e+00
    0.000000000000000e+00     0.000000000000000e+00     1.854730725288391e+00
    0.000000000000000e+00     0.000000000000000e+00     1.985665678977966e+00
    1.000000000000000e+00     8.268334269523621e-01    -5.646067261695862e-01
    0.000000000000000e+00     0.000000000000000e+00     1.379179358482361e+00
    0.000000000000000e+00     0.000000000000000e+00     3.552671372890472e-01
    1.000000000000000e+00     6.612910628318787e-01    -1.532279968261719e+00
    2.191871702671051e-01     1.000000000000000e+00    -2.488910779356956e-02
    8.404513597488403e-01     1.000000000000000e+00    -6.956084370613098e-01
    4.568932652473450e-01     1.000000000000000e+00     4.279629588127136e-01
    8.720968961715698e-01     1.000000000000000e+00    -6.344437003135681e-01
    3.782657682895660e-01     1.000000000000000e+00    -1.981293559074402e+00
    0.000000000000000e+00     0.000000000000000e+00    -7.265329957008362e-01
    1.000000000000000e+00     6.012587547302246e-01     9.775348007678986e-02
    2.670976221561432e-01     1.000000000000000e+00    -3.161796033382416e-01
    0.000000000000000e+00     0.000000000000000e+00     2.401224970817566e-01
    1.000000000000000e+00     5.152568221092224e-01    -1.236032247543335e+00
    0.000000000000000e+00     0.000000000000000e+00     1.560959339141846e+00
    0.000000000000000e+00     0.000000000000000e+00    -1.325001955032349e+00
    0.000000000000000e+00     0.000000000000000e+00     4.179735779762268e-01
    6.116737127304077e-01     1.000000000000000e+00     8.552997559309006e-02
    0.000000000000000e+00     0.000000000000000e+00     6.173300743103027e-01
    0.000000000000000e+00     0.000000000000000e+00     1.411714911460876e+00
    0.000000000000000e+00     0.000000000000000e+00     5.386590212583542e-02
    0.000000000000000e+00     0.000000000000000e+00    -2.167249202728271e+00
    0.000000000000000e+00     0.000000000000000e+00     8.479233384132385e-01
    0.000000000000000e+00     0.000000000000000e+00    -1.209278821945190e+00
    3.877340853214264e-01     1.000000000000000e+00     1.255052924156189e+00
    1.000000000000000e+00     8.269981145858765e-01    -1.272039860486984e-01
    0.000000000000000e+00     0.000000000000000e+00     1.427626013755798e-01
    1.000000000000000e+00     8.955634236335754e-01     1.040427565574646e+00
    5.200631171464920e-02     1.000000000000000e+00    -1.180400371551514e+00
    4.200968742370605e-01     1.000000000000000e+00    -2.135345637798309e-01
    0.000000000000000e+00     0.000000000000000e+00    -4.984333217144012e-01
    1.193146854639053e-01     1.000000000000000e+00    -1.289026856422424e+00
    5.752069354057312e-01     1.000000000000000e+00    -4.289343059062958e-01
    0.000000000000000e+00     0.000000000000000e+00     1.572263360023499e+00
    0.000000000000000e+00     0.000000000000000e+00    -1.233722209930420e+00
    0.000000000000000e+00     0.000000000000000e+00    -7.954151034355164e-01
    4.410175383090973e-01     1.000000000000000e+00    -3.361883461475372e-01
    0.000000000000000e+00     0.000000000000000e+00    -1.622402548789978e+00
    1.000000000000000e+00     9.632132649421692e-01     2.733028233051300e-01
    0.000000000000000e+00     0.000000000000000e+00    -1.165074110031128e-01
    1.000000000000000e+00     7.162852287292480e-01    -1.992739178240299e-02
    1.000000000000000e+00     9.489959478378296e-01     2.137940406799316e+00
    0.000000000000000e+00     0.000000000000000e+00     2.039020538330078e+00
    3.149118423461914e-01     1.000000000000000e+00    -4.319485127925873e-01
    0.000000000000000e+00     0.000000000000000e+00     4.356485307216644e-01
    0.000000000000000e+00     0.000000000000000e+00    -4.644123911857605e-01
    0.000000000000000e+00     0.000000000000000e+00     1.448985747992992e-02
    6.192618608474731e-01     1.000000000000000e+00    -1.320256441831589e-01
    3.312250077724457e-01     1.000000000000000e+00     3.841249644756317e-02
    1.223786622285843e-01     1.000000000000000e+00     1.119647547602654e-01
    0.000000000000000e+00     0.000000000000000e+00    -1.237788677215576e+00
    0.000000000000000e+00     0.000000000000000e+00    -1.409872412681580e+00
    0.000000000000000e+00     0.000000000000000e+00    -1.347881674766541e+00
    0.000000000000000e+00     0.000000000000000e+00    -8.900479674339294e-01
    0.000000000000000e+00     0.000000000000000e+00     2.360155582427979e+00
    9.757494926452637e-01     1.000000000000000e+00     6.056546568870544e-01
    0.000000000000000e+00     0.000000000000000e+00    -2.926922142505646e-01
    0.000000000000000e+00     0.000000000000000e+00    -1.149873375892639e+00
    0.000000000000000e+00     0.000000000000000e+00     4.942910075187683e-01
    1.000000000000000e+00     6.734932065010071e-01     1.271476149559021e+00
    0.000000000000000e+00     0.000000000000000e+00    -4.537438154220581e-01
    8.314872384071350e-01     1.000000000000000e+00    -3.607918918132782e-01
    0.000000000000000e+00     0.000000000000000e+00    -7.923020422458649e-02
    0.000000000000000e+00     0.000000000000000e+00     1.419077873229980e+00
    0.000000000000000e+00     0.000000000000000e+00    -1.399025082588196e+00
    1.000000000000000e+00     6.014953851699829e-01     1.658832669258118e+00
    1.106671392917633e-01     1.000000000000000e+00    -1.292448878288269e+00
    0.000000000000000e+00     0.000000000000000e+00    -1.496036052703857e-01
    1.000000000000000e+00     6.385940909385681e-01     5.321338772773743e-01
    4.645175486803055e-02     1.000000000000000e+00     1.023954987525940e+00
    1.000000000000000e+00     6.893761754035950e-01    -5.233832597732544e-01
    1.000000000000000e+00     7.186283469200134e-01     1.189401865005493e+00
    0.000000000000000e+00     0.000000000000000e+00     2.305828779935837e-01
    4.401758611202240e-01     1.000000000000000e+00    -6.214206814765930e-01
    3.215007856488228e-02     1.000000000000000e+00    -2.244843482971191e+00
    5.240914225578308e-01     1.000000000000000e+00    -2.583106458187103e-01
    8.264996111392975e-02     1.000000000000000e+00    -3.906430602073669e-01
    9.406156539916992e-01     1.000000000000000e+00     1.531318121124059e-04
    2.629652805626392e-02     1.000000000000000e+00    -8.644132316112518e-02
    1.000000000000000e+00     8.660322427749634e-01    -1.731261134147644e+00
    5.706022381782532e-01     1.000000000000000e+00    -2.549528181552887e-01
    0.000000000000000e+00     0.000000000000000e+00     9.787940382957458e-01
    6.045353412628174e-01     1.000000000000000e+00     1.378583908081055e+00
    0.000000000000000e+00     0.000000000000000e+00    -1.725469231605530e+00
    1.000000000000000e+00     5.082976222038269e-01     2.816665172576904e-01
    0.000000000000000e+00     0.000000000000000e+00    -4.910431802272797e-02
    1.000000000000000e+00     8.447349071502686e-01    -1.928565353155136e-01
    1.000000000000000e+00     7.092096805572510e-01     3.301216959953308e-01
    1.714219301939011e-01     1.000000000000000e+00    -9.591207653284073e-02
    1.000000000000000e+00     8.087301850318909e-01     1.647780179977417e+00
    0.000000000000000e+00     0.000000000000000e+00     3.016445934772491e-01
    0.000000000000000e+00     0.000000000000000e+00     7.085472345352173e-01
    0.000000000000000e+00     0.000000000000000e+00    -7.350737228989601e-03
    7.611152529716492e-01     1.000000000000000e+00     3.947921395301819e-01
    6.634998321533203e-01     1.000000000000000e+00     3.367823660373688e-01
    0.000000000000000e+00     0.000000000000000e+00    -3.096210360527039e-01
    0.000000000000000e+00     0.000000000000000e+00    -7.825418710708618e-01
    6.036593392491341e-02     1.000000000000000e+00    -5.971486866474152e-02
    1.000000000000000e+00     5.448044538497925e-01    -6.366901844739914e-02
    7.782977819442749e-02     1.000000000000000e+00    -3.390618860721588e-01
    0.000000000000000e+00     0.000000000000000e+00     2.195245504379272e+00
    1.000000000000000e+00     4.999078214168549e-01     6.590098142623901e-01
    1.000000000000000e+00     9.920848011970520e-01     1.034050583839417e+00
    2.914218902587891e-01     1.000000000000000e+00    -3.785047531127930e-01
    1.000000000000000e+00     5.933507084846497e-01    -7.983799576759338e-01
    0.000000000000000e+00     0.000000000000000e+00    -8.115767836570740e-01
    0.000000000000000e+00     0.000000000000000e+00     5.490536689758301e-01
    0.000000000000000e+00     0.000000000000000e+00     2.602888107299805e+00
    0.000000000000000e+00     0.000000000000000e+00     4.104314446449280e-01
    0.000000000000000e+00     0.000000000000000e+00    -7.139560580253601e-01
    0.000000000000000e+00     0.000000000000000e+00     2.096393823623657e+00
    0.000000000000000e+00     0.000000000000000e+00     5.775539875030518e-01
    3.400478065013885e-01     1.000000000000000e+00    -1.227353215217590e+00
    0.000000000000000e+00     0.000000000000000e+00     5.546355843544006e-01
    0.000000000000000e+00     0.000000000000000e+00    -2.806535959243774e-01
    2.037403434514999e-01     1.000000000000000e+00     1.552918255329132e-01
    5.014098063111305e-02     1.000000000000000e+00    -1.946485340595245e-01
    0.000000000000000e+00     0.000000000000000e+00     3.466810584068298e-01
    1.000000000000000e+00     6.522937417030334e-01     3.928003013134003e-01
    0.000000000000000e+00     0.000000000000000e+00     1.832131862640381e+00
    0.000000000000000e+00     0.000000000000000e+00     7.385140061378479e-01
    1.000000000000000e+00     8.544832468032837e-01     1.201087474822998e+00
    0.000000000000000e+00     0.000000000000000e+00    -1.552828431129456e+00
    8.282569050788879e-02     1.000000000000000e+00     1.899522900581360e+00
    1.000000000000000e+00     5.729282498359680e-01    -1.763806462287903e+00
    1.000000000000000e+00     8.864573836326599e-01    -5.594354867935181e-01
    1.000000000000000e+00     8.914369344711304e-01    -2.592818021774292e+00
    0.000000000000000e+00     0.000000000000000e+00    -3.629496097564697e-01
    8.606965541839600e-01     1.000000000000000e+00     9.642488360404968e-01
    0.000000000000000e+00     0.000000000000000e+00     2.573030292987823e-01
    0.000000000000000e+00     0.000000000000000e+00    -1.843596816062927e+00
    0.000000000000000e+00     0.000000000000000e+00     6.591550111770630e-01
    0.000000000000000e+00     0.000000000000000e+00     1.607742011547089e-01
    0.000000000000000e+00     0.000000000000000e+00     1.831399679183960e+00
    0.000000000000000e+00     0.000000000000000e+00    -5.949439480900764e-02
    1.000000000000000e+00     9.690339565277100e-01     1.510603666305542e+00
    1.000000000000000e+00     7.308948040008545e-01    -1.085933923721313e+00
    4.654454067349434e-03     1.000000000000000e+00    -6.490809917449951e-01
    0.000000000000000e+00     0.000000000000000e+00     4.283853173255920e-01
    0.000000000000000e+00     0.000000000000000e+00     1.724679619073868e-01
    9.803689122200012e-01     1.000000000000000e+00     1.263512253761292e+00
    4.644940495491028e-01     1.000000000000000e+00    -2.056254148483276e+00
    0.000000000000000e+00     0.000000000000000e+00     4.168561398983002e-01
    0.000000000000000e+00     0.000000000000000e+00    -3.611765503883362e-01
    1.000000000000000e+00     7.135817408561707e-01    -7.912074923515320e-01
    3.508689999580383e-01     1.000000000000000e+00    -2.063549041748047e+00
    0.000000000000000e+00     0.000000000000000e+00    -3.028965294361115e-01
    0.000000000000000e+00     0.000000000000000e+00     1.467545747756958e+00
    0.000000000000000e+00     0.000000000000000e+00     1.920549869537354e+00
    7.454180717468262e-01     1.000000000000000e+00    -7.367514967918396e-01
    0.000000000000000e+00     0.000000000000000e+00    -2.250453680753708e-01
    0.000000000000000e+00     0.000000000000000e+00    -7.692773938179016e-01
    0.000000000000000e+00     0.000000000000000e+00    -3.073649853467941e-02
    2.560744583606720e-01     1.000000000000000e+00     2.068726301193237e+00
    5.953317284584045e-01     1.000000000000000e+00     2.126687169075012e-01
    0.000000000000000e+00     0.000000000000000e+00    -1.850618958473206e+00
    0.000000000000000e+00     0.000000000000000e+00    -1.965768188238144e-01
    0.000000000000000e+00     0.000000000000000e+00    -2.224916219711304e-01
    0.000000000000000e+00     0.000000000000000e+00    -5.570250153541565e-01
    9.661661982536316e-01     1.000000000000000e+00    -1.033805683255196e-01
    1.000000000000000e+00     8.206605315208435e-01    -4.961814880371094e-01
    0.000000000000000e+00     0.000000000000000e+00     2.345254570245743e-01
    0.000000000000000e+00     0.000000000000000e+00    -6.287873387336731e-01
    1.000000000000000e+00     5.110993385314941e-01     3.753750920295715e-01
    7.945429682731628e-01     1.000000000000000e+00     1.320146471261978e-01
    0.000000000000000e+00     0.000000000000000e+00    -8.093985319137573e-01
    0.000000000000000e+00     0.000000000000000e+00    -1.182065248489380e+00
    0.000000000000000e+00     0.000000000000000e+00    -1.454222083091736e+00
    0.000000000000000e+00     0.000000000000000e+00     1.021550670266151e-01
    8.931637406349182e-01     1.000000000000000e+00     1.858186483383179e+00
    0.000000000000000e+00     0.000000000000000e+00    -5.952516794204712e-01
    1.094560250639915e-01     1.000000000000000e+00    -2.499289512634277e-01
    1.174001321196556e-01     1.000000000000000e+00     4.929229319095612e-01
    0.000000000000000e+00     0.000000000000000e+00    -1.981447458267212e+00
    8.425688743591309e-02     1.000000000000000e+00    -3.781839907169342e-01
    6.487325578927994e-02     1.000000000000000e+00    -4.380996525287628e-02
    0.000000000000000e+00     0.000000000000000e+00     7.826217412948608e-01
    0.000000000000000e+00     0.000000000000000e+00     5.456470251083374e-01
    1.000000000000000e+00     9.681981205940247e-01    -1.091662883758545e+00
    0.000000000000000e+00     0.000000000000000e+00    -2.092130631208420e-01
    0.000000000000000e+00     0.000000000000000e+00     1.123520359396935e-01
    1.924658417701721e-01     1.000000000000000e+00     4.885064661502838e-01
    0.000000000000000e+00     0.000000000000000e+00    -2.866139411926270e+00
    0.000000000000000e+00     0.000000000000000e+00     6.196597218513489e-01
    7.908743806183338e-03     1.000000000000000e+00    -1.546693146228790e-01
    1.000000000000000e+00     9.569671750068665e-01     3.933260440826416e-01
    0.000000000000000e+00     0.000000000000000e+00     1.170247077941895e+00
    9.273222088813782e-01     1.000000000000000e+00     2.267468720674515e-01
    6.370446681976318e-01     1.000000000000000e+00     4.340994656085968e-01
    7.725064158439636e-01     1.000000000000000e+00     2.344619512557983e+00
    0.000000000000000e+00     0.000000000000000e+00     1.682674884796143e-01
    0.000000000000000e+00     0.000000000000000e+00    -9.966277480125427e-01
    5.009524226188660e-01     1.000000000000000e+00     1.075699329376221e+00
    2.163835614919662e-02     1.000000000000000e+00    -2.542475461959839e+00
    7.557945251464844e-01     1.000000000000000e+00    -7.388085722923279e-01
    0.000000000000000e+00     0.000000000000000e+00    -4.943391382694244e-01
    0.000000000000000e+00     0.000000000000000e+00     1.561208218336105e-01
    3.995930030941963e-02     1.000000000000000e+00    -5.301297307014465e-01
    3.204749897122383e-02     1.000000000000000e+00    -2.358749628067017e+00
    6.390518695116043e-02     1.000000000000000e+00     5.667294263839722e-01
    0.000000000000000e+00     0.000000000000000e+00     4.387503266334534e-01
    0.000000000000000e+00     0.000000000000000e+00    -2.685350477695465e-01
    9.795204997062683e-01     1.000000000000000e+00     7.411112189292908e-01
    4.084767103195190e-01     1.000000000000000e+00    -7.191017866134644e-01
    0.000000000000000e+00     0.000000000000000e+00    -1.206933379173279e+00
    1.000000000000000e+00     7.275274395942688e-01     1.754758000373840e+00
    1.000000000000000e+00     7.187493443489075e-01    -1.929721981287003e-01
    0.000000000000000e+00     0.000000000000000e+00     6.866578459739685e-01
    0.000000000000000e+00     0.000000000000000e+00    -6.569797992706299e-01
    1.000000000000000e+00     6.271254420280457e-01    -1.526062846183777e+00
    0.000000000000000e+00     0.000000000000000e+00     9.636613130569458e-01
    1.000000000000000e+00     8.723574876785278e-01     1.662271022796631e+00
    0.000000000000000e+00     0.000000000000000e+00    -7.397812325507402e-03
    1.000000000000000e+00     8.472831249237061e-01     3.484646975994110e-01
    0.000000000000000e+00     0.000000000000000e+00    -2.018403559923172e-01
    8.905012011528015e-01     1.000000000000000e+00     5.142982602119446e-01
    6.320572495460510e-01     1.000000000000000e+00     7.941177487373352e-01
    1.104981005191803e-01     1.000000000000000e+00    -2.246604561805725e-01
    0.000000000000000e+00     0.000000000000000e+00    -1.493725061416626e+00
    1.000000000000000e+00     8.711907863616943e-01     7.374603152275085e-01
    0.000000000000000e+00     0.000000000000000e+00    -4.666202068328857e-01
    0.000000000000000e+00     0.000000000000000e+00    -3.695142567157745e-01
    0.000000000000000e+00     0.000000000000000e+00     3.606141209602356e-01
    8.150627017021179e-01     1.000000000000000e+00     2.195901870727539e+00
    2.604679390788078e-02     1.000000000000000e+00     1.494921837002039e-02
    0.000000000000000e+00     0.000000000000000e+00     1.757016330957413e-01
    0.000000000000000e+00     0.000000000000000e+00    -5.298827886581421e-01
    0.000000000000000e+00     0.000000000000000e+00     2.406931161880493e+00
    0.000000000000000e+00     0.000000000000000e+00    -2.274517565965652e-01
    0.000000000000000e+00     0.000000000000000e+00     3.811159133911133e-01
    1.000000000000000e+00     8.262070417404175e-01     1.361366748809814e+00
    0.000000000000000e+00     0.000000000000000e+00    -7.090907096862793e-01
    9.080352187156677e-01     1.000000000000000e+00     7.115246653556824e-01
    7.396148443222046e-01     1.000000000000000e+00    -6.488667726516724e-01
    0.000000000000000e+00     0.000000000000000e+00     2.613078951835632e-01
    2.275024801492691e-01     1.000000000000000e+00    -6.517885327339172e-01
    0.000000000000000e+00     0.000000000000000e+00    -8.174728751182556e-01
    7.227881550788879e-01     1.000000000000000e+00     2.713426113128662e+00
    0.000000000000000e+00     0.000000000000000e+00    -5.364919081330299e-02
    7.427272796630859e-01     1.000000000000000e+00     8.328049182891846e-01
    4.882032275199890e-01     1.000000000000000e+00    -1.022137284278870e+00
    0.000000000000000e+00     0.000000000000000e+00     6.765472888946533e-01
    8.400097489356995e-02     1.000000000000000e+00     2.457901090383530e-01
    7.975667119026184e-01     1.000000000000000e+00    -7.062568068504333e-01
    1.000000000000000e+00     7.146068811416626e-01     1.765849292278290e-01
    3.886689841747284e-01     1.000000000000000e+00     3.207224607467651e-01
    9.509478211402893e-01     1.000000000000000e+00    -1.563301801681519e+00
    1.000000000000000e+00     7.743135690689087e-01     3.128855526447296e-01
    0.000000000000000e+00     0.000000000000000e+00     6.911898255348206e-01
    4.517720043659210e-01     1.000000000000000e+00     1.912028491497040e-01
    1.000000000000000e+00     3.846760690212250e-01    -3.443671166896820e-01
    1.000000000000000e+00     7.717759013175964e-01    -1.714761614799500e+00
    0.000000000000000e+00     0.000000000000000e+00    -7.605225443840027e-01
    8.350268602371216e-01     1.000000000000000e+00     1.026895880699158e+00
    4.907731339335442e-02     1.000000000000000e+00     1.170326352119446e+00
    1.000000000000000e+00     6.451992988586426e-01    -1.283506035804749e+00
    0.000000000000000e+00     0.000000000000000e+00    -1.288978576660156e+00
    5.761353969573975e-01     1.000000000000000e+00     1.968207210302353e-01
    6.014696955680847e-01     1.000000000000000e+00     2.719882428646088e-01
    0.000000000000000e+00     0.000000000000000e+00    -5.846524238586426e-01
    0.000000000000000e+00     0.000000000000000e+00    -6.472587585449219e-01
    0.000000000000000e+00     0.000000000000000e+00     5.437893271446228e-01
    2.516083233058453e-02     1.000000000000000e+00    -1.451402604579926e-01
    0.000000000000000e+00     0.000000000000000e+00    -1.113294005393982e+00
    1.000000000000000e+00     4.019998908042908e-01     1.290450215339661e+00
    9.577166438102722e-01     1.000000000000000e+00     4.101266264915466e-01
    0.000000000000000e+00     0.000000000000000e+00     5.109844207763672e-01
    0.000000000000000e+00     0.000000000000000e+00    -6.209990978240967e-01
    1.538402587175369e-01     1.000000000000000e+00    -7.152397632598877e-01
    0.000000000000000e+00     0.000000000000000e+00    -1.117195934057236e-01
    5.694422721862793e-01     1.000000000000000e+00     1.219011068344116e+00
    1.000000000000000e+00     6.316928267478943e-01    -1.434249877929688e+00
    0.000000000000000e+00     0.000000000000000e+00    -3.561328351497650e-01
    0.000000000000000e+00     0.000000000000000e+00     1.963587105274200e-01
    0.000000000000000e+00     0.000000000000000e+00     1.805161356925964e+00
    9.057980179786682e-01     1.000000000000000e+00     4.784560203552246e-02
    0.000000000000000e+00     0.000000000000000e+00     6.506046652793884e-02
    0.000000000000000e+00     0.000000000000000e+00    -3.442831337451935e-02
    7.453516125679016e-01     1.000000000000000e+00     3.058491945266724e-01
    0.000000000000000e+00     0.000000000000000e+00    -1.218078851699829e+00
    7.157845050096512e-02     1.000000000000000e+00    -2.556236743927002e+00
    0.000000000000000e+00     0.000000000000000e+00     8.641760796308517e-02
    8.438668251037598e-01     1.000000000000000e+00    -2.926138937473297e-01
    0.000000000000000e+00     0.000000000000000e+00    -1.976618319749832e-01
    0.000000000000000e+00     0.000000000000000e+00    -2.269883453845978e-01
    5.169814825057983e-01     1.000000000000000e+00    -1.573389887809753e+00
    0.000000000000000e+00     0.000000000000000e+00    -6.306548118591309e-01
    0.000000000000000e+00     0.000000000000000e+00    -1.728894114494324e+00
    3.678315877914429e-02     1.000000000000000e+00    -6.823561787605286e-01
    2.738988697528839e-01     1.000000000000000e+00    -7.566212415695190e-01
    5.573547482490540e-01     1.000000000000000e+00     1.696071505546570e+00
    3.827966377139091e-02     1.000000000000000e+00     1.231786489486694e+00
    0.000000000000000e+00     0.000000000000000e+00     1.543385535478592e-02
    0.000000000000000e+00     0.000000000000000e+00    -4.986563622951508e-01
    1.000000000000000e+00     9.544076919555664e-01    -9.470502734184265e-01
    0.000000000000000e+00     0.000000000000000e+00     2.696198463439941e+00
    0.000000000000000e+00     0.000000000000000e+00    -2.173170447349548e-01
    7.253521680831909e-01     1.000000000000000e+00     2.145747661590576e+00
    0.000000000000000e+00     0.000000000000000e+00    -2.719558715820312e+00
    1.000000000000000e+00     8.336589336395264e-01     1.772541642189026e+00
    0.000000000000000e+00     0.000000000000000e+00     1.194543957710266e+00
    0.000000000000000e+00     0.000000000000000e+00    -1.121362447738647e+00
    0.000000000000000e+00     0.000000000000000e+00    -1.437355637550354e+00
    5.494998097419739e-01     1.000000000000000e+00     3.643784523010254e-01
    0.000000000000000e+00     0.000000000000000e+00    -5.908394455909729e-01
    0.000000000000000e+00     0.000000000000000e+00    -6.762881875038147e-01
    0.000000000000000e+00     0.000000000000000e+00    -4.120577871799469e-01
    9.925305843353271e-01     1.000000000000000e+00     2.012831211090088e+00
    0.000000000000000e+00     0.000000000000000e+00     7.860766649246216e-01
    6.379947066307068e-01     1.000000000000000e+00    -9.699901938438416e-01
    8.157763481140137e-01     1.000000000000000e+00     2.578723907470703e+00
    4.061486423015594e-01     1.000000000000000e+00     1.776325106620789e+00
    0.000000000000000e+00     0.000000000000000e+00    -3.384999036788940e-01
    0.000000000000000e+00     0.000000000000000e+00    -2.875501215457916e-01
    0.000000000000000e+00     0.000000000000000e+00     4.795233309268951e-01
    1.000000000000000e+00     7.755272984504700e-01    -2.422492265701294e+00
    0.000000000000000e+00     0.000000000000000e+00     2.455050706863403e+00
    1.000000000000000e+00     7.815080881118774e-01    -1.748414337635040e-01
    9.947015643119812e-01     1.000000000000000e+00    -8.805806040763855e-01
    1.232411246746778e-02     1.000000000000000e+00     5.164600610733032e-01
    0.000000000000000e+00     0.000000000000000e+00     2.271132946014404e+00
    1.000000000000000e+00     5.705303549766541e-01    -1.696249365806580e+00
    0.000000000000000e+00     0.000000000000000e+00    -1.878561496734619e+00
    9.980188608169556e-01     1.000000000000000e+00    -1.392513036727905e+00
    0.000000000000000e+00     0.000000000000000e+00     1.284417510032654e+00
    0.000000000000000e+00     0.000000000000000e+00    -9.874884486198425e-01
    0.000000000000000e+00     0.000000000000000e+00     9.475091099739075e-02
    0.000000000000000e+00     0.000000000000000e+00     1.069157004356384e+00
    0.000000000000000e+00     0.000000000000000e+00    -1.072874516248703e-01
    4.827565252780914e-01     1.000000000000000e+00    -6.187315583229065e-01
    0.000000000000000e+00     0.000000000000000e+00     5.864008888602257e-02
    0.000000000000000e+00     0.000000000000000e+00     9.165073037147522e-01
    0.000000000000000e+00     0.000000000000000e+00     7.742636799812317e-01
    8.161713480949402e-01     1.000000000000000e+00     2.343704223632812e+00
    0.000000000000000e+00     0.000000000000000e+00     9.878156781196594e-01
    0.000000000000000e+00     0.000000000000000e+00    -5.596930980682373e-01
    1.368800699710846e-01     1.000000000000000e+00    -1.549529194831848e+00
    6.066792607307434e-01     1.000000000000000e+00     1.345033198595047e-01
    1.000000000000000e+00     7.533632516860962e-01     5.644748359918594e-02
    2.436736077070236e-01     1.000000000000000e+00    -3.824986815452576e-01
    0.000000000000000e+00     0.000000000000000e+00     5.482496619224548e-01
    0.000000000000000e+00     0.000000000000000e+00    -5.907815098762512e-01
    0.000000000000000e+00     0.000000000000000e+00    -9.710525870323181e-01
    3.863741755485535e-01     1.000000000000000e+00    -8.574439883232117e-01
    0.000000000000000e+00     0.000000000000000e+00     4.791151285171509e-01
    0.000000000000000e+00     0.000000000000000e+00    -2.025678157806396e+00
    5.395777821540833e-01     1.000000000000000e+00    -2.580337285995483e+00
    1.000000000000000e+00     4.021230340003967e-01    -1.195689201354980e+00
    0.000000000000000e+00     0.000000000000000e+00    -6.873207688331604e-01
    0.000000000000000e+00     0.000000000000000e+00     1.580814599990845e+00
    1.000000000000000e+00     5.774629712104797e-01    -1.329374909400940e+00
    1.000000000000000e+00     6.005147099494934e-01     1.786798238754272e+00
    1.000000000000000e+00     5.079897642135620e-01    -7.198530435562134e-01
    1.000000000000000e+00     9.412146806716919e-01     9.359375387430191e-02
    1.367485523223877e-01     1.000000000000000e+00    -5.419126749038696e-01
    0.000000000000000e+00     0.000000000000000e+00     7.778491973876953e-01
    1.809590905904770e-01     1.000000000000000e+00     5.004659667611122e-02
    0.000000000000000e+00     0.000000000000000e+00    -1.274772047996521e+00
    0.000000000000000e+00     0.000000000000000e+00     1.424934267997742e+00
    0.000000000000000e+00     0.000000000000000e+00    -5.277510881423950e-01
    0.000000000000000e+00     0.000000000000000e+00     1.302265167236328e+00
    0.000000000000000e+00     0.000000000000000e+00     5.429991707205772e-02
    0.000000000000000e+00     0.000000000000000e+00    -8.225653767585754e-01
    1.000000000000000e+00     7.030684947967529e-01     1.335716396570206e-01
    1.000000000000000e+00     6.397280097007751e-01    -1.896933093667030e-02
    0.000000000000000e+00     0.000000000000000e+00    -4.394348859786987e-01
    1.000000000000000e+00     5.106272697448730e-01     1.485351562500000e+00
    0.000000000000000e+00     0.000000000000000e+00    -2.371426582336426e+00
    0.000000000000000e+00     0.000000000000000e+00     7.038670778274536e-01
    0.000000000000000e+00     0.000000000000000e+00     1.063032388687134e+00
    0.000000000000000e+00     0.000000000000000e+00     7.051666826009750e-02
    0.000000000000000e+00     0.000000000000000e+00     6.520274281501770e-01
    1.000000000000000e+00     9.399958848953247e-01     1.222804188728333e+00
    0.000000000000000e+00     0.000000000000000e+00     2.014685630798340e+00
    6.873329877853394e-01     1.000000000000000e+00    -2.231806755065918e+00
    4.950289428234100e-01     1.000000000000000e+00    -8.042290806770325e-01
    0.000000000000000e+00     0.000000000000000e+00    -6.631980538368225e-01
    0.000000000000000e+00     0.000000000000000e+00     1.035070419311523e+00
    0.000000000000000e+00     0.000000000000000e+00     4.369203373789787e-02
    2.667199820280075e-02     1.000000000000000e+00     8.504002690315247e-01
    1.000000000000000e+00     5.623132586479187e-01     3.818389475345612e-01
    6.131945252418518e-01     1.000000000000000e+00    -7.874661684036255e-01
    0.000000000000000e+00     0.000000000000000e+00     1.317850589752197e+00
    0.000000000000000e+00     0.000000000000000e+00    -7.942788004875183e-01
    5.353890061378479e-01     1.000000000000000e+00    -1.320541184395552e-02
    1.054547131061554e-01     1.000000000000000e+00     7.028478980064392e-01
    1.000000000000000e+00     9.544938206672668e-01    -2.387475013732910e+00
    0.000000000000000e+00     0.000000000000000e+00    -4.591265320777893e-01
    3.484679758548737e-01     1.000000000000000e+00    -5.412796735763550e-01
    0.000000000000000e+00     0.000000000000000e+00    -2.114714145660400e+00
    0.000000000000000e+00     0.000000000000000e+00    -1.759764105081558e-01
    5.106185078620911e-01     1.000000000000000e+00    -5.910395979881287e-01
    0.000000000000000e+00     0.000000000000000e+00    -2.678835093975067e-01
    0.000000000000000e+00     0.000000000000000e+00     5.361006781458855e-02
    5.543708801269531e-01     1.000000000000000e+00     9.628587216138840e-02
    1.000000000000000e+00     5.513654351234436e-01    -1.276994109153748e+00
    2.131801843643188e-01     1.000000000000000e+00    -4.655643701553345e-01
    1.149711981415749e-01     1.000000000000000e+00    -6.937633156776428e-01
    0.000000000000000e+00     0.000000000000000e+00    -1.698701262474060e+00
    0.000000000000000e+00     0.000000000000000e+00    -9.147633314132690e-01
    0.000000000000000e+00     0.000000000000000e+00     6.758688688278198e-01
    7.510043382644653e-01     1.000000000000000e+00    -4.849797785282135e-01
    1.000000000000000e+00     5.964493751525879e-01    -2.109704971313477e+00
    0.000000000000000e+00     0.000000000000000e+00     1.028474330902100e+00
    0.000000000000000e+00     0.000000000000000e+00    -6.398094296455383e-01
    1.000000000000000e+00     6.986217498779297e-01    -2.356246300041676e-02
    2.402341961860657e-01     1.000000000000000e+00    -8.571904301643372e-01
    0.000000000000000e+00     0.000000000000000e+00     1.075221538543701e+00
    5.156665444374084e-01     1.000000000000000e+00    -1.607921481132507e+00
    0.000000000000000e+00     0.000000000000000e+00    -5.587838888168335e-01
    0.000000000000000e+00     0.000000000000000e+00     4.966802895069122e-01
    3.898532092571259e-01     1.000000000000000e+00    -6.974957883358002e-02
    0.000000000000000e+00     0.000000000000000e+00     1.998867988586426e+00
    0.000000000000000e+00     0.000000000000000e+00     8.175029158592224e-01
    5.194058418273926e-01     1.000000000000000e+00     3.808048665523529e-01
    7.251616716384888e-01     1.000000000000000e+00    -1.345246791839600e+00
    1.000000000000000e+00     6.708285808563232e-01    -5.728399753570557e-01
    0.000000000000000e+00     0.000000000000000e+00    -1.513122767210007e-01
    1.000000000000000e+00     3.501935899257660e-01    -5.203183889389038e-01
    4.439581632614136e-01     1.000000000000000e+00     1.169690489768982e+00
    0.000000000000000e+00     0.000000000000000e+00    -1.152850091457367e-01
    7.158279418945312e-01     1.000000000000000e+00    -5.099941045045853e-03
    0.000000000000000e+00     0.000000000000000e+00     5.011171102523804e-01
    1.000000000000000e+00     8.711749315261841e-01     4.204440712928772e-01
    1.000000000000000e+00     4.885304272174835e-01     3.585006594657898e-01
    9.361425638198853e-01     1.000000000000000e+00     5.480920076370239e-01
    5.059796571731567e-01     1.000000000000000e+00     1.368041038513184e+00
    1.000000000000000e+00     7.012965083122253e-01    -1.940784573554993e+00
    0.000000000000000e+00     0.000000000000000e+00     8.023141622543335e-01
    1.000000000000000e+00     8.377704620361328e-01     1.146804332733154e+00
    0.000000000000000e+00     0.000000000000000e+00    -4.847692251205444e-01
    9.688963890075684e-01     1.000000000000000e+00     1.208374500274658e+00
    0.000000000000000e+00     0.000000000000000e+00     7.292395830154419e-01
    0.000000000000000e+00     0.000000000000000e+00     2.151383638381958e+00
    1.052787005901337e-01     1.000000000000000e+00     1.502446889877319e+00
    1.000000000000000e+00     5.399229526519775e-01     8.128041625022888e-01
    0.000000000000000e+00     0.000000000000000e+00    -1.011427521705627e+00
    0.000000000000000e+00     0.000000000000000e+00     1.130564659833908e-01
    0.000000000000000e+00     0.000000000000000e+00    -2.196933984756470e+00
    0.000000000000000e+00     0.000000000000000e+00     7.720337063074112e-02
    8.960233330726624e-01     1.000000000000000e+00    -1.354310154914856e+00
    0.000000000000000e+00     0.000000000000000e+00    -7.549474388360977e-02
    1.000000000000000e+00     5.099889039993286e-01     1.938915848731995e+00
    0.000000000000000e+00     0.000000000000000e+00    -7.611171007156372e-01
    0.000000000000000e+00     0.000000000000000e+00    -8.616126179695129e-01
    1.000000000000000e+00     5.141453742980957e-01     3.938878476619720e-01
    0.000000000000000e+00     0.000000000000000e+00    -6.112984567880630e-02
    0.000000000000000e+00     0.000000000000000e+00     3.732501268386841e-01
    4.659117460250854e-01     1.000000000000000e+00    -8.412623405456543e-01
    0.000000000000000e+00     0.000000000000000e+00     4.969349801540375e-01
    0.000000000000000e+00     0.000000000000000e+00     4.433111250400543e-01
    0.000000000000000e+00     0.000000000000000e+00    -1.393784046173096e+00
    3.241625614464283e-03     1.000000000000000e+00    -5.045889616012573e-01
    0.000000000000000e+00     0.000000000000000e+00     2.854552268981934e+00
    0.000000000000000e+00     0.000000000000000e+00    -1.034182548522949e+00
    0.000000000000000e+00     0.000000000000000e+00    -1.809529215097427e-01
    0.000000000000000e+00     0.000000000000000e+00    -4.354675114154816e-01
    1.000000000000000e+00     5.798486471176147e-01     1.457748562097549e-01
    6.682061553001404e-01     1.000000000000000e+00     2.985829710960388e-01
    0.000000000000000e+00     0.000000000000000e+00    -1.998619794845581e+00
    1.437117755413055e-01     1.000000000000000e+00    -8.738763928413391e-01
    0.000000000000000e+00     0.000000000000000e+00    -6.813430786132812e-01
    0.000000000000000e+00     0.000000000000000e+00    -2.181092798709869e-01
    0.000000000000000e+00     0.000000000000000e+00    -2.535111427307129e+00
    0.000000000000000e+00     0.000000000000000e+00     4.929817914962769e-01
    1.000000000000000e+00     4.300184845924377e-01     1.371018409729004e+00
    1.000000000000000e+00     8.461251258850098e-01    -1.112184643745422e+00
    9.187133908271790e-01     1.000000000000000e+00     2.266052663326263e-01
    0.000000000000000e+00     0.000000000000000e+00     6.376562714576721e-01
    0.000000000000000e+00     0.000000000000000e+00     8.811810016632080e-01
    0.000000000000000e+00     0.000000000000000e+00    -2.312453508377075e+00
    0.000000000000000e+00     0.000000000000000e+00    -1.208893537521362e+00
    1.000000000000000e+00     3.953475356101990e-01     5.455809831619263e-01
    0.000000000000000e+00     0.000000000000000e+00     1.801841557025909e-01
    9.954323172569275e-01     1.000000000000000e+00     6.110314726829529e-01
    0.000000000000000e+00     0.000000000000000e+00    -3.585089445114136e-01
    3.387294411659241e-01     1.000000000000000e+00     1.787231564521790e+00
    0.000000000000000e+00     0.000000000000000e+00     2.878715097904205e-01
    1.000000000000000e+00     9.045950770378113e-01     2.181404829025269e+00
    0.000000000000000e+00     0.000000000000000e+00     1.720277816057205e-01
    5.794920325279236e-01     1.000000000000000e+00     2.000786542892456e+00
    1.000000000000000e+00     7.408095002174377e-01     5.225989222526550e-01
    0.000000000000000e+00     0.000000000000000e+00     1.837896823883057e+00
    0.000000000000000e+00     0.000000000000000e+00    -4.576729238033295e-02
    1.000000000000000e+00     9.342426657676697e-01    -6.966425180435181e-01
    0.000000000000000e+00     0.000000000000000e+00     2.493927776813507e-01
    6.437970399856567e-01     1.000000000000000e+00    -7.230238616466522e-02
    2.438235580921173e-01     1.000000000000000e+00     5.812800526618958e-01
    1.000000000000000e+00     6.888816952705383e-01     1.817268848419189e+00
    1.000000000000000e+00     5.519242882728577e-01     1.823128342628479e+00
    0.000000000000000e+00     0.000000000000000e+00     2.080498635768890e-01
    9.034582972526550e-01     1.000000000000000e+00     8.801703453063965e-01
    0.000000000000000e+00     0.000000000000000e+00     8.894407749176025e-01
    1.213776841759682e-01     1.000000000000000e+00    -1.909102201461792e+00
    2.861864268779755e-01     1.000000000000000e+00     1.559714913368225e+00
    0.000000000000000e+00     0.000000000000000e+00    -1.678842067718506e+00
    2.961184084415436e-01     1.000000000000000e+00    -3.745222389698029e-01
    7.542487978935242e-01     1.000000000000000e+00    -5.545035004615784e-01
    0.000000000000000e+00     0.000000000000000e+00    -8.826008439064026e-01
    0.000000000000000e+00     0.000000000000000e+00    -1.777349829673767e+00
    4.160778522491455e-01     1.000000000000000e+00    -9.733497500419617e-01
    0.000000000000000e+00     0.000000000000000e+00     1.597269415855408e+00
    0.000000000000000e+00     0.000000000000000e+00    -1.129141077399254e-01
    1.000000000000000e+00     8.177175521850586e-01    -1.734013319015503e+00
    0.000000000000000e+00     0.000000000000000e+00     2.127444505691528e+00
    0.000000000000000e+00     0.000000000000000e+00    -1.881287455558777e+00
    1.000000000000000e+00     6.338644623756409e-01    -3.541112840175629e-01
    0.000000000000000e+00     0.000000000000000e+00     2.799527943134308e-01
    1.367633044719696e-01     1.000000000000000e+00    -5.350528359413147e-01
    2.826007902622223e-01     1.000000000000000e+00    -1.122351169586182e+00
    9.851234406232834e-02     1.000000000000000e+00    -4.400621354579926e-01
    8.705934882164001e-01     1.000000000000000e+00     3.602007925510406e-01
    0.000000000000000e+00     0.000000000000000e+00     5.911490321159363e-01
    0.000000000000000e+00     0.000000000000000e+00     6.825771927833557e-01
    0.000000000000000e+00     0.000000000000000e+00    -3.841225206851959e-01
    1.000000000000000e+00     7.308222055435181e-01     9.797239899635315e-01
    0.000000000000000e+00     0.000000000000000e+00     1.886736154556274e-01
    1.000000000000000e+00     4.472995698451996e-01     1.462371051311493e-01
    0.000000000000000e+00     0.000000000000000e+00    -6.847676038742065e-01
    7.743631005287170e-01     1.000000000000000e+00     1.149713993072510e+00
    9.133326411247253e-01     1.000000000000000e+00     3.244162499904633e-01
    1.422005984932184e-02     1.000000000000000e+00    -4.207095801830292e-01
    0.000000000000000e+00     0.000000000000000e+00    -1.243533730506897e+00
    0.000000000000000e+00     0.000000000000000e+00     2.076231479644775e+00
    0.000000000000000e+00     0.000000000000000e+00     1.844379186630249e+00
    1.000000000000000e+00     8.251750469207764e-01    -6.649412512779236e-01
    0.000000000000000e+00     0.000000000000000e+00    -3.688519299030304e-01
    0.000000000000000e+00     0.000000000000000e+00    -2.444447949528694e-02
    0.000000000000000e+00     0.000000000000000e+00    -1.724346637725830e+00
    0.000000000000000e+00     0.000000000000000e+00    -1.255745172500610e+00
    1.000000000000000e+00     8.063067793846130e-01     1.026712432503700e-01
    1.000000000000000e+00     7.700636982917786e-01     1.304016470909119e+00
    1.000000000000000e+00     9.524879455566406e-01    -1.640861511230469e+00
    0.000000000000000e+00     0.000000000000000e+00     1.269526839256287e+00
    0.000000000000000e+00     0.000000000000000e+00     9.637878090143204e-02
    1.000000000000000e+00     6.288186311721802e-01     2.184035301208496e+00
    1.642417535185814e-02     1.000000000000000e+00     6.440274119377136e-01
    0.000000000000000e+00     0.000000000000000e+00     1.359652519226074e+00
    0.000000000000000e+00     0.000000000000000e+00     8.417063355445862e-01
    0.000000000000000e+00     0.000000000000000e+00     6.290407776832581e-01
    3.757871687412262e-01     1.000000000000000e+00     9.179556369781494e-01
    1.000000000000000e+00     4.960485696792603e-01     4.940790832042694e-01
    0.000000000000000e+00     0.000000000000000e+00    -8.140991330146790e-01
    1.000000000000000e+00     5.607940554618835e-01    -1.728215336799622e+00
    1.000000000000000e+00     8.558610081672668e-01     7.122785598039627e-02
    1.000000000000000e+00     6.002020239830017e-01    -6.767276525497437e-01
    0.000000000000000e+00     0.000000000000000e+00    -2.197727411985397e-01
    1.000000000000000e+00     4.835890233516693e-01    -7.837129384279251e-02
    7.130349278450012e-01     1.000000000000000e+00     9.106650948524475e-01
    0.000000000000000e+00     0.000000000000000e+00    -3.713223934173584e-01
    1.526151970028877e-02     1.000000000000000e+00    -1.742253422737122e+00
    0.000000000000000e+00     0.000000000000000e+00    -4.885947108268738e-01
    0.000000000000000e+00     0.000000000000000e+00    -1.931658387184143e+00
    1.000000000000000e+00     6.241288781166077e-01    -6.715211272239685e-01
    0.000000000000000e+00     0.000000000000000e+00    -1.853066563606262e+00
    3.965235650539398e-01     1.000000000000000e+00     4.067669212818146e-01
    0.000000000000000e+00     0.000000000000000e+00    -5.608442425727844e-01
    2.115478515625000e-01     1.000000000000000e+00    -1.939717084169388e-01
    1.000000000000000e+00     9.284766316413879e-01     3.305301666259766e-01
    0.000000000000000e+00     0.000000000000000e+00    -1.521244287490845e+00
    1.000000000000000e+00     5.622854828834534e-01    -1.592881202697754e+00
    6.893601734191179e-03     1.000000000000000e+00    -2.360698282718658e-01
    0.000000000000000e+00     0.000000000000000e+00    -3.553182482719421e-01
    0.000000000000000e+00     0.000000000000000e+00    -1.003247022628784e+00
    6.442592144012451e-01     1.000000000000000e+00     2.319697380065918e+00
    0.000000000000000e+00     0.000000000000000e+00    -2.243715286254883e+00
    0.000000000000000e+00     0.000000000000000e+00    -1.642461419105530e+00
    0.000000000000000e+00     0.000000000000000e+00     3.118274807929993e-01
    9.111216068267822e-01     1.000000000000000e+00    -4.513373374938965e-01
    0.000000000000000e+00     0.000000000000000e+00     3.910156432539225e-03
    0.000000000000000e+00     0.000000000000000e+00    -2.724798619747162e-01
    1.000000000000000e+00     8.549907803535461e-01    -1.310349702835083e+00
    1.000000000000000e+00     4.499388039112091e-01     4.188625216484070e-01
    0.000000000000000e+00     0.000000000000000e+00    -1.990814805030823e-01
    9.178776741027832e-01     1.000000000000000e+00    -1.280496716499329e+00
    0.000000000000000e+00     0.000000000000000e+00    -1.508214354515076e+00
    8.698844313621521e-01     1.000000000000000e+00     3.611455559730530e-01
    6.417567133903503e-01     1.000000000000000e+00    -1.206562876701355e+00
    0.000000000000000e+00     0.000000000000000e+00     1.609179377555847e-01
    1.720336228609085e-01     1.000000000000000e+00    -1.513152599334717e+00
    0.000000000000000e+00     0.000000000000000e+00    -9.538221359252930e-01
    4.320051148533821e-02     1.000000000000000e+00    -4.264238178730011e-01
    2.222647517919540e-01     1.000000000000000e+00     2.951642572879791e-01
    0.000000000000000e+00     0.000000000000000e+00    -1.452472060918808e-01
    8.724778890609741e-02     1.000000000000000e+00    -1.790627241134644e-01
    0.000000000000000e+00     0.000000000000000e+00     9.192495346069336e-01
    7.451918125152588e-01     1.000000000000000e+00     4.314466416835785e-01
    4.396576583385468e-01     1.000000000000000e+00     3.135138656944036e-03
    6.475325673818588e-02     1.000000000000000e+00    -1.610665440559387e+00
    1.000000000000000e+00     4.788732230663300e-01    -3.242788314819336e-01
    0.000000000000000e+00     0.000000000000000e+00     3.465374708175659e-01
    6.166555285453796e-01     1.000000000000000e+00    -4.416331350803375e-01
    0.000000000000000e+00     0.000000000000000e+00    -8.753781914710999e-01
    1.000000000000000e+00     7.496747374534607e-01    -2.622328102588654e-01
    1.000000000000000e+00     7.975801229476929e-01     9.901385307312012e-01
    0.000000000000000e+00     0.000000000000000e+00    -4.289065897464752e-01
    0.000000000000000e+00     0.000000000000000e+00    -2.369927018880844e-01
    0.000000000000000e+00     0.000000000000000e+00     1.104794144630432e+00
    6.253652572631836e-01     1.000000000000000e+00    -1.005455493927002e+00
    2.551923319697380e-02     1.000000000000000e+00    -2.353924512863159e-01
    0.000000000000000e+00     0.000000000000000e+00     5.409893393516541e-01
    1.000000000000000e+00     5.757111907005310e-01    -1.002690076828003e+00
    0.000000000000000e+00     0.000000000000000e+00     8.268356919288635e-01
    0.000000000000000e+00     0.000000000000000e+00    -1.129919767379761e+00
    0.000000000000000e+00     0.000000000000000e+00     4.875138103961945e-01
    5.250162482261658e-01     1.000000000000000e+00    -9.640186429023743e-01
    4.284444451332092e-01     1.000000000000000e+00     1.862885832786560e+00
    2.328541427850723e-01     1.000000000000000e+00    -1.396483778953552e-01
    0.000000000000000e+00     0.000000000000000e+00     2.209158658981323e+00
    0.000000000000000e+00     0.000000000000000e+00     1.278611570596695e-01
    1.447386741638184e-01     1.000000000000000e+00     9.889729619026184e-01
    0.000000000000000e+00     0.000000000000000e+00     9.888916611671448e-01
    1.000000000000000e+00     8.619379997253418e-01    -7.254757285118103e-01
    0.000000000000000e+00     0.000000000000000e+00     7.013216018676758e-01
    1.000000000000000e+00     7.493866682052612e-01    -4.907364547252655e-01
    1.887784749269485e-01     1.000000000000000e+00    -1.269134640693665e+00
    7.812762856483459e-01     1.000000000000000e+00     8.452589809894562e-02
    0.000000000000000e+00     0.000000000000000e+00     1.276956796646118e+00
    3.115012049674988e-01     1.000000000000000e+00     5.918363332748413e-01
    4.670534133911133e-01     1.000000000000000e+00    -4.803955256938934e-01
    0.000000000000000e+00     0.000000000000000e+00     5.968827009201050e-01
    0.000000000000000e+00     0.000000000000000e+00    -1.450833916664124e+00
    8.572953939437866e-01     1.000000000000000e+00    -4.844588637351990e-01
    3.773418664932251e-01     1.000000000000000e+00    -1.404807567596436e+00
    1.000000000000000e+00     5.273272395133972e-01     1.976706743240356e+00
    0.000000000000000e+00     0.000000000000000e+00    -1.243896365165710e+00
    2.580191493034363e-01     1.000000000000000e+00    -5.589433908462524e-01
    8.397802710533142e-01     1.000000000000000e+00     2.027457356452942e-01
    0.000000000000000e+00     0.000000000000000e+00    -2.007856607437134e+00
    1.000000000000000e+00     7.455818057060242e-01    -1.141303777694702e+00
    7.314068078994751e-01     1.000000000000000e+00    -6.746829748153687e-01
    0.000000000000000e+00     0.000000000000000e+00    -8.641816973686218e-01
    0.000000000000000e+00     0.000000000000000e+00     1.873607188463211e-01
    0.000000000000000e+00     0.000000000000000e+00    -7.047738879919052e-02
    1.000000000000000e+00     8.129942417144775e-01    -3.480688035488129e-01
    1.000000000000000e+00     8.893873691558838e-01    -2.528360784053802e-01
    4.503237009048462e-01     1.000000000000000e+00    -6.416093111038208e-01
    0.000000000000000e+00     0.000000000000000e+00    -6.522259116172791e-01
    0.000000000000000e+00     0.000000000000000e+00    -5.264447927474976e-01
    1.000000000000000e+00     6.077291965484619e-01    -1.780569553375244e+00
    0.000000000000000e+00     0.000000000000000e+00     3.003947436809540e-01
    0.000000000000000e+00     0.000000000000000e+00    -2.954294085502625e-01
    0.000000000000000e+00     0.000000000000000e+00     1.173756718635559e+00
    7.503855507820845e-03     1.000000000000000e+00     1.423973441123962e+00
    0.000000000000000e+00     0.000000000000000e+00     2.182716131210327e-01
    1.000000000000000e+00     7.593423128128052e-01    -2.707422077655792e-01
    2.611138820648193e-01     1.000000000000000e+00     9.643112123012543e-02
    1.000000000000000e+00     4.117678999900818e-01     1.600274682044983e+00
    0.000000000000000e+00     0.000000000000000e+00    -1.055078506469727e+00
    1.000000000000000e+00     9.401170611381531e-01     8.253009319305420e-01
    1.000000000000000e+00     7.096968293190002e-01     3.959433361887932e-02
    0.000000000000000e+00     0.000000000000000e+00     1.239862084388733e+00
    4.365601763129234e-02     1.000000000000000e+00     1.273137927055359e+00
    0.000000000000000e+00     0.000000000000000e+00    -7.916548252105713e-01
    0.000000000000000e+00     0.000000000000000e+00    -1.282087087631226e+00
    1.172499135136604e-01     1.000000000000000e+00     6.631872057914734e-01
    0.000000000000000e+00     0.000000000000000e+00    -1.865393280982971e+00
    1.000000000000000e+00     8.692380785942078e-01     4.533882439136505e-01
    4.290228188037872e-01     1.000000000000000e+00     1.288516640663147e+00
    0.000000000000000e+00     0.000000000000000e+00     6.418724656105042e-01
    7.472088336944580e-01     1.000000000000000e+00    -8.438165485858917e-02
    3.824310600757599e-01     1.000000000000000e+00    -2.428960800170898e+00
    0.000000000000000e+00     0.000000000000000e+00     1.556523442268372e+00
    0.000000000000000e+00     0.000000000000000e+00     4.308459814637899e-03
    5.089790225028992e-01     1.000000000000000e+00     8.279174566268921e-01
    0.000000000000000e+00     0.000000000000000e+00    -3.900615274906158e-01
    1.952531635761261e-01     1.000000000000000e+00    -7.900229096412659e-02
    4.587176144123077e-01     1.000000000000000e+00     5.038426518440247e-01
    0.000000000000000e+00     0.000000000000000e+00     2.066114902496338e+00
    6.420198082923889e-01     1.000000000000000e+00    -2.642889976501465e+00
    5.657905340194702e-01     1.000000000000000e+00     1.565637439489365e-01
    0.000000000000000e+00     0.000000000000000e+00     2.395832300186157e+00
    1.101655066013336e-01     1.000000000000000e+00     2.314682483673096e+00
    0.000000000000000e+00     0.000000000000000e+00    -7.937287092208862e-01
    0.000000000000000e+00     0.000000000000000e+00    -2.306921221315861e-02
    0.000000000000000e+00     0.000000000000000e+00    -8.361017704010010e-02
    4.358375966548920e-01     1.000000000000000e+00    -6.379326581954956e-01
    4.227317869663239e-02     1.000000000000000e+00     3.296960145235062e-02
    2.866192758083344e-01     1.000000000000000e+00    -2.512353181838989e+00
    0.000000000000000e+00     0.000000000000000e+00    -2.886772453784943e-01
    1.000000000000000e+00     5.868558287620544e-01     1.260257005691528e+00
    0.000000000000000e+00     0.000000000000000e+00     1.499002814292908e+00
    1.000000000000000e+00     4.459902942180634e-01     1.213524118065834e-01
    4.649047255516052e-01     1.000000000000000e+00     9.165081977844238e-01
    0.000000000000000e+00     0.000000000000000e+00    -1.156612992286682e+00
    1.000000000000000e+00     9.057626128196716e-01     5.068281888961792e-01
    0.000000000000000e+00     0.000000000000000e+00     7.253259420394897e-01
    0.000000000000000e+00     0.000000000000000e+00     2.008536100387573e+00
    1.000000000000000e+00     5.286625623703003e-01     4.654075205326080e-01
    1.000000000000000e+00     5.550818443298340e-01    -1.963723063468933e+00
    0.000000000000000e+00     0.000000000000000e+00     9.481437504291534e-02
    0.000000000000000e+00     0.000000000000000e+00     1.877728462219238e+00
    0.000000000000000e+00     0.000000000000000e+00    -3.839531242847443e-01
    0.000000000000000e+00     0.000000000000000e+00     8.624548316001892e-01
    0.000000000000000e+00     0.000000000000000e+00    -1.166301846504211e+00
    0.000000000000000e+00     0.000000000000000e+00     9.877283573150635e-01
    0.000000000000000e+00     0.000000000000000e+00    -1.162734150886536e+00
    0.000000000000000e+00     0.000000000000000e+00     8.669921755790710e-01
    1.000000000000000e+00     7.141500711441040e-01    -1.162986040115356e+00
    2.519919872283936e-01     1.000000000000000e+00     1.052418470382690e+00
    8.576456904411316e-01     1.000000000000000e+00    -2.195572555065155e-01
    1.000000000000000e+00     7.846331000328064e-01     1.332978606224060e+00
    1.000000000000000e+00     4.305008053779602e-01    -4.356032907962799e-01
    1.000000000000000e+00     7.610442042350769e-01     7.281795144081116e-01
    0.000000000000000e+00     0.000000000000000e+00    -1.344883203506470e+00
    3.815508186817169e-01     1.000000000000000e+00    -7.817578911781311e-01
    1.000000000000000e+00     9.295578598976135e-01    -1.107194781303406e+00
    1.000000000000000e+00     7.656689286231995e-01     4.450196623802185e-01
    0.000000000000000e+00     0.000000000000000e+00     1.460442185401917e+00
    1.000000000000000e+00     5.484673976898193e-01     1.174673199653625e+00
    0.000000000000000e+00     0.000000000000000e+00     1.180325984954834e+00
    0.000000000000000e+00     0.000000000000000e+00     7.604192495346069e-01
    0.000000000000000e+00     0.000000000000000e+00    -3.511090874671936e-01
    6.527945995330811e-01     1.000000000000000e+00     2.282058477401733e+00
    0.000000000000000e+00     0.000000000000000e+00     1.568244397640228e-01
    2.936985194683075e-01     1.000000000000000e+00    -3.036442697048187e-01
    1.000000000000000e+00     5.834960341453552e-01    -2.086892127990723e+00
    1.721093952655792e-01     1.000000000000000e+00     1.726910710334778e+00
    0.000000000000000e+00     0.000000000000000e+00    -3.164342045783997e-01
    1.000000000000000e+00     3.383545875549316e-01    -1.758171319961548e-01
    0.000000000000000e+00     0.000000000000000e+00     5.673677921295166e-01
    8.696098327636719e-01     1.000000000000000e+00    -1.137259125709534e+00
    0.000000000000000e+00     0.000000000000000e+00    -8.213135004043579e-01
    1.853086054325104e-01     1.000000000000000e+00    -1.435467302799225e-01
    8.770768642425537e-01     1.000000000000000e+00    -1.463533878326416e+00
    5.855471491813660e-01     1.000000000000000e+00    -4.254381656646729e-01
    2.744400799274445e-01     1.000000000000000e+00    -1.595335125923157e+00
    1.000000000000000e+00     3.786288499832153e-01    -1.179242134094238e+00
    1.000000000000000e+00     9.636567831039429e-01     1.200192570686340e+00
    0.000000000000000e+00     0.000000000000000e+00     7.928675413131714e-01
    4.647929072380066e-01     1.000000000000000e+00     1.450869321823120e+00
    0.000000000000000e+00     0.000000000000000e+00     7.676049470901489e-01
    0.000000000000000e+00     0.000000000000000e+00    -1.143879145383835e-01
    1.921453475952148e-01     1.000000000000000e+00    -8.082724809646606e-01
    0.000000000000000e+00     0.000000000000000e+00     5.672268271446228e-01
    3.141129016876221e-01     1.000000000000000e+00    -6.763043403625488e-01
    6.191645860671997e-01     1.000000000000000e+00     7.237458229064941e-01
    0.000000000000000e+00     0.000000000000000e+00    -1.063146352767944e+00
    3.077704608440399e-01     1.000000000000000e+00     6.713169813156128e-01
    4.180649518966675e-01     1.000000000000000e+00     1.915950775146484e-01
    0.000000000000000e+00     0.000000000000000e+00    -1.241948366165161e+00
    1.000000000000000e+00     4.936703741550446e-01    -1.437072515487671e+00
    0.000000000000000e+00     0.000000000000000e+00     2.120407819747925e+00
    0.000000000000000e+00     0.000000000000000e+00     3.277362287044525e-01
    9.439285844564438e-02     1.000000000000000e+00    -4.543342888355255e-01
    1.000000000000000e+00     3.881467878818512e-01    -1.080705523490906e+00
    4.706541001796722e-01     1.000000000000000e+00     2.643580436706543e-01
    4.336630403995514e-01     1.000000000000000e+00    -4.177983701229095e-01
    1.000000000000000e+00     7.766491770744324e-01     1.436067372560501e-01
    0.000000000000000e+00     0.000000000000000e+00    -6.000973656773567e-02
    6.643142700195312e-01     1.000000000000000e+00    -2.377647906541824e-01
    0.000000000000000e+00     0.000000000000000e+00     1.233571529388428e+00
    4.482174217700958e-01     1.000000000000000e+00     6.570098996162415e-01
    0.000000000000000e+00     0.000000000000000e+00    -1.104238033294678e+00
    0.000000000000000e+00     0.000000000000000e+00     1.926686882972717e+00
    1.595212221145630e-01     1.000000000000000e+00    -1.634568721055984e-01
    0.000000000000000e+00     0.000000000000000e+00    -3.414734899997711e-01
    1.000000000000000e+00     4.107995331287384e-01    -1.055392384529114e+00
    9.465215802192688e-01     1.000000000000000e+00    -5.831186771392822e-01
    0.000000000000000e+00     0.000000000000000e+00    -1.155921965837479e-01
    9.517796635627747e-01     1.000000000000000e+00     5.164322853088379e-01
    1.552865207195282e-01     1.000000000000000e+00    -1.432639956474304e-01
    1.488673985004425e-01     1.000000000000000e+00    -7.315648198127747e-01
    4.609299004077911e-01     1.000000000000000e+00     1.997768580913544e-01
    0.000000000000000e+00     0.000000000000000e+00    -2.792917490005493e-01
    9.112415909767151e-01     1.000000000000000e+00     7.465078830718994e-01
    0.000000000000000e+00     0.000000000000000e+00    -1.318880081176758e+00
    0.000000000000000e+00     0.000000000000000e+00    -1.218521475791931e+00
    1.000000000000000e+00     6.250490546226501e-01    -3.970770239830017e-01
    0.000000000000000e+00     0.000000000000000e+00    -9.117982536554337e-02
    9.026460647583008e-01     1.000000000000000e+00     3.333884179592133e-01
    4.847243130207062e-01     1.000000000000000e+00     1.784668326377869e+00
    0.000000000000000e+00     0.000000000000000e+00     2.615375518798828e-01
    0.000000000000000e+00     0.000000000000000e+00    -1.523918032646179e+00
    0.000000000000000e+00     0.000000000000000e+00    -5.953859686851501e-01
    0.000000000000000e+00     0.000000000000000e+00    -1.525273084640503e+00
    0.000000000000000e+00     0.000000000000000e+00     2.972701787948608e-01
    8.613430261611938e-01     1.000000000000000e+00     2.482174634933472e+00
    0.000000000000000e+00     0.000000000000000e+00     7.510063052177429e-01
    0.000000000000000e+00     0.000000000000000e+00    -7.522399723529816e-02
    7.821186631917953e-02     1.000000000000000e+00    -1.628574132919312e+00
    0.000000000000000e+00     0.000000000000000e+00     3.960296511650085e-01
    4.614421129226685e-01     1.000000000000000e+00    -1.283012866973877e+00
    0.000000000000000e+00     0.000000000000000e+00     1.273135423660278e+00
    0.000000000000000e+00     0.000000000000000e+00    -2.168016910552979e+00
    0.000000000000000e+00     0.000000000000000e+00    -1.637571454048157e+00
    1.000000000000000e+00     6.005349159240723e-01     9.090480804443359e-01
    0.000000000000000e+00     0.000000000000000e+00     7.614624500274658e-01
    1.000000000000000e+00     8.556086421012878e-01     1.298957228660583e+00
    1.000000000000000e+00     6.514711976051331e-01     1.832030296325684e+00
    1.771981716156006e-01     1.000000000000000e+00    -5.078873038291931e-01
    0.000000000000000e+00     0.000000000000000e+00     4.095003008842468e-01
    1.000000000000000e+00     4.739433228969574e-01     1.189741343259811e-01
    6.358644962310791e-01     1.000000000000000e+00    -1.027946829795837e+00
    0.000000000000000e+00     0.000000000000000e+00     4.950943887233734e-01
    0.000000000000000e+00     0.000000000000000e+00     1.019167661666870e+00
    1.000000000000000e+00     7.805740237236023e-01    -2.135987132787704e-01
    0.000000000000000e+00     0.000000000000000e+00    -1.565035700798035e+00
    1.000000000000000e+00     6.063373684883118e-01    -5.984044075012207e-01
    0.000000000000000e+00     0.000000000000000e+00     6.804512739181519e-01
    0.000000000000000e+00     0.000000000000000e+00     6.729997992515564e-01
    7.423690557479858e-01     1.000000000000000e+00    -1.563678979873657e+00
    0.000000000000000e+00     0.000000000000000e+00     9.593065977096558e-01
    0.000000000000000e+00     0.000000000000000e+00     3.518368303775787e-01
    1.000000000000000e+00     8.529978990554810e-01     1.029202818870544e+00
    0.000000000000000e+00     0.000000000000000e+00     6.429664492607117e-01
    6.087290644645691e-01     1.000000000000000e+00    -2.334222793579102e+00
    0.000000000000000e+00     0.000000000000000e+00     9.959210157394409e-01
    1.443233788013458e-01     1.000000000000000e+00    -1.082556128501892e+00
    0.000000000000000e+00     0.000000000000000e+00    -7.114400267601013e-01
    2.140449434518814e-01     1.000000000000000e+00    -1.453925967216492e-01
    1.000000000000000e+00     6.402183175086975e-01     9.080362915992737e-01
    6.895733475685120e-01     1.000000000000000e+00    -7.795032262802124e-01
    0.000000000000000e+00     0.000000000000000e+00     3.133232593536377e-01
    0.000000000000000e+00     0.000000000000000e+00     5.275273323059082e-01
    6.279177665710449e-01     1.000000000000000e+00    -1.788069605827332e+00
    8.639580011367798e-02     1.000000000000000e+00     1.584786415100098e+00
    1.076744645833969e-01     1.000000000000000e+00    -2.686601161956787e+00
    0.000000000000000e+00     0.000000000000000e+00    -1.542394518852234e+00
    0.000000000000000e+00     0.000000000000000e+00    -7.560858726501465e-01
    3.909709751605988e-01     1.000000000000000e+00     1.047643944621086e-01
    0.000000000000000e+00     0.000000000000000e+00    -1.880350589752197e+00
    1.000000000000000e+00     5.730929374694824e-01    -1.103987932205200e+00
    0.000000000000000e+00     0.000000000000000e+00    -2.373800992965698e+00
    9.144529700279236e-01     1.000000000000000e+00     1.359902977943420e+00
    3.131314516067505e-01     1.000000000000000e+00    -2.662733197212219e-01
    0.000000000000000e+00     0.000000000000000e+00     2.746732711791992e+00
    0.000000000000000e+00     0.000000000000000e+00     2.145958393812180e-01
    0.000000000000000e+00     0.000000000000000e+00    -1.024348020553589e+00
    0.000000000000000e+00     0.000000000000000e+00    -6.210350394248962e-01
    0.000000000000000e+00     0.000000000000000e+00     1.962824463844299e+00
    0.000000000000000e+00     0.000000000000000e+00    -8.324869871139526e-01
    6.564685702323914e-01     1.000000000000000e+00    -7.974911928176880e-01
    0.000000000000000e+00     0.000000000000000e+00    -1.366919875144958e+00
    1.000000000000000e+00     4.884783923625946e-01    -1.180559158325195e+00
    0.000000000000000e+00     0.000000000000000e+00     5.821470618247986e-01
    0.000000000000000e+00     0.000000000000000e+00    -1.829858779907227e+00
    0.000000000000000e+00     0.000000000000000e+00    -4.743538796901703e-03
    3.357259631156921e-01     1.000000000000000e+00     2.123569697141647e-02
    5.068201422691345e-01     1.000000000000000e+00     1.244541287422180e+00
    0.000000000000000e+00     0.000000000000000e+00    -8.824919462203979e-01
    1.000000000000000e+00     8.128930926322937e-01    -4.993116110563278e-02
    0.000000000000000e+00     0.000000000000000e+00     1.526597023010254e+00
    0.000000000000000e+00     0.000000000000000e+00     2.410046577453613e+00
    0.000000000000000e+00     0.000000000000000e+00     3.021707534790039e-01
    1.000000000000000e+00     4.715524017810822e-01    -8.734039068222046e-01
    0.000000000000000e+00     0.000000000000000e+00    -2.278179675340652e-01
    8.692124485969543e-01     1.000000000000000e+00    -1.014417409896851e+00
    0.000000000000000e+00     0.000000000000000e+00    -4.173005819320679e-01
    1.000000000000000e+00     8.639544248580933e-01    -1.078674554824829e+00
    1.000000000000000e+00     7.335500121116638e-01     2.020815372467041e+00
    1.000000000000000e+00     7.488288879394531e-01     1.656562447547913e+00
    1.292559802532196e-01     1.000000000000000e+00     8.584232330322266e-01
    0.000000000000000e+00     0.000000000000000e+00    -3.047948777675629e-01
    1.000000000000000e+00     6.204821467399597e-01    -6.831772327423096e-01
    0.000000000000000e+00     0.000000000000000e+00    -1.172996520996094e+00
    0.000000000000000e+00     0.000000000000000e+00     8.459705710411072e-01
    0.000000000000000e+00     0.000000000000000e+00    -2.614039182662964e-01
    6.093366742134094e-01     1.000000000000000e+00     1.294866800308228e+00
    0.000000000000000e+00     0.000000000000000e+00     6.610028743743896e-01
    0.000000000000000e+00     0.000000000000000e+00    -1.107373684644699e-01
    1.000000000000000e+00     9.530202150344849e-01    -4.663705527782440e-01
    0.000000000000000e+00     0.000000000000000e+00    -1.267363578081131e-01
    3.711918890476227e-01     1.000000000000000e+00     3.279215395450592e-01
    1.000000000000000e+00     8.921308517456055e-01    -7.009180188179016e-01
    0.000000000000000e+00     0.000000000000000e+00     2.547630548477173e+00
    1.000000000000000e+00     8.240717649459839e-01    -1.247717499732971e+00
    0.000000000000000e+00     0.000000000000000e+00    -2.090421617031097e-01
    4.664250910282135e-01     1.000000000000000e+00     9.711681008338928e-01
    1.000000000000000e+00     7.772665023803711e-01    -6.786202788352966e-01
    0.000000000000000e+00     0.000000000000000e+00    -5.306369066238403e-01
    1.197247020900249e-02     1.000000000000000e+00    -1.162320151925087e-01
    0.000000000000000e+00     0.000000000000000e+00    -6.920749545097351e-01
    1.000000000000000e+00     6.109415292739868e-01    -2.256151586771011e-01
    0.000000000000000e+00     0.000000000000000e+00    -2.163686752319336e+00
    3.002417981624603e-01     1.000000000000000e+00    -2.030302137136459e-01
    8.452708125114441e-01     1.000000000000000e+00    -7.215758413076401e-02
    0.000000000000000e+00     0.000000000000000e+00    -3.080716431140900e-01
    0.000000000000000e+00     0.000000000000000e+00     6.757672429084778e-01
    0.000000000000000e+00     0.000000000000000e+00     1.908594965934753e-01
    1.988548934459686e-01     1.000000000000000e+00    -8.700563311576843e-01
    1.441268026828766e-01     1.000000000000000e+00     8.267684578895569e-01
    0.000000000000000e+00     0.000000000000000e+00     1.075274944305420e+00
    2.766672670841217e-01     1.000000000000000e+00    -1.997265577316284e+00
    0.000000000000000e+00     0.000000000000000e+00    -1.605411767959595e+00
    0.000000000000000e+00     0.000000000000000e+00    -9.077676534652710e-01
    0.000000000000000e+00     0.000000000000000e+00    -1.554925441741943e+00
    0.000000000000000e+00     0.000000000000000e+00    -1.735186457633972e+00
    1.000000000000000e+00     9.376747608184814e-01    -2.110279798507690e-01
    7.352258563041687e-01     1.000000000000000e+00     9.963507056236267e-01
    0.000000000000000e+00     0.000000000000000e+00    -2.259855121374130e-01
    0.000000000000000e+00     0.000000000000000e+00    -2.206094264984131e-01
    2.708834111690521e-01     1.000000000000000e+00     1.695552945137024e+00
    1.000000000000000e+00     9.057806730270386e-01    -1.237102150917053e+00
    0.000000000000000e+00     0.000000000000000e+00    -3.370258808135986e-01
    0.000000000000000e+00     0.000000000000000e+00    -1.038899719715118e-01
    2.301276028156281e-01     1.000000000000000e+00    -5.691117048263550e-01
    4.175528585910797e-01     1.000000000000000e+00     2.325787842273712e-01
    0.000000000000000e+00     0.000000000000000e+00    -7.136822491884232e-02
    1.000000000000000e+00     8.107156753540039e-01    -8.496080040931702e-01
    1.333902925252914e-01     1.000000000000000e+00    -3.776406645774841e-01
    3.933551609516144e-01     1.000000000000000e+00    -4.311655461788177e-01
    0.000000000000000e+00     0.000000000000000e+00    -3.030717670917511e-01
    0.000000000000000e+00     0.000000000000000e+00    -1.257793664932251e+00
    3.978696763515472e-01     1.000000000000000e+00     3.887973129749298e-01
    1.000000000000000e+00     6.277088522911072e-01    -1.161671042442322e+00
    1.000000000000000e+00     6.108338832855225e-01    -3.453133106231689e-01
    2.738242447376251e-01     1.000000000000000e+00     4.693880379199982e-01
    0.000000000000000e+00     0.000000000000000e+00    -6.631886363029480e-01
    1.000000000000000e+00     5.932633280754089e-01    -2.801359891891479e-01
    0.000000000000000e+00     0.000000000000000e+00    -1.949711143970490e-01
    0.000000000000000e+00     0.000000000000000e+00     4.251501560211182e-01
    0.000000000000000e+00     0.000000000000000e+00     5.116472244262695e-01
    1.000000000000000e+00     5.230985283851624e-01    -1.957622170448303e+00
    7.640904784202576e-01     1.000000000000000e+00    -3.734152615070343e-01
    0.000000000000000e+00     0.000000000000000e+00     2.490658998489380e+00
    0.000000000000000e+00     0.000000000000000e+00     7.826654314994812e-01
    0.000000000000000e+00     0.000000000000000e+00    -8.804578185081482e-01
    0.000000000000000e+00     0.000000000000000e+00    -5.440038442611694e-01
    0.000000000000000e+00     0.000000000000000e+00    -1.000393107533455e-01
    0.000000000000000e+00     0.000000000000000e+00    -2.257225513458252e-01
    5.496473908424377e-01     1.000000000000000e+00     1.474726557731628e+00
    0.000000000000000e+00     0.000000000000000e+00    -1.056368708610535e+00
    0.000000000000000e+00     0.000000000000000e+00    -3.603360429406166e-02
    0.000000000000000e+00     0.000000000000000e+00     2.422443628311157e-01
    0.000000000000000e+00     0.000000000000000e+00    -1.844834566116333e+00
    0.000000000000000e+00     0.000000000000000e+00     7.557329535484314e-02
    1.000000000000000e+00     5.907529592514038e-01     3.725483119487762e-01
    1.000000000000000e+00     5.434267520904541e-01     1.821561574935913e+00
    0.000000000000000e+00     0.000000000000000e+00    -7.730269432067871e-01
    0.000000000000000e+00     0.000000000000000e+00     1.297178149223328e+00
    0.000000000000000e+00     0.000000000000000e+00    -2.993806302547455e-01
    0.000000000000000e+00     0.000000000000000e+00    -1.408110260963440e+00
    0.000000000000000e+00     0.000000000000000e+00    -1.775055974721909e-01
    0.000000000000000e+00     0.000000000000000e+00     1.777293086051941e+00
    0.000000000000000e+00     0.000000000000000e+00    -8.148288726806641e-01
    1.000000000000000e+00     6.034545302391052e-01     6.854477524757385e-01
    0.000000000000000e+00     0.000000000000000e+00     6.318215727806091e-01
    3.817121386528015e-01     1.000000000000000e+00     1.379543423652649e+00
    0.000000000000000e+00     0.000000000000000e+00    -1.564391493797302e+00
    2.230672389268875e-01     1.000000000000000e+00    -1.058756947517395e+00
    1.000000000000000e+00     9.408320188522339e-01    -1.954262405633926e-01
    0.000000000000000e+00     0.000000000000000e+00     7.871696352958679e-01
    7.945497632026672e-01     1.000000000000000e+00    -8.159393072128296e-01
    3.672260940074921e-01     1.000000000000000e+00     4.261181354522705e-01
    0.000000000000000e+00     0.000000000000000e+00     3.768234550952911e-01
    0.000000000000000e+00     0.000000000000000e+00     4.412710964679718e-01
    0.000000000000000e+00     0.000000000000000e+00     3.054648935794830e-01
    1.000000000000000e+00     5.400618910789490e-01     8.354534506797791e-01
    4.179133176803589e-01     1.000000000000000e+00    -1.899098902940750e-01
    0.000000000000000e+00     0.000000000000000e+00     1.265126347541809e+00
    0.000000000000000e+00     0.000000000000000e+00    -2.592161417007446e+00
    1.000000000000000e+00     9.961221814155579e-01    -5.711469426751137e-02
    0.000000000000000e+00     0.000000000000000e+00    -2.055668115615845e+00
    0.000000000000000e+00     0.000000000000000e+00     9.290251135826111e-01
    0.000000000000000e+00     0.000000000000000e+00    -1.078775882720947e+00
    0.000000000000000e+00     0.000000000000000e+00    -4.664475619792938e-01
    0.000000000000000e+00     0.000000000000000e+00     3.244683146476746e-01
    0.000000000000000e+00     0.000000000000000e+00    -6.257957816123962e-01
    0.000000000000000e+00     0.000000000000000e+00     1.509219527244568e+00
    0.000000000000000e+00     0.000000000000000e+00     4.833205640316010e-01
    0.000000000000000e+00     0.000000000000000e+00    -2.080783367156982e+00
    0.000000000000000e+00     0.000000000000000e+00    -4.139476716518402e-01
    0.000000000000000e+00     0.000000000000000e+00     1.088325262069702e+00
    2.692595124244690e-01     1.000000000000000e+00     1.961431503295898e+00
    0.000000000000000e+00     0.000000000000000e+00    -1.045014381408691e+00
    1.383935753256083e-02     1.000000000000000e+00    -3.871979117393494e-01
    0.000000000000000e+00     0.000000000000000e+00    -2.195330381393433e+00
    0.000000000000000e+00     0.000000000000000e+00     1.333445787429810e+00
    0.000000000000000e+00     0.000000000000000e+00     3.893312513828278e-01
    2.506876885890961e-01     1.000000000000000e+00    -1.286435127258301e+00
    0.000000000000000e+00     0.000000000000000e+00     9.980345964431763e-01
    4.775214195251465e-01     1.000000000000000e+00     1.635026574134827e+00
    7.246915102005005e-01     1.000000000000000e+00     8.511312603950500e-01
    0.000000000000000e+00     0.000000000000000e+00     1.127991676330566e+00
    2.121451199054718e-01     1.000000000000000e+00    -5.816102623939514e-01
    0.000000000000000e+00     0.000000000000000e+00     2.371596693992615e-01
    1.000000000000000e+00     6.304650902748108e-01    -1.361742496490479e+00
    1.000000000000000e+00     8.079674243927002e-01    -7.266645431518555e-01
    4.446899294853210e-01     1.000000000000000e+00    -2.100855350494385e+00
    0.000000000000000e+00     0.000000000000000e+00     1.096781849861145e+00
    0.000000000000000e+00     0.000000000000000e+00     2.138074874877930e+00
    0.000000000000000e+00     0.000000000000000e+00     1.898996084928513e-01
    0.000000000000000e+00     0.000000000000000e+00     5.489727258682251e-01
    1.000000000000000e+00     8.812621831893921e-01    -1.700709462165833e+00
    0.000000000000000e+00     0.000000000000000e+00    -2.339906394481659e-01
    0.000000000000000e+00     0.000000000000000e+00    -1.259692609310150e-01
    1.000000000000000e+00     7.131370902061462e-01    -2.633336782455444e+00
    8.134976029396057e-02     1.000000000000000e+00     4.528245627880096e-01
    1.000000000000000e+00     6.965613365173340e-01    -1.822393298149109e+00
    4.308001101016998e-01     1.000000000000000e+00    -8.025231361389160e-01
    0.000000000000000e+00     0.000000000000000e+00    -6.035687774419785e-02
    0.000000000000000e+00     0.000000000000000e+00    -1.371677756309509e+00
    1.000000000000000e+00     8.896369338035583e-01     6.320084929466248e-01
    0.000000000000000e+00     0.000000000000000e+00    -6.498643159866333e-01
    1.000000000000000e+00     5.192021727561951e-01     1.815999001264572e-01
    0.000000000000000e+00     0.000000000000000e+00    -6.865640729665756e-02
    6.028130650520325e-01     1.000000000000000e+00    -1.519317366182804e-02
    1.143907010555267e-01     1.000000000000000e+00     1.433963477611542e-01
    3.318055570125580e-01     1.000000000000000e+00     3.942741453647614e-01
    0.000000000000000e+00     0.000000000000000e+00    -1.419610142707825e+00
    0.000000000000000e+00     0.000000000000000e+00     9.542664885520935e-01
    0.000000000000000e+00     0.000000000000000e+00    -9.205557107925415e-01
    2.341149002313614e-02     1.000000000000000e+00    -2.649104893207550e-01
    8.579133450984955e-02     1.000000000000000e+00    -1.449770629405975e-01
    3.445778787136078e-02     1.000000000000000e+00     2.489540576934814e+00
    1.000000000000000e+00     8.051006793975830e-01    -9.120548367500305e-01
    0.000000000000000e+00     0.000000000000000e+00    -1.363538384437561e+00
    0.000000000000000e+00     0.000000000000000e+00    -3.149251043796539e-01
    1.000000000000000e+00     6.267020702362061e-01     1.908663988113403e+00
    0.000000000000000e+00     0.000000000000000e+00    -1.083850502967834e+00
    0.000000000000000e+00     0.000000000000000e+00    -2.701817825436592e-02
    0.000000000000000e+00     0.000000000000000e+00    -9.398564100265503e-01
    3.905697166919708e-01     1.000000000000000e+00    -1.068866252899170e+00
    1.000000000000000e+00     6.665965318679810e-01     5.656934976577759e-01
    0.000000000000000e+00     0.000000000000000e+00    -7.206621766090393e-01
    1.000000000000000e+00     6.038867831230164e-01    -1.790623307228088e+00
    1.000000000000000e+00     4.511833786964417e-01    -1.281133174896240e+00
    6.471966505050659e-01     1.000000000000000e+00    -1.933779478073120e+00
    0.000000000000000e+00     0.000000000000000e+00    -1.308335542678833e+00
    1.000000000000000e+00     7.966274619102478e-01     2.356151103973389e+00
    0.000000000000000e+00     0.000000000000000e+00     4.449301362037659e-01
    0.000000000000000e+00     0.000000000000000e+00    -5.602967143058777e-01
    0.000000000000000e+00     0.000000000000000e+00     7.942403554916382e-01
    0.000000000000000e+00     0.000000000000000e+00    -1.820954442024231e+00
    0.000000000000000e+00     0.000000000000000e+00    -1.518211722373962e+00
    0.000000000000000e+00     0.000000000000000e+00    -2.919513583183289e-01
    1.000000000000000e+00     6.297892928123474e-01    -9.311963915824890e-01
    0.000000000000000e+00     0.000000000000000e+00    -4.083251953125000e-01
    2.236886881291866e-02     1.000000000000000e+00     2.503426373004913e-01
    0.000000000000000e+00     0.000000000000000e+00     2.761127948760986e-01
    0.000000000000000e+00     0.000000000000000e+00     2.234432458877563e+00
    2.552176117897034e-01     1.000000000000000e+00     3.025523722171783e-01
    0.000000000000000e+00     0.000000000000000e+00     2.428945302963257e-01
    0.000000000000000e+00     0.000000000000000e+00    -1.947900176048279e+00
    0.000000000000000e+00     0.000000000000000e+00     2.053946256637573e+00
    0.000000000000000e+00     0.000000000000000e+00     7.114872932434082e-01
    0.000000000000000e+00     0.000000000000000e+00    -1.472920831292868e-02
    6.555380225181580e-01     1.000000000000000e+00     3.882825076580048e-01
    6.942478418350220e-01     1.000000000000000e+00     2.994493544101715e-01
    0.000000000000000e+00     0.000000000000000e+00    -3.526416420936584e-01
    0.000000000000000e+00     0.000000000000000e+00    -1.220237731933594e+00
    1.000000000000000e+00     7.756537795066833e-01    -2.781349122524261e-01
    1.000000000000000e+00     7.786785960197449e-01    -3.763011991977692e-01
    2.991647720336914e-01     1.000000000000000e+00    -1.412592887878418e+00
    0.000000000000000e+00     0.000000000000000e+00    -5.913060903549194e-01
    8.134253025054932e-01     1.000000000000000e+00     7.514781951904297e-01
    1.000000000000000e+00     6.956175565719604e-01    -1.721262454986572e+00
    0.000000000000000e+00     0.000000000000000e+00    -4.883612096309662e-01
    1.000000000000000e+00     9.945907592773438e-01    -4.565198719501495e-01
    8.827129602432251e-01     1.000000000000000e+00     4.936987459659576e-01
    1.098944693803787e-01     1.000000000000000e+00     9.774045646190643e-02
    1.907076984643936e-01     1.000000000000000e+00     9.140586853027344e-02
    0.000000000000000e+00     0.000000000000000e+00    -1.349372565746307e-01
    1.000000000000000e+00     9.229448437690735e-01     2.249031782150269e+00
    1.000000000000000e+00     7.105085849761963e-01     1.433926224708557e-01
    0.000000000000000e+00     0.000000000000000e+00    -1.380710124969482e+00
    0.000000000000000e+00     0.000000000000000e+00     6.223500370979309e-01
    0.000000000000000e+00     0.000000000000000e+00    -4.006186500191689e-02
    0.000000000000000e+00     0.000000000000000e+00     1.727094650268555e+00
    1.115946322679520e-01     1.000000000000000e+00     8.497866392135620e-01
    1.000000000000000e+00     6.014369726181030e-01    -9.866008758544922e-01
    1.244432330131531e-01     1.000000000000000e+00    -1.326205492019653e+00
    0.000000000000000e+00     0.000000000000000e+00     1.639059662818909e+00
    6.511646509170532e-01     1.000000000000000e+00     9.079789370298386e-02
    7.492503523826599e-01     1.000000000000000e+00     2.469145208597183e-01
    8.281502872705460e-02     1.000000000000000e+00    -7.441737055778503e-01
    9.102939963340759e-01     1.000000000000000e+00     9.161645770072937e-01
    3.420088589191437e-01     1.000000000000000e+00    -1.518789976835251e-01
    0.000000000000000e+00     0.000000000000000e+00     5.523581057786942e-02
    1.000000000000000e+00     7.734729647636414e-01     1.595180630683899e+00
    3.138136267662048e-01     1.000000000000000e+00     2.253285795450211e-01
    0.000000000000000e+00     0.000000000000000e+00    -1.656246036291122e-01
    0.000000000000000e+00     0.000000000000000e+00    -2.635444879531860e+00
    5.974928736686707e-01     1.000000000000000e+00    -1.285571813583374e+00
    0.000000000000000e+00     0.000000000000000e+00     7.877026200294495e-01
    5.020518302917480e-01     1.000000000000000e+00    -2.295319586992264e-01
    1.000000000000000e+00     5.094888210296631e-01     9.487895369529724e-01
    0.000000000000000e+00     0.000000000000000e+00    -1.965138196945190e+00
    0.000000000000000e+00     0.000000000000000e+00     1.636004567146301e+00
    1.000000000000000e+00     4.942045807838440e-01     2.507394254207611e-01
    1.000000000000000e+00     5.398567914962769e-01     9.306209087371826e-01
    0.000000000000000e+00     0.000000000000000e+00     1.472787022590637e+00
    1.000000000000000e+00     4.777441918849945e-01    -6.193124651908875e-01
    0.000000000000000e+00     0.000000000000000e+00     1.657716512680054e+00
    0.000000000000000e+00     0.000000000000000e+00    -1.699010491371155e+00
    0.000000000000000e+00     0.000000000000000e+00     1.270518779754639e+00
    2.069680392742157e-01     1.000000000000000e+00    -5.458633303642273e-01
    0.000000000000000e+00     0.000000000000000e+00    -1.993236690759659e-02
    1.324718073010445e-02     1.000000000000000e+00     1.790262937545776e+00
    0.000000000000000e+00     0.000000000000000e+00     8.017928004264832e-01
    0.000000000000000e+00     0.000000000000000e+00    -3.334899544715881e-01
    1.000000000000000e+00     6.824607253074646e-01     3.052230179309845e-01
    0.000000000000000e+00     0.000000000000000e+00     1.730413883924484e-01
    1.000000000000000e+00     7.431967854499817e-01     1.803002357482910e-01
    1.000000000000000e+00     6.881788969039917e-01    -3.648719787597656e-01
    0.000000000000000e+00     0.000000000000000e+00    -1.612858295440674e+00
    0.000000000000000e+00     0.000000000000000e+00     1.750448369421065e-03
    6.164194941520691e-01     1.000000000000000e+00    -1.684969067573547e+00
    1.000000000000000e+00     6.641358733177185e-01     1.655054688453674e+00
    7.238179445266724e-01     1.000000000000000e+00    -2.373702764511108e+00
    0.000000000000000e+00     0.000000000000000e+00     5.091493129730225e-01
    6.099101901054382e-02     1.000000000000000e+00    -1.401971578598022e+00
    8.362702727317810e-01     1.000000000000000e+00    -7.900091409683228e-01
    4.733786284923553e-01     1.000000000000000e+00    -1.039913654327393e+00
    4.037171304225922e-01     1.000000000000000e+00    -4.395262300968170e-01
    1.000000000000000e+00     6.222124695777893e-01     7.281621694564819e-01
    0.000000000000000e+00     0.000000000000000e+00    -1.008494496345520e+00
    0.000000000000000e+00     0.000000000000000e+00     1.462612986564636e+00
    8.054051995277405e-01     1.000000000000000e+00     3.766797184944153e-01
    5.319129228591919e-01     1.000000000000000e+00     3.735450506210327e-01
    0.000000000000000e+00     0.000000000000000e+00     1.444701790809631e+00
    3.603875041007996e-01     1.000000000000000e+00    -4.037430509924889e-02
    0.000000000000000e+00     0.000000000000000e+00     3.333913162350655e-02
    0.000000000000000e+00     0.000000000000000e+00    -3.683790564537048e-01
    0.000000000000000e+00     0.000000000000000e+00     3.573651611804962e-01
    2.064787149429321e-01     1.000000000000000e+00     5.880733728408813e-01
    0.000000000000000e+00     0.000000000000000e+00    -1.104079842567444e+00
    1.078451648354530e-01     1.000000000000000e+00    -1.125200510025024e+00
    7.260293364524841e-01     1.000000000000000e+00     2.497461438179016e-01
    0.000000000000000e+00     0.000000000000000e+00    -7.299323081970215e-01
    2.702825069427490e-01     1.000000000000000e+00     2.261705845594406e-01
    4.397360682487488e-01     1.000000000000000e+00     1.790018796920776e+00
    9.512272477149963e-02     1.000000000000000e+00     7.783159017562866e-01
    8.268815279006958e-01     1.000000000000000e+00     4.642452299594879e-02
    0.000000000000000e+00     0.000000000000000e+00     7.347729802131653e-01
    0.000000000000000e+00     0.000000000000000e+00    -1.389002442359924e+00
    1.000000000000000e+00     5.433619618415833e-01    -1.458140850067139e+00
    7.219855189323425e-01     1.000000000000000e+00    -8.554993867874146e-01
    0.000000000000000e+00     0.000000000000000e+00    -3.660710752010345e-01
    2.446459531784058e-01     1.000000000000000e+00     3.588873445987701e-01
    0.000000000000000e+00     0.000000000000000e+00    -2.242904663085938e+00
    0.000000000000000e+00     0.000000000000000e+00    -1.580237150192261e+00
    0.000000000000000e+00     0.000000000000000e+00    -3.719877004623413e-01
    0.000000000000000e+00     0.000000000000000e+00    -7.123942971229553e-01
    0.000000000000000e+00     0.000000000000000e+00    -1.171323418617249e+00
    3.384982049465179e-01     1.000000000000000e+00    -5.015302896499634e-01
    0.000000000000000e+00     0.000000000000000e+00    -1.258535504341125e+00
    0.000000000000000e+00     0.000000000000000e+00     1.505778908729553e+00
    0.000000000000000e+00     0.000000000000000e+00     1.064944624900818e+00
    8.087099194526672e-01     1.000000000000000e+00    -8.024336695671082e-01
    0.000000000000000e+00     0.000000000000000e+00    -5.628615617752075e-01
    4.318107664585114e-02     1.000000000000000e+00     4.262607693672180e-01
    0.000000000000000e+00     0.000000000000000e+00    -4.266917109489441e-01
    0.000000000000000e+00     0.000000000000000e+00     1.553100347518921e+00
    0.000000000000000e+00     0.000000000000000e+00     1.786620616912842e+00
    9.603762030601501e-01     1.000000000000000e+00     1.498599648475647e-01
    0.000000000000000e+00     0.000000000000000e+00     1.206867843866348e-01
    0.000000000000000e+00     0.000000000000000e+00     1.091367244720459e+00
    0.000000000000000e+00     0.000000000000000e+00     1.859433770179749e+00
    0.000000000000000e+00     0.000000000000000e+00    -1.798789024353027e+00
    0.000000000000000e+00     0.000000000000000e+00     2.743258774280548e-01
    1.000000000000000e+00     8.647552132606506e-01    -1.413013696670532e+00
    5.448322892189026e-01     1.000000000000000e+00     1.336269736289978e+00
    1.121807098388672e-01     1.000000000000000e+00    -4.988489151000977e-01
    0.000000000000000e+00     0.000000000000000e+00     1.321328163146973e+00
    0.000000000000000e+00     0.000000000000000e+00    -1.782878994941711e+00
    1.000000000000000e+00     6.528429388999939e-01     6.060262322425842e-01
    9.659276157617569e-02     1.000000000000000e+00     6.143423169851303e-02
    1.514406949281693e-01     1.000000000000000e+00    -3.079530894756317e-01
    0.000000000000000e+00     0.000000000000000e+00     1.290292263031006e+00
    2.922410368919373e-01     1.000000000000000e+00     1.164517402648926e+00
    0.000000000000000e+00     0.000000000000000e+00     5.689740777015686e-01
    0.000000000000000e+00     0.000000000000000e+00     9.441379904747009e-01
    2.610327899456024e-01     1.000000000000000e+00    -3.533376157283783e-01
    1.904642395675182e-02     1.000000000000000e+00    -4.940106570720673e-01
    0.000000000000000e+00     0.000000000000000e+00     1.056208014488220e+00
    0.000000000000000e+00     0.000000000000000e+00    -5.388339161872864e-01
    8.211302161216736e-01     1.000000000000000e+00     1.458862274885178e-01
    0.000000000000000e+00     0.000000000000000e+00     1.340578913688660e+00
    0.000000000000000e+00     0.000000000000000e+00    -1.151786208152771e+00
    1.000000000000000e+00     5.129570960998535e-01     1.698761582374573e+00
    6.014525294303894e-01     1.000000000000000e+00    -1.083209872245789e+00
    0.000000000000000e+00     0.000000000000000e+00     6.288177967071533e-01
    1.000000000000000e+00     5.697190761566162e-01     1.004882305860519e-01
    9.490072131156921e-01     1.000000000000000e+00    -1.203761994838715e-01
    1.000000000000000e+00     7.719153165817261e-01    -3.380447626113892e-01
    0.000000000000000e+00     0.000000000000000e+00    -2.142325878143311e+00
    0.000000000000000e+00     0.000000000000000e+00     7.535724639892578e-01
    7.416121959686279e-01     1.000000000000000e+00    -1.121179580688477e+00
    0.000000000000000e+00     0.000000000000000e+00    -4.537085890769958e-01
    1.927015036344528e-01     1.000000000000000e+00    -2.950993478298187e-01
    0.000000000000000e+00     0.000000000000000e+00    -7.216399312019348e-01
    1.000000000000000e+00     5.469678044319153e-01     9.306893348693848e-01
    0.000000000000000e+00     0.000000000000000e+00    -2.691774606704712e+00
    9.881929755210876e-01     1.000000000000000e+00    -3.240214288234711e-01
    0.000000000000000e+00     0.000000000000000e+00    -6.948688626289368e-01
    1.000000000000000e+00     7.281256914138794e-01     5.957481265068054e-01
    1.000000000000000e+00     7.590977549552917e-01    -3.614615648984909e-02
    0.000000000000000e+00     0.000000000000000e+00    -3.678248822689056e-01
    1.000000000000000e+00     9.378807544708252e-01    -1.789447426795959e+00
    8.238427042961121e-01     1.000000000000000e+00     6.724937353283167e-03
    4.503530561923981e-01     1.000000000000000e+00     1.127969384193420e+00
    0.000000000000000e+00     0.000000000000000e+00    -1.664763450622559e+00
    3.551163971424103e-01     1.000000000000000e+00     4.480637311935425e-01
    0.000000000000000e+00     0.000000000000000e+00    -3.818350732326508e-01
    4.200296700000763e-01     1.000000000000000e+00     3.221628069877625e-01
    0.000000000000000e+00     0.000000000000000e+00    -1.420573443174362e-01
    6.858353018760681e-01     1.000000000000000e+00    -5.418007969856262e-01
    0.000000000000000e+00     0.000000000000000e+00    -7.062241435050964e-01
    0.000000000000000e+00     0.000000000000000e+00    -1.990015208721161e-01
    0.000000000000000e+00     0.000000000000000e+00     1.152535676956177e+00
    0.000000000000000e+00     0.000000000000000e+00     2.477935282513499e-03
    0.000000000000000e+00     0.000000000000000e+00     1.142130017280579e+00
    0.000000000000000e+00     0.000000000000000e+00     1.785166501998901e+00
    0.000000000000000e+00     0.000000000000000e+00     1.269921541213989e+00
    0.000000000000000e+00     0.000000000000000e+00    -1.198509573936462e+00
    4.416756629943848e-01     1.000000000000000e+00     4.584257900714874e-01
    7.028613686561584e-01     1.000000000000000e+00     9.675515443086624e-02
    0.000000000000000e+00     0.000000000000000e+00    -9.684807062149048e-01
    5.722674131393433e-01     1.000000000000000e+00    -5.748426914215088e-02
    0.000000000000000e+00     0.000000000000000e+00    -1.254396080970764e+00
    0.000000000000000e+00     0.000000000000000e+00     1.268290758132935e+00
    0.000000000000000e+00     0.000000000000000e+00    -1.691179752349854e+00
    3.625829517841339e-01     1.000000000000000e+00     4.511255025863647e-01
    0.000000000000000e+00     0.000000000000000e+00     8.621797561645508e-01
    0.000000000000000e+00     0.000000000000000e+00    -6.251863837242126e-01
    0.000000000000000e+00     0.000000000000000e+00     6.326513290405273e-01
    1.000000000000000e+00     7.179504632949829e-01     3.132029771804810e-01
    0.000000000000000e+00     0.000000000000000e+00    -3.477629721164703e-01
    1.000000000000000e+00     3.636558353900909e-01     3.356896638870239e-01
    0.000000000000000e+00     0.000000000000000e+00    -4.428970515727997e-01
    5.351378917694092e-01     1.000000000000000e+00     4.048387110233307e-01
    1.000000000000000e+00     5.005936026573181e-01     8.496370315551758e-01
    0.000000000000000e+00     0.000000000000000e+00    -1.614143548067659e-04
    0.000000000000000e+00     0.000000000000000e+00    -1.113287806510925e+00
    4.579931199550629e-01     1.000000000000000e+00    -2.415673494338989e+00
    7.948126196861267e-01     1.000000000000000e+00     6.433351635932922e-01
    7.515736818313599e-01     1.000000000000000e+00     1.372474551200867e+00
    1.430532634258270e-01     1.000000000000000e+00     2.910945713520050e-01
    1.000000000000000e+00     5.359168052673340e-01    -1.351296544075012e+00
    1.003214865922928e-01     1.000000000000000e+00    -5.977752208709717e-01
    0.000000000000000e+00     0.000000000000000e+00    -3.160627186298370e-01
    6.986110806465149e-01     1.000000000000000e+00    -2.989854216575623e-01
    3.090322911739349e-01     1.000000000000000e+00     4.593457579612732e-01
    1.000000000000000e+00     9.386988282203674e-01     1.150902748107910e+00
    2.858900725841522e-01     1.000000000000000e+00    -2.312234163284302e+00
    0.000000000000000e+00     0.000000000000000e+00    -2.620700597763062e-01
    0.000000000000000e+00     0.000000000000000e+00     4.206022620201111e-01
    1.583989523351192e-02     1.000000000000000e+00    -2.330479383468628e+00
    6.595361828804016e-01     1.000000000000000e+00     1.306952685117722e-01
    0.000000000000000e+00     0.000000000000000e+00     1.231434583663940e+00
    3.536294400691986e-01     1.000000000000000e+00    -2.706661820411682e-02
    1.000000000000000e+00     6.762164235115051e-01    -1.581975102424622e+00
    0.000000000000000e+00     0.000000000000000e+00    -5.100280046463013e-01
    5.623823404312134e-01     1.000000000000000e+00    -1.069197654724121e+00
    1.000000000000000e+00     9.912061095237732e-01    -1.871412545442581e-01
    0.000000000000000e+00     0.000000000000000e+00     2.128651440143585e-01
    0.000000000000000e+00     0.000000000000000e+00     4.710819423198700e-01
    0.000000000000000e+00     0.000000000000000e+00    -1.976321190595627e-01
    1.000000000000000e+00     5.599626898765564e-01    -5.866034030914307e-01
    0.000000000000000e+00     0.000000000000000e+00     1.497619390487671e+00
    1.000000000000000e+00     7.109455466270447e-01     1.071381926536560e+00
    2.946340143680573e-01     1.000000000000000e+00    -9.263515472412109e-01
    8.333846926689148e-02     1.000000000000000e+00     9.789892286062241e-02
    0.000000000000000e+00     0.000000000000000e+00    -1.387954115867615e+00
    1.000000000000000e+00     9.827466011047363e-01     1.387761831283569e+00
    4.655548036098480e-01     1.000000000000000e+00     1.192938685417175e+00
    0.000000000000000e+00     0.000000000000000e+00     7.273999452590942e-01
    0.000000000000000e+00     0.000000000000000e+00    -1.388508319854736e+00
    4.177903532981873e-01     1.000000000000000e+00    -3.607563674449921e-01
    0.000000000000000e+00     0.000000000000000e+00    -2.925052866339684e-02
    1.000000000000000e+00     5.839377641677856e-01    -1.481373906135559e+00
    0.000000000000000e+00     0.000000000000000e+00     1.054998517036438e+00
    0.000000000000000e+00     0.000000000000000e+00    -8.050180673599243e-01
    0.000000000000000e+00     0.000000000000000e+00     2.469767183065414e-01
    0.000000000000000e+00     0.000000000000000e+00     9.815518260002136e-01
    1.000000000000000e+00     3.710999786853790e-01     7.244238164275885e-03
    0.000000000000000e+00     0.000000000000000e+00    -2.864839434623718e-01
    0.000000000000000e+00     0.000000000000000e+00     9.736579060554504e-01
    0.000000000000000e+00     0.000000000000000e+00    -1.941391944885254e+00
    0.000000000000000e+00     0.000000000000000e+00    -1.194918990135193e+00
    1.000000000000000e+00     8.617213368415833e-01    -1.309423685073853e+00
    7.957812547683716e-01     1.000000000000000e+00    -8.331249356269836e-01
    0.000000000000000e+00     0.000000000000000e+00     1.217373833060265e-01
    0.000000000000000e+00     0.000000000000000e+00    -1.398014307022095e+00
    6.069456934928894e-01     1.000000000000000e+00     7.696102261543274e-01
    0.000000000000000e+00     0.000000000000000e+00    -6.588476300239563e-01
    0.000000000000000e+00     0.000000000000000e+00    -8.158422112464905e-01
    1.000000000000000e+00     6.242630481719971e-01    -5.834261178970337e-01
    2.417174130678177e-01     1.000000000000000e+00    -2.191984415054321e+00
    0.000000000000000e+00     0.000000000000000e+00    -1.562569618225098e+00
    1.000000000000000e+00     8.454552888870239e-01    -1.868814826011658e+00
    1.000000000000000e+00     5.517948865890503e-01     6.964307427406311e-01
    5.366631746292114e-01     1.000000000000000e+00    -8.008843660354614e-01
    0.000000000000000e+00     0.000000000000000e+00     1.193264007568359e+00
    1.000000000000000e+00     7.476901412010193e-01     1.361305356025696e+00
    0.000000000000000e+00     0.000000000000000e+00    -7.723063826560974e-01
    1.000000000000000e+00     5.380991101264954e-01     1.302053689956665e+00
    1.000000000000000e+00     5.563859939575195e-01    -2.479809671640396e-01
    2.936901450157166e-01     1.000000000000000e+00     8.186056017875671e-01
    5.334977507591248e-01     1.000000000000000e+00     5.985686779022217e-01
    0.000000000000000e+00     0.000000000000000e+00     4.193867743015289e-01
    6.265465617179871e-01     1.000000000000000e+00    -4.500914812088013e-01
    0.000000000000000e+00     0.000000000000000e+00     1.492244154214859e-01
    8.212516456842422e-02     1.000000000000000e+00     5.077577829360962e-01
    4.929092526435852e-02     1.000000000000000e+00    -2.814364910125732e+00
    0.000000000000000e+00     0.000000000000000e+00    -6.142285466194153e-01
    0.000000000000000e+00     0.000000000000000e+00    -1.468505144119263e+00
    1.000000000000000e+00     5.859146714210510e-01    -1.058201551437378e+00
    1.573471724987030e-01     1.000000000000000e+00    -8.255244493484497e-01
    1.000000000000000e+00     5.236521959304810e-01    -7.446988821029663e-01
    1.000000000000000e+00     5.030286908149719e-01     2.185392528772354e-01
    0.000000000000000e+00     0.000000000000000e+00     1.618603110313416e+00
    8.340695500373840e-01     1.000000000000000e+00     1.231685996055603e+00
    1.000000000000000e+00     4.614123106002808e-01     3.019420802593231e-01
    0.000000000000000e+00     0.000000000000000e+00    -8.552545309066772e-01
    1.000000000000000e+00     5.171037316322327e-01    -8.144832849502563e-01
    5.697476863861084e-01     1.000000000000000e+00    -6.355029940605164e-01
    6.390348076820374e-01     1.000000000000000e+00     2.984842658042908e-01
    3.236589431762695e-01     1.000000000000000e+00     5.714650750160217e-01
    4.700142145156860e-01     1.000000000000000e+00    -3.805068731307983e-01
    0.000000000000000e+00     0.000000000000000e+00     7.253258675336838e-02
    0.000000000000000e+00     0.000000000000000e+00    -1.135931968688965e+00
    6.483627557754517e-01     1.000000000000000e+00     4.714672565460205e-01
    1.000000000000000e+00     9.951317310333252e-01    -2.370948314666748e+00
    0.000000000000000e+00     0.000000000000000e+00     8.593733310699463e-01
    0.000000000000000e+00     0.000000000000000e+00     2.786738634109497e+00
    0.000000000000000e+00     0.000000000000000e+00    -8.595594763755798e-02
    1.000000000000000e+00     5.754179358482361e-01     6.516111642122269e-02
    6.088482141494751e-01     1.000000000000000e+00     1.548942625522614e-01
    8.097568526864052e-03     1.000000000000000e+00    -1.723351627588272e-01
    7.536531090736389e-01     1.000000000000000e+00    -8.239182084798813e-02
    8.576039075851440e-01     1.000000000000000e+00    -2.331325054168701e+00
    1.000000000000000e+00     5.461878776550293e-01    -8.272547125816345e-01
    1.000000000000000e+00     8.748839497566223e-01     1.213530451059341e-02
    1.000000000000000e+00     5.558983683586121e-01    -1.185103654861450e+00
    1.000000000000000e+00     6.184394359588623e-01     7.893549799919128e-01
    1.023916229605675e-01     1.000000000000000e+00    -1.432616114616394e-01
    0.000000000000000e+00     0.000000000000000e+00     2.772507965564728e-01
    1.949046999216080e-01     1.000000000000000e+00    -4.267929494380951e-01
    1.000000000000000e+00     6.898686289787292e-01     1.244668006896973e+00
    0.000000000000000e+00     0.000000000000000e+00     2.424235105514526e+00
    0.000000000000000e+00     0.000000000000000e+00    -7.622971385717392e-02
    1.000000000000000e+00     4.692633450031281e-01    -4.809317886829376e-01
    1.823503822088242e-01     1.000000000000000e+00    -2.422693520784378e-01
    0.000000000000000e+00     0.000000000000000e+00    -1.361503839492798e+00
    1.925567090511322e-01     1.000000000000000e+00    -4.953839480876923e-01
    0.000000000000000e+00     0.000000000000000e+00     1.032814383506775e+00
    1.000000000000000e+00     4.823904037475586e-01     8.556091785430908e-02
    0.000000000000000e+00     0.000000000000000e+00     8.458354473114014e-01
    1.000000000000000e+00     8.731999397277832e-01     2.540141105651855e+00
    1.000000000000000e+00     6.428493857383728e-01     3.922381103038788e-01
    3.484556674957275e-01     1.000000000000000e+00     1.626165628433228e+00
    0.000000000000000e+00     0.000000000000000e+00    -9.561908841133118e-01
    0.000000000000000e+00     0.000000000000000e+00     3.046720474958420e-02
    0.000000000000000e+00     0.000000000000000e+00     2.385228872299194e+00
    9.535391926765442e-01     1.000000000000000e+00     2.328005731105804e-01
    0.000000000000000e+00     0.000000000000000e+00     1.945940017700195e+00
    0.000000000000000e+00     0.000000000000000e+00    -1.095537424087524e+00
    0.000000000000000e+00     0.000000000000000e+00    -5.212514996528625e-01
    0.000000000000000e+00     0.000000000000000e+00     1.639839291572571e+00
    0.000000000000000e+00     0.000000000000000e+00     1.806216239929199e+00
    1.000000000000000e+00     9.386110305786133e-01    -9.387156367301941e-01
    0.000000000000000e+00     0.000000000000000e+00     1.281088709831238e+00
    2.299604751169682e-02     1.000000000000000e+00    -3.148460984230042e-01
    3.742562830448151e-01     1.000000000000000e+00     7.391713857650757e-01
    0.000000000000000e+00     0.000000000000000e+00    -7.898963093757629e-01
    4.856630265712738e-01     1.000000000000000e+00     1.684858083724976e+00
    1.000000000000000e+00     4.021400213241577e-01    -1.890811622142792e-01
    4.777508676052094e-01     1.000000000000000e+00     1.118061184883118e+00
    0.000000000000000e+00     0.000000000000000e+00    -7.234473228454590e-01
    1.000000000000000e+00     4.735795855522156e-01    -4.688674509525299e-01
    0.000000000000000e+00     0.000000000000000e+00     1.999399781227112e+00
    6.954932212829590e-01     1.000000000000000e+00    -1.377344489097595e+00
    0.000000000000000e+00     0.000000000000000e+00    -1.861142992973328e+00
    0.000000000000000e+00     0.000000000000000e+00     1.083754539489746e+00
    1.000000000000000e+00     5.771813392639160e-01    -7.794893980026245e-01
    1.000000000000000e+00     7.404534816741943e-01     7.296783328056335e-01
    0.000000000000000e+00     0.000000000000000e+00    -4.215512871742249e-01
    0.000000000000000e+00     0.000000000000000e+00     3.928146362304688e-01
    0.000000000000000e+00     0.000000000000000e+00    -2.399297356605530e-01
    0.000000000000000e+00     0.000000000000000e+00     4.174788296222687e-01
    1.000000000000000e+00     6.842899322509766e-01     8.360123634338379e-01
    0.000000000000000e+00     0.000000000000000e+00    -8.872339129447937e-01
    5.475358963012695e-01     1.000000000000000e+00    -9.349018335342407e-01
    4.591549336910248e-01     1.000000000000000e+00     9.263897538185120e-01
    1.000000000000000e+00     9.242910742759705e-01     3.161938190460205e-01
    0.000000000000000e+00     0.000000000000000e+00    -8.238719105720520e-01
    0.000000000000000e+00     0.000000000000000e+00     6.818945407867432e-01
    3.043844103813171e-01     1.000000000000000e+00     5.159598588943481e-01
    0.000000000000000e+00     0.000000000000000e+00    -3.205765187740326e-01
    0.000000000000000e+00     0.000000000000000e+00     1.384368985891342e-01
    0.000000000000000e+00     0.000000000000000e+00    -2.289448082447052e-01
    9.735878109931946e-01     1.000000000000000e+00     8.021915555000305e-01
    1.000000000000000e+00     6.696004271507263e-01     2.185847997665405e+00
    0.000000000000000e+00     0.000000000000000e+00    -2.562137246131897e-01
    8.198344111442566e-01     1.000000000000000e+00    -2.158180922269821e-01
    0.000000000000000e+00     0.000000000000000e+00    -6.406394839286804e-01
    3.505326509475708e-01     1.000000000000000e+00     2.609008073806763e+00
    7.347792387008667e-01     1.000000000000000e+00     9.255052804946899e-01
    0.000000000000000e+00     0.000000000000000e+00     1.627309083938599e+00
    0.000000000000000e+00     0.000000000000000e+00     8.912247419357300e-01
    0.000000000000000e+00     0.000000000000000e+00    -5.417476892471313e-01
    0.000000000000000e+00     0.000000000000000e+00    -5.063342452049255e-01
    1.000000000000000e+00     6.213770508766174e-01     2.021172195672989e-01
    0.000000000000000e+00     0.000000000000000e+00    -1.822789788246155e+00
    0.000000000000000e+00     0.000000000000000e+00     1.549145698547363e+00
    0.000000000000000e+00     0.000000000000000e+00     1.017861664295197e-01
    8.119359612464905e-01     1.000000000000000e+00     5.994893908500671e-01
    4.897695183753967e-01     1.000000000000000e+00    -4.168083667755127e-01
    0.000000000000000e+00     0.000000000000000e+00    -2.818536162376404e-01
    0.000000000000000e+00     0.000000000000000e+00     1.495318531990051e+00
    0.000000000000000e+00     0.000000000000000e+00     3.353861570358276e-01
    4.685702919960022e-01     1.000000000000000e+00    -8.343279361724854e-01
    1.000000000000000e+00     7.940664291381836e-01    -2.121953815221786e-01
    5.614243149757385e-01     1.000000000000000e+00     2.695804119110107e+00
    0.000000000000000e+00     0.000000000000000e+00    -4.949006140232086e-01
    9.223938584327698e-01     1.000000000000000e+00    -1.537761986255646e-01
    3.830362558364868e-01     1.000000000000000e+00     1.712225794792175e+00
    2.891863882541656e-01     1.000000000000000e+00     1.060311555862427e+00
    1.884917020797729e-01     1.000000000000000e+00     3.691771924495697e-01
    9.764912128448486e-01     1.000000000000000e+00    -1.156996130943298e+00
    1.000000000000000e+00     7.080698013305664e-01    -1.418972492218018e+00
    0.000000000000000e+00     0.000000000000000e+00     5.693478584289551e-01
    1.000000000000000e+00     4.812382459640503e-01    -4.371691048145294e-01
    8.477685451507568e-01     1.000000000000000e+00    -1.092161536216736e+00
    9.191406369209290e-01     1.000000000000000e+00     3.879661485552788e-02
    0.000000000000000e+00     0.000000000000000e+00     7.740915417671204e-01
    1.000000000000000e+00     6.619069576263428e-01    -9.877176284790039e-01
    0.000000000000000e+00     0.000000000000000e+00    -4.520789980888367e-01
    0.000000000000000e+00     0.000000000000000e+00     7.494052648544312e-01
    0.000000000000000e+00     0.000000000000000e+00     7.788399457931519e-01
    0.000000000000000e+00     0.000000000000000e+00     1.258406996726990e+00
    7.875000834465027e-01     1.000000000000000e+00     3.134773671627045e-01
    6.307258009910583e-01     1.000000000000000e+00     1.731148242950439e+00
    0.000000000000000e+00     0.000000000000000e+00    -1.635586917400360e-01
    1.000000000000000e+00     7.631486654281616e-01    -4.375151991844177e-01
    0.000000000000000e+00     0.000000000000000e+00    -2.405576407909393e-01
    1.000000000000000e+00     4.728931486606598e-01     4.786925315856934e-01
    1.000000000000000e+00     3.511671721935272e-01     3.814540207386017e-01
    0.000000000000000e+00     0.000000000000000e+00    -6.490408778190613e-01
    0.000000000000000e+00     0.000000000000000e+00    -9.466747641563416e-01
    0.000000000000000e+00     0.000000000000000e+00    -1.197039857506752e-01
    4.938198029994965e-01     1.000000000000000e+00     8.949748873710632e-01
    2.703314721584320e-01     1.000000000000000e+00    -2.207500934600830e-01
    8.536460995674133e-01     1.000000000000000e+00    -1.622158408164978e+00
    0.000000000000000e+00     0.000000000000000e+00     5.480866432189941e-01
    0.000000000000000e+00     0.000000000000000e+00    -9.129184484481812e-01
    0.000000000000000e+00     0.000000000000000e+00     2.795251309871674e-01
    4.536235705018044e-02     1.000000000000000e+00    -1.751355648040771e+00
    0.000000000000000e+00     0.000000000000000e+00     4.534114301204681e-01
    0.000000000000000e+00     0.000000000000000e+00     9.686046093702316e-02
    0.000000000000000e+00     0.000000000000000e+00     9.984875321388245e-01
    0.000000000000000e+00     0.000000000000000e+00     8.137626051902771e-01
    8.887707591056824e-01     1.000000000000000e+00    -3.724304139614105e-01
    1.000000000000000e+00     4.169942438602448e-01     1.168919682502747e+00
    5.996049046516418e-01     1.000000000000000e+00     6.596895456314087e-01
    1.000000000000000e+00     8.973921537399292e-01     2.568217217922211e-01
    1.000000000000000e+00     8.258924484252930e-01     1.737827956676483e-01
    0.000000000000000e+00     0.000000000000000e+00     1.854993104934692e+00
    7.833748459815979e-01     1.000000000000000e+00     9.228708148002625e-01
    3.654035925865173e-02     1.000000000000000e+00    -1.335770487785339e-01
    0.000000000000000e+00     0.000000000000000e+00     1.810828149318695e-01
    0.000000000000000e+00     0.000000000000000e+00     1.696254014968872e+00
    1.000000000000000e+00     5.607294440269470e-01     9.637248516082764e-01
    0.000000000000000e+00     0.000000000000000e+00    -2.777989208698273e-01
    0.000000000000000e+00     0.000000000000000e+00     1.895105838775635e+00
    0.000000000000000e+00     0.000000000000000e+00    -1.727628946304321e+00
    0.000000000000000e+00     0.000000000000000e+00     1.858939766883850e+00
    0.000000000000000e+00     0.000000000000000e+00     1.931194186210632e+00
    4.679389595985413e-01     1.000000000000000e+00    -4.018619358539581e-01
    0.000000000000000e+00     0.000000000000000e+00     4.120822846889496e-01
    1.000000000000000e+00     7.934008240699768e-01     8.098485469818115e-01
    2.549988925457001e-01     1.000000000000000e+00     1.313533067703247e+00
    1.000000000000000e+00     6.964674592018127e-01    -5.782037377357483e-01
    0.000000000000000e+00     0.000000000000000e+00     3.283730745315552e-01
    6.657947897911072e-01     1.000000000000000e+00     9.544712901115417e-01
    3.538687899708748e-02     1.000000000000000e+00     2.266348123550415e+00
    3.456223905086517e-01     1.000000000000000e+00    -1.488917350769043e+00
    1.000000000000000e+00     9.077545404434204e-01    -1.941702067852020e-01
    1.000000000000000e+00     5.977300405502319e-01     6.519058942794800e-01
    0.000000000000000e+00     0.000000000000000e+00    -2.416046261787415e-01
    0.000000000000000e+00     0.000000000000000e+00    -2.682887911796570e-01
    6.188679337501526e-01     1.000000000000000e+00    -9.956680536270142e-01
    6.311244964599609e-01     1.000000000000000e+00    -1.025484681129456e+00
    8.019598722457886e-01     1.000000000000000e+00     2.170803099870682e-01
    1.000000000000000e+00     8.559764623641968e-01    -1.125944375991821e+00
    0.000000000000000e+00     0.000000000000000e+00     5.786420702934265e-01
    0.000000000000000e+00     0.000000000000000e+00     2.645296752452850e-01
    0.000000000000000e+00     0.000000000000000e+00    -2.198330402374268e+00
    1.000000000000000e+00     4.819979667663574e-01     5.791356563568115e-01
    9.385387897491455e-01     1.000000000000000e+00    -1.026974439620972e+00
    0.000000000000000e+00     0.000000000000000e+00    -1.622817851603031e-02
    9.667418599128723e-01     1.000000000000000e+00     1.198768377304077e+00
    1.000000000000000e+00     6.329463124275208e-01     2.081940412521362e+00
    0.000000000000000e+00     0.000000000000000e+00    -8.132773041725159e-01
    8.879761695861816e-01     1.000000000000000e+00     1.010429978370667e+00
    0.000000000000000e+00     0.000000000000000e+00     1.067877054214478e+00
    0.000000000000000e+00     0.000000000000000e+00     2.246277809143066e+00
    4.748777151107788e-01     1.000000000000000e+00     3.573743402957916e-01
    0.000000000000000e+00     0.000000000000000e+00     5.772618651390076e-01
    0.000000000000000e+00     0.000000000000000e+00     9.752578139305115e-01
    0.000000000000000e+00     0.000000000000000e+00    -2.451489120721817e-01
    0.000000000000000e+00     0.000000000000000e+00     6.050155162811279e-01
    6.234953999519348e-01     1.000000000000000e+00     4.441465139389038e-01
    1.000000000000000e+00     8.027263879776001e-01     1.360279917716980e-01
    0.000000000000000e+00     0.000000000000000e+00    -1.695582121610641e-01
    0.000000000000000e+00     0.000000000000000e+00    -9.728644490242004e-01
    0.000000000000000e+00     0.000000000000000e+00    -5.273303985595703e-01
    0.000000000000000e+00     0.000000000000000e+00     2.898415029048920e-01
    1.320702861994505e-02     1.000000000000000e+00    -1.295678377151489e+00
    2.331895381212234e-01     1.000000000000000e+00     9.180094599723816e-01
    1.000000000000000e+00     9.394308924674988e-01     4.706803243607283e-03
    0.000000000000000e+00     0.000000000000000e+00     3.137812912464142e-01
    0.000000000000000e+00     0.000000000000000e+00    -8.665590286254883e-01
    9.177741408348083e-01     1.000000000000000e+00     2.597040653228760e+00
    0.000000000000000e+00     0.000000000000000e+00     2.970555424690247e-01
    1.000000000000000e+00     8.640853762626648e-01    -1.654027998447418e-01
    3.630570471286774e-01     1.000000000000000e+00    -1.363033950328827e-01
    0.000000000000000e+00     0.000000000000000e+00     1.030311703681946e+00
    2.259462922811508e-01     1.000000000000000e+00     2.922823667526245e+00
    5.318330526351929e-01     1.000000000000000e+00    -8.887356519699097e-01
    5.434501171112061e-01     1.000000000000000e+00     1.522072911262512e+00
    0.000000000000000e+00     0.000000000000000e+00    -3.191099464893341e-01
    2.935048192739487e-02     1.000000000000000e+00    -3.508275449275970e-01
    0.000000000000000e+00     0.000000000000000e+00    -1.081662178039551e+00
    0.000000000000000e+00     0.000000000000000e+00    -3.907298147678375e-01
    0.000000000000000e+00     0.000000000000000e+00     2.201633691787720e+00
    0.000000000000000e+00     0.000000000000000e+00     8.653051853179932e-01
    5.366919040679932e-01     1.000000000000000e+00     8.341103196144104e-01
    0.000000000000000e+00     0.000000000000000e+00    -1.580218911170959e+00
    1.000000000000000e+00     6.624079942703247e-01    -2.211960315704346e+00
    0.000000000000000e+00     0.000000000000000e+00     2.961525022983551e-01
    4.613745212554932e-01     1.000000000000000e+00     7.455885410308838e-02
    3.008425831794739e-01     1.000000000000000e+00    -8.027659058570862e-01
    2.421609014272690e-01     1.000000000000000e+00    -5.288230776786804e-01
    0.000000000000000e+00     0.000000000000000e+00    -7.931180596351624e-01
    5.308129191398621e-01     1.000000000000000e+00     9.395223855972290e-01
    9.403359889984131e-01     1.000000000000000e+00     1.482286751270294e-01
    4.399961531162262e-01     1.000000000000000e+00     2.416029423475266e-01
    0.000000000000000e+00     0.000000000000000e+00    -4.564070701599121e-01
    4.469231665134430e-01     1.000000000000000e+00     7.634413242340088e-01
    8.010420948266983e-02     1.000000000000000e+00     9.941852688789368e-01
    0.000000000000000e+00     0.000000000000000e+00    -2.014092057943344e-01
    1.000000000000000e+00     7.666490674018860e-01    -1.358115077018738e+00
    1.000000000000000e+00     6.086900830268860e-01    -1.428352743387222e-01
    1.000000000000000e+00     9.541063308715820e-01    -1.416097164154053e+00
    0.000000000000000e+00     0.000000000000000e+00     1.942556381225586e+00
    0.000000000000000e+00     0.000000000000000e+00    -1.486025691032410e+00
    9.057592153549194e-01     1.000000000000000e+00     2.731316387653351e-01
    0.000000000000000e+00     0.000000000000000e+00     2.281391859054565e+00
    1.000000000000000e+00     8.431959152221680e-01    -1.014386177062988e+00
    1.923244744539261e-01     1.000000000000000e+00     1.173753261566162e+00
    0.000000000000000e+00     0.000000000000000e+00    -9.323046207427979e-01
    9.798979759216309e-01     1.000000000000000e+00    -2.127197027206421e+00
    2.332920283079147e-01     1.000000000000000e+00     1.552230834960938e+00
    0.000000000000000e+00     0.000000000000000e+00    -3.541851639747620e-01
    1.000000000000000e+00     7.748002409934998e-01     4.841392040252686e-01
    5.365005731582642e-01     1.000000000000000e+00     3.154917806386948e-02
    6.702083349227905e-02     1.000000000000000e+00     7.110676169395447e-01
    6.041855812072754e-01     1.000000000000000e+00    -4.977482184767723e-02
    0.000000000000000e+00     0.000000000000000e+00    -9.088225960731506e-01
    0.000000000000000e+00     0.000000000000000e+00    -7.347508072853088e-01
    1.000000000000000e+00     5.392631292343140e-01     1.160919904708862e+00
    1.000000000000000e+00     5.521867275238037e-01     6.455654501914978e-01
    0.000000000000000e+00     0.000000000000000e+00     9.103330373764038e-01
    0.000000000000000e+00     0.000000000000000e+00    -9.752507209777832e-01
    1.617774665355682e-01     1.000000000000000e+00     2.274971723556519e+00
    4.253994822502136e-01     1.000000000000000e+00     8.273604512214661e-01
    0.000000000000000e+00     0.000000000000000e+00     9.671877026557922e-01
    0.000000000000000e+00     0.000000000000000e+00    -1.449567317962646e+00
    0.000000000000000e+00     0.000000000000000e+00     6.024782657623291e-01
    0.000000000000000e+00     0.000000000000000e+00     5.790086835622787e-02
    1.000000000000000e+00     8.332325816154480e-01     2.148176431655884e+00
    0.000000000000000e+00     0.000000000000000e+00     7.862313985824585e-01
    0.000000000000000e+00     0.000000000000000e+00     7.443989515304565e-01
    2.875030785799026e-02     1.000000000000000e+00     1.608770608901978e+00
    0.000000000000000e+00     0.000000000000000e+00    -1.890488415956497e-01
    0.000000000000000e+00     0.000000000000000e+00     1.528869152069092e+00
    6.847983598709106e-02     1.000000000000000e+00    -2.966985404491425e-01
    0.000000000000000e+00     0.000000000000000e+00     7.588255405426025e-01
    1.000000000000000e+00     7.456195354461670e-01    -2.430675745010376e+00
    4.400684535503387e-01     1.000000000000000e+00     3.361940979957581e-01
    1.000000000000000e+00     4.807976186275482e-01     6.211915612220764e-01
    1.000000000000000e+00     5.323045849800110e-01     5.761815905570984e-01
    1.497398596256971e-02     1.000000000000000e+00    -1.181388616561890e+00
    0.000000000000000e+00     0.000000000000000e+00    -4.510143101215363e-01
    5.617881193757057e-02     1.000000000000000e+00     1.022284030914307e+00
    0.000000000000000e+00     0.000000000000000e+00    -2.735017836093903e-01
    5.688733458518982e-01     1.000000000000000e+00    -2.969973683357239e-01
    1.000000000000000e+00     6.827535033226013e-01    -6.075236201286316e-01
    0.000000000000000e+00     0.000000000000000e+00     9.280822277069092e-01
    0.000000000000000e+00     0.000000000000000e+00    -4.831394255161285e-01
    9.153751730918884e-01     1.000000000000000e+00     3.089918792247772e-01
    1.000000000000000e+00     3.906325995922089e-01    -3.912552893161774e-01
    0.000000000000000e+00     0.000000000000000e+00    -7.842265367507935e-01
    0.000000000000000e+00     0.000000000000000e+00    -1.848211407661438e+00
    0.000000000000000e+00     0.000000000000000e+00     1.967541337013245e+00
    7.759954333305359e-01     1.000000000000000e+00     2.081573903560638e-01
    0.000000000000000e+00     0.000000000000000e+00     1.134000778198242e+00
    2.706930041313171e-01     1.000000000000000e+00     1.849125027656555e+00
    1.000000000000000e+00     7.947501540184021e-01    -4.402403533458710e-01
    0.000000000000000e+00     0.000000000000000e+00    -6.130325421690941e-02
    1.000000000000000e+00     7.294545173645020e-01    -8.099076747894287e-01
    2.010518461465836e-01     1.000000000000000e+00    -5.625079870223999e-01
    8.866562247276306e-01     1.000000000000000e+00     1.059634566307068e+00
    0.000000000000000e+00     0.000000000000000e+00     4.930399358272552e-02
    7.984412908554077e-01     1.000000000000000e+00     1.158815383911133e+00
    1.000000000000000e+00     7.162981629371643e-01     7.359147667884827e-01
    0.000000000000000e+00     0.000000000000000e+00    -4.304502606391907e-01
    3.182062506675720e-01     1.000000000000000e+00     8.591294884681702e-01
    0.000000000000000e+00     0.000000000000000e+00     5.305325984954834e-01
    0.000000000000000e+00     0.000000000000000e+00     6.404482722282410e-01
    0.000000000000000e+00     0.000000000000000e+00    -2.305096983909607e-01
    4.004226028919220e-01     1.000000000000000e+00    -1.027961969375610e+00
    2.784655094146729e-01     1.000000000000000e+00    -1.417572498321533e-01
    0.000000000000000e+00     0.000000000000000e+00    -1.028022646903992e+00
    2.133008539676666e-01     1.000000000000000e+00     3.626485764980316e-01
    9.948515892028809e-01     1.000000000000000e+00    -6.979842185974121e-01
    0.000000000000000e+00     0.000000000000000e+00    -1.456762909889221e+00
    7.503774762153625e-01     1.000000000000000e+00     3.889976739883423e-01
    9.444694519042969e-01     1.000000000000000e+00    -9.932629764080048e-02
    1.000000000000000e+00     4.318056404590607e-01     3.742842674255371e-01
    1.000000000000000e+00     8.893469572067261e-01     6.234318390488625e-02
    0.000000000000000e+00     0.000000000000000e+00    -2.518337726593018e+00
    3.958774507045746e-01     1.000000000000000e+00     4.311100840568542e-01
    0.000000000000000e+00     0.000000000000000e+00     2.102560400962830e-01
    0.000000000000000e+00     0.000000000000000e+00     1.648867368698120e+00
    6.807991862297058e-01     1.000000000000000e+00     1.881516933441162e+00
    0.000000000000000e+00     0.000000000000000e+00     1.094387531280518e+00
    0.000000000000000e+00     0.000000000000000e+00     1.494622696191072e-02
    0.000000000000000e+00     0.000000000000000e+00    -9.708943963050842e-01
    0.000000000000000e+00     0.000000000000000e+00    -1.067595720291138e+00
    1.000000000000000e+00     8.512493968009949e-01     9.286156296730042e-01
    9.436116367578506e-02     1.000000000000000e+00     1.173028230667114e+00
    1.680908203125000e-01     1.000000000000000e+00     3.682264685630798e-01
    0.000000000000000e+00     0.000000000000000e+00    -9.627287983894348e-01
    1.000000000000000e+00     9.756799936294556e-01    -5.897256731987000e-01
    0.000000000000000e+00     0.000000000000000e+00     1.711006760597229e+00
    0.000000000000000e+00     0.000000000000000e+00    -1.860402226448059e-01
    8.899778723716736e-01     1.000000000000000e+00    -8.274719119071960e-01
    3.367938697338104e-01     1.000000000000000e+00    -7.618759870529175e-01
    0.000000000000000e+00     0.000000000000000e+00    -6.920852661132812e-01
    0.000000000000000e+00     0.000000000000000e+00    -1.003695487976074e+00
    1.748483926057816e-01     1.000000000000000e+00     7.380822300910950e-01
    0.000000000000000e+00     0.000000000000000e+00     1.708761453628540e-01
    0.000000000000000e+00     0.000000000000000e+00     4.569586515426636e-01
    0.000000000000000e+00     0.000000000000000e+00     5.298252701759338e-01
    0.000000000000000e+00     0.000000000000000e+00    -6.130652427673340e-01
    1.821031719446182e-01     1.000000000000000e+00     1.871515512466431e+00
    2.481573224067688e-01     1.000000000000000e+00     1.782241582870483e+00
    2.477768994867802e-02     1.000000000000000e+00     1.136006861925125e-01
    1.000000000000000e+00     4.132912158966064e-01     1.601682782173157e+00
    1.873275339603424e-01     1.000000000000000e+00    -9.616697430610657e-01
    0.000000000000000e+00     0.000000000000000e+00     1.411392450332642e+00
    0.000000000000000e+00     0.000000000000000e+00    -2.186678647994995e+00
    0.000000000000000e+00     0.000000000000000e+00     2.912804782390594e-01
    4.038386046886444e-01     1.000000000000000e+00     3.048740029335022e-01
    0.000000000000000e+00     0.000000000000000e+00    -5.479290485382080e-01
    2.283712625503540e-01     1.000000000000000e+00    -2.311351150274277e-01
    1.234349161386490e-01     1.000000000000000e+00    -4.572452008724213e-01
    0.000000000000000e+00     0.000000000000000e+00     6.409836411476135e-01
    0.000000000000000e+00     0.000000000000000e+00     1.775976896286011e+00
    0.000000000000000e+00     0.000000000000000e+00    -1.492901921272278e+00
    1.000000000000000e+00     4.418660700321198e-01     3.663965165615082e-01
    0.000000000000000e+00     0.000000000000000e+00     5.370244383811951e-01
    0.000000000000000e+00     0.000000000000000e+00    -1.734672039747238e-01
    0.000000000000000e+00     0.000000000000000e+00    -2.570173025131226e+00
    0.000000000000000e+00     0.000000000000000e+00     4.674758017063141e-01
    8.092887997627258e-01     1.000000000000000e+00    -1.072399973869324e+00
    0.000000000000000e+00     0.000000000000000e+00     2.517097711563110e+00
    0.000000000000000e+00     0.000000000000000e+00     3.264817595481873e-01
    0.000000000000000e+00     0.000000000000000e+00     1.756941825151443e-01
    4.971606135368347e-01     1.000000000000000e+00     5.827884674072266e-01
    0.000000000000000e+00     0.000000000000000e+00    -1.908623576164246e+00
    1.000000000000000e+00     7.330956459045410e-01    -4.989381134510040e-01
    0.000000000000000e+00     0.000000000000000e+00    -2.371397733688354e+00
    0.000000000000000e+00     0.000000000000000e+00    -3.536258041858673e-01
    0.000000000000000e+00     0.000000000000000e+00    -1.433243393898010e+00
    0.000000000000000e+00     0.000000000000000e+00    -1.663686513900757e+00
    2.862170934677124e-01     1.000000000000000e+00     5.062391161918640e-01
    0.000000000000000e+00     0.000000000000000e+00     1.897695064544678e+00
    0.000000000000000e+00     0.000000000000000e+00    -1.841227710247040e-01
    2.017700076103210e-01     1.000000000000000e+00    -2.800237536430359e-01
    0.000000000000000e+00     0.000000000000000e+00    -6.602206230163574e-01
    8.145306110382080e-01     1.000000000000000e+00    -8.571787923574448e-02
    0.000000000000000e+00     0.000000000000000e+00     1.454682797193527e-01
    0.000000000000000e+00     0.000000000000000e+00    -1.054619908332825e+00
    0.000000000000000e+00     0.000000000000000e+00    -1.884819716215134e-01
    0.000000000000000e+00     0.000000000000000e+00     1.690547227859497e+00
    0.000000000000000e+00     0.000000000000000e+00     5.018953084945679e-01
    1.000000000000000e+00     7.134781479835510e-01    -1.885964870452881e+00
    0.000000000000000e+00     0.000000000000000e+00     1.938284158706665e+00
    0.000000000000000e+00     0.000000000000000e+00     1.052084207534790e+00
    1.000000000000000e+00     4.976366460323334e-01     1.427984833717346e+00
    4.922433793544769e-01     1.000000000000000e+00     1.679818511009216e+00
    0.000000000000000e+00     0.000000000000000e+00     4.618259072303772e-01
    0.000000000000000e+00     0.000000000000000e+00     4.298116266727448e-01
    2.138403952121735e-01     1.000000000000000e+00    -1.918193101882935e-01
    0.000000000000000e+00     0.000000000000000e+00    -7.213891744613647e-01
    0.000000000000000e+00     0.000000000000000e+00    -2.102337121963501e+00
    1.000000000000000e+00     9.120723009109497e-01    -1.855847686529160e-01
    0.000000000000000e+00     0.000000000000000e+00    -3.328691422939301e-01
    0.000000000000000e+00     0.000000000000000e+00     3.578566610813141e-01
    2.039566934108734e-01     1.000000000000000e+00     5.948265194892883e-01
    9.355753660202026e-01     1.000000000000000e+00     1.875583529472351e+00
    1.000000000000000e+00     4.558411836624146e-01    -4.381615817546844e-01
    4.592254161834717e-01     1.000000000000000e+00    -2.268453121185303e+00
    1.000000000000000e+00     4.652097821235657e-01    -3.971138596534729e-01
    1.116470433771610e-02     1.000000000000000e+00     6.144410967826843e-01
    0.000000000000000e+00     0.000000000000000e+00     4.193347096443176e-01
    0.000000000000000e+00     0.000000000000000e+00    -4.304317235946655e-01
    1.132380962371826e-01     1.000000000000000e+00     3.596386015415192e-01
    0.000000000000000e+00     0.000000000000000e+00    -2.863436937332153e+00
    0.000000000000000e+00     0.000000000000000e+00    -1.690444350242615e+00
    4.314965009689331e-01     1.000000000000000e+00     3.707174658775330e-01
    5.265126228332520e-01     1.000000000000000e+00     1.059065580368042e+00
    0.000000000000000e+00     0.000000000000000e+00    -1.497922241687775e-01
    1.000000000000000e+00     7.541207671165466e-01    -2.495094060897827e+00
    7.244377732276917e-01     1.000000000000000e+00     3.868589997291565e-01
    1.000000000000000e+00     5.737567543983459e-01     2.155642032623291e+00
    1.000000000000000e+00     7.670657634735107e-01    -1.016553044319153e+00
    0.000000000000000e+00     0.000000000000000e+00     1.933772265911102e-01
    0.000000000000000e+00     0.000000000000000e+00    -1.852765798568726e+00
    9.438662528991699e-01     1.000000000000000e+00     1.886424183845520e+00
    4.977360069751740e-01     1.000000000000000e+00     2.941206216812134e+00
    0.000000000000000e+00     0.000000000000000e+00    -1.795470356941223e+00
    2.500040829181671e-01     1.000000000000000e+00    -7.888441085815430e-01
    0.000000000000000e+00     0.000000000000000e+00    -2.450762875378132e-02
    9.435555338859558e-01     1.000000000000000e+00    -2.139627695083618e+00
    0.000000000000000e+00     0.000000000000000e+00     4.633108079433441e-01
    0.000000000000000e+00     0.000000000000000e+00     7.792565226554871e-01
    9.787111282348633e-01     1.000000000000000e+00    -2.512540221214294e-01
    0.000000000000000e+00     0.000000000000000e+00    -1.312479972839355e+00
    0.000000000000000e+00     0.000000000000000e+00     6.707476377487183e-01
    1.000000000000000e+00     5.486044883728027e-01    -5.416435599327087e-01
    5.786233544349670e-01     1.000000000000000e+00    -1.104414582252502e+00
    2.195540666580200e-01     1.000000000000000e+00    -1.095126628875732e+00
    1.000000000000000e+00     4.783485829830170e-01    -1.608334898948669e+00
    1.330036669969559e-01     1.000000000000000e+00    -6.060042977333069e-02
    1.000000000000000e+00     6.776918768882751e-01    -2.842336595058441e-01
    7.650806754827499e-02     1.000000000000000e+00    -2.505538165569305e-01
    0.000000000000000e+00     0.000000000000000e+00    -1.656811475753784e+00
    1.056620106101036e-01     1.000000000000000e+00     6.437267065048218e-01
    0.000000000000000e+00     0.000000000000000e+00     6.083288192749023e-01
    0.000000000000000e+00     0.000000000000000e+00    -2.068730145692825e-01
    1.000000000000000e+00     7.071447372436523e-01    -1.755024909973145e+00
    0.000000000000000e+00     0.000000000000000e+00     2.718666493892670e-01
    7.472139596939087e-01     1.000000000000000e+00    -2.260708510875702e-01
    0.000000000000000e+00     0.000000000000000e+00    -5.724861025810242e-01
    0.000000000000000e+00     0.000000000000000e+00    -1.907143831253052e+00
    5.958709120750427e-01     1.000000000000000e+00    -2.695929408073425e-01
    5.411564707756042e-01     1.000000000000000e+00     4.108454585075378e-01
    0.000000000000000e+00     0.000000000000000e+00    -1.426275968551636e+00
    0.000000000000000e+00     0.000000000000000e+00     2.780593335628510e-01
    0.000000000000000e+00     0.000000000000000e+00    -2.946629524230957e-01
    0.000000000000000e+00     0.000000000000000e+00    -1.586203575134277e-01
    2.810930609703064e-01     1.000000000000000e+00     5.243456736207008e-02
    0.000000000000000e+00     0.000000000000000e+00     1.012045979499817e+00
    1.000000000000000e+00     4.019967019557953e-01    -1.353319883346558e+00
    6.428627669811249e-02     1.000000000000000e+00    -2.134925127029419e+00
    0.000000000000000e+00     0.000000000000000e+00     1.214160442352295e+00
    0.000000000000000e+00     0.000000000000000e+00     2.916836023330688e+00
    1.000000000000000e+00     9.270077347755432e-01    -3.061095178127289e-01
    0.000000000000000e+00     0.000000000000000e+00    -4.125248193740845e-01
    0.000000000000000e+00     0.000000000000000e+00    -1.123594045639038e+00
    1.000000000000000e+00     5.351743698120117e-01     1.104247093200684e+00
    0.000000000000000e+00     0.000000000000000e+00     5.374244451522827e-01
    0.000000000000000e+00     0.000000000000000e+00    -1.692141741514206e-01
    1.461311876773834e-01     1.000000000000000e+00    -9.673954248428345e-01
    1.000000000000000e+00     7.045246958732605e-01     5.110786557197571e-01
    2.055138349533081e-02     1.000000000000000e+00     1.299975156784058e+00
    0.000000000000000e+00     0.000000000000000e+00    -1.440735340118408e+00
    0.000000000000000e+00     0.000000000000000e+00     4.079653620719910e-01
    1.000000000000000e+00     6.617439389228821e-01    -1.865739107131958e+00
    1.000000000000000e+00     9.057487845420837e-01     3.820931017398834e-01
    1.000000000000000e+00     3.906092345714569e-01    -6.475936174392700e-01
    1.000000000000000e+00     8.803204894065857e-01    -2.992975711822510e-01
    3.497913181781769e-01     1.000000000000000e+00    -1.729045249521732e-02
    0.000000000000000e+00     0.000000000000000e+00    -7.843195796012878e-01
    1.000000000000000e+00     9.759758114814758e-01    -7.257077693939209e-01
    3.745647370815277e-01     1.000000000000000e+00    -9.909725189208984e-01
    0.000000000000000e+00     0.000000000000000e+00    -1.572572708129883e+00
    1.000000000000000e+00     7.905619740486145e-01     2.562217712402344e+00
    1.000000000000000e+00     9.112178683280945e-01     1.749587059020996e+00
    1.000000000000000e+00     8.682087659835815e-01    -1.070734143257141e+00
    0.000000000000000e+00     0.000000000000000e+00     3.122850954532623e-01
    0.000000000000000e+00     0.000000000000000e+00    -1.834679722785950e+00
    0.000000000000000e+00     0.000000000000000e+00    -4.333698749542236e-02
    6.877942085266113e-01     1.000000000000000e+00    -1.178875923156738e+00
    0.000000000000000e+00     0.000000000000000e+00    -8.470351099967957e-01
    9.716565608978271e-01     1.000000000000000e+00    -1.701803684234619e+00
    8.928720653057098e-02     1.000000000000000e+00    -2.018781185150146e+00
    0.000000000000000e+00     0.000000000000000e+00     1.165139079093933e+00
    5.698416382074356e-02     1.000000000000000e+00    -4.425520002841949e-01
    3.352562785148621e-01     1.000000000000000e+00    -3.447247296571732e-02
    1.144122704863548e-01     1.000000000000000e+00    -4.404836297035217e-01
    0.000000000000000e+00     0.000000000000000e+00    -2.890748977661133e-01
    0.000000000000000e+00     0.000000000000000e+00    -2.550882101058960e+00
    0.000000000000000e+00     0.000000000000000e+00     9.057205915451050e-01
    0.000000000000000e+00     0.000000000000000e+00     3.259093165397644e-01
    1.000000000000000e+00     4.816453456878662e-01     3.346309661865234e-01
    0.000000000000000e+00     0.000000000000000e+00     1.520045161247253e+00
    0.000000000000000e+00     0.000000000000000e+00    -8.512562513351440e-02
    7.584283351898193e-01     1.000000000000000e+00     1.455382585525513e+00
    0.000000000000000e+00     0.000000000000000e+00    -3.638448119163513e-01
    0.000000000000000e+00     0.000000000000000e+00    -1.963142305612564e-02
    0.000000000000000e+00     0.000000000000000e+00    -5.296387076377869e-01
    0.000000000000000e+00     0.000000000000000e+00    -1.983751058578491e+00
    0.000000000000000e+00     0.000000000000000e+00     2.322643548250198e-01
    1.000000000000000e+00     4.053371846675873e-01     1.330995410680771e-01
    9.886295795440674e-01     1.000000000000000e+00    -2.644454836845398e-01
    0.000000000000000e+00     0.000000000000000e+00    -3.778190016746521e-01
    9.554045200347900e-01     1.000000000000000e+00     1.488239407539368e+00
    8.727946132421494e-02     1.000000000000000e+00     2.405363470315933e-01
    2.936054766178131e-01     1.000000000000000e+00    -7.242336869239807e-01
    0.000000000000000e+00     0.000000000000000e+00     7.142831087112427e-01
    1.000000000000000e+00     6.800236105918884e-01    -7.295538783073425e-01
    4.170383214950562e-01     1.000000000000000e+00    -3.481439948081970e-01
    0.000000000000000e+00     0.000000000000000e+00     2.009574651718140e+00
    0.000000000000000e+00     0.000000000000000e+00     1.203712940216064e+00
    0.000000000000000e+00     0.000000000000000e+00    -1.380329579114914e-01
    6.731539964675903e-02     1.000000000000000e+00     1.066865682601929e+00
    3.360663950443268e-01     1.000000000000000e+00     4.120175912976265e-02
    4.073531031608582e-01     1.000000000000000e+00    -1.003683567047119e+00
    0.000000000000000e+00     0.000000000000000e+00     1.112645342946053e-01
    1.215895861387253e-01     1.000000000000000e+00     6.312800645828247e-01
    1.000000000000000e+00     8.896112442016602e-01    -1.301503628492355e-01
    1.214065402746201e-02     1.000000000000000e+00     1.083690285682678e+00
    0.000000000000000e+00     0.000000000000000e+00    -1.706333637237549e+00
    6.530606746673584e-01     1.000000000000000e+00     3.435916900634766e-01
    0.000000000000000e+00     0.000000000000000e+00     4.557420611381531e-01
    0.000000000000000e+00     0.000000000000000e+00     1.313422441482544e+00
    0.000000000000000e+00     0.000000000000000e+00     5.876233577728271e-01
    1.264309585094452e-01     1.000000000000000e+00    -1.508543133735657e+00
    0.000000000000000e+00     0.000000000000000e+00    -1.351285576820374e-01
    0.000000000000000e+00     0.000000000000000e+00     7.118555903434753e-01
    1.000000000000000e+00     7.730207443237305e-01    -9.403067827224731e-01
    0.000000000000000e+00     0.000000000000000e+00     1.725422739982605e+00
    0.000000000000000e+00     0.000000000000000e+00    -4.522234797477722e-01
    0.000000000000000e+00     0.000000000000000e+00    -1.300964832305908e+00
    1.000000000000000e+00     7.093728780746460e-01     2.134771823883057e+00
    0.000000000000000e+00     0.000000000000000e+00    -8.964089751243591e-01
    0.000000000000000e+00     0.000000000000000e+00     1.034530878067017e+00
    1.000000000000000e+00     9.885507225990295e-01    -1.468028068542480e+00
    1.000000000000000e+00     7.728978395462036e-01    -2.277398586273193e+00
    0.000000000000000e+00     0.000000000000000e+00    -4.816918373107910e-01
    1.000000000000000e+00     5.337840914726257e-01     1.998968362808228e+00
    4.063301384449005e-01     1.000000000000000e+00     8.309165835380554e-01
    6.315951943397522e-01     1.000000000000000e+00    -1.918168187141418e+00
    0.000000000000000e+00     0.000000000000000e+00    -1.296710073947906e-01
    3.672274947166443e-01     1.000000000000000e+00    -2.016683340072632e+00
    0.000000000000000e+00     0.000000000000000e+00    -4.045375883579254e-01
    1.000000000000000e+00     9.239032268524170e-01    -2.035051584243774e+00
    1.000000000000000e+00     4.118604362010956e-01    -1.699639201164246e+00
    1.000000000000000e+00     6.038304567337036e-01     5.830249190330505e-01
    3.202654719352722e-01     1.000000000000000e+00    -2.557809054851532e-01
    0.000000000000000e+00     0.000000000000000e+00     1.101047158241272e+00
    0.000000000000000e+00     0.000000000000000e+00    -8.577568531036377e-01
    0.000000000000000e+00     0.000000000000000e+00     1.482095837593079e+00
    9.602555036544800e-01     1.000000000000000e+00     5.877377986907959e-01
    0.000000000000000e+00     0.000000000000000e+00    -1.537420392036438e+00
    5.187249183654785e-01     1.000000000000000e+00    -6.590220332145691e-01
    0.000000000000000e+00     0.000000000000000e+00    -1.677141636610031e-01
    0.000000000000000e+00     0.000000000000000e+00    -8.193089962005615e-01
    0.000000000000000e+00     0.000000000000000e+00    -2.095054388046265e+00
    1.000000000000000e+00     5.164780616760254e-01    -1.119404315948486e+00
    1.000000000000000e+00     7.035343647003174e-01     5.832582116127014e-01
    3.315847218036652e-01     1.000000000000000e+00    -6.121034622192383e-01
    0.000000000000000e+00     0.000000000000000e+00     4.891144633293152e-01
    0.000000000000000e+00     0.000000000000000e+00    -9.925202131271362e-01
    0.000000000000000e+00     0.000000000000000e+00    -4.806908965110779e-01
    1.000000000000000e+00     9.177682399749756e-01     2.384231090545654e+00
    0.000000000000000e+00     0.000000000000000e+00    -6.082875728607178e-01
    1.000000000000000e+00     9.054310917854309e-01     3.863071203231812e-01
    1.000000000000000e+00     6.868056654930115e-01     3.930673897266388e-01
    1.000000000000000e+00     7.255580425262451e-01     1.312244176864624e+00
    1.729201376438141e-01     1.000000000000000e+00     1.323290586471558e+00
    4.119728505611420e-02     1.000000000000000e+00     2.192572951316833e-01
    1.000000000000000e+00     6.053317189216614e-01    -1.777722120285034e+00
    7.330947089940310e-03     1.000000000000000e+00     3.505477607250214e-01
    0.000000000000000e+00     0.000000000000000e+00    -5.075293779373169e-01
    0.000000000000000e+00     0.000000000000000e+00     1.037443131208420e-01
    9.173874557018280e-02     1.000000000000000e+00    -1.307623267173767e+00
    1.000000000000000e+00     6.249775886535645e-01     1.900040030479431e+00
    0.000000000000000e+00     0.000000000000000e+00     7.289033532142639e-01
    0.000000000000000e+00     0.000000000000000e+00    -1.882725477218628e+00
    9.800370931625366e-01     1.000000000000000e+00     1.508312344551086e+00
    0.000000000000000e+00     0.000000000000000e+00    -4.519413113594055e-01
    0.000000000000000e+00     0.000000000000000e+00     8.746148347854614e-01
    0.000000000000000e+00     0.000000000000000e+00    -8.874561190605164e-01
    0.000000000000000e+00     0.000000000000000e+00     7.566651701927185e-02
    1.000000000000000e+00     5.045604109764099e-01     6.572968959808350e-01
    1.932202130556107e-01     1.000000000000000e+00    -8.574739098548889e-01
    0.000000000000000e+00     0.000000000000000e+00     8.692787885665894e-01
    0.000000000000000e+00     0.000000000000000e+00    -5.868278741836548e-01
    0.000000000000000e+00     0.000000000000000e+00    -1.098433852195740e+00
    6.501837968826294e-01     1.000000000000000e+00     1.357137322425842e+00
    0.000000000000000e+00     0.000000000000000e+00     1.667112112045288e+00
    1.000000000000000e+00     9.276454448699951e-01    -1.719148278236389e+00
    0.000000000000000e+00     0.000000000000000e+00     8.128138184547424e-01
    0.000000000000000e+00     0.000000000000000e+00    -3.448484539985657e-01
    5.092142224311829e-01     1.000000000000000e+00    -1.131046891212463e+00
    0.000000000000000e+00     0.000000000000000e+00     1.270823240280151e+00
    1.000000000000000e+00     9.525933861732483e-01    -1.290560126304626e+00
    0.000000000000000e+00     0.000000000000000e+00     1.007037982344627e-02
    0.000000000000000e+00     0.000000000000000e+00    -1.121105551719666e+00
    1.397667676210403e-01     1.000000000000000e+00     1.462081819772720e-01
    4.019551873207092e-01     1.000000000000000e+00     5.935390591621399e-01
    3.335959613323212e-01     1.000000000000000e+00     4.765489101409912e-01
    4.811212122440338e-01     1.000000000000000e+00    -3.884018659591675e-01
    7.000704407691956e-01     1.000000000000000e+00    -3.404223322868347e-01
    2.219102382659912e-01     1.000000000000000e+00     4.996743798255920e-01
    0.000000000000000e+00     0.000000000000000e+00    -2.700975537300110e-01
    0.000000000000000e+00     0.000000000000000e+00     1.526029855012894e-01
    0.000000000000000e+00     0.000000000000000e+00    -1.177994608879089e+00
    5.327770859003067e-02     1.000000000000000e+00     7.557418197393417e-02
    1.000000000000000e+00     5.158624053001404e-01     2.888142466545105e-01
    0.000000000000000e+00     0.000000000000000e+00    -4.505663216114044e-01
    0.000000000000000e+00     0.000000000000000e+00     4.476758837699890e-01
    0.000000000000000e+00     0.000000000000000e+00     3.183970227837563e-02
    0.000000000000000e+00     0.000000000000000e+00    -8.461235165596008e-01
    3.342553079128265e-01     1.000000000000000e+00    -1.615870118141174e+00
    5.568090677261353e-01     1.000000000000000e+00     1.128566861152649e-01
    2.469566911458969e-01     1.000000000000000e+00     2.475028038024902e+00
    6.389591693878174e-01     1.000000000000000e+00    -1.098906755447388e+00
    0.000000000000000e+00     0.000000000000000e+00    -3.446755707263947e-01
    0.000000000000000e+00     0.000000000000000e+00     1.581960082054138e+00
    4.158673584461212e-01     1.000000000000000e+00     1.031850278377533e-01
    7.800573855638504e-02     1.000000000000000e+00     8.372383713722229e-01
    0.000000000000000e+00     0.000000000000000e+00    -6.320672035217285e-01
    0.000000000000000e+00     0.000000000000000e+00     1.787533760070801e-01
    0.000000000000000e+00     0.000000000000000e+00    -1.458770275115967e+00
    1.000000000000000e+00     8.689112067222595e-01    -1.861266642808914e-01
    1.000000000000000e+00     9.786719083786011e-01     2.127971500158310e-01
    1.000000000000000e+00     5.345488190650940e-01     1.418846011161804e+00
    0.000000000000000e+00     0.000000000000000e+00     7.277173995971680e-01
    1.392136663198471e-01     1.000000000000000e+00     4.798519909381866e-01
    1.000000000000000e+00     9.236736297607422e-01     5.152449607849121e-01
    3.655824363231659e-01     1.000000000000000e+00     1.742072403430939e-01
    6.111303716897964e-02     1.000000000000000e+00    -9.016484618186951e-01
    1.000000000000000e+00     8.723238110542297e-01    -1.680041849613190e-01
    1.000000000000000e+00     4.382837116718292e-01    -2.556062042713165e-01
    0.000000000000000e+00     0.000000000000000e+00     6.820957660675049e-01
    0.000000000000000e+00     0.000000000000000e+00     2.091728597879410e-01
    0.000000000000000e+00     0.000000000000000e+00    -2.757603824138641e-01
    0.000000000000000e+00     0.000000000000000e+00     1.905586004257202e+00
    0.000000000000000e+00     0.000000000000000e+00     8.228449225425720e-01
    1.000000000000000e+00     7.274111509323120e-01     3.516057729721069e-01
    0.000000000000000e+00     0.000000000000000e+00     1.488193154335022e+00
    3.484977483749390e-01     1.000000000000000e+00    -1.743424534797668e-01
    1.000000000000000e+00     8.120762705802917e-01     7.582997083663940e-01
    0.000000000000000e+00     0.000000000000000e+00    -6.724532842636108e-01
    1.000000000000000e+00     8.671521544456482e-01     1.634475111961365e+00
    0.000000000000000e+00     0.000000000000000e+00    -3.904342651367188e-01
    0.000000000000000e+00     0.000000000000000e+00    -1.489540576934814e+00
    0.000000000000000e+00     0.000000000000000e+00    -9.726464152336121e-01
    3.969575464725494e-01     1.000000000000000e+00     4.857085049152374e-01
    0.000000000000000e+00     0.000000000000000e+00     2.640760503709316e-02
    1.174835786223412e-01     1.000000000000000e+00     1.089228466153145e-01
    3.803548216819763e-02     1.000000000000000e+00    -1.743680387735367e-01
    0.000000000000000e+00     0.000000000000000e+00     6.570068001747131e-01
    1.000000000000000e+00     3.862715661525726e-01     1.047788485884666e-01
    7.769614458084106e-01     1.000000000000000e+00    -6.491147279739380e-01
    5.111871361732483e-01     1.000000000000000e+00     1.794011235237122e+00
    7.154516577720642e-01     1.000000000000000e+00     1.617349870502949e-02
    4.408258795738220e-01     1.000000000000000e+00    -7.717401981353760e-01
    0.000000000000000e+00     0.000000000000000e+00     1.068130433559418e-01
    1.000000000000000e+00     8.907591104507446e-01     2.369310408830643e-01
    1.000000000000000e+00     4.350541830062866e-01    -4.885628819465637e-01
    8.462683856487274e-02     1.000000000000000e+00    -7.095722556114197e-01
    1.000000000000000e+00     4.334187209606171e-01    -3.794749975204468e-01
    3.121929764747620e-01     1.000000000000000e+00    -2.973981201648712e-01
    7.511380314826965e-02     1.000000000000000e+00    -9.920920133590698e-01
    0.000000000000000e+00     0.000000000000000e+00    -1.378449320793152e+00
    9.305733442306519e-01     1.000000000000000e+00     2.382817678153515e-02
    1.000000000000000e+00     9.232136011123657e-01    -5.324898362159729e-01
    0.000000000000000e+00     0.000000000000000e+00     1.508037567138672e+00
    0.000000000000000e+00     0.000000000000000e+00     1.792091846466064e+00
    9.625295549631119e-02     1.000000000000000e+00    -7.346712946891785e-01
    0.000000000000000e+00     0.000000000000000e+00     5.167530179023743e-01
    1.307690590620041e-01     1.000000000000000e+00    -2.168846845626831e+00
    0.000000000000000e+00     0.000000000000000e+00    -7.352783083915710e-01
    1.000000000000000e+00     8.092131614685059e-01     2.847129702568054e-01
    1.000000000000000e+00     8.619547486305237e-01    -1.955335974693298e+00
    0.000000000000000e+00     0.000000000000000e+00     2.155845165252686e+00
    3.250896036624908e-01     1.000000000000000e+00     2.320009469985962e+00
    1.000000000000000e+00     5.530237555503845e-01    -1.554439187049866e+00
    9.035701155662537e-01     1.000000000000000e+00    -8.118325471878052e-01
    1.492026150226593e-01     1.000000000000000e+00    -2.617152035236359e-01
    0.000000000000000e+00     0.000000000000000e+00    -1.809411168098450e+00
    0.000000000000000e+00     0.000000000000000e+00    -8.365236520767212e-01
    1.000000000000000e+00     4.188618063926697e-01     4.220860004425049e-01
    1.000000000000000e+00     9.760689735412598e-01    -2.620803713798523e-01
    0.000000000000000e+00     0.000000000000000e+00     7.639548182487488e-01
    0.000000000000000e+00     0.000000000000000e+00    -1.463871002197266e+00
    5.349552035331726e-01     1.000000000000000e+00     1.606580615043640e+00
    7.304237037897110e-02     1.000000000000000e+00    -3.439834341406822e-02
    6.306705623865128e-02     1.000000000000000e+00     4.433528184890747e-01
    0.000000000000000e+00     0.000000000000000e+00    -8.599690794944763e-01
    8.819457888603210e-01     1.000000000000000e+00    -3.843220472335815e-01
    1.000000000000000e+00     6.863480806350708e-01     7.347621321678162e-01
    0.000000000000000e+00     0.000000000000000e+00     7.541036605834961e-01
    0.000000000000000e+00     0.000000000000000e+00     4.316054880619049e-01
    6.270482391119003e-02     1.000000000000000e+00    -2.184166669845581e+00
    0.000000000000000e+00     0.000000000000000e+00    -1.184166893362999e-01
    0.000000000000000e+00     0.000000000000000e+00    -5.714686512947083e-01
    0.000000000000000e+00     0.000000000000000e+00    -1.952639371156693e-01
    0.000000000000000e+00     0.000000000000000e+00     9.584339857101440e-01
    1.000000000000000e+00     3.551928102970123e-01     1.797196120023727e-01
    0.000000000000000e+00     0.000000000000000e+00    -2.731073617935181e+00
    0.000000000000000e+00     0.000000000000000e+00     2.588488757610321e-01
    1.000000000000000e+00     7.140312790870667e-01    -2.277235984802246e+00
    0.000000000000000e+00     0.000000000000000e+00    -6.689769625663757e-01
    8.098153024911880e-02     1.000000000000000e+00    -5.427022576332092e-01
    0.000000000000000e+00     0.000000000000000e+00    -1.811625123023987e+00
    1.000000000000000e+00     7.255734801292419e-01    -1.569006681442261e+00
    0.000000000000000e+00     0.000000000000000e+00     1.931127190589905e+00
    8.433159589767456e-01     1.000000000000000e+00     1.894245624542236e+00
    0.000000000000000e+00     0.000000000000000e+00     4.108580350875854e-01
    0.000000000000000e+00     0.000000000000000e+00     6.941646933555603e-01
    0.000000000000000e+00     0.000000000000000e+00    -9.598401784896851e-01
    1.361356526613235e-01     1.000000000000000e+00    -2.254271209239960e-01
    0.000000000000000e+00     0.000000000000000e+00     1.758320450782776e+00
    2.783352136611938e-01     1.000000000000000e+00     3.241157233715057e-01
    0.000000000000000e+00     0.000000000000000e+00     5.346503257751465e-01
    0.000000000000000e+00     0.000000000000000e+00    -4.213543534278870e-01
    4.226796627044678e-01     1.000000000000000e+00    -1.349630057811737e-01
    0.000000000000000e+00     0.000000000000000e+00    -3.898521959781647e-01
    5.870674252510071e-01     1.000000000000000e+00     1.340130925178528e+00
    4.398489370942116e-02     1.000000000000000e+00    -5.514480471611023e-01
    0.000000000000000e+00     0.000000000000000e+00     2.251444309949875e-01
    1.000000000000000e+00     8.232998847961426e-01     6.021507456898689e-02
    7.089430093765259e-01     1.000000000000000e+00     1.116248846054077e+00
    1.000000000000000e+00     8.496050834655762e-01     2.121491909027100e+00
    0.000000000000000e+00     0.000000000000000e+00     1.492050766944885e+00
    0.000000000000000e+00     0.000000000000000e+00     5.966525673866272e-01
    3.427407443523407e-01     1.000000000000000e+00    -6.049473285675049e-01
    0.000000000000000e+00     0.000000000000000e+00    -1.840912222862244e+00
    0.000000000000000e+00     0.000000000000000e+00    -3.474555537104607e-02
    0.000000000000000e+00     0.000000000000000e+00    -7.124590873718262e-01
    1.035775151103735e-02     1.000000000000000e+00     9.103661775588989e-01
    8.964923024177551e-01     1.000000000000000e+00     6.176506876945496e-01
    1.000000000000000e+00     4.146988093852997e-01     4.399586617946625e-01
    0.000000000000000e+00     0.000000000000000e+00    -2.399674415588379e+00
    1.241874247789383e-01     1.000000000000000e+00     3.621113300323486e-01
    1.000000000000000e+00     6.372649669647217e-01    -1.808977007865906e+00
    1.000000000000000e+00     5.686036348342896e-01     1.708752959966660e-01
    0.000000000000000e+00     0.000000000000000e+00    -2.006965875625610e+00
    1.000000000000000e+00     8.212648630142212e-01    -3.419877961277962e-02
    0.000000000000000e+00     0.000000000000000e+00     8.035663962364197e-01
    1.000000000000000e+00     7.554519772529602e-01    -9.436479210853577e-01
    1.000000000000000e+00     6.766746044158936e-01    -1.538766264915466e+00
    0.000000000000000e+00     0.000000000000000e+00     6.206195950508118e-01
    6.811181306838989e-01     1.000000000000000e+00    -1.878085613250732e+00
    3.034378290176392e-01     1.000000000000000e+00    -5.077879428863525e-01
    0.000000000000000e+00     0.000000000000000e+00     1.564442634582520e+00
    0.000000000000000e+00     0.000000000000000e+00     5.159121155738831e-01
    1.000000000000000e+00     8.728190660476685e-01    -2.166953831911087e-01
    2.779959440231323e-01     1.000000000000000e+00    -6.966722011566162e-01
    5.446443557739258e-01     1.000000000000000e+00     3.934499323368073e-01
    2.230619341135025e-01     1.000000000000000e+00     1.084918498992920e+00
    0.000000000000000e+00     0.000000000000000e+00    -1.038560271263123e+00
    0.000000000000000e+00     0.000000000000000e+00     8.492862433195114e-02
    1.000000000000000e+00     4.926768541336060e-01    -1.472972869873047e+00
    7.793626189231873e-01     1.000000000000000e+00     2.810226678848267e-01
    0.000000000000000e+00     0.000000000000000e+00    -1.596674799919128e+00
    1.312798447906971e-02     1.000000000000000e+00    -1.396360397338867e+00
    1.000000000000000e+00     7.153336405754089e-01    -5.815782546997070e-01
    1.000000000000000e+00     5.882757306098938e-01    -9.852485358715057e-02
    0.000000000000000e+00     0.000000000000000e+00    -1.409990906715393e+00
    2.958526909351349e-01     1.000000000000000e+00     1.105372309684753e+00
    1.000000000000000e+00     9.305744767189026e-01    -7.462190091609955e-02
    6.343534588813782e-01     1.000000000000000e+00     3.001370429992676e-01
    0.000000000000000e+00     0.000000000000000e+00    -1.297458767890930e+00
    7.894657850265503e-01     1.000000000000000e+00     1.810602903366089e+00
    1.000000000000000e+00     8.431380987167358e-01    -9.632167220115662e-01
    0.000000000000000e+00     0.000000000000000e+00     4.536913037300110e-01
    0.000000000000000e+00     0.000000000000000e+00     1.184569239616394e+00
    0.000000000000000e+00     0.000000000000000e+00    -2.602786779403687e+00
    0.000000000000000e+00     0.000000000000000e+00     1.344786763191223e+00
    8.213394135236740e-02     1.000000000000000e+00     2.866774797439575e-01
    7.522628903388977e-01     1.000000000000000e+00     7.364033460617065e-01
    0.000000000000000e+00     0.000000000000000e+00    -1.365694999694824e+00
    0.000000000000000e+00     0.000000000000000e+00    -1.289741396903992e+00
    0.000000000000000e+00     0.000000000000000e+00     6.604412794113159e-01
    0.000000000000000e+00     0.000000000000000e+00    -8.799567222595215e-01
    1.731458157300949e-01     1.000000000000000e+00     8.323983103036880e-02
    6.797274947166443e-01     1.000000000000000e+00     1.958450675010681e-01
    9.949801117181778e-02     1.000000000000000e+00     8.491615056991577e-01
    2.897532582283020e-01     1.000000000000000e+00    -2.601346075534821e-01
    1.000000000000000e+00     4.230516254901886e-01    -6.012157723307610e-02
    1.000000000000000e+00     7.438223958015442e-01     5.941345691680908e-01
    0.000000000000000e+00     0.000000000000000e+00    -3.166190683841705e-01
    1.000000000000000e+00     7.385447025299072e-01     1.908991336822510e-01
    9.630724191665649e-01     1.000000000000000e+00     1.302347540855408e+00
    1.000000000000000e+00     4.991241693496704e-01    -1.058865904808044e+00
    2.255182117223740e-01     1.000000000000000e+00     1.652329862117767e-01
    1.000000000000000e+00     9.263071417808533e-01    -7.759101390838623e-01
    3.097310662269592e-02     1.000000000000000e+00     1.150121808052063e+00
    2.862581908702850e-01     1.000000000000000e+00     5.410182476043701e-01
    0.000000000000000e+00     0.000000000000000e+00    -1.596537947654724e+00
    0.000000000000000e+00     0.000000000000000e+00     9.436963200569153e-01
    0.000000000000000e+00     0.000000000000000e+00    -6.514752507209778e-01
    1.000000000000000e+00     6.403194665908813e-01     1.711266636848450e+00
    0.000000000000000e+00     0.000000000000000e+00    -8.920848965644836e-01
    0.000000000000000e+00     0.000000000000000e+00    -3.671678602695465e-01
    8.191119432449341e-01     1.000000000000000e+00     2.255931645631790e-01
    5.313899517059326e-01     1.000000000000000e+00    -3.860990703105927e-01
    0.000000000000000e+00     0.000000000000000e+00    -9.144458770751953e-01
    0.000000000000000e+00     0.000000000000000e+00     1.165412664413452e+00
    0.000000000000000e+00     0.000000000000000e+00    -3.622054755687714e-01
    0.000000000000000e+00     0.000000000000000e+00     6.017799377441406e-01
    0.000000000000000e+00     0.000000000000000e+00    -2.039152860641479e+00
    1.000000000000000e+00     9.965052604675293e-01    -9.918845891952515e-01
    0.000000000000000e+00     0.000000000000000e+00    -3.376281261444092e-01
    0.000000000000000e+00     0.000000000000000e+00    -4.885287582874298e-01
    0.000000000000000e+00     0.000000000000000e+00    -7.545056939125061e-01
    0.000000000000000e+00     0.000000000000000e+00    -3.391138017177582e-01
    1.000000000000000e+00     5.742802023887634e-01     9.317799806594849e-01
    2.667219042778015e-01     1.000000000000000e+00    -1.749473810195923e-01
    1.000000000000000e+00     5.565854907035828e-01    -1.667812705039978e+00
    3.969968855381012e-01     1.000000000000000e+00     1.297679692506790e-01
    6.877378821372986e-01     1.000000000000000e+00     2.220054149627686e+00
    0.000000000000000e+00     0.000000000000000e+00    -1.372875720262527e-01
    1.000000000000000e+00     5.511555671691895e-01     7.992764115333557e-01
    0.000000000000000e+00     0.000000000000000e+00    -5.524541735649109e-01
    1.000000000000000e+00     4.799339473247528e-01     1.481381654739380e-01
    0.000000000000000e+00     0.000000000000000e+00     6.898106336593628e-01
    0.000000000000000e+00     0.000000000000000e+00    -2.184987783432007e+00
    0.000000000000000e+00     0.000000000000000e+00     1.325262427330017e+00
    6.290653944015503e-01     1.000000000000000e+00     8.223102092742920e-01
    0.000000000000000e+00     0.000000000000000e+00     1.058894038200378e+00
    0.000000000000000e+00     0.000000000000000e+00    -8.709442615509033e-01
    0.000000000000000e+00     0.000000000000000e+00    -1.334788441658020e+00
    4.436754584312439e-01     1.000000000000000e+00    -7.213424444198608e-01
    0.000000000000000e+00     0.000000000000000e+00    -8.264710307121277e-01
    7.108548879623413e-01     1.000000000000000e+00     8.579627871513367e-01
    1.279185563325882e-01     1.000000000000000e+00     2.542195916175842e-01
    0.000000000000000e+00     0.000000000000000e+00     6.692728996276855e-01
    0.000000000000000e+00     0.000000000000000e+00     5.162409543991089e-01
    0.000000000000000e+00     0.000000000000000e+00    -7.489924430847168e-01
    2.211051434278488e-01     1.000000000000000e+00    -9.829562306404114e-01
    0.000000000000000e+00     0.000000000000000e+00     4.096782803535461e-01
    7.668659687042236e-01     1.000000000000000e+00    -8.256545662879944e-01
    6.095752716064453e-01     1.000000000000000e+00     6.375294923782349e-01
    0.000000000000000e+00     0.000000000000000e+00     4.107923507690430e-01
    3.464544415473938e-01     1.000000000000000e+00     1.295936014503241e-02
    3.920576870441437e-01     1.000000000000000e+00    -2.824125587940216e-01
    3.999357298016548e-02     1.000000000000000e+00     2.079738140106201e+00
    0.000000000000000e+00     0.000000000000000e+00    -2.894748449325562e-01
    0.000000000000000e+00     0.000000000000000e+00    -9.998908638954163e-01
    0.000000000000000e+00     0.000000000000000e+00    -1.506562113761902e+00
    5.397452116012573e-01     1.000000000000000e+00     2.454538792371750e-01
    0.000000000000000e+00     0.000000000000000e+00    -3.890507817268372e-01
    1.000000000000000e+00     8.274282813072205e-01     1.317712366580963e-01
    2.394815385341644e-01     1.000000000000000e+00    -4.396875202655792e-01
    0.000000000000000e+00     0.000000000000000e+00    -4.254909753799438e-01
    0.000000000000000e+00     0.000000000000000e+00     9.724175930023193e-01
    0.000000000000000e+00     0.000000000000000e+00     1.570897996425629e-01
    0.000000000000000e+00     0.000000000000000e+00     2.078614197671413e-02
    0.000000000000000e+00     0.000000000000000e+00    -2.235140800476074e+00
    1.054484918713570e-01     1.000000000000000e+00    -9.267865419387817e-01
    0.000000000000000e+00     0.000000000000000e+00    -1.138675808906555e+00
    0.000000000000000e+00     0.000000000000000e+00     1.186993718147278e+00
    0.000000000000000e+00     0.000000000000000e+00     1.844825267791748e+00
    1.000000000000000e+00     8.162270784378052e-01     4.558772742748260e-01
    1.000000000000000e+00     4.818261563777924e-01     5.479001998901367e-01
    4.627460837364197e-01     1.000000000000000e+00     1.355823755264282e+00
    8.688130974769592e-01     1.000000000000000e+00     7.947909235954285e-01
    0.000000000000000e+00     0.000000000000000e+00    -7.782793641090393e-01
    0.000000000000000e+00     0.000000000000000e+00    -1.761896133422852e+00
    1.575909554958344e-02     1.000000000000000e+00    -2.052119672298431e-01
    6.665698885917664e-01     1.000000000000000e+00     9.049825072288513e-01
    0.000000000000000e+00     0.000000000000000e+00    -5.945943593978882e-01
    9.662280082702637e-01     1.000000000000000e+00    -4.501246511936188e-01
    8.883747458457947e-01     1.000000000000000e+00    -4.000186026096344e-01
    0.000000000000000e+00     0.000000000000000e+00    -9.141643047332764e-01
    0.000000000000000e+00     0.000000000000000e+00    -7.345211505889893e-01
    0.000000000000000e+00     0.000000000000000e+00    -2.519269883632660e-01
    0.000000000000000e+00     0.000000000000000e+00    -1.371697485446930e-01
    1.000000000000000e+00     9.417137503623962e-01    -5.489881634712219e-01
    0.000000000000000e+00     0.000000000000000e+00    -1.098069548606873e+00
    1.000000000000000e+00     4.099328219890594e-01    -1.497622966766357e+00
    0.000000000000000e+00     0.000000000000000e+00     5.735036134719849e-01
    0.000000000000000e+00     0.000000000000000e+00    -1.150376319885254e+00
    1.000000000000000e+00     6.974573135375977e-01    -6.756184697151184e-01
    1.000000000000000e+00     5.706226825714111e-01     1.124413162469864e-01
    8.032088279724121e-01     1.000000000000000e+00    -1.725374937057495e+00
    1.000000000000000e+00     6.294760107994080e-01     1.853322148323059e+00
    2.882661521434784e-01     1.000000000000000e+00     3.499314486980438e-01
    8.532615900039673e-01     1.000000000000000e+00     5.373167395591736e-01
    0.000000000000000e+00     0.000000000000000e+00     9.017725586891174e-01
    0.000000000000000e+00     0.000000000000000e+00    -1.250354647636414e-01
    1.171328723430634e-01     1.000000000000000e+00     7.540534138679504e-01
    1.000000000000000e+00     7.288088202476501e-01     7.132665514945984e-01
    9.733751416206360e-01     1.000000000000000e+00    -3.585430979728699e-01
    0.000000000000000e+00     0.000000000000000e+00    -5.712601542472839e-01
    1.000000000000000e+00     7.924121618270874e-01     1.621790766716003e+00
    0.000000000000000e+00     0.000000000000000e+00     4.083835184574127e-01
    0.000000000000000e+00     0.000000000000000e+00    -1.790318727493286e+00
    1.000000000000000e+00     8.435370326042175e-01    -6.561127305030823e-01
    0.000000000000000e+00     0.000000000000000e+00    -2.040034055709839e+00
    5.978775024414062e-01     1.000000000000000e+00     9.650537371635437e-01
    1.571685373783112e-01     1.000000000000000e+00    -3.448947966098785e-01
    7.582534551620483e-01     1.000000000000000e+00    -2.067727804183960e+00
    9.326464533805847e-01     1.000000000000000e+00    -1.720979660749435e-01
    1.000000000000000e+00     6.997808218002319e-01     1.056795477867126e+00
    0.000000000000000e+00     0.000000000000000e+00     2.059412479400635e+00
    0.000000000000000e+00     0.000000000000000e+00     9.133169651031494e-01
    0.000000000000000e+00     0.000000000000000e+00    -7.931861281394958e-01
    0.000000000000000e+00     0.000000000000000e+00    -7.017875462770462e-02
    1.000000000000000e+00     9.174715280532837e-01     7.309522032737732e-01
    0.000000000000000e+00     0.000000000000000e+00     5.199873447418213e-01
    0.000000000000000e+00     0.000000000000000e+00     2.060349941253662e+00
    0.000000000000000e+00     0.000000000000000e+00     3.261992037296295e-01
    0.000000000000000e+00     0.000000000000000e+00    -2.136409282684326e+00
    9.428589344024658e-01     1.000000000000000e+00    -4.824442565441132e-01
    9.144657254219055e-01     1.000000000000000e+00    -1.478122323751450e-01
    1.000000000000000e+00     8.332307338714600e-01     1.184307098388672e+00
    0.000000000000000e+00     0.000000000000000e+00    -1.925760507583618e-01
    0.000000000000000e+00     0.000000000000000e+00     1.914139151573181e+00
    0.000000000000000e+00     0.000000000000000e+00    -4.908662438392639e-01
    0.000000000000000e+00     0.000000000000000e+00     2.083511590957642e+00
    0.000000000000000e+00     0.000000000000000e+00     1.355998396873474e+00
    0.000000000000000e+00     0.000000000000000e+00    -4.043675959110260e-01
    0.000000000000000e+00     0.000000000000000e+00    -6.143979430198669e-01
    0.000000000000000e+00     0.000000000000000e+00     2.414741218090057e-01
    0.000000000000000e+00     0.000000000000000e+00    -1.265412807464600e+00
    0.000000000000000e+00     0.000000000000000e+00    -1.247738838195801e+00
    6.259846091270447e-01     1.000000000000000e+00     1.548467159271240e+00
    3.796347975730896e-01     1.000000000000000e+00     1.024624183773994e-01
    0.000000000000000e+00     0.000000000000000e+00     5.175089836120605e-01
    1.000000000000000e+00     6.653225421905518e-01     1.293556809425354e+00
    0.000000000000000e+00     0.000000000000000e+00     5.327582359313965e-01
    1.000000000000000e+00     9.416447877883911e-01    -6.865980029106140e-01
    1.658010035753250e-01     1.000000000000000e+00    -1.388293623924255e+00
    0.000000000000000e+00     0.000000000000000e+00    -1.342941969633102e-01
    0.000000000000000e+00     0.000000000000000e+00    -4.847951531410217e-01
    1.000000000000000e+00     7.192065715789795e-01     1.275445461273193e+00
    0.000000000000000e+00     0.000000000000000e+00     8.754534721374512e-01
    0.000000000000000e+00     0.000000000000000e+00    -2.698977887630463e-01
    0.000000000000000e+00     0.000000000000000e+00    -2.970544099807739e-01
    0.000000000000000e+00     0.000000000000000e+00     7.429232597351074e-01
    6.218213438987732e-01     1.000000000000000e+00     2.747188806533813e+00
    9.640168547630310e-01     1.000000000000000e+00    -9.159409403800964e-01
    5.832187458872795e-02     1.000000000000000e+00    -1.375653386116028e+00
    0.000000000000000e+00     0.000000000000000e+00    -1.269987076520920e-01
    3.514652550220490e-01     1.000000000000000e+00    -9.700118899345398e-01
    7.751179933547974e-01     1.000000000000000e+00     1.750368237495422e+00
    0.000000000000000e+00     0.000000000000000e+00    -7.704690694808960e-01
    0.000000000000000e+00     0.000000000000000e+00     2.485496997833252e+00
    1.000000000000000e+00     5.092464685440063e-01    -8.476839661598206e-01
    0.000000000000000e+00     0.000000000000000e+00    -5.488867163658142e-01
    5.104058384895325e-01     1.000000000000000e+00     1.117097258567810e+00
    0.000000000000000e+00     0.000000000000000e+00     1.331045925617218e-01
    1.042709685862064e-02     1.000000000000000e+00    -4.732801318168640e-01
    0.000000000000000e+00     0.000000000000000e+00    -2.146224975585938e+00
    8.942397832870483e-01     1.000000000000000e+00     8.552321791648865e-02
    0.000000000000000e+00     0.000000000000000e+00     4.479421973228455e-01
    3.146124482154846e-01     1.000000000000000e+00     3.753424584865570e-01
    0.000000000000000e+00     0.000000000000000e+00    -2.241556882858276e+00
    2.550448179244995e-01     1.000000000000000e+00     1.223319292068481e+00
    0.000000000000000e+00     0.000000000000000e+00    -8.066643476486206e-01
    0.000000000000000e+00     0.000000000000000e+00    -2.467077821493149e-01
    1.000000000000000e+00     4.685969054698944e-01    -5.572323203086853e-01
    1.782577931880951e-01     1.000000000000000e+00     8.775029778480530e-01
    0.000000000000000e+00     0.000000000000000e+00    -7.683213949203491e-01
    9.954636693000793e-01     1.000000000000000e+00     7.836050391197205e-01
    0.000000000000000e+00     0.000000000000000e+00     2.140591144561768e+00
    0.000000000000000e+00     0.000000000000000e+00     3.094838261604309e-01
    2.736420631408691e-01     1.000000000000000e+00     1.240684017539024e-01
    5.138810276985168e-01     1.000000000000000e+00    -9.000046849250793e-01
    5.290998816490173e-01     1.000000000000000e+00    -5.050119161605835e-01
    4.444241821765900e-01     1.000000000000000e+00     6.065030097961426e-01
    5.773733258247375e-01     1.000000000000000e+00     5.467280745506287e-01
    0.000000000000000e+00     0.000000000000000e+00    -8.524128198623657e-01
    0.000000000000000e+00     0.000000000000000e+00    -5.191420912742615e-01
    0.000000000000000e+00     0.000000000000000e+00    -1.434815049171448e+00
    0.000000000000000e+00     0.000000000000000e+00    -1.055174022912979e-01
    1.000000000000000e+00     6.766548752784729e-01    -5.785952806472778e-01
    0.000000000000000e+00     0.000000000000000e+00     8.412320613861084e-01
    6.614062786102295e-01     1.000000000000000e+00    -1.683425068855286e+00
    1.000000000000000e+00     5.427307486534119e-01    -6.686360239982605e-01
    5.256500467658043e-02     1.000000000000000e+00    -3.224503993988037e-01
    0.000000000000000e+00     0.000000000000000e+00    -3.697742223739624e-01
    0.000000000000000e+00     0.000000000000000e+00     6.350018382072449e-01
    6.617741584777832e-01     1.000000000000000e+00     1.543042063713074e+00
    0.000000000000000e+00     0.000000000000000e+00     1.516907691955566e+00
    0.000000000000000e+00     0.000000000000000e+00    -2.228885889053345e-01
    9.380482882261276e-02     1.000000000000000e+00    -1.376427650451660e+00
    0.000000000000000e+00     0.000000000000000e+00    -4.600451588630676e-01
    0.000000000000000e+00     0.000000000000000e+00    -6.101610660552979e-01
    4.891040623188019e-01     1.000000000000000e+00     1.378716945648193e+00
    5.704256892204285e-01     1.000000000000000e+00     2.812741100788116e-01
    0.000000000000000e+00     0.000000000000000e+00     5.501763224601746e-01
    0.000000000000000e+00     0.000000000000000e+00    -2.091218978166580e-01
    1.407396644353867e-01     1.000000000000000e+00    -1.873024404048920e-01
    0.000000000000000e+00     0.000000000000000e+00     1.044615626335144e+00
    0.000000000000000e+00     0.000000000000000e+00     6.247947812080383e-01
    2.902338802814484e-01     1.000000000000000e+00    -6.341314911842346e-01
    0.000000000000000e+00     0.000000000000000e+00     6.768229007720947e-01
    1.010640114545822e-01     1.000000000000000e+00     9.727557897567749e-01
    2.286431342363358e-01     1.000000000000000e+00    -1.933382302522659e-01
    5.256925821304321e-01     1.000000000000000e+00     4.275579154491425e-01
    0.000000000000000e+00     0.000000000000000e+00    -5.106756687164307e-01
    1.000000000000000e+00     8.839434385299683e-01    -1.765130281448364e+00
    2.685669362545013e-01     1.000000000000000e+00    -1.921585202217102e+00
    3.498150706291199e-01     1.000000000000000e+00    -1.804815888404846e+00
    0.000000000000000e+00     0.000000000000000e+00     1.085221648216248e+00
    0.000000000000000e+00     0.000000000000000e+00     1.669150233268738e+00
    3.845638930797577e-01     1.000000000000000e+00     5.622626543045044e-01
    0.000000000000000e+00     0.000000000000000e+00    -3.393166959285736e-01
    0.000000000000000e+00     0.000000000000000e+00     8.911527395248413e-01
    1.740294396877289e-01     1.000000000000000e+00    -1.466452032327652e-01
    0.000000000000000e+00     0.000000000000000e+00    -2.546775937080383e-01
    1.000000000000000e+00     5.669280886650085e-01    -2.351679801940918e+00
    0.000000000000000e+00     0.000000000000000e+00     1.424514532089233e+00
    0.000000000000000e+00     0.000000000000000e+00    -4.401440918445587e-01
    1.000000000000000e+00     8.773811459541321e-01    -1.421771049499512e-01
    1.000000000000000e+00     5.752128362655640e-01     5.085634589195251e-01
    2.641521394252777e-01     1.000000000000000e+00    -6.760830879211426e-01
    9.767192006111145e-01     1.000000000000000e+00    -1.417481184005737e+00
    7.650629281997681e-01     1.000000000000000e+00    -4.165486693382263e-01
    0.000000000000000e+00     0.000000000000000e+00    -6.356567144393921e-01
    0.000000000000000e+00     0.000000000000000e+00     1.075783371925354e+00
    0.000000000000000e+00     0.000000000000000e+00     1.305499553680420e+00
    1.000000000000000e+00     7.018445730209351e-01    -3.534512221813202e-01
    1.000000000000000e+00     4.709921777248383e-01     1.129209756851196e+00
    1.000000000000000e+00     9.787631630897522e-01     8.896244764328003e-01
    7.951887845993042e-01     1.000000000000000e+00    -1.141271963715553e-01
    0.000000000000000e+00     0.000000000000000e+00     1.670322567224503e-01
    1.000000000000000e+00     8.925085067749023e-01     2.222405910491943e+00
    7.752598524093628e-01     1.000000000000000e+00    -2.402380943298340e+00
    6.208168268203735e-01     1.000000000000000e+00    -7.241500616073608e-01
    0.000000000000000e+00     0.000000000000000e+00     2.443999052047729e+00
    0.000000000000000e+00     0.000000000000000e+00     6.462169289588928e-01
    3.455914556980133e-01     1.000000000000000e+00    -3.117665350437164e-01
    6.876121759414673e-01     1.000000000000000e+00    -2.353931069374084e-01
    0.000000000000000e+00     0.000000000000000e+00     5.516465306282043e-01
    4.570090770721436e-02     1.000000000000000e+00     8.004591464996338e-01
    0.000000000000000e+00     0.000000000000000e+00     2.261381864547729e+00
    0.000000000000000e+00     0.000000000000000e+00    -1.752343893051147e+00
    1.000000000000000e+00     8.066405653953552e-01     7.900298833847046e-01
    1.000000000000000e+00     5.779056549072266e-01    -1.489313721656799e+00
    0.000000000000000e+00     0.000000000000000e+00     3.626453578472137e-01
    8.163219094276428e-01     1.000000000000000e+00     2.627942085266113e+00
    1.000000000000000e+00     6.902376413345337e-01    -1.100815176963806e+00
    4.522756934165955e-01     1.000000000000000e+00     2.798762321472168e-01
    4.533929526805878e-01     1.000000000000000e+00    -7.817643880844116e-01
    0.000000000000000e+00     0.000000000000000e+00     4.966496825218201e-01
    9.323876500129700e-01     1.000000000000000e+00     2.499128818511963e+00
    2.166958004236221e-01     1.000000000000000e+00    -2.063337326049805e+00
    3.240038156509399e-01     1.000000000000000e+00     1.361699700355530e+00
    0.000000000000000e+00     0.000000000000000e+00    -2.643088698387146e-01
    0.000000000000000e+00     0.000000000000000e+00     6.762187480926514e-01
    7.562023401260376e-01     1.000000000000000e+00     1.363962795585394e-02
    3.232780098915100e-01     1.000000000000000e+00    -2.905768156051636e-01
    0.000000000000000e+00     0.000000000000000e+00    -3.391461372375488e-01
    2.806125581264496e-02     1.000000000000000e+00     1.184680223464966e+00
    7.493681907653809e-01     1.000000000000000e+00     5.974776744842529e-01
    9.970700740814209e-02     1.000000000000000e+00    -1.813589930534363e-01
    1.000000000000000e+00     4.074417054653168e-01     6.000782847404480e-01
    1.000000000000000e+00     4.573601484298706e-01    -1.136919140815735e+00
    0.000000000000000e+00     0.000000000000000e+00     4.630668759346008e-01
    7.625420093536377e-01     1.000000000000000e+00    -1.211002171039581e-01
    0.000000000000000e+00     0.000000000000000e+00    -3.583966195583344e-01
    7.085331082344055e-01     1.000000000000000e+00     3.027771413326263e-01
    0.000000000000000e+00     0.000000000000000e+00     4.338089823722839e-01
    9.860005974769592e-01     1.000000000000000e+00     5.334481969475746e-02
    0.000000000000000e+00     0.000000000000000e+00    -1.399243116378784e+00
    1.698771864175797e-02     1.000000000000000e+00     6.060081720352173e-02
    3.527981638908386e-01     1.000000000000000e+00    -7.650347948074341e-01
    1.000000000000000e+00     4.675219953060150e-01     1.422433614730835e+00
    0.000000000000000e+00     0.000000000000000e+00    -1.436404287815094e-01
    6.895986795425415e-01     1.000000000000000e+00    -3.616123199462891e-01
    0.000000000000000e+00     0.000000000000000e+00    -2.466027498245239e+00
    0.000000000000000e+00     0.000000000000000e+00    -1.518934130668640e+00
    0.000000000000000e+00     0.000000000000000e+00    -1.618445664644241e-01
    0.000000000000000e+00     0.000000000000000e+00    -1.471874117851257e+00
    0.000000000000000e+00     0.000000000000000e+00    -2.615674734115601e-01
    0.000000000000000e+00     0.000000000000000e+00    -1.250303626060486e+00
    0.000000000000000e+00     0.000000000000000e+00     5.723482370376587e-01
    4.552249908447266e-01     1.000000000000000e+00    -1.880066990852356e+00
    0.000000000000000e+00     0.000000000000000e+00    -1.925891757011414e+00
    0.000000000000000e+00     0.000000000000000e+00    -3.982374370098114e-01
    1.000000000000000e+00     5.853168964385986e-01    -4.754830598831177e-01
    0.000000000000000e+00     0.000000000000000e+00    -1.070985555648804e+00
    0.000000000000000e+00     0.000000000000000e+00     1.585877537727356e+00
    0.000000000000000e+00     0.000000000000000e+00     5.244702100753784e-01
    0.000000000000000e+00     0.000000000000000e+00     9.133283495903015e-01
    0.000000000000000e+00     0.000000000000000e+00    -5.803136229515076e-01
    1.000000000000000e+00     7.674284577369690e-01     1.208745837211609e+00
    1.000000000000000e+00     8.296869397163391e-01    -5.518648624420166e-01
    5.592958331108093e-01     1.000000000000000e+00     7.226629853248596e-01
    0.000000000000000e+00     0.000000000000000e+00     4.510827958583832e-01
    0.000000000000000e+00     0.000000000000000e+00     1.264624953269958e+00
    1.000000000000000e+00     9.723248481750488e-01     1.548948168754578e+00
    3.308267891407013e-01     1.000000000000000e+00    -7.301066517829895e-01
    7.440260052680969e-01     1.000000000000000e+00    -1.145790696144104e+00
    5.776336193084717e-01     1.000000000000000e+00    -1.480522394180298e+00
    1.485369205474854e-01     1.000000000000000e+00    -1.449652831070125e-03
    0.000000000000000e+00     0.000000000000000e+00     1.338581681251526e+00
    0.000000000000000e+00     0.000000000000000e+00    -5.462715774774551e-02
    0.000000000000000e+00     0.000000000000000e+00     1.428177952766418e+00
    3.568567931652069e-01     1.000000000000000e+00     1.962095737457275e+00
    3.704284727573395e-01     1.000000000000000e+00    -3.309405446052551e-01
    0.000000000000000e+00     0.000000000000000e+00     1.444384217262268e+00
    0.000000000000000e+00     0.000000000000000e+00     6.692978143692017e-01
    0.000000000000000e+00     0.000000000000000e+00     1.258453726768494e-01
    1.000000000000000e+00     8.056871294975281e-01     3.546546027064323e-02
    0.000000000000000e+00     0.000000000000000e+00    -1.108415424823761e-01
    1.589285433292389e-01     1.000000000000000e+00     1.045728921890259e+00
    0.000000000000000e+00     0.000000000000000e+00    -8.741403818130493e-01
    0.000000000000000e+00     0.000000000000000e+00    -4.423665404319763e-01
    5.885228514671326e-01     1.000000000000000e+00     1.871365189552307e+00
    7.709411978721619e-01     1.000000000000000e+00    -9.196617603302002e-01
    1.000000000000000e+00     5.888144969940186e-01     2.225252866744995e+00
    0.000000000000000e+00     0.000000000000000e+00    -1.120492145419121e-01
    0.000000000000000e+00     0.000000000000000e+00     1.376704573631287e-01
    6.956499814987183e-01     1.000000000000000e+00     1.303322553634644e+00
    3.475168645381927e-01     1.000000000000000e+00    -9.945366978645325e-01
    0.000000000000000e+00     0.000000000000000e+00     1.339605599641800e-01
    1.000000000000000e+00     8.695507049560547e-01    -1.950206607580185e-01
    0.000000000000000e+00     0.000000000000000e+00     2.990666329860687e-01
    4.373256862163544e-01     1.000000000000000e+00     1.125169038772583e+00
    0.000000000000000e+00     0.000000000000000e+00     3.244657814502716e-01
    0.000000000000000e+00     0.000000000000000e+00    -1.219133008271456e-02
    0.000000000000000e+00     0.000000000000000e+00     1.546010851860046e+00
    0.000000000000000e+00     0.000000000000000e+00     8.337032794952393e-02
    1.000000000000000e+00     7.540531754493713e-01     1.504606485366821e+00
    0.000000000000000e+00     0.000000000000000e+00    -1.220539733767509e-01
    7.180942893028259e-01     1.000000000000000e+00     6.159719228744507e-01
    9.213894009590149e-01     1.000000000000000e+00     1.865140080451965e+00
    3.982431292533875e-01     1.000000000000000e+00    -1.554102897644043e+00
    6.574362516403198e-01     1.000000000000000e+00     4.603254199028015e-01
    1.000000000000000e+00     5.987608432769775e-01     7.587941884994507e-01
    7.457739710807800e-01     1.000000000000000e+00     7.734166383743286e-01
    1.000000000000000e+00     7.125572562217712e-01    -1.657356619834900e+00
    0.000000000000000e+00     0.000000000000000e+00    -1.974704027175903e+00
    1.000000000000000e+00     5.826781988143921e-01    -7.900886535644531e-01
    0.000000000000000e+00     0.000000000000000e+00    -1.668696478009224e-02
    0.000000000000000e+00     0.000000000000000e+00     3.889940977096558e-01
    2.361830919981003e-01     1.000000000000000e+00     1.187933921813965e+00
    3.497944176197052e-01     1.000000000000000e+00    -2.387427240610123e-01
    1.000000000000000e+00     8.136406540870667e-01     7.366636991500854e-01
    0.000000000000000e+00     0.000000000000000e+00     8.237433433532715e-01
    0.000000000000000e+00     0.000000000000000e+00     4.797962903976440e-01
    4.694213271141052e-01     1.000000000000000e+00     1.735290288925171e+00
    0.000000000000000e+00     0.000000000000000e+00    -1.030364751815796e+00
    1.000000000000000e+00     9.031050801277161e-01    -3.534227013587952e-01
    9.372195601463318e-01     1.000000000000000e+00     9.482494592666626e-01
    0.000000000000000e+00     0.000000000000000e+00     3.108622431755066e-01
    5.530925393104553e-01     1.000000000000000e+00    -2.955075204372406e-01
    0.000000000000000e+00     0.000000000000000e+00    -1.142074316740036e-01
    0.000000000000000e+00     0.000000000000000e+00    -3.769618272781372e-01
    3.510008752346039e-01     1.000000000000000e+00    -2.574958562850952e+00
    0.000000000000000e+00     0.000000000000000e+00    -7.159967422485352e-01
    5.056964755058289e-01     1.000000000000000e+00     8.023111224174500e-01
    0.000000000000000e+00     0.000000000000000e+00     1.196488022804260e+00
    0.000000000000000e+00     0.000000000000000e+00     2.276908874511719e+00
    9.526274204254150e-01     1.000000000000000e+00    -3.808500766754150e-01
    0.000000000000000e+00     0.000000000000000e+00     6.033713370561600e-02
    1.000000000000000e+00     3.990129232406616e-01    -2.742781937122345e-01
    1.000000000000000e+00     4.712553322315216e-01    -1.307731568813324e-01
    1.000000000000000e+00     6.791470050811768e-01    -1.713383793830872e+00
    0.000000000000000e+00     0.000000000000000e+00     1.630586862564087e+00
    0.000000000000000e+00     0.000000000000000e+00     7.853916883468628e-01
    0.000000000000000e+00     0.000000000000000e+00    -1.737177371978760e-02
    0.000000000000000e+00     0.000000000000000e+00    -1.074751392006874e-01
    0.000000000000000e+00     0.000000000000000e+00     5.712743401527405e-01
    4.651013314723969e-01     1.000000000000000e+00     4.208537638187408e-01
    0.000000000000000e+00     0.000000000000000e+00    -1.116909623146057e+00
    6.407874822616577e-01     1.000000000000000e+00    -1.069674789905548e-01
    1.000000000000000e+00     7.314673066139221e-01    -6.225703358650208e-01
    1.000000000000000e+00     5.836063623428345e-01     4.664539396762848e-01
    0.000000000000000e+00     0.000000000000000e+00     1.137874364852905e+00
    0.000000000000000e+00     0.000000000000000e+00    -1.042488098144531e+00
    0.000000000000000e+00     0.000000000000000e+00    -2.041356801986694e+00
    0.000000000000000e+00     0.000000000000000e+00    -1.793300628662109e+00
    1.000000000000000e+00     5.328468084335327e-01    -1.900255680084229e+00
    0.000000000000000e+00     0.000000000000000e+00    -3.192243278026581e-01
    1.000000000000000e+00     6.250272989273071e-01    -7.072460055351257e-01
    0.000000000000000e+00     0.000000000000000e+00    -5.338191986083984e-01
    2.320002764463425e-01     1.000000000000000e+00    -2.040553331375122e+00
    0.000000000000000e+00     0.000000000000000e+00     1.109503984451294e+00
    1.000000000000000e+00     6.842916011810303e-01     1.005765795707703e+00
    4.275747835636139e-01     1.000000000000000e+00     3.762736916542053e-01
    1.000000000000000e+00     4.372849762439728e-01     3.754445612430573e-01
    0.000000000000000e+00     0.000000000000000e+00    -5.633689165115356e-01
    7.233060598373413e-01     1.000000000000000e+00     1.065791010856628e+00
    1.000000000000000e+00     4.770995676517487e-01     1.293877661228180e-01
    0.000000000000000e+00     0.000000000000000e+00    -2.590593397617340e-01
    0.000000000000000e+00     0.000000000000000e+00    -8.028749376535416e-02
    0.000000000000000e+00     0.000000000000000e+00    -4.677003324031830e-01
    2.100459933280945e-01     1.000000000000000e+00    -1.140274882316589e+00
    0.000000000000000e+00     0.000000000000000e+00     2.529506921768188e+00
    5.086209774017334e-01     1.000000000000000e+00    -7.250078916549683e-01
    0.000000000000000e+00     0.000000000000000e+00     1.871709942817688e+00
    6.997063755989075e-01     1.000000000000000e+00     7.872079014778137e-01
    1.534601300954819e-01     1.000000000000000e+00    -6.429488658905029e-01
    1.000000000000000e+00     6.290377378463745e-01     6.941196918487549e-01
    5.920706987380981e-01     1.000000000000000e+00    -5.993523001670837e-01
    1.000000000000000e+00     3.976291418075562e-01     4.566685557365417e-01
    0.000000000000000e+00     0.000000000000000e+00     3.614621460437775e-01
    0.000000000000000e+00     0.000000000000000e+00     2.553246617317200e-01
    1.000000000000000e+00     8.245319128036499e-01     6.147816777229309e-01
    0.000000000000000e+00     0.000000000000000e+00    -1.843806356191635e-01
    0.000000000000000e+00     0.000000000000000e+00     1.068114638328552e+00
    1.000000000000000e+00     7.109525799751282e-01     1.625408291816711e+00
    1.000000000000000e+00     8.827468156814575e-01    -1.647221565246582e+00
    5.959528684616089e-01     1.000000000000000e+00    -1.050149321556091e+00
    1.000000000000000e+00     7.189621925354004e-01     2.043990850448608e+00
    3.319175839424133e-01     1.000000000000000e+00    -4.959134161472321e-01
    1.000000000000000e+00     6.778894066810608e-01    -3.910776674747467e-01
    1.117537021636963e-01     1.000000000000000e+00    -6.030296087265015e-01
    0.000000000000000e+00     0.000000000000000e+00     6.686650514602661e-01
    0.000000000000000e+00     0.000000000000000e+00     1.944904446601868e+00
    0.000000000000000e+00     0.000000000000000e+00    -1.633637070655823e+00
    8.793739974498749e-02     1.000000000000000e+00     5.907083153724670e-01
    3.261484205722809e-01     1.000000000000000e+00    -4.039106369018555e-01
    5.711375474929810e-01     1.000000000000000e+00     9.681087732315063e-01
    0.000000000000000e+00     0.000000000000000e+00     1.500341445207596e-01
    1.000000000000000e+00     9.289182424545288e-01     3.578815162181854e-01
    0.000000000000000e+00     0.000000000000000e+00     9.374460577964783e-01
    6.763068586587906e-02     1.000000000000000e+00    -9.684076905250549e-01
    0.000000000000000e+00     0.000000000000000e+00     2.317924052476883e-01
    0.000000000000000e+00     0.000000000000000e+00     7.359296083450317e-01
    4.067764282226562e-01     1.000000000000000e+00    -3.692905604839325e-02
    1.000000000000000e+00     6.403604149818420e-01    -6.317838430404663e-01
    1.000000000000000e+00     5.867534279823303e-01     9.452221393585205e-01
    6.114965081214905e-01     1.000000000000000e+00     7.397162914276123e-01
    0.000000000000000e+00     0.000000000000000e+00     9.524082541465759e-01
    0.000000000000000e+00     0.000000000000000e+00     2.055161952972412e+00
    0.000000000000000e+00     0.000000000000000e+00     4.105515778064728e-01
    1.598549932241440e-01     1.000000000000000e+00     4.274085164070129e-01
    0.000000000000000e+00     0.000000000000000e+00    -7.110247611999512e-01
    0.000000000000000e+00     0.000000000000000e+00    -3.622135221958160e-01
    0.000000000000000e+00     0.000000000000000e+00    -2.318118661642075e-01
    1.628363877534866e-01     1.000000000000000e+00     7.520691156387329e-01
    1.000000000000000e+00     3.773860931396484e-01    -6.992419064044952e-02
    0.000000000000000e+00     0.000000000000000e+00     9.631397724151611e-01
    0.000000000000000e+00     0.000000000000000e+00    -1.162241935729980e+00
    0.000000000000000e+00     0.000000000000000e+00     6.639751195907593e-01
    0.000000000000000e+00     0.000000000000000e+00    -4.736065864562988e-01
    1.000000000000000e+00     6.424692273139954e-01    -6.368628144264221e-01
    1.607887595891953e-01     1.000000000000000e+00    -3.013058602809906e-01
    4.897429421544075e-02     1.000000000000000e+00    -4.261324405670166e-01
    0.000000000000000e+00     0.000000000000000e+00    -1.473341941833496e+00
    1.000000000000000e+00     5.101622343063354e-01    -3.590718284249306e-02
    1.645054370164871e-01     1.000000000000000e+00    -4.817233681678772e-01
    0.000000000000000e+00     0.000000000000000e+00    -3.346990048885345e-01
    1.576191335916519e-01     1.000000000000000e+00     1.462221026420593e+00
    0.000000000000000e+00     0.000000000000000e+00     6.060634851455688e-01
    7.075939774513245e-01     1.000000000000000e+00    -1.056912541389465e+00
    3.336503803730011e-01     1.000000000000000e+00     3.855073451995850e-02
    5.014633536338806e-01     1.000000000000000e+00     8.816629052162170e-01
    1.000000000000000e+00     6.700794100761414e-01    -1.281285524368286e+00
    0.000000000000000e+00     0.000000000000000e+00    -2.834931313991547e-01
    1.166859045624733e-01     1.000000000000000e+00    -3.885584473609924e-01
    0.000000000000000e+00     0.000000000000000e+00     9.860356897115707e-02
    6.050705313682556e-01     1.000000000000000e+00    -8.645412325859070e-01
    1.000000000000000e+00     6.151490211486816e-01     1.899308085441589e+00
    1.000000000000000e+00     8.806064724922180e-01     1.943164616823196e-01
    7.028273344039917e-01     1.000000000000000e+00    -1.457903623580933e+00
    8.603916764259338e-01     1.000000000000000e+00     2.390008211135864e+00
    0.000000000000000e+00     0.000000000000000e+00    -2.980277836322784e-01
    0.000000000000000e+00     0.000000000000000e+00    -1.815739572048187e-01
    6.097270846366882e-01     1.000000000000000e+00     9.916681796312332e-02
    0.000000000000000e+00     0.000000000000000e+00    -1.668773412704468e+00
    0.000000000000000e+00     0.000000000000000e+00    -4.415658414363861e-01
    2.155541181564331e-01     1.000000000000000e+00    -6.117106080055237e-01
    4.075899720191956e-03     1.000000000000000e+00    -8.443239927291870e-01
    1.000000000000000e+00     6.264090538024902e-01     2.887071371078491e-01
    0.000000000000000e+00     0.000000000000000e+00    -6.435268372297287e-02
    3.900563120841980e-01     1.000000000000000e+00     1.134664177894592e+00
    0.000000000000000e+00     0.000000000000000e+00    -9.995056390762329e-01
    0.000000000000000e+00     0.000000000000000e+00     8.604655265808105e-01
    0.000000000000000e+00     0.000000000000000e+00     7.806577682495117e-01
    0.000000000000000e+00     0.000000000000000e+00    -7.643452286720276e-02
    7.106005679816008e-03     1.000000000000000e+00     3.637292385101318e-01
    0.000000000000000e+00     0.000000000000000e+00    -1.552232503890991e+00
    0.000000000000000e+00     0.000000000000000e+00     7.213132381439209e-01
    1.000000000000000e+00     5.409061312675476e-01    -8.847249746322632e-01
    1.000000000000000e+00     6.259645819664001e-01    -6.967945098876953e-01
    0.000000000000000e+00     0.000000000000000e+00     1.498579680919647e-01
    0.000000000000000e+00     0.000000000000000e+00     1.543810606002808e+00
    0.000000000000000e+00     0.000000000000000e+00     1.720627069473267e+00
    2.760039567947388e-01     1.000000000000000e+00    -8.916537165641785e-01
    1.000000000000000e+00     7.854654788970947e-01     1.913104891777039e+00
    0.000000000000000e+00     0.000000000000000e+00    -1.184772849082947e+00
    0.000000000000000e+00     0.000000000000000e+00    -6.749694943428040e-01
    0.000000000000000e+00     0.000000000000000e+00    -1.470882296562195e-01
    0.000000000000000e+00     0.000000000000000e+00    -1.174983739852905e+00
    0.000000000000000e+00     0.000000000000000e+00    -6.156023964285851e-02
    0.000000000000000e+00     0.000000000000000e+00     5.430068969726562e-01
    1.000000000000000e+00     7.955554723739624e-01    -1.840118169784546e+00
    0.000000000000000e+00     0.000000000000000e+00     2.005570232868195e-01
    1.650002896785736e-01     1.000000000000000e+00     3.370197415351868e-01
    1.000000000000000e+00     5.545160770416260e-01    -6.021535992622375e-01
    1.000000000000000e+00     4.677602350711823e-01     3.564700186252594e-01
    3.535268008708954e-01     1.000000000000000e+00     6.180641651153564e-01
    1.000000000000000e+00     6.502394676208496e-01     1.242573857307434e+00
    0.000000000000000e+00     0.000000000000000e+00     5.259537696838379e-01
    2.543609440326691e-01     1.000000000000000e+00     1.269910097122192e+00
    4.820660948753357e-01     1.000000000000000e+00     6.040683388710022e-01
    1.000000000000000e+00     8.916440010070801e-01    -3.306956887245178e-01
    0.000000000000000e+00     0.000000000000000e+00    -2.101291120052338e-01
    0.000000000000000e+00     0.000000000000000e+00    -1.317738890647888e+00
    7.974804043769836e-01     1.000000000000000e+00     6.465591788291931e-01
    1.000000000000000e+00     7.341029047966003e-01    -1.148898363113403e+00
    3.582894504070282e-01     1.000000000000000e+00    -9.750982522964478e-01
    1.000000000000000e+00     9.360859394073486e-01    -5.444806814193726e-01
    0.000000000000000e+00     0.000000000000000e+00     9.060878753662109e-01
    0.000000000000000e+00     0.000000000000000e+00     5.310456156730652e-01
    1.562718302011490e-01     1.000000000000000e+00    -1.295305967330933e+00
    0.000000000000000e+00     0.000000000000000e+00    -2.008398294448853e+00
    0.000000000000000e+00     0.000000000000000e+00    -2.395622014999390e+00
    0.000000000000000e+00     0.000000000000000e+00     2.090914487838745e+00
    3.395064473152161e-01     1.000000000000000e+00     3.438938558101654e-01
    0.000000000000000e+00     0.000000000000000e+00    -1.273629665374756e+00
    0.000000000000000e+00     0.000000000000000e+00    -5.019816160202026e-01
    0.000000000000000e+00     0.000000000000000e+00    -1.135998249053955e+00
    0.000000000000000e+00     0.000000000000000e+00     1.760368943214417e+00
    0.000000000000000e+00     0.000000000000000e+00    -1.021679956465960e-02
    1.000000000000000e+00     4.680871069431305e-01     1.165856719017029e+00
    5.420306921005249e-01     1.000000000000000e+00     2.512737989425659e+00
    2.847882732748985e-02     1.000000000000000e+00    -4.900576919317245e-02
    0.000000000000000e+00     0.000000000000000e+00     1.062450170516968e+00
    1.000000000000000e+00     8.892937302589417e-01     1.127395033836365e+00
    1.000000000000000e+00     9.356561899185181e-01    -1.457349769771099e-02
    0.000000000000000e+00     0.000000000000000e+00    -1.762898445129395e+00
    8.037903308868408e-01     1.000000000000000e+00     6.779655814170837e-01
    0.000000000000000e+00     0.000000000000000e+00     2.335541725158691e+00
    0.000000000000000e+00     0.000000000000000e+00     1.027303338050842e+00
    0.000000000000000e+00     0.000000000000000e+00     1.840316653251648e-01
    0.000000000000000e+00     0.000000000000000e+00     2.209384679794312e+00
    0.000000000000000e+00     0.000000000000000e+00     1.068727612495422e+00
    1.000000000000000e+00     9.843019247055054e-01    -9.969307780265808e-01
    4.208093881607056e-01     1.000000000000000e+00    -5.476312041282654e-01
    0.000000000000000e+00     0.000000000000000e+00     5.001431703567505e-02
    3.610349085647613e-04     1.000000000000000e+00     1.489729523658752e+00
    1.000000000000000e+00     9.056089520454407e-01    -5.806779861450195e-01
    7.492028474807739e-01     1.000000000000000e+00     7.267305161803961e-03
    0.000000000000000e+00     0.000000000000000e+00     1.349075585603714e-01
    0.000000000000000e+00     0.000000000000000e+00     9.247425794601440e-01
    0.000000000000000e+00     0.000000000000000e+00     1.075785875320435e+00
    1.421215981245041e-01     1.000000000000000e+00     3.342208564281464e-01
    0.000000000000000e+00     0.000000000000000e+00    -2.768205106258392e-01
    1.000000000000000e+00     5.383866429328918e-01    -6.770207285881042e-01
    1.000000000000000e+00     5.432497859001160e-01     1.408573985099792e+00
    0.000000000000000e+00     0.000000000000000e+00    -2.619766891002655e-01
    0.000000000000000e+00     0.000000000000000e+00     4.590156078338623e-01
    1.000000000000000e+00     7.420999407768250e-01     1.931709237396717e-02
    0.000000000000000e+00     0.000000000000000e+00    -1.008426189422607e+00
    0.000000000000000e+00     0.000000000000000e+00    -6.722803711891174e-01
    1.000000000000000e+00     9.397776722908020e-01    -1.891702264547348e-01
    0.000000000000000e+00     0.000000000000000e+00    -2.621012628078461e-01
    1.000000000000000e+00     5.799537897109985e-01    -1.494316816329956e+00
    0.000000000000000e+00     0.000000000000000e+00     1.405102252960205e+00
    0.000000000000000e+00     0.000000000000000e+00    -5.425293445587158e-01
    0.000000000000000e+00     0.000000000000000e+00     2.325478076934814e+00
    0.000000000000000e+00     0.000000000000000e+00    -2.734878659248352e-01
    1.000000000000000e+00     4.827762544155121e-01     2.966280281543732e-01
    3.273532167077065e-02     1.000000000000000e+00    -1.901008725166321e+00
    0.000000000000000e+00     0.000000000000000e+00    -1.902746409177780e-01
    0.000000000000000e+00     0.000000000000000e+00    -3.467527031898499e-01
    6.069156527519226e-01     1.000000000000000e+00    -3.812400102615356e-01
    5.681479573249817e-01     1.000000000000000e+00    -3.924716711044312e-01
    1.332160979509354e-01     1.000000000000000e+00    -1.508842259645462e-01
    5.439157783985138e-02     1.000000000000000e+00     4.584288001060486e-01
    0.000000000000000e+00     0.000000000000000e+00     2.997107505798340e-01
    0.000000000000000e+00     0.000000000000000e+00     1.170693993568420e+00
    0.000000000000000e+00     0.000000000000000e+00     3.724484443664551e-01
    1.000000000000000e+00     7.860302329063416e-01    -8.150637745857239e-01
    0.000000000000000e+00     0.000000000000000e+00    -1.352241516113281e+00
    3.656313121318817e-01     1.000000000000000e+00     1.564267158508301e+00
    6.649056077003479e-01     1.000000000000000e+00     1.196329355239868e+00
    0.000000000000000e+00     0.000000000000000e+00     2.841133773326874e-01
    0.000000000000000e+00     0.000000000000000e+00     8.970391750335693e-01
    0.000000000000000e+00     0.000000000000000e+00    -2.926748275756836e+00
    0.000000000000000e+00     0.000000000000000e+00     1.343444466590881e+00
    0.000000000000000e+00     0.000000000000000e+00    -7.977360486984253e-01
    9.946908056735992e-02     1.000000000000000e+00     7.867721319198608e-01
    0.000000000000000e+00     0.000000000000000e+00    -1.559311337769032e-02
    0.000000000000000e+00     0.000000000000000e+00    -4.036175310611725e-01
    0.000000000000000e+00     0.000000000000000e+00     4.585568904876709e-01
    0.000000000000000e+00     0.000000000000000e+00    -4.659877419471741e-01
    1.000000000000000e+00     8.172426223754883e-01     1.146173834800720e+00
    1.000000000000000e+00     4.444061219692230e-01     1.480096578598022e-01
    2.350989133119583e-01     1.000000000000000e+00    -4.935685098171234e-01
    9.707528948783875e-01     1.000000000000000e+00     1.027845382690430e+00
    1.249417811632156e-01     1.000000000000000e+00     5.477778911590576e-01
    0.000000000000000e+00     0.000000000000000e+00     3.299194276332855e-01
    1.000000000000000e+00     9.844868779182434e-01    -3.621304631233215e-01
    0.000000000000000e+00     0.000000000000000e+00     1.992900609970093e+00
    9.886092543601990e-01     1.000000000000000e+00    -1.200248479843140e+00
    1.000000000000000e+00     7.897266745567322e-01     7.446433603763580e-02
    1.000000000000000e+00     5.007756352424622e-01     1.964199900627136e+00
    0.000000000000000e+00     0.000000000000000e+00     5.327145457267761e-01
    5.380975604057312e-01     1.000000000000000e+00     1.043156623840332e+00
    1.000000000000000e+00     8.473200201988220e-01     1.880967319011688e-01
    0.000000000000000e+00     0.000000000000000e+00     2.710684537887573e-01
    0.000000000000000e+00     0.000000000000000e+00    -2.424814999103546e-01
    3.106067180633545e-01     1.000000000000000e+00     1.054765820503235e+00
    1.000000000000000e+00     5.170959234237671e-01     1.480424404144287e+00
    0.000000000000000e+00     0.000000000000000e+00     5.690437555313110e-01
    1.000000000000000e+00     6.533871889114380e-01    -3.040127158164978e-01
    0.000000000000000e+00     0.000000000000000e+00    -8.095253109931946e-01
    0.000000000000000e+00     0.000000000000000e+00     2.504294216632843e-01
    0.000000000000000e+00     0.000000000000000e+00     1.695773124694824e+00
    6.771883368492126e-01     1.000000000000000e+00    -5.235649943351746e-01
    1.860123686492443e-02     1.000000000000000e+00     8.286062479019165e-01
    1.838051527738571e-01     1.000000000000000e+00    -8.266276121139526e-02
    0.000000000000000e+00     0.000000000000000e+00     1.582150220870972e+00
    1.000000000000000e+00     5.224905610084534e-01     1.945369601249695e+00
    7.511388510465622e-02     1.000000000000000e+00    -1.198669433593750e+00
    0.000000000000000e+00     0.000000000000000e+00    -1.146362066268921e+00
    0.000000000000000e+00     0.000000000000000e+00     1.669306039810181e+00
    0.000000000000000e+00     0.000000000000000e+00     3.219074010848999e-02
    1.000000000000000e+00     4.356589615345001e-01     3.902292549610138e-01
    2.818223536014557e-01     1.000000000000000e+00    -1.361816883087158e+00
    0.000000000000000e+00     0.000000000000000e+00    -1.604380607604980e+00
    1.000000000000000e+00     8.120827078819275e-01    -8.522614836692810e-01
    0.000000000000000e+00     0.000000000000000e+00     3.158054053783417e-01
    0.000000000000000e+00     0.000000000000000e+00    -2.667852044105530e-01
    8.339809775352478e-01     1.000000000000000e+00    -1.116538271307945e-01
    9.723246842622757e-02     1.000000000000000e+00    -4.528111517429352e-01
    2.365653514862061e-01     1.000000000000000e+00    -3.061739206314087e-01
    5.542829632759094e-01     1.000000000000000e+00     1.212406635284424e+00
    6.905685663223267e-01     1.000000000000000e+00     7.142167091369629e-01
    1.000000000000000e+00     6.385562419891357e-01     1.962680220603943e-01
    1.000000000000000e+00     8.719381093978882e-01    -3.088016510009766e-01
    0.000000000000000e+00     0.000000000000000e+00    -1.198796629905701e+00
    0.000000000000000e+00     0.000000000000000e+00    -1.437839984893799e+00
    5.677706599235535e-01     1.000000000000000e+00    -5.308702588081360e-01
    9.203480482101440e-01     1.000000000000000e+00    -5.179238319396973e-01
    0.000000000000000e+00     0.000000000000000e+00     1.343330740928650e+00
    1.000000000000000e+00     7.243220806121826e-01     6.682383418083191e-01
    3.584336116909981e-02     1.000000000000000e+00    -2.644745111465454e+00
    8.897219896316528e-01     1.000000000000000e+00     7.974315285682678e-01
    3.228900730609894e-01     1.000000000000000e+00     2.712618708610535e-01
    0.000000000000000e+00     0.000000000000000e+00    -1.066875576972961e+00
    2.109967619180679e-01     1.000000000000000e+00     9.503860473632812e-01
    0.000000000000000e+00     0.000000000000000e+00    -2.446775883436203e-01
    0.000000000000000e+00     0.000000000000000e+00    -1.973260283470154e+00
    1.000000000000000e+00     6.684330701828003e-01     1.622669219970703e+00
    0.000000000000000e+00     0.000000000000000e+00    -1.442292451858521e+00
    6.066677570343018e-01     1.000000000000000e+00     3.063169419765472e-01
    9.848610758781433e-01     1.000000000000000e+00     9.439495801925659e-01
    4.617252051830292e-01     1.000000000000000e+00     2.834167957305908e+00
    1.000000000000000e+00     6.249755620956421e-01     1.665391802787781e+00
    0.000000000000000e+00     0.000000000000000e+00    -1.768119335174561e-01
    0.000000000000000e+00     0.000000000000000e+00    -1.080831766128540e+00
    0.000000000000000e+00     0.000000000000000e+00    -1.006088852882385e+00
    1.000000000000000e+00     6.179520487785339e-01     7.716885805130005e-01
    3.198257684707642e-01     1.000000000000000e+00    -2.936137318611145e-01
    0.000000000000000e+00     0.000000000000000e+00     1.377212285995483e+00
    0.000000000000000e+00     0.000000000000000e+00    -8.932626843452454e-01
    0.000000000000000e+00     0.000000000000000e+00    -3.632489740848541e-01
    0.000000000000000e+00     0.000000000000000e+00     1.139170646667480e+00
    0.000000000000000e+00     0.000000000000000e+00    -1.394997686147690e-01
    0.000000000000000e+00     0.000000000000000e+00     7.756541371345520e-01
    0.000000000000000e+00     0.000000000000000e+00     1.285606503486633e+00
    1.000000000000000e+00     6.590441465377808e-01    -8.952873349189758e-01
    1.432752460241318e-01     1.000000000000000e+00     8.449858427047729e-01
    0.000000000000000e+00     0.000000000000000e+00    -5.549649596214294e-01
    0.000000000000000e+00     0.000000000000000e+00    -9.376146197319031e-01
    0.000000000000000e+00     0.000000000000000e+00     6.647026538848877e-01
    6.643719077110291e-01     1.000000000000000e+00     9.314939975738525e-01
    1.000000000000000e+00     8.447321057319641e-01    -8.208140134811401e-01
    7.040573358535767e-01     1.000000000000000e+00    -1.186529755592346e+00
    8.638024330139160e-01     1.000000000000000e+00    -1.085228472948074e-01
    0.000000000000000e+00     0.000000000000000e+00     2.677559852600098e-01
    1.741140931844711e-01     1.000000000000000e+00     1.055044308304787e-01
    0.000000000000000e+00     0.000000000000000e+00    -9.548900723457336e-01
    0.000000000000000e+00     0.000000000000000e+00    -4.747920334339142e-01
    0.000000000000000e+00     0.000000000000000e+00    -9.282956123352051e-01
    0.000000000000000e+00     0.000000000000000e+00     3.905673325061798e-01
    0.000000000000000e+00     0.000000000000000e+00    -1.701801180839539e+00
    7.080807685852051e-01     1.000000000000000e+00     6.077753305435181e-01
    0.000000000000000e+00     0.000000000000000e+00     7.062014192342758e-02
    4.017374515533447e-01     1.000000000000000e+00    -4.280857741832733e-01
    0.000000000000000e+00     0.000000000000000e+00    -3.537552952766418e-01
    0.000000000000000e+00     0.000000000000000e+00     1.144825100898743e+00
    0.000000000000000e+00     0.000000000000000e+00    -7.927648425102234e-01
    8.094025850296021e-01     1.000000000000000e+00    -1.614849805831909e+00
    1.946973055601120e-01     1.000000000000000e+00     1.411916732788086e+00
    0.000000000000000e+00     0.000000000000000e+00    -7.278180718421936e-01
    0.000000000000000e+00     0.000000000000000e+00     1.932564526796341e-01
    0.000000000000000e+00     0.000000000000000e+00     1.363710165023804e+00
    0.000000000000000e+00     0.000000000000000e+00     1.433216631412506e-01
    8.405524492263794e-01     1.000000000000000e+00     1.270067095756531e+00
    0.000000000000000e+00     0.000000000000000e+00    -2.037313699722290e+00
    8.976974487304688e-01     1.000000000000000e+00     2.814068645238876e-02
    0.000000000000000e+00     0.000000000000000e+00    -6.070723533630371e-01
    8.154402375221252e-01     1.000000000000000e+00    -2.519088268280029e+00
    0.000000000000000e+00     0.000000000000000e+00     3.658545911312103e-01
    0.000000000000000e+00     0.000000000000000e+00     2.448077872395515e-02
    0.000000000000000e+00     0.000000000000000e+00     1.801909089088440e+00
    1.000000000000000e+00     3.559286594390869e-01     4.589719474315643e-01
    0.000000000000000e+00     0.000000000000000e+00     1.255663275718689e+00
    0.000000000000000e+00     0.000000000000000e+00     9.371251612901688e-02
    0.000000000000000e+00     0.000000000000000e+00    -1.198151707649231e+00
    4.298439621925354e-01     1.000000000000000e+00    -2.487935304641724e+00
    3.701967000961304e-01     1.000000000000000e+00    -1.842142939567566e+00
    0.000000000000000e+00     0.000000000000000e+00     4.529472887516022e-01
    6.483093500137329e-01     1.000000000000000e+00    -3.542785942554474e-01
    0.000000000000000e+00     0.000000000000000e+00    -1.217026829719543e+00
    2.201906442642212e-01     1.000000000000000e+00    -3.876618742942810e-01
    0.000000000000000e+00     0.000000000000000e+00     5.227868556976318e-01
    1.000000000000000e+00     6.156510114669800e-01    -2.224858760833740e+00
    1.000000000000000e+00     8.196794986724854e-01     8.833841085433960e-01
    0.000000000000000e+00     0.000000000000000e+00    -2.833086252212524e-01
    5.863027274608612e-02     1.000000000000000e+00     7.719475030899048e-01
    1.000000000000000e+00     8.262006640434265e-01    -6.270989775657654e-01
    9.488320946693420e-01     1.000000000000000e+00     5.830115079879761e-01
    0.000000000000000e+00     0.000000000000000e+00     2.368999719619751e-01
    7.726122140884399e-01     1.000000000000000e+00     1.258043766021729e+00
    0.000000000000000e+00     0.000000000000000e+00     1.992283821105957e+00
    1.000000000000000e+00     7.750271558761597e-01     8.334004282951355e-01
    0.000000000000000e+00     0.000000000000000e+00    -2.045630812644958e-01
    2.538294792175293e-01     1.000000000000000e+00     9.920063614845276e-01
    1.349497437477112e-01     1.000000000000000e+00    -2.642528414726257e-01
    8.672040104866028e-01     1.000000000000000e+00    -8.772766590118408e-01
    0.000000000000000e+00     0.000000000000000e+00     1.061911582946777e+00
    0.000000000000000e+00     0.000000000000000e+00    -9.089219570159912e-01
    3.264715671539307e-01     1.000000000000000e+00    -7.205153256654739e-02
    4.633218348026276e-01     1.000000000000000e+00    -9.524909257888794e-01
    1.000000000000000e+00     6.138405799865723e-01     1.362357378005981e+00
    9.909076690673828e-01     1.000000000000000e+00     1.887737393379211e+00
    3.075516521930695e-01     1.000000000000000e+00    -6.157799363136292e-01
    8.128744959831238e-01     1.000000000000000e+00    -1.885125160217285e+00
    9.622523188591003e-01     1.000000000000000e+00     2.190706253051758e+00
    0.000000000000000e+00     0.000000000000000e+00    -1.664582729339600e+00
    4.818653464317322e-01     1.000000000000000e+00    -2.321842432022095e+00
    0.000000000000000e+00     0.000000000000000e+00    -6.553652137517929e-02
    1.000000000000000e+00     5.885826349258423e-01     1.295760273933411e+00
    1.000000000000000e+00     4.440493881702423e-01     1.052085518836975e+00
    0.000000000000000e+00     0.000000000000000e+00    -1.226685345172882e-01
    0.000000000000000e+00     0.000000000000000e+00    -1.094172596931458e-01
    0.000000000000000e+00     0.000000000000000e+00     1.096471428871155e+00
    0.000000000000000e+00     0.000000000000000e+00    -3.138143122196198e-01
    1.000000000000000e+00     9.452055692672729e-01     1.149687528610229e+00
    0.000000000000000e+00     0.000000000000000e+00    -8.436344861984253e-01
    0.000000000000000e+00     0.000000000000000e+00     1.018706679344177e+00
    7.117704302072525e-02     1.000000000000000e+00     1.071041226387024e+00
    4.627175629138947e-01     1.000000000000000e+00     3.036248087882996e-01
    5.737420171499252e-02     1.000000000000000e+00     1.465043902397156e+00
    6.538520753383636e-02     1.000000000000000e+00    -1.749463438987732e+00
    9.336940050125122e-01     1.000000000000000e+00     1.367958188056946e+00
    8.408322334289551e-01     1.000000000000000e+00    -1.291677594184875e+00
    2.292336523532867e-01     1.000000000000000e+00    -1.231702804565430e+00
    1.000000000000000e+00     7.420611977577209e-01     1.747338056564331e+00
    9.574456214904785e-01     1.000000000000000e+00    -2.424478679895401e-01
    0.000000000000000e+00     0.000000000000000e+00    -8.322537541389465e-01
    1.000000000000000e+00     6.055384874343872e-01     6.027258187532425e-02
    0.000000000000000e+00     0.000000000000000e+00    -3.883555531501770e-01
    3.550418019294739e-01     1.000000000000000e+00    -3.224879205226898e-01
    0.000000000000000e+00     0.000000000000000e+00     7.427245974540710e-01
    0.000000000000000e+00     0.000000000000000e+00     1.418966531753540e+00
    4.634211957454681e-01     1.000000000000000e+00     2.082687914371490e-01
    0.000000000000000e+00     0.000000000000000e+00    -2.823435366153717e-01
    0.000000000000000e+00     0.000000000000000e+00    -4.439599514007568e-01
    0.000000000000000e+00     0.000000000000000e+00    -4.271723926067352e-01
    0.000000000000000e+00     0.000000000000000e+00     7.471228837966919e-01
    1.083615571260452e-01     1.000000000000000e+00     1.571981549263000e+00
    1.000000000000000e+00     8.311293125152588e-01    -2.708620391786098e-02
    0.000000000000000e+00     0.000000000000000e+00     4.442970454692841e-01
    7.260801792144775e-01     1.000000000000000e+00    -3.836019337177277e-01
    7.588200569152832e-01     1.000000000000000e+00     2.352530002593994e+00
    5.645722150802612e-01     1.000000000000000e+00     1.169073104858398e+00
    0.000000000000000e+00     0.000000000000000e+00    -1.469493508338928e+00
    1.000000000000000e+00     6.105856299400330e-01    -4.332122802734375e-01
    1.000000000000000e+00     3.638507723808289e-01    -9.355459213256836e-01
    9.010933339595795e-02     1.000000000000000e+00    -1.036047190427780e-01
    3.000156283378601e-01     1.000000000000000e+00     2.677807331085205e+00
    0.000000000000000e+00     0.000000000000000e+00    -2.175585925579071e-01
    5.871441364288330e-01     1.000000000000000e+00    -5.260384678840637e-01
    4.928072988986969e-01     1.000000000000000e+00     6.000694036483765e-01
    1.000000000000000e+00     7.385638356208801e-01     7.065725922584534e-01
    0.000000000000000e+00     0.000000000000000e+00    -2.360533624887466e-01
    1.000000000000000e+00     6.686187386512756e-01    -1.096365213394165e+00
    0.000000000000000e+00     0.000000000000000e+00    -7.103240489959717e-01
    0.000000000000000e+00     0.000000000000000e+00     6.729796528816223e-01
    0.000000000000000e+00     0.000000000000000e+00     6.223565340042114e-01
    5.073633790016174e-01     1.000000000000000e+00    -5.273393988609314e-01
    0.000000000000000e+00     0.000000000000000e+00     1.201330900192261e+00
    0.000000000000000e+00     0.000000000000000e+00    -2.592338919639587e-01
    0.000000000000000e+00     0.000000000000000e+00    -1.675205469131470e+00
    0.000000000000000e+00     0.000000000000000e+00     2.244055569171906e-01
    0.000000000000000e+00     0.000000000000000e+00    -1.191575288772583e+00
    0.000000000000000e+00     0.000000000000000e+00     4.400236010551453e-01
    0.000000000000000e+00     0.000000000000000e+00     7.039648890495300e-01
    3.774409294128418e-01     1.000000000000000e+00     1.605077743530273e+00
    0.000000000000000e+00     0.000000000000000e+00    -9.477135539054871e-01
    1.000000000000000e+00     7.203520536422729e-01     5.083637833595276e-01
    0.000000000000000e+00     0.000000000000000e+00    -7.705571651458740e-01
    0.000000000000000e+00     0.000000000000000e+00     1.157288625836372e-01
    1.000000000000000e+00     7.966812252998352e-01    -1.901846170425415e+00
    0.000000000000000e+00     0.000000000000000e+00    -6.784632205963135e-01
    0.000000000000000e+00     0.000000000000000e+00    -6.421061158180237e-01
    4.937990382313728e-02     1.000000000000000e+00     1.070058822631836e+00
    0.000000000000000e+00     0.000000000000000e+00    -7.236747145652771e-01
    9.386541843414307e-01     1.000000000000000e+00    -2.755887508392334e-01
    0.000000000000000e+00     0.000000000000000e+00     3.419594764709473e-01
    0.000000000000000e+00     0.000000000000000e+00    -3.085379600524902e-01
    1.025060638785362e-01     1.000000000000000e+00    -2.505964636802673e-01
    1.000000000000000e+00     4.932480752468109e-01     1.281396985054016e+00
    0.000000000000000e+00     0.000000000000000e+00    -2.712192833423615e-01
    0.000000000000000e+00     0.000000000000000e+00     5.567343831062317e-01
    1.333075910806656e-01     1.000000000000000e+00    -2.415240406990051e-01
    0.000000000000000e+00     0.000000000000000e+00     2.622453689575195e+00
    0.000000000000000e+00     0.000000000000000e+00     9.165400266647339e-01
    0.000000000000000e+00     0.000000000000000e+00     2.346450567245483e+00
    0.000000000000000e+00     0.000000000000000e+00    -5.907354354858398e-01
    6.970210671424866e-01     1.000000000000000e+00    -2.306440591812134e+00
    9.772189259529114e-01     1.000000000000000e+00     2.245813846588135e+00
    0.000000000000000e+00     0.000000000000000e+00    -4.696827847510576e-03
    1.000000000000000e+00     7.181644439697266e-01    -3.368684649467468e-01
    0.000000000000000e+00     0.000000000000000e+00     5.298864245414734e-01
    0.000000000000000e+00     0.000000000000000e+00    -3.737197220325470e-01
    1.000000000000000e+00     7.719843387603760e-01     7.571064233779907e-01
    3.687125742435455e-01     1.000000000000000e+00    -5.479936599731445e-01
    1.810349375009537e-01     1.000000000000000e+00    -1.998556613922119e+00
    0.000000000000000e+00     0.000000000000000e+00     9.300120919942856e-02
    0.000000000000000e+00     0.000000000000000e+00     2.676782369613647e+00
    0.000000000000000e+00     0.000000000000000e+00    -8.140828609466553e-01
    5.303917527198792e-01     1.000000000000000e+00    -2.478503227233887e+00
    0.000000000000000e+00     0.000000000000000e+00     7.788497805595398e-01
    0.000000000000000e+00     0.000000000000000e+00     1.181651115417480e+00
    0.000000000000000e+00     0.000000000000000e+00     3.726789355278015e-01
    0.000000000000000e+00     0.000000000000000e+00    -3.339442014694214e-01
    1.710262149572372e-01     1.000000000000000e+00     3.965973854064941e-01
    1.000000000000000e+00     6.548545360565186e-01    -5.148504972457886e-01
    0.000000000000000e+00     0.000000000000000e+00    -5.762279033660889e-01
    0.000000000000000e+00     0.000000000000000e+00     4.409593641757965e-01
    1.000000000000000e+00     5.981734395027161e-01    -8.693994283676147e-01
    0.000000000000000e+00     0.000000000000000e+00    -1.255575895309448e+00
    1.000000000000000e+00     6.253260374069214e-01    -1.969401359558105e+00
    0.000000000000000e+00     0.000000000000000e+00    -3.539005517959595e-01
    0.000000000000000e+00     0.000000000000000e+00     7.192913293838501e-01
    0.000000000000000e+00     0.000000000000000e+00     1.596412658691406e+00
    1.545387953519821e-01     1.000000000000000e+00    -8.518342375755310e-01
    7.292215228080750e-01     1.000000000000000e+00    -4.696939289569855e-01
