    8.82666e+03     2.29308e+04     2.40769e+04
   -1.87886e+04    -1.81180e+04    -8.84465e+03
   -2.08062e+04     8.58334e+03    -2.29994e+04
    7.43190e+03    -3.29001e+04     1.32303e+04
    2.51755e+03    -1.32084e+04     2.00698e+03
   -2.36560e+03     1.65525e+04     1.92887e+04
    1.45779e+04    -7.22140e+03    -3.63554e+03
    1.40612e+04    -4.16043e+04    -8.47443e+03
    1.83499e+04    -4.94083e+03     2.52968e+04
    2.55289e+04     1.32820e+04     2.31251e+04
   -1.01096e+04     1.25674e+04    -2.09296e+04
    7.04281e+03    -9.94273e+03     4.95390e+03
   -7.84786e+03    -1.76653e+04    -1.52288e+04
   -8.39715e+03    -3.51733e+04     6.13773e+03
   -8.29254e+03     8.80282e+03    -1.78932e+04
    1.25139e+03    -2.60572e+04    -8.80993e+03
   -4.93577e+03     1.11066e+04     1.06979e+04
   -1.93158e+03    -2.01366e+04    -2.76500e+04
    1.91560e+02    -1.85971e+03     4.69669e+03
    5.68067e+03    -5.15981e+03     1.35611e+04
   -8.61242e+03    -1.27266e+04    -3.18076e+04
   -1.74539e+04    -1.54650e+04     1.90948e+04
    1.86156e+04     9.54137e+03    -2.41185e+04
   -2.84319e+04     3.07288e+04     2.03829e+04
   -1.91771e+04    -7.84983e+03     2.57259e+04
   -2.74080e+04    -3.84191e+04    -2.47116e+03
   -1.39921e+04     1.05465e+04    -2.30164e+04
    7.64919e+03    -3.08101e+04    -1.75016e+04
   -1.32839e+04     2.97509e+04    -2.85887e+04
    6.05225e+03    -3.17007e+04    -2.12997e+04
    1.22699e+04    -1.32105e+04    -1.23428e+04
   -1.22492e+04     5.19383e+03     8.30030e+03
    7.55692e+03    -2.22324e+04    -3.14656e+04
    2.22967e+04     2.82894e+04     1.32952e+04
   -6.04691e+03    -2.04585e+04    -1.00967e+04
    6.32796e+03     1.00591e+04     1.77696e+02
    6.48978e+03     3.26715e+04    -2.62433e+03
    2.47901e+03    -1.26572e+03    -1.51394e+04
   -2.18683e+04     8.31980e+03    -1.31207e+04
    2.03555e+04    -1.30410e+04    -2.49657e+04
    2.73814e+04     1.08031e+04    -5.62404e+03
    9.39308e+03     2.14421e+04    -3.27774e+04
   -7.51041e+03    -1.78126e+04     7.32159e+03
   -1.01595e+04    -1.99023e+04     1.04216e+04
   -2.12118e+04    -1.43425e+04     1.70918e+04
   -4.18963e+04    -8.89896e+03    -5.44329e+03
    3.31952e+04     9.26617e+03     1.37068e+04
   -1.24025e+04    -5.04013e+03     1.11930e+04
   -1.61433e+04     2.95101e+04    -2.78330e+04
   -4.41460e+04    -8.23029e+02    -7.54979e+03
    8.48265e+03     7.18921e+03    -1.60671e+04
   -1.98887e+04    -1.58711e+04     3.33223e+04
   -1.98733e+03    -8.74035e+02    -1.68527e+04
    2.12381e+04     9.03160e+02     3.63309e+04
   -3.28726e+04    -2.98898e+04     1.40920e+04
    1.51443e+04    -9.32990e+03    -8.09401e+03
    5.24245e+03    -2.01424e+04    -6.14021e+03
    1.35998e+04    -6.77198e+02    -1.08516e+04
   -2.17140e+04     3.91040e+04    -9.93300e+03
    1.97496e+03    -7.31592e+03    -1.50226e+04
   -6.01382e+03     2.67064e+04    -5.31356e+03
   -1.68989e+04    -1.68813e+04     2.13466e+04
   -8.44809e+03    -4.78673e+03     3.07354e+04
    1.52199e+04     4.28444e+04     3.77431e+03
   -5.45355e+03     4.97380e+03     4.34493e+03
    2.64975e+04     9.32840e+03    -6.23221e+03
   -1.09521e+04     3.43354e+03     9.69004e+03
    3.50699e+03    -3.98226e+02     8.65733e+03
    1.92024e+04     1.89489e+04    -2.21938e+04
    1.78658e+04     1.66468e+04    -2.08560e+04
   -1.30505e+02    -1.80663e+03    -2.48969e+04
   -2.45487e+04    -1.50018e+04    -9.84605e+03
   -1.53177e+04     2.75949e+03    -8.98007e+03
    1.19899e+04     9.55964e+03     6.70743e+03
    1.78551e+03     1.35966e+04    -3.98558e+03
    2.06980e+04    -1.50449e+04     9.80074e+03
   -4.28060e+03    -1.26665e+04    -1.53570e+04
   -2.22236e+04    -5.09257e+03    -1.70211e+04
    2.21277e+04     8.63625e+02    -4.82636e+03
   -7.50738e+03     2.27922e+04     1.53122e+04
   -2.57184e+04     1.07680e+04     1.90064e+04
   -2.42737e+04    -2.06393e+04     1.26870e+04
    2.24221e+04    -1.26593e+04    -1.31437e+04
   -2.25045e+04    -2.27138e+04     1.37770e+04
   -1.15091e+04    -4.05618e+04     1.04303e+03
    2.54445e+04     3.49446e+04    -2.05509e+04
   -3.08066e+02    -1.24525e+04    -3.55138e+03
    8.82933e+03    -1.58225e+04    -2.73134e+03
   -1.10277e+04    -1.23084e+04    -2.69762e+03
   -2.30732e+04     9.41994e+03     1.02371e+04
    1.13486e+04     1.61632e+04     1.13571e+04
   -1.18475e+04     1.00647e+04     4.06556e+03
   -2.21487e+04    -2.64999e+03     2.16814e+04
    2.92848e+04    -9.22540e+03    -1.39725e+04
   -1.79039e+04     2.22074e+03    -7.97492e+03
   -1.98288e+04    -3.18918e+02     2.35743e+04
   -3.92045e+03     1.70996e+04     1.16158e+04
    5.02581e+03    -1.08209e+04    -1.16505e+04
    2.06505e+04     7.74623e+03    -4.80302e+02
    9.91457e+03     1.83298e+04     1.43493e+04
    4.49877e+02    -4.16693e+03     3.97670e+03
   -1.11740e+04    -4.14746e+04    -2.09313e+04
    3.37099e+03    -1.11146e+04     4.10858e+04
   -1.21156e+04    -4.60080e+03    -1.46626e+04
    2.10550e+04    -4.59029e+03    -2.87583e+04
    1.14316e+04     1.51572e+04    -2.28878e+04
    3.55604e+04     6.70180e+03    -2.41592e+04
   -1.97518e+04    -1.32235e+04    -3.06012e+04
    2.58402e+04     2.25130e+04     1.07994e+04
    6.76287e+03    -2.15941e+03    -9.35022e+03
   -2.26105e+03     4.38921e+03     8.62301e+03
    8.09567e+03     2.18887e+04    -3.52253e+03
   -2.66724e+04     7.24063e+03     1.90328e+04
    1.03729e+04    -5.66846e+03    -1.45821e+04
    1.54243e+04    -1.46551e+04    -2.98311e+04
   -3.92392e+02     2.38728e+04    -3.27187e+04
   -2.03601e+03    -3.83300e+04     2.82816e+04
    1.83234e+04     4.06423e+04    -5.91492e+03
    3.24103e+04    -2.29932e+04     6.40278e+03
   -2.15908e+03    -7.70707e+03    -3.92284e+02
   -1.77133e+03    -7.65082e+03    -1.77173e+03
    3.24756e+04    -2.35676e+04    -1.52495e+03
    1.78806e+03    -9.64847e+03     2.14235e+03
   -1.61575e+04    -1.16085e+04    -2.00675e+03
   -7.51600e+03     2.84367e+04     3.55655e+04
    1.06300e+04     1.49039e+04     9.33542e+03
   -2.19158e+04     3.69649e+04     6.18469e+03
   -2.94191e+03    -4.48181e+03    -2.58395e+03
    2.54180e+04     2.96532e+04     3.01778e+03
    2.27103e+04     8.17726e+03    -1.28037e+04
   -5.64154e+03     1.13897e+04    -1.73149e+04
   -1.13255e+04    -7.23558e+03    -4.42867e+04
    1.39138e+04    -1.81961e+04    -1.10874e+04
   -3.49679e+03     1.47437e+04     6.85406e+03
    1.58545e+04     3.02038e+04     1.64703e+04
    1.37711e+04     1.54280e+04    -1.20255e+04
    1.54016e+04    -5.17551e+02    -7.34612e+03
    1.75256e+04     3.69409e+04     1.32289e+04
    2.39584e+02    -1.89022e+04    -1.43460e+04
   -5.46601e+03    -2.50079e+03    -6.51938e+03
    2.02602e+04     1.19143e+03    -3.19006e+03
    6.27292e+03    -4.51860e+03    -3.69173e+04
    1.02342e+04    -1.47351e+03    -9.33232e+03
   -5.39586e+03    -2.01551e+03    -2.68437e+04
    1.56211e+04     9.20833e+03     1.31254e+04
    2.16926e+04    -1.03164e+03     8.37383e+03
   -2.47082e+03    -1.81182e+04     1.69339e+04
    1.55023e+04     1.93340e+04    -1.69578e+04
   -9.77895e+03    -3.34595e+03    -1.53864e+03
   -4.73122e+03     3.24489e+04     1.11604e+04
    1.46315e+04    -2.36500e+03    -1.74684e+04
   -5.14904e+03    -9.06517e+03    -7.67014e+03
   -3.00717e+04     1.65991e+03    -1.95301e+04
    6.01650e+03     4.87070e+03    -2.74249e+04
    2.37851e+03    -1.43285e+04    -1.14039e+04
    4.50916e+03    -2.17891e+04     5.99270e+03
    3.67937e+02    -5.03754e+03    -2.06554e+04
    2.10702e+04    -1.25678e+04     8.76602e+03
   -3.87936e+03    -5.99755e+03    -1.74833e+02
   -1.10392e+04    -5.05700e+03    -6.53030e+03
    6.23294e+03     1.99284e+04     2.08467e+04
   -3.20765e+03    -9.52403e+03     2.56787e+03
    1.02035e+04    -3.16040e+03    -1.27139e+04
    1.34472e+04    -1.11297e+04    -2.17076e+04
    1.80827e+04    -7.31256e+02     9.79527e+03
    1.56784e+04    -3.40352e+04     2.38799e+04
   -1.23956e+04    -3.61156e+03    -1.04307e+04
    2.25551e+04     3.41563e+04     8.20247e+03
    3.10588e+04    -2.55114e+04    -6.71903e+03
    1.84003e+04    -3.12033e+03    -7.37623e+03
   -8.59736e+02    -1.31089e+04     1.19821e+04
   -2.21065e+04     2.47362e+04     5.74848e+03
   -1.48577e+04     3.00437e+04    -2.57257e+04
    1.26611e+04    -1.32434e+04    -3.03361e+03
    1.83842e+03     8.38134e+03    -3.28875e+04
   -2.77120e+03    -2.92089e+04    -1.38887e+04
    2.96375e+04     1.48899e+04     5.18810e+03
    1.45357e+04    -4.32495e+04     1.19680e+04
    3.38413e+02    -1.62204e+03     9.35986e+03
   -8.04263e+03    -2.54893e+04     1.19705e+03
   -1.70816e+04    -1.66108e+04    -3.31815e+04
   -2.17015e+04     8.61854e+02     1.93107e+04
    2.27395e+03     5.34753e+03     2.41206e+04
   -1.59390e+04    -4.56333e+03    -7.29207e+03
   -1.42032e+04     5.22371e+03    -3.58067e+04
    1.33644e+04     2.63957e+03    -2.92288e+04
   -2.73067e+04    -5.06021e+02    -2.27914e+02
   -1.36236e+03    -3.46190e+04     4.51195e+03
   -1.57793e+04     2.44165e+03     3.14780e+04
   -7.43872e+03     1.10325e+04    -3.93760e+03
   -3.57939e+03    -4.37581e+03    -2.36708e+04
   -3.30069e+03     1.18792e+04    -1.85452e+04
   -2.46744e+04     1.65250e+04    -1.39681e+04
   -3.37053e+02    -4.14495e+03     3.16186e+03
    6.34438e+03     6.50827e+03    -3.37647e+03
   -4.13034e+03     4.41780e+03    -3.18240e+04
   -9.38393e+03    -7.21623e+03    -5.00905e+03
    1.05478e+04     7.98235e+03     3.52407e+04
    2.63209e+03    -7.70757e+03     4.13710e+03
   -7.35551e+03     1.59184e+04    -1.32815e+03
    4.15934e+04    -5.50987e+03     1.09462e+04
   -4.44936e+03     1.72343e+04    -3.61448e+04
    1.81191e+04    -1.78649e+04     2.01786e+04
    1.93509e+04    -9.03371e+03    -3.79613e+03
   -5.17723e+03    -3.24109e+04     3.10055e+04
   -7.84560e+03    -3.69235e+04     1.00015e+04
    3.32070e+04     8.76640e+03    -2.03928e+04
   -1.05999e+04     4.23679e+03    -5.33583e+03
   -4.10396e+03     2.00906e+04    -2.43011e+04
   -2.63706e+03     4.45929e+03    -3.89326e+04
    1.19231e+04     6.90315e+03     5.02008e+03
    2.05430e+03    -3.00896e+04     3.21172e+03
   -2.09112e+04    -1.21968e+03    -8.72131e+03
   -8.21873e+03    -1.31410e+04    -1.50039e+04
   -8.75757e+03     1.97371e+04     2.04707e+04
   -5.51730e+02     3.87878e+04     1.13221e+03
   -2.20965e+04     7.68339e+03    -3.36267e+04
   -3.46472e+04    -1.81749e+04    -2.22464e+03
   -4.62309e+04     5.72571e+03     2.41236e+03
    1.51115e+04    -1.58922e+03     2.20200e+03
   -8.51757e+02     8.68799e+02    -1.27992e+04
    4.59919e+04     3.59259e+03    -1.09207e+04
    8.84948e+03    -4.72812e+03     1.98486e+04
    1.10856e+04    -1.13284e+04     4.19894e+04
   -1.25494e+04     1.68800e+04    -3.02331e+03
   -3.40479e+03    -3.63181e+03     1.00228e+04
    4.22577e+04    -1.88679e+04    -1.19046e+04
    9.03732e+03     3.79793e+04     2.16601e+04
    7.96378e+03     4.70593e+04    -3.14185e+03
   -7.38294e+03     4.08519e+03     1.19086e+04
    9.12681e+03     4.50039e+03    -2.39518e+04
   -1.55458e+04    -2.16359e+04     4.45772e+02
    2.21430e+02    -6.19517e+03    -3.83631e+03
    3.30647e+04    -1.50291e+04    -1.25528e+04
   -1.56846e+04     1.54102e+04     2.30754e+04
   -6.18653e+03     2.03702e+04    -3.59321e+04
   -1.14358e+04     1.18836e+04    -2.28643e+04
    1.71460e+04    -3.22853e+04     1.39678e+04
    3.74918e+04    -2.68314e+04     1.21928e+04
   -1.05099e+04     5.16482e+03     1.43411e+04
   -2.41827e+03     1.57260e+04    -1.63930e+04
    2.32963e+04     6.28908e+03    -4.65599e+03
    2.78864e+04     3.44903e+04     4.96172e+03
   -2.97058e+04    -2.10838e+04    -4.66426e+03
    1.87959e+04     1.48578e+04    -6.56309e+03
   -1.05136e+04     3.44374e+04    -8.84482e+03
    2.89963e+04     1.11429e+04    -7.32092e+02
   -2.55583e+04    -2.44044e+04     6.33841e+02
   -8.49327e+03    -2.54396e+04    -3.20430e+01
    1.35643e+04    -1.74746e+04    -1.38957e+04
   -4.16231e+03     1.12634e+04    -1.38434e+04
    5.73014e+02    -1.03724e+04    -1.77470e+04
   -3.88102e+04    -1.62976e+04    -2.15010e+04
    3.92694e+04     9.60125e+03    -8.11793e+03
   -1.81160e+04    -7.90943e+03     1.84181e+04
   -8.07074e+03    -1.25207e+04    -3.97529e+03
    2.81877e+03     6.32391e+03     1.99786e+04
    8.29016e+02    -2.70011e+03    -1.81120e+04
   -6.91271e+03    -5.89406e+03     3.47886e+04
    2.10048e+02    -2.23418e+04     5.65287e+03
   -1.23614e+04    -1.30796e+04     5.20206e+03
   -1.98304e+04     3.79455e+03    -7.19687e+02
    2.28149e+04    -3.10526e+04     2.72275e+04
    1.02723e+04    -4.22862e+04    -2.92717e+02
    4.73789e+03    -5.99236e+03    -1.12473e+04
   -1.01623e+03    -7.23690e+03    -1.50308e+04
   -1.06432e+04    -2.80839e+04     1.28009e+04
   -3.59470e+04     6.30845e+03     1.49828e+04
    2.68254e+04    -3.37553e+04    -5.06245e+03
   -1.47675e+04    -2.48788e+04    -1.62029e+04
    7.41474e+03     3.33230e+03    -8.36347e+03
   -2.86760e+03    -3.28364e+02     5.71723e+03
   -1.54814e+04     1.20572e+04     1.74332e+04
    3.82572e+04     7.55977e+03     7.44396e+03
   -7.14239e+03    -3.74385e+03    -1.70247e+04
    1.92769e+04    -2.64443e+04     1.98082e+04
   -2.36030e+03    -3.25313e+03    -7.41476e+03
   -1.19304e+04    -2.66362e+04     2.93520e+03
    3.98010e+04     2.06472e+04    -9.13839e+03
   -1.60940e+04     1.02025e+04     1.21843e+03
    2.18548e+04     5.89054e+03    -7.57579e+03
    1.22899e+04     2.38186e+04    -1.93670e+04
   -1.30054e+04    -5.66696e+03     1.46447e+04
    4.98402e+03     9.46938e+03     8.98026e+03
    6.20028e+03     1.28336e+04     1.74322e+04
   -2.86287e+03    -2.52560e+02    -6.33118e+03
    7.88655e+02    -4.50298e+04     1.24597e+03
    8.52443e+02     1.20919e+03    -7.34163e+03
    1.92211e+04    -1.33128e+04     3.04920e+04
   -2.04411e+03     1.16625e+04    -1.24772e+03
   -5.66427e+02     1.35171e+04    -8.49595e+03
   -3.46961e+03    -1.06110e+04     3.57206e+03
    1.42897e+04    -1.01684e+04    -1.04431e+04
    5.36410e+03    -5.51560e+02    -2.74444e+04
   -4.36289e+03    -5.33584e+03    -4.07588e+03
   -2.12426e+03     3.86359e+03    -1.89438e+04
   -5.21206e+03    -4.13149e+03     3.98190e+03
    1.39596e+03    -2.86500e+03    -1.39630e+04
   -2.15689e+04    -2.23879e+04    -3.58250e+04
    1.39010e+04     1.27167e+04     4.32609e+04
   -1.71940e+03     7.49771e+03     2.99314e+03
   -2.84147e+04     2.73402e+03    -1.12180e+04
   -6.31095e+03     2.88295e+03    -6.27207e+03
   -2.21742e+04    -1.11643e+04    -3.49164e+03
   -4.03074e+04    -6.96748e+03     2.38332e+04
    7.40394e+03     2.16932e+04     3.88412e+04
    7.15077e+03     1.22151e+04    -1.78496e+04
   -1.49849e+04    -9.32559e+01    -2.01698e+04
    3.39519e+04    -2.09237e+03    -2.45830e+04
   -1.72207e+04     1.35334e+04    -1.51551e+04
   -2.88686e+03    -1.25491e+04    -2.72457e+03
   -9.60250e+03    -8.97351e+03    -4.18659e+04
    1.73221e+04     8.24392e+03     9.55541e+03
    1.73883e+04     2.65158e+04     1.14953e+04
    6.74405e+03     1.08605e+04    -2.94944e+03
   -6.28689e+03     2.93024e+04    -1.95698e+04
   -2.99917e+04    -7.04231e+03    -6.59016e+02
    4.44323e+03    -3.02138e+04     2.46784e+04
    9.08433e+03    -8.49392e+03    -4.31038e+04
   -8.75526e+03    -1.02370e+04    -4.23961e+03
    1.87479e+04    -2.49365e+04    -1.24188e+04
   -3.04996e+04    -2.15661e+04     2.72803e+04
   -3.20024e+03     6.25625e+01     8.38424e+03
   -2.72037e+04    -6.47260e+03     1.81080e+04
    1.24314e+04    -1.03858e+04    -2.87145e+04
    2.08968e+04     7.12031e+03    -1.42071e+04
    1.32240e+03    -6.25029e+03     2.43643e+04
    8.94873e+03     1.15626e+04    -6.33614e+01
    2.77636e+04     1.07306e+04     5.24113e+03
    2.64447e+04     1.02774e+04    -7.56881e+03
   -2.69747e+04    -1.20792e+03    -8.13913e+03
   -1.75804e+04    -1.77180e+03     8.55873e+03
   -2.34461e+04     1.59347e+04     1.18126e+04
   -4.21924e+03    -4.32156e+03    -4.24093e+03
    1.47660e+04     1.19937e+04     2.34053e+04
   -6.80715e+03     1.28791e+04     5.61090e+03
    1.71003e+04    -2.33176e+02    -1.62791e+03
   -2.90740e+04     2.08140e+04     2.14357e+04
    2.85735e+04    -2.57269e+04    -2.22254e+04
   -3.29088e+04    -1.52687e+04    -2.13919e+04
    1.19554e+04    -3.61713e+03     1.97684e+04
    1.18338e+04    -1.03819e+04    -2.56553e+04
    6.07614e+03    -3.26477e+04    -9.84133e+03
    3.96166e+04     8.02475e+03     9.96730e+03
    5.13158e+03    -1.22794e+03    -7.26640e+03
   -3.24106e+03    -4.01901e+02    -6.56044e+03
    7.75559e+03     2.85547e+04    -1.73036e+04
    3.01433e+04    -3.01063e+04    -6.00587e+03
    3.07719e+03     1.87801e+04    -1.04699e+04
    5.30889e+03     6.30839e+03     2.86692e+03
   -2.05728e+03    -1.31168e+04    -3.46032e+04
    2.69695e+04    -4.48218e+03    -1.17214e+04
   -2.47461e+04    -5.61013e+03    -1.29431e+03
   -3.62724e+02     2.77245e+04     1.76281e+04
    9.78678e+03     1.36848e+03     2.91006e+04
   -3.44969e+04    -2.71033e+04     4.11001e+03
    1.79899e+04    -4.04538e+03     1.59548e+04
   -1.11421e+04     3.21532e+04    -2.75580e+03
    3.46456e+04    -1.62953e+04     7.08190e+03
    1.56355e+04     3.59330e+04    -1.04690e+04
   -1.75574e+04    -1.71134e+04     6.52702e+03
   -1.13019e+04     6.88068e+03    -7.96944e+03
   -6.80301e+03     7.90866e+03    -1.59091e+03
    2.25603e+04     5.28195e+03     5.15361e+03
    2.88246e+04    -3.14196e+04    -1.02574e+04
   -3.17755e+03    -6.03139e+03     3.49217e+03
    1.32957e+04     8.14434e+03    -3.33792e+04
   -1.89667e+04     2.52361e+04     1.35453e+04
    5.34808e+03    -2.58539e+04     1.26926e+04
   -8.86709e+03     1.97030e+04     5.82898e+03
    4.64374e+03    -1.01461e+04     8.21594e+03
   -2.03283e+04    -9.65710e+02     3.92610e+04
    4.55623e+04     6.10326e+03    -1.09870e+03
   -5.26464e+03    -1.13983e+04    -2.81644e+04
   -1.02709e+04     3.60231e+03    -7.94483e+03
    3.72556e+04    -9.96951e+03     1.66448e+04
    2.14587e+04    -3.88908e+04    -2.94635e+03
   -1.94705e+02    -5.91639e+03     3.68339e+03
   -2.03525e+04    -1.22931e+04    -3.63025e+04
   -2.69981e+04     1.21066e+03    -1.33144e+04
   -2.18538e+04     8.87417e+03     3.05975e+04
   -2.81607e+03     2.66738e+04    -2.23449e+04
   -4.95410e+03     1.81440e+04     2.96487e+03
    1.55558e+02    -6.98522e+03    -2.49796e+03
   -1.61411e+03     1.24105e+04     4.21492e+04
   -1.35776e+04    -1.91526e+03     1.79611e+04
    3.21520e+04     2.28478e+04     8.99713e+02
   -6.31576e+03    -2.71601e+04     9.55712e+03
    3.09223e+04    -2.75947e+04     1.56524e+04
   -2.77245e+04    -1.24248e+04     2.11039e+04
    2.93683e+04    -1.01870e+03    -1.13360e+04
    7.46280e+03     1.55387e+04     1.13447e+04
    3.09676e+04     2.37850e+03     3.29423e+03
   -3.37433e+04     9.34552e+03    -1.09494e+04
    8.03283e+03    -3.67251e+03     1.12883e+04
    1.56275e+04    -2.26797e+04     1.24740e+04
   -2.82873e+04     4.78507e+03     1.75939e+04
   -1.56844e+04     1.40989e+04    -2.63266e+04
    2.54286e+03     1.67317e+04    -4.37224e+04
   -8.75541e+03     2.47309e+04     6.41053e+03
   -8.43364e+03    -3.77231e+04     1.94511e+04
    1.32521e+03     3.03924e+04     1.64216e+04
    2.29666e+04     2.70751e+03     1.73802e+04
   -7.19134e+02     3.14174e+03     6.34452e+03
   -1.55252e+04     1.34520e+04    -6.76580e+03
    2.11467e+04    -9.82351e+03    -5.70205e+03
   -7.16351e+03    -3.11954e+03    -3.34777e+04
   -8.12104e+03     2.88826e+04    -2.15262e+04
   -1.30383e+04    -1.33776e+03    -1.38507e+04
   -5.71435e+03    -1.72933e+04     7.85816e+03
   -6.76345e+03     2.14370e+04     1.40208e+04
    4.05950e+03    -4.80727e+03    -1.42213e+04
    2.37033e+04    -1.59336e+04    -8.66742e+03
    1.11206e+03    -9.48080e+03    -2.48527e+04
   -2.91728e+03     4.12699e+04     1.33876e+04
    1.94965e+04    -7.93890e+03    -1.80786e+04
    1.93551e+03    -7.85486e+02    -1.34496e+04
   -3.07975e+02    -9.88809e+03     7.95455e+03
    9.71065e+03    -6.09984e+03    -4.68025e+03
    1.50978e+03     1.87685e+04    -9.26380e+02
   -1.17189e+04     3.70688e+02     1.81659e+04
    1.63112e+04    -4.12896e+04    -5.47146e+03
    4.28846e+04    -1.25861e+04    -1.70605e+04
   -5.20300e+03    -6.09063e+03    -8.85053e+03
   -4.62570e+02     1.58849e+04    -2.31263e+04
   -6.73345e+03    -1.76973e+04    -8.49713e+03
    2.89535e+03     8.00746e+02     2.59455e+04
    1.25810e+04    -2.17110e+04    -9.01226e+03
    4.09719e+03     3.30996e+04    -1.38323e+04
    3.09416e+04    -1.30317e+04     1.46470e+04
   -9.43333e+03     1.00829e+03     1.75693e+04
    2.07775e+04     2.08643e+04    -8.58668e+03
    1.88257e+04    -4.27589e+03    -2.65788e+04
    1.54898e+04     1.66339e+03    -1.79093e+04
   -9.20027e+03    -1.85058e+04     1.32309e+04
    1.48007e+04     1.79921e+04     1.85034e+03
    1.91925e+04     2.83607e+04     1.33331e+04
   -1.38084e+04    -1.88950e+04     8.72867e+02
    1.79854e+04    -2.08241e+03    -4.61640e+03
   -7.66147e+03    -2.12000e+04     2.57805e+03
    6.39349e+02    -8.48208e+03     6.58699e+03
   -6.91871e+03     1.30050e+04     1.02967e+04
   -1.16447e+04     9.33134e+03     2.68710e+03
    8.67249e+03     4.02038e+04     8.11545e+03
    2.87015e+04    -8.44694e+02     1.38048e+04
    9.52531e+03     3.40270e+03    -1.29549e+03
   -1.98789e+04     1.23525e+03    -1.23061e+04
    3.92736e+03     8.44088e+03     1.31946e+03
   -2.99112e+03    -3.22255e+03     8.45493e+03
    4.08328e+03     3.21279e+04    -1.79273e+04
   -1.79758e+03     1.73599e+04    -1.23831e+04
    3.87457e+03    -8.46117e+03    -7.03534e+03
    7.08329e+03    -2.85674e+03    -8.57923e+03
    7.32271e+03     1.95278e+04     4.26134e+03
   -1.73649e+03    -7.30251e+03     7.65905e+02
   -1.28737e+04    -3.79428e+04     1.00168e+04
   -2.15512e+03     4.13050e+04     1.73638e+03
    2.75955e+04    -1.61315e+04     1.24069e+04
   -4.04539e+04    -8.34002e+03    -6.03123e+03
   -1.69932e+04    -6.47793e+03     2.16932e+04
   -2.00310e+04     4.07119e+04     7.65647e+03
   -3.59239e+03     5.76983e+03     1.84990e+04
   -6.21971e+03     1.09360e+04     2.38961e+04
    1.33437e+04    -1.78646e+03    -2.90223e+04
   -5.56095e+03    -1.27536e+04     8.89193e+03
   -1.31852e+04    -2.29570e+04    -8.29155e+03
   -2.08956e+04    -1.06112e+04    -3.10465e+03
    4.30867e+03     1.45933e+03    -6.01843e+03
   -2.08231e+04     7.88771e+03     7.45966e+03
    3.25966e+03     1.20488e+04     8.72832e+03
    2.91722e+04     1.87948e+04    -5.60887e+03
    1.11011e+04    -1.18430e+04     1.42575e+04
    8.86993e+03     1.54057e+03     5.79708e+03
    3.50999e+04    -7.01059e+03    -1.41486e+04
   -1.69883e+04     3.20854e+04    -5.42911e+03
   -2.25565e+04     1.42596e+04     7.93185e+03
    1.27658e+04     1.45801e+04    -1.27003e+04
    1.87248e+04     1.92174e+04    -2.35359e+04
   -2.66121e+04     1.59686e+04    -8.02979e+03
   -2.00364e+04    -1.82188e+04     2.14546e+04
    2.49875e+04     2.73803e+04    -2.86705e+04
    1.84138e+04    -2.97803e+03     3.10683e+04
    8.01524e+03     1.72112e+04    -1.56585e+04
    8.65017e+02    -1.32830e+04     1.29098e+04
   -2.74898e+04     3.09404e+03     2.99540e+03
    4.58591e+03    -4.01977e+04     1.56570e+04
   -8.31614e+03     2.40925e+04    -3.48220e+04
    1.43078e+04     1.36837e+03    -7.38153e+03
   -2.17556e+04     5.09763e+03     2.43368e+04
   -1.71988e+03    -5.69699e+03    -1.08479e+04
    2.90299e+04     1.27884e+04    -3.10348e+03
   -1.27930e+04    -2.29319e+04     7.52537e+03
   -9.41705e+03     1.37674e+04    -1.55030e+04
   -9.45682e+03    -6.14596e+03    -1.11116e+03
    5.88381e+03     4.44476e+04     1.41318e+04
   -5.06219e+03     4.56728e+04     1.35358e+04
    3.85715e+04    -1.73204e+04    -1.59006e+03
    1.48100e+04    -2.85565e+04     2.01966e+04
    2.15616e+04     2.79574e+04     3.19078e+04
   -2.39862e+04    -3.17400e+04    -2.26888e+04
    5.92686e+03    -5.29505e+03     6.21119e+03
   -1.05937e+03    -1.94963e+04     1.32041e+04
   -2.05176e+04    -2.03198e+03     1.03184e+04
    1.42076e+04     1.61669e+04     1.25770e+03
    1.60748e+04     4.11479e+03     2.17682e+04
    8.76057e+03    -1.49584e+04    -4.64603e+02
    7.44162e+03     6.73366e+03     4.84171e+03
   -3.46542e+04    -5.06591e+03    -2.72402e+04
    4.04812e+03    -4.14812e+03    -8.85950e+03
    6.65388e+03     1.65096e+03    -7.24499e+03
   -6.54264e+03    -1.72787e+04    -1.18664e+03
   -2.45587e+04     3.68933e+03     1.79504e+04
    1.06385e+04     1.91413e+04    -1.63524e+04
    2.22078e+04     9.30881e+03     2.10314e+04
    1.74507e+04     3.58233e+03     8.07206e+03
    1.76265e+03     3.70349e+04    -2.82555e+04
    2.37567e+04     2.03436e+04    -6.90266e+03
   -4.00499e+03     2.72216e+03     2.33369e+04
    1.28314e+04     3.47328e+03    -3.81341e+04
    4.11146e+03    -2.04421e+03     5.16936e+03
    9.13820e+03     1.54897e+04     3.88657e+04
    4.44794e+03    -1.11468e+04    -2.27192e+03
    3.09914e+03     7.59553e+03    -7.85419e+03
   -7.80138e+03    -4.76844e+03    -1.29134e+03
    1.89409e+04    -1.31330e+04     8.99631e+03
    5.23336e+03    -1.08919e+03     2.49710e+04
    3.55428e+04     1.60588e+04     1.99150e+04
   -3.35015e+03     7.40907e+03     3.20415e+03
   -1.26034e+04    -3.63363e+04     1.24297e+04
   -3.32329e+03    -4.03083e+03    -5.75814e+03
   -3.34325e+03    -3.67991e+03     4.39204e+04
   -2.18834e+04     3.29506e+04     2.50330e+04
   -1.47444e+03    -6.24695e+03    -8.94658e+03
   -7.84834e+03     1.31799e+04     2.36714e+04
    8.02341e+03     1.41066e+04     2.21873e+03
    1.90904e+03    -2.06244e+04    -2.64084e+04
    1.53549e+04     2.67156e+04    -1.53631e+04
    2.10191e+04     1.29724e+04    -6.93613e+03
   -1.88559e+03    -1.46067e+04    -3.76621e+04
    2.65445e+04    -2.45994e+04     2.42834e+04
    6.16543e+03     1.63531e+03     9.11632e+03
    3.01587e+03     5.90683e+03    -5.68595e+03
   -2.51372e+04     1.37993e+04    -1.39694e+04
   -9.18537e+03     1.43526e+04     1.95416e+03
    1.97998e+04    -5.64231e+03     1.27155e+04
    1.13293e+04     9.72441e+03    -2.40295e+04
   -8.17783e+03    -2.89860e+04     3.34555e+04
   -3.27423e+04     2.81659e+04     1.37746e+04
    5.38870e+03    -1.21900e+04    -2.90428e+03
    1.51086e+04    -1.68971e+04     3.17702e+04
    3.06863e+04    -1.20133e+04     2.80033e+04
    8.79436e+03     2.35956e+04    -3.36870e+03
   -1.67731e+04     6.94855e+03    -1.88830e+04
    3.43931e+04    -6.35382e+03    -6.37895e+03
    2.33810e+03    -1.54783e+04     2.02175e+04
    6.33404e+03     6.89776e+03     2.52729e+03
    2.60262e+04    -1.28151e+04     2.02205e+04
    1.73178e+04    -3.25608e+04     4.76031e+03
   -9.68137e+03     7.73313e+03     1.28150e+04
    7.88492e+03     9.60111e+03     5.56176e+03
    1.36405e+04     4.63541e+03    -4.53553e+03
    3.88568e+04     2.56044e+04     3.06560e+03
    2.89318e+04    -2.48710e+04    -2.36005e+04
    8.49301e+03     1.50324e+04     1.66343e+04
   -2.05853e+04     2.39840e+04     1.33244e+03
   -4.80550e+03    -7.00290e+03    -3.14419e+04
   -3.46345e+04    -2.68033e+04     1.91102e+04
   -9.07041e+03     7.03638e+03     2.73431e+03
   -2.79940e+04     2.81331e+04     2.50448e+04
   -4.05963e+04    -1.07036e+04     6.11897e+03
   -1.85398e+04     8.87276e+03     1.89163e+03
   -2.53453e+03    -1.31610e+04    -2.15118e+04
    1.68718e+03    -1.48286e+04     7.97200e+03
    8.89121e+03     2.43920e+04     2.08450e+04
    1.54357e+04    -1.79879e+04    -2.07908e+04
    3.85822e+04     7.03934e+03    -1.50811e+04
    1.40466e+04    -9.92112e+03     9.05086e+03
   -3.14664e+04    -1.12555e+04    -2.01463e+04
    2.23627e+03     2.33933e+03    -7.01424e+03
   -2.96887e+03     6.53414e+03    -3.66399e+03
    1.63827e+03    -2.29219e+03     4.49154e+03
    7.81770e+03    -1.37465e+04    -2.76177e+04
    5.53892e+03     7.70795e+03    -7.24901e+03
    1.07705e+03     1.70699e+04     1.69994e+04
   -2.41108e+04    -5.51481e+03     3.49364e+04
   -4.79718e+03     3.53502e+04    -1.81695e+04
    2.16295e+04     4.75363e+03     3.33565e+04
   -3.06288e+04    -3.14422e+04    -7.14623e+03
   -1.55935e+04    -1.98987e+03     3.84271e+04
    6.07416e+03     1.63940e+03     9.07028e+03
    1.29561e+02    -2.75736e+03    -5.49503e+03
    6.03367e+03    -4.42459e+02     2.30360e+04
    1.03551e+04    -3.09405e+04     5.26610e+03
   -1.28853e+04     1.92237e+04    -9.68110e+03
   -1.14540e+04     1.92594e+04     1.58621e+04
   -4.88517e+03     6.58612e+03    -8.72977e+03
   -4.39985e+04     1.64850e+04    -7.95775e+03
   -1.66106e+04    -9.06303e+03    -3.91070e+04
   -3.28750e+04    -2.99370e+04    -1.11524e+04
    1.68599e+04     3.42070e+04    -1.67780e+04
    2.85951e+04    -3.24423e+04     1.30632e+04
   -2.25794e+03    -8.85662e+03     1.06648e+03
   -1.89332e+04    -3.91112e+02    -5.89729e+03
    2.74663e+04    -3.53713e+04    -8.53211e+03
    2.70020e+04     3.38644e+03    -1.15470e+04
   -2.59190e+04    -3.20143e+04     2.27563e+04
    4.23939e+03    -7.24433e+03     4.07037e+03
   -1.05879e+03     2.23012e+04    -1.02081e+04
   -1.81783e+04     2.76335e+04    -2.66381e+04
    3.38477e+03    -3.10355e+03    -1.08712e+04
   -4.56632e+03    -1.61195e+04     4.93626e+03
    3.20174e+03    -1.05145e+04    -1.31041e+04
   -1.89838e+03    -3.76457e+03     2.67040e+04
   -2.64585e+04    -7.69105e+03     1.88694e+04
   -3.25706e+04    -1.39071e+04     2.25275e+04
    1.69993e+04     1.49750e+03     8.94118e+03
   -1.19788e+03    -9.78078e+02    -6.43636e+03
   -3.11048e+03    -2.12911e+04    -2.71599e+04
    1.69059e+03     1.02996e+04    -3.52988e+03
   -6.19518e+03    -3.78131e+03     9.92014e+02
    1.34794e+04    -2.27734e+04    -3.76898e+04
    5.84646e+02    -2.13723e+03     6.29080e+03
   -5.26491e+03     9.68786e+03    -1.35321e+04
   -1.52733e+04     1.91373e+04     3.45920e+04
    1.37223e+04    -3.51292e+03     2.53496e+04
    1.67054e+03     1.00543e+04     1.23903e+03
    4.75683e+03     1.92983e+04    -1.55349e+04
    1.83411e+04     2.65963e+04    -1.36664e+04
   -1.22932e+04     3.17076e+02     8.15409e+03
   -1.89348e+03     2.66363e+04     1.71057e+04
   -1.38748e+04    -5.06295e+03     1.11759e+04
    1.56776e+04     7.73127e+03     3.73772e+04
   -1.84757e+04     1.76767e+04    -3.73190e+04
   -3.98032e+04     9.92991e+03     4.13864e+03
    7.23568e+02    -3.99161e+03     3.52266e+03
   -5.43920e+03    -2.89506e+04    -2.19657e+04
    8.70265e+02     7.33486e+03    -1.16635e+04
    1.79145e+04     2.78483e+03     3.03600e+04
   -2.06479e+03     4.45878e+04     1.30023e+04
   -1.29928e+04    -1.55658e+04    -1.21675e+04
    1.44928e+04     7.65530e+02     6.42664e+03
   -9.52548e+03     1.72118e+03    -7.32790e+03
    2.82223e+04    -3.76269e+04     3.47694e+03
    2.14744e+04    -1.12529e+04    -1.70149e+04
    1.59197e+03     1.35866e+04    -6.91771e+03
    1.60623e+04    -9.13835e+02    -1.42357e+04
    8.63592e+03     3.92726e+03     1.99532e+04
   -6.73697e+03     1.13508e+04    -3.03490e+04
    4.52161e+03    -1.79576e+04     2.24742e+04
    9.97593e+03     7.10634e+03    -1.75946e+04
    4.11475e+02    -1.66499e+04    -4.79879e+03
   -8.89092e+03    -1.77739e+04     3.37156e+04
    7.05321e+03    -1.23478e+04     1.08778e+04
    1.50857e+04    -7.71911e+03     1.47385e+04
   -3.01457e+03     3.88631e+03     3.22181e+04
    1.53660e+04     2.39776e+03     2.23473e+04
   -3.96006e+03    -1.06851e+04     1.83585e+04
   -4.24752e+03     2.29315e+03    -9.77284e+03
    2.41785e+04    -2.98518e+04    -7.38419e+02
   -1.97196e+04    -2.22305e+04     3.75020e+04
   -5.91281e+03     1.10370e+04    -2.09131e+04
    1.43712e+04    -6.41477e+03    -1.59756e+03
   -2.02674e+04     5.45635e+03     4.96220e+03
    1.99321e+04     2.17645e+03     1.03325e+04
    3.10696e+04     1.43007e+04    -2.59496e+04
   -1.07904e+04     2.27052e+04    -1.93478e+03
   -6.38450e+03    -4.18246e+03    -3.44936e+04
   -1.72700e+04     4.43601e+03    -1.01749e+04
    1.17098e+04     6.18117e+03    -1.24466e+04
    2.01915e+04     2.59487e+04    -1.26868e+04
    1.20927e+04    -1.18209e+04     1.13824e+04
   -1.94507e+03    -2.62651e+04     4.95967e+03
   -2.24822e+04     2.29618e+04     7.66044e+03
    1.16026e+04    -2.15239e+04    -2.71500e+04
    4.01644e+03     2.55740e+03    -9.28672e+03
    3.19621e+04     1.35942e+04     2.43000e+04
    3.81003e+03    -3.66405e+03     1.45181e+04
    1.08875e+04    -4.83978e+03     1.69366e+04
    1.06651e+04     1.44797e+04     7.61467e+03
   -3.19713e+04    -1.49169e+04     2.86219e+04
    1.84069e+04     7.25421e+03     6.69814e+02
   -9.21656e+03    -2.55468e+04     1.24206e+04
   -2.71728e+04    -4.63160e+03     1.22377e+03
    3.56754e+04    -2.39114e+04    -3.85458e+03
    2.01117e+04    -2.94419e+04    -8.33101e+03
    2.00607e+04     1.58422e+04     6.50371e+03
   -1.92442e+04    -3.26617e+04     7.71405e+03
   -8.23322e+03    -1.17612e+02    -1.37764e+04
   -1.31153e+04     8.41526e+03     1.88052e+04
   -5.18965e+03    -3.72929e+04    -1.86196e+04
    2.00847e+04     3.76984e+04    -1.80860e+04
   -2.74193e+04     2.43390e+04     1.27321e+04
   -1.07884e+03     1.00611e+04     2.94104e+03
   -5.80524e+03     1.51552e+04    -4.24004e+04
    2.28885e+03     4.65751e+03    -8.19427e+03
   -4.39405e+04     4.83473e+03     1.70041e+04
   -1.06258e+04    -1.12751e+04    -9.61039e+03
   -4.57259e+03    -1.94724e+04     1.42834e+04
    2.72704e+03     7.86608e+03     1.09415e+03
   -4.74352e+03     2.55563e+04    -1.77796e+03
   -3.66012e+04     1.51703e+03     4.05197e+03
   -3.48186e+03    -2.00049e+04    -2.48242e+04
    1.65724e+02     1.45659e+04    -1.90730e+03
   -1.12156e+04    -3.83948e+04     3.44530e+03
    1.84174e+04     2.86525e+04    -2.52697e+04
    1.51411e+03    -9.77781e+03    -3.25088e+03
    2.15525e+04     8.50579e+03    -4.54535e+03
    4.45545e+03    -2.26812e+03     1.04623e+04
   -8.52292e+03     1.07088e+04     4.62666e+03
    4.08468e+03    -8.80451e+03    -1.15715e+04
   -2.23345e+04    -2.70471e+04    -1.55725e+04
   -5.95744e+03    -2.66934e+04     2.50809e+04
   -5.23110e+02    -7.17847e+03     2.77593e+03
    6.62087e+03    -1.21995e+03     2.41474e+04
    1.62182e+02     6.53208e+03     1.04064e+03
    9.69334e+03     2.65714e+03    -4.48141e+04
    5.51325e+02     3.98326e+04     2.26604e+04
    3.43912e+02     1.26717e+04    -1.63807e+04
   -1.04007e+04    -3.61908e+04    -2.27127e+04
   -3.45311e+04    -8.30309e+03     3.14278e+04
    3.99919e+04    -1.75645e+04    -1.53580e+04
   -1.45059e+04     2.69228e+03     7.16405e+03
    2.52920e+04    -3.76062e+04     1.25820e+04
    4.26755e+03    -2.79916e+03     6.82650e+03
    2.18932e+04     1.56756e+04    -8.17701e+02
    4.00007e+03    -1.26215e+04     3.78202e+02
    7.71306e+03     9.66509e+03    -3.87404e+04
    3.39432e+03    -9.30576e+03    -7.37816e+03
    1.33803e+04    -1.26401e+04    -1.36874e+04
    1.87001e+04     2.07833e+04    -1.64947e+04
    2.03400e+04    -1.21584e+04     2.08699e+04
   -2.06760e+04     1.26859e+04    -1.54334e+04
    4.72026e+03     1.46443e+04    -8.51524e+03
   -6.20581e+03    -7.85386e+03     1.07218e+04
   -1.25092e+04     9.10470e+03    -7.13145e+03
   -1.96270e+04    -1.71358e+04     2.83381e+04
    2.97824e+04     1.46473e+04     3.67896e+03
   -1.90819e+04    -1.26383e+04    -3.72296e+03
    6.97364e+03    -2.19632e+03     8.56951e+03
   -4.05500e+04    -1.50206e+04     3.79106e+03
   -1.36901e+03    -2.94975e+04     9.55735e+03
    1.85552e+04     2.20051e+04     1.11892e+04
    1.19872e+04     1.16277e+02     1.98954e+04
   -9.23192e+03    -7.91841e+03    -1.89365e+03
   -4.39757e+04    -1.17940e+04    -2.26862e+03
    4.01100e+03    -2.05830e+04     5.39471e+02
    1.12452e+04    -2.33265e+04    -3.60626e+04
    2.07554e+04    -6.25556e+03     1.17056e+04
   -1.06101e+04    -8.77253e+03     4.55971e+04
   -4.38424e+03     1.70391e+04    -1.41483e+04
    9.25797e+03    -1.76706e+04     3.62968e+03
   -1.23232e+04     1.21667e+04    -1.20769e+04
   -4.29559e+03    -3.51636e+03     1.56752e+04
   -2.99752e+03    -2.81562e+03    -3.40509e+03
    1.49223e+04    -2.75357e+03    -1.19254e+04
   -4.01779e+04     2.02667e+04     3.77181e+03
   -2.63358e+04    -1.90601e+04    -2.96797e+04
    1.89409e+04    -3.08570e+03     1.95792e+04
   -3.06602e+03    -5.69813e+03    -2.76538e+04
    3.95238e+04     2.22236e+04    -1.05513e+03
    2.87570e+04    -3.96770e+03    -2.01911e+04
    9.23797e+03     8.74765e+03    -2.04203e+04
   -1.54873e+04     2.02340e+04     3.98957e+02
    2.29022e+04    -3.76999e+02    -1.70973e+04
   -3.94804e+03    -1.09042e+04     5.63532e+03
    9.36875e+03    -6.80701e+03    -1.41332e+04
   -5.35996e+03     3.81703e+03     2.93737e+04
    9.94914e+03     4.39550e+04     6.45391e+03
    4.04652e+03    -1.00677e+04     6.96961e+03
    3.36800e+03     2.90119e+04    -1.78733e+04
   -1.82928e+04     2.16850e+03     2.50296e+04
    2.53094e+04     5.64790e+03     3.06387e+04
    4.32452e+03     3.61873e+03     1.11421e+04
   -5.98303e+03    -6.23764e+03    -5.16906e+03
    3.94733e+04     2.12959e+03    -2.30173e+04
    2.42776e+04    -1.43246e+04    -1.79794e+04
   -1.30097e+04     3.44935e+04     6.11117e+03
   -9.78803e+03     3.11744e+04     1.98994e+04
   -2.90667e+03    -4.53294e+03    -6.89746e+02
   -2.18925e+04    -1.49058e+04    -2.76769e+03
    1.68499e+04    -1.66021e+03    -3.72329e+03
   -7.60421e+03    -6.75703e+03     9.33406e+03
    7.17148e+03     1.05122e+04     2.77284e+03
    6.95190e+03    -1.23735e+04     1.22103e+03
    1.75130e+03    -3.99886e+03     9.16487e+03
   -2.55193e+03    -3.14103e+02    -7.27629e+03
    2.14598e+04    -1.82609e+04    -1.28313e+04
    2.75789e+04     2.85879e+03    -2.08899e+04
    1.44175e+03    -1.65768e+03    -7.56576e+03
    1.97793e+04    -1.46052e+04     8.22266e+03
    2.59887e+04    -3.55977e+04    -8.15937e+03
   -1.51204e+03    -2.16206e+03     1.64423e+04
   -6.07706e+03     1.12619e+04     3.47428e+04
   -2.13285e+04    -6.25168e+03    -1.40754e+03
    9.38084e+02     1.23512e+04     7.37538e+03
    2.36450e+04    -2.46203e+04     1.15830e+04
    3.87442e+03     7.81324e+03    -6.06348e+03
   -3.07914e+04     3.25281e+04     1.05028e+04
    2.09230e+03    -3.47016e+04    -1.46960e+04
   -1.54598e+04     4.19593e+04     1.57302e+04
   -1.34564e+04    -1.20357e+04     4.14529e+04
    7.58286e+03    -3.30195e+03     3.91075e+04
    2.73858e+04    -2.82516e+04    -1.71170e+04
   -6.69162e+03    -8.95509e+03     1.85246e+04
   -3.35809e+04     5.75151e+03     1.15789e+04
    2.75375e+03     2.76306e+04     1.71619e+04
    1.02233e+04    -1.75825e+04    -3.68570e+03
    1.17522e+04     8.37224e+03     8.48072e+03
    4.16539e+03     1.43464e+04     1.79717e+04
    6.82001e+02     7.08674e+03     5.74911e+03
   -2.64064e+04    -1.84286e+04     8.73380e+03
   -3.61357e+03    -3.77456e+03    -4.43883e+03
    4.00990e+04    -4.38845e+03     1.55654e+03
    1.68553e+04     3.37681e+04    -2.28230e+04
   -4.07669e+04     8.25985e+03    -1.07152e+04
    1.33451e+04     1.97070e+04    -9.28497e+02
   -2.65790e+04     3.17238e+04    -1.06469e+04
    1.64137e+04    -4.76019e+03    -3.71651e+04
    2.99747e+04     3.19835e+04     1.57883e+04
   -6.14389e+03     4.25055e+04     3.43739e+03
    6.40676e+03    -1.64474e+04     5.60078e+03
    2.25550e+04    -4.94397e+03    -7.78970e+03
    7.40348e+03     4.85800e+03    -9.16829e+03
   -1.92314e+04    -1.11179e+04     9.76612e+03
   -1.59212e+02    -3.33780e+04     5.54624e+03
    2.39299e+04    -1.75418e+04     3.61078e+04
    3.72077e+04     2.19363e+04    -1.46213e+04
    1.84824e+04     4.00162e+04    -1.77313e+03
    1.19880e+04     3.95063e+03     3.90840e+03
   -2.83024e+03     8.47818e+03     5.52946e+02
    7.74515e+03     1.96282e+04     2.21462e+04
    3.58752e+04     1.94164e+03    -1.28817e+03
    1.55914e+04     1.60937e+04    -1.90165e+04
   -6.55066e+03    -5.68509e+03    -2.24763e+03
   -3.21066e+03    -2.59584e+04     1.02705e+04
    9.10197e+03    -4.75196e+03    -7.40407e+03
    2.68386e+04    -1.90977e+04    -1.87535e+04
   -1.84073e+04     3.42362e+04     2.67162e+04
    3.65394e+03    -3.69816e+03    -5.19480e+03
    3.28289e+03     3.86950e+04     1.30915e+04
   -3.19603e+04     1.30800e+04     2.21902e+03
   -2.87206e+04    -7.81646e+03     3.10395e+04
   -3.79341e+04    -3.77685e+03     1.06596e+04
   -1.50857e+04     9.07563e+03     2.06003e+04
   -7.41525e+03     6.22391e+03     1.04727e+04
   -5.11689e+03     8.02601e+03     1.30580e+04
   -2.46185e+04     1.73635e+04    -4.13541e+03
   -3.92069e+04     1.08292e+04    -1.88361e+04
   -3.02850e+04     2.73869e+04     2.22164e+04
   -1.74764e+04    -2.68213e+04     2.30876e+04
    1.36002e+04    -1.25776e+04     2.20894e+03
   -4.07461e+04    -2.00161e+04     6.30181e+03
   -1.45367e+04     7.06034e+03     3.40773e+03
   -1.13014e+03     2.14493e+04     4.40172e+03
    1.10332e+04    -1.24721e+04     4.22898e+04
    5.16021e+03     9.86227e+03    -2.14668e+04
   -1.48731e+04    -8.17081e+03     4.71478e+03
   -8.86342e+02    -6.19358e+03     1.20519e+03
   -4.12984e+03    -3.33693e+04    -2.49689e+04
   -2.92160e+04     3.26632e+04     1.57603e+04
    1.13835e+04     2.56059e+04     1.34972e+02
    1.77067e+03    -2.06792e+04    -3.64035e+03
    5.57529e+03     2.60186e+04     1.02046e+04
   -3.56666e+03    -2.00892e+04    -3.35826e+04
   -8.37510e+03    -5.89653e+03     1.52849e+04
   -6.94794e+03     3.11185e+04    -1.57908e+04
    5.47214e+03    -2.43006e+03     2.77476e+04
    3.30859e+04    -1.25394e+03     1.96532e+04
   -1.04491e+04    -3.23892e+03    -8.44737e+03
   -1.39468e+03    -1.11725e+04     2.21057e+04
    1.31381e+04     2.33418e+03    -2.12170e+03
    2.10931e+04    -2.43567e+04     2.21862e+04
    7.14770e+03    -6.14945e+01    -4.55400e+04
   -8.28911e+03    -8.91240e+03    -4.12320e+04
    5.03859e+03    -6.91118e+03     1.69386e+04
   -8.47596e+03    -7.14682e+03     2.69607e+04
   -9.18585e+03     3.56282e+03     5.25198e+03
   -2.52330e+04    -4.35561e+03     6.32327e+03
    7.32789e+03    -3.86508e+04     8.40262e+03
   -2.42515e+02     2.85859e+04     1.02511e+04
   -2.93523e+04     6.97038e+03     1.45581e+03
    9.68113e+03    -1.38327e+04     1.76304e+04
   -8.53546e+03    -1.75691e+04    -5.87758e+03
   -7.71540e+03     8.44044e+03    -2.98670e+04
    1.25340e+04     1.47659e+04     2.90089e+04
   -1.77817e+04     1.24456e+04    -3.96063e+04
   -8.59378e+03     2.03332e+04    -9.44396e+03
   -1.65607e+04    -3.15953e+04    -4.81476e+03
    2.90646e+04     1.54462e+04     1.58372e+04
   -8.03336e+03    -3.69833e+03    -1.29795e+03
    1.24159e+04     3.33052e+03     4.03239e+04
    2.10777e+04    -5.78339e+02    -1.58584e+04
    6.50128e+03     1.32947e+04     9.20173e+03
    4.06273e+03    -2.16927e+04    -3.95408e+02
    4.02515e+04    -1.85290e+04     9.02546e+02
   -1.61624e+04     2.49044e+04    -1.61115e+04
    4.69769e+03    -1.15877e+04    -1.55057e+04
    1.72125e+04    -1.77151e+04     7.97526e+03
   -1.84366e+03    -3.16211e+03    -4.36722e+03
   -2.48957e+04    -1.55343e+04    -1.27132e+04
    1.93162e+04    -1.53061e+04     3.65035e+04
   -2.06273e+04     6.90569e+03    -3.05589e+04
    8.19427e+02     2.32108e+04    -1.37549e+04
    1.68951e+04    -3.96057e+04     5.40286e+03
   -6.88966e+03     1.25712e+02     5.63462e+03
   -2.44723e+04     1.14314e+03    -8.85648e+03
    2.09234e+04     7.51659e+02    -1.52831e+03
    4.30782e+04    -1.28052e+04     7.05746e+02
   -6.19171e+03    -4.81854e+03    -8.89533e+02
   -7.84033e+03     3.33362e+04     7.90561e+03
   -1.70039e+04     1.60958e+02    -3.76961e+04
   -9.65239e+03    -6.88720e+03     3.57913e+04
   -1.00714e+04     3.08991e+04    -1.23552e+01
   -1.05911e+04     2.59501e+03    -8.22346e+03
    3.35970e+04     9.85619e+03     1.23426e+04
   -2.17860e+04    -1.30063e+04    -3.35969e+02
    2.36611e+04    -2.53116e+04     1.01985e+04
    2.07013e+04    -3.64384e+04     7.63511e+03
    2.47262e+03    -1.36293e+04    -7.68581e+03
   -1.96873e+04    -6.18320e+03     3.21286e+03
   -2.95492e+04    -2.55446e+04    -2.62033e+04
    8.27170e+03    -2.51742e+04    -1.14276e+04
   -2.94667e+04    -1.30535e+04     4.51135e+03
   -1.55555e+04    -1.64725e+04     1.48484e+04
    1.95667e+04    -2.77442e+04    -2.61034e+04
    3.16754e+03    -1.25974e+04    -1.34291e+04
   -9.75166e+03    -8.52520e+03     5.18041e+02
    5.99304e+03    -1.58556e+04    -1.10213e+04
   -2.76379e+04     4.13098e+03     1.52117e+04
   -4.74453e+03     2.21055e+04     2.22980e+04
   -1.74324e+03    -1.86183e+03    -1.03790e+04
    5.86574e+02    -3.39613e+03     1.21610e+03
    3.65878e+04     1.42111e+04     4.37108e+03
    1.52285e+04     8.26292e+03    -3.21222e+04
   -1.34880e+04    -2.25599e+04     5.12062e+03
   -2.26571e+04    -3.34741e+03    -1.02906e+04
   -4.65218e+03     1.62858e+03     9.18803e+03
   -7.00320e+03     1.87719e+04    -1.00134e+04
    4.33464e+04     4.72626e+03    -1.10395e+04
   -5.02701e+03     1.79206e+04     6.96265e+03
   -1.44123e+03     1.28370e+04    -1.84599e+03
    1.76733e+04     2.09824e+03    -1.66771e+04
    2.13424e+03    -6.04225e+03    -1.59262e+04
   -7.68974e+03     1.32294e+04    -1.23684e+04
    1.74076e+04    -1.40566e+04     3.89298e+04
    3.57674e+03    -8.97556e+03     3.65918e+03
    7.65561e+03    -1.75668e+03    -1.03361e+04
    5.06148e+03    -1.37735e+03     4.66104e+04
   -4.77012e+03    -3.07644e+03     4.13956e+03
   -7.76854e+03     1.90922e+04     2.71210e+04
    1.47256e+04    -8.28678e+03    -6.34814e+03
    3.20059e+04     1.05442e+04    -1.77868e+04
    5.61718e+03     3.65691e+04     1.23256e+04
   -5.64601e+03     6.59332e+03    -1.61283e+04
   -1.18584e+04     7.29187e+03     8.16125e+02
    1.52708e+04    -2.10023e+03     1.77813e+04
   -8.73117e+03    -4.75598e+03     7.83495e+02
    1.21882e+04     2.90424e+04    -2.30431e+04
   -2.21156e+04    -1.53333e+04    -2.06162e+04
    2.55989e+04    -1.13159e+04    -6.63387e+03
    8.53596e+03     9.57710e+03     5.44661e+03
    1.63501e+04    -1.82758e+03     1.09958e+04
    1.91074e+04     2.76929e+04    -2.25176e+04
    1.48003e+04    -3.10823e+04    -1.07403e+04
   -3.60389e+03    -7.36072e+03    -1.96429e+04
   -3.22577e+04     2.21932e+04     1.14073e+04
    4.08072e+03     1.95731e+04    -1.69832e+03
    4.79433e+03    -3.21160e+04     2.01265e+04
    1.32341e+04    -1.87810e+04     2.50163e+04
   -3.12578e+04    -5.90163e+03     2.05933e+04
    4.20766e+03    -1.55501e+04    -1.58728e+04
    5.33841e+03     6.16812e+02    -5.76689e+03
    1.54092e+04     2.08376e+04    -9.92690e+03
    8.17990e+03    -2.30218e+04     1.69643e+04
   -2.17388e+04     1.19905e+04    -3.09915e+04
   -4.30267e+03     6.85417e+03    -7.17378e+03
    3.14775e+03     5.63754e+03     7.97205e+03
   -1.29926e+03    -6.37180e+03     3.19169e+03
   -3.69799e+04     1.09865e+04     2.38176e+04
   -1.61001e+04    -5.44484e+03     1.85087e+04
   -1.79562e+04    -2.81903e+04    -2.29280e+04
    5.57246e+03     9.90916e+03     6.26211e+03
    4.63605e+03    -4.16215e+03     3.42007e+04
   -6.88687e+03    -2.25248e+04    -1.96969e+04
   -2.59986e+04     1.38475e+04    -1.94466e+04
    1.94064e+04    -2.24878e+04    -1.65265e+04
    1.07233e+03     1.13771e+04     2.92425e+04
   -2.08678e+04    -8.83649e+03    -2.21886e+04
    2.14274e+04     3.60945e+03    -1.14593e+04
   -9.27123e+03     8.70063e+03    -6.72521e+02
    2.71732e+04     3.56040e+04    -1.64402e+03
    5.17604e+03     3.34183e+03    -5.44902e+03
    1.73106e+04     5.05910e+03     1.53451e+04
   -1.22271e+04     1.86263e+04     4.95433e+03
   -2.01964e+04     2.58976e+04     1.62307e+04
   -5.48628e+03    -4.84915e+03    -2.58757e+03
    3.14967e+04    -1.15176e+04     3.00840e+04
    1.70449e+04     1.84144e+04    -3.11004e+03
   -2.44211e+04    -2.82899e+03    -2.33348e+02
   -1.58717e+04     2.28479e+03    -4.50124e+04
   -1.20896e+04     8.65583e+03    -4.15831e+03
    1.54596e+04    -7.20199e+03    -7.83279e+03
   -2.41629e+04    -2.33557e+03    -1.37394e+03
    1.05825e+04    -2.69348e+04    -5.75608e+03
    2.11615e+04    -1.94331e+04    -1.05681e+04
    7.03758e+02    -8.82317e+03    -1.36604e+04
   -1.00939e+04     2.29486e+03     5.63125e+03
    2.18193e+04     1.09316e+04    -6.61393e+03
   -4.17355e+04     7.82583e+03     2.07190e+04
    2.89316e+03     9.01434e+03     6.21464e+03
    1.15646e+04     4.34148e+04    -5.70189e+03
    2.64000e+03     5.39232e+03    -4.68808e+03
   -1.65098e+04     2.14951e+04     7.07389e+03
    2.25330e+04    -1.39541e+04     1.40983e+04
   -5.37967e+03     2.38759e+03     9.19128e+03
    1.16022e+04     2.39860e+04    -6.60043e+03
    5.12760e+02    -3.77400e+04    -2.54027e+03
    1.01497e+04     4.80219e+03    -1.96758e+04
    1.42626e+04     8.15528e+03    -1.33746e+04
    3.03201e+04     7.49788e+03     1.22906e+04
   -2.23132e+04     4.94660e+03    -2.94478e+04
   -5.87564e+03    -4.48875e+03    -1.58366e+03
    8.16649e+03     1.78736e+04    -8.60271e+03
   -9.50466e+03    -1.14189e+03    -6.32994e+03
   -1.07193e+03    -4.19163e+03     8.57388e+03
    1.70924e+04    -8.71169e+03     5.02177e+02
   -9.45742e+03    -1.75068e+03    -2.38515e+04
    3.63072e+04    -6.64602e+03     2.63590e+04
   -6.97479e+03    -2.13387e+03     9.16113e+03
    4.14216e+04     1.67646e+03    -2.15597e+04
   -3.16745e+04     5.47135e+03     3.35280e+03
   -2.15899e+04    -3.01571e+03    -1.50230e+04
    1.84512e+04     2.61516e+04     8.56422e+03
   -3.03339e+03    -4.41762e+03    -1.04703e+03
    8.83081e+03     9.45654e+03     2.96726e+04
    2.98968e+04     1.76680e+04     8.92921e+03
    3.13626e+04    -5.74515e+02     1.81338e+04
    2.40915e+04     2.64809e+04     3.51330e+03
    1.53121e+04     6.09355e+03     4.59890e+03
    2.67219e+04     1.21407e+04     3.11817e+04
    8.56202e+03     5.90932e+03    -3.38168e+03
    1.28513e+04    -2.76060e+04     1.40917e+04
   -9.49694e+03    -1.00632e+04     8.10244e+03
    7.33408e+03    -3.41896e+04     6.35854e+03
    3.21859e+04     1.69472e+04    -1.07750e+04
    1.70253e+04    -3.02672e+03    -8.53873e+03
    1.71619e+04    -1.55505e+04    -7.42210e+03
   -2.68302e+04    -2.87275e+04     1.02061e+04
    2.89757e+04     1.03290e+04     1.11856e+03
   -2.28274e+04     1.69992e+04     2.23860e+04
   -3.13659e+04     5.80233e+03     1.26499e+04
   -1.13130e+04    -2.65090e+04     9.06136e+03
   -3.52285e+03     1.75112e+04     1.52503e+04
   -4.39331e+03    -8.85492e+03     2.10207e+03
   -1.23981e+04     3.32578e+02    -5.11553e+03
   -8.38024e+03    -5.66241e+03     6.75353e+03
    2.44269e+03     1.23140e+04    -3.46907e+04
   -5.88077e+02    -2.45987e+04    -4.60947e+03
   -3.60717e+04     1.06986e+04     3.21212e+03
   -1.25035e+04     8.12781e+03    -5.58543e+02
    1.16173e+04    -6.13763e+03    -2.76040e+04
    9.81118e+03     1.36333e+04    -2.72271e+04
   -7.18374e+03    -7.42953e+02    -8.67504e+03
   -1.47954e+04     1.35668e+04     6.24740e+03
   -1.34734e+04    -3.63923e+03    -1.03420e+04
    2.97184e+04    -1.08323e+04    -2.61207e+04
   -1.61758e+04     3.26243e+04    -2.87355e+04
    8.51061e+03     5.97672e+03     2.35935e+04
    9.75816e+03    -2.45726e+04     1.86101e+04
    6.84717e+03    -8.59804e+03    -3.65573e+04
    3.46318e+04     5.71666e+03    -2.95983e+04
    2.13385e+04     5.40645e+03     2.81284e+03
    3.83170e+03    -7.03500e+03    -4.10128e+03
    4.08348e+03     4.84084e+03    -2.36375e+04
   -1.30207e+04    -6.07430e+03    -3.30454e+02
   -1.62512e+04     2.28420e+03    -1.32846e+04
   -1.38427e+04     3.72076e+04     3.53367e+03
    8.99109e+03     3.33992e+03     2.98898e+04
    2.56357e+04    -1.07443e+04    -8.11206e+03
    1.97356e+04    -1.35937e+04     2.54242e+04
   -2.96754e+03    -1.68379e+04    -1.67846e+04
   -1.31556e+04    -1.91187e+04     3.23657e+03
   -2.70528e+04     2.17544e+04     1.70460e+04
    1.02526e+04    -1.71148e+03     8.48181e+03
   -4.13704e+03    -1.65469e+04     5.65776e+03
   -8.02572e+03     3.50773e+02    -8.86938e+03
   -3.58570e+03     6.88251e+03    -5.28922e+03
    2.48151e+04     2.21150e+04    -1.44238e+04
    9.82769e+03    -1.74317e+03     6.96522e+03
   -4.20893e+03     2.72063e+04     1.60874e+04
    4.75875e+03     1.14784e+04    -8.81424e+03
    4.84410e+03     2.16044e+04    -4.37838e+03
    1.17403e+03    -1.71884e+04     8.68100e+03
    2.32094e+04    -8.37413e+03     5.43234e+03
   -2.41890e+04    -2.35667e+02    -2.51630e+04
    2.61314e+03     2.58881e+04     5.20181e+03
   -1.44248e+04     2.05507e+04     5.41696e+03
    2.03917e+04     2.13277e+04    -1.17429e+04
   -7.07447e+03    -1.53574e+04    -2.10620e+04
   -2.91400e+04     2.37135e+04     3.25108e+03
    1.27127e+04     2.11223e+03     1.13204e+03
   -1.80003e+04    -6.78255e+01    -7.40052e+03
   -1.13543e+04    -2.02778e+03     9.18282e+03
    2.29240e+03     1.35198e+04     3.69635e+03
    1.82881e+04     1.94165e+02     1.04408e+04
   -1.62564e+04     5.67290e+03    -4.40653e+04
   -3.28151e+04    -1.09850e+03    -1.66339e+04
   -8.59384e+03    -6.45788e+03    -1.16988e+04
    2.42305e+03    -4.92725e+03    -5.40707e+03
   -1.42865e+04     2.44619e+04     9.82285e+03
    1.86946e+04     1.13965e+03     1.50510e+04
    1.65766e+03     1.04838e+04     3.57265e+04
   -1.54624e+04    -6.68304e+03    -1.97191e+04
    1.15153e+04    -2.22655e+04    -1.76069e+04
   -5.62682e+03    -2.50011e+04    -2.52429e+04
    1.14697e+03    -4.30178e+04    -8.67812e+03
    2.77918e+04     1.17862e+04     8.32865e+03
   -2.20091e+04     1.09103e+04     1.18830e+04
   -6.03290e+03    -2.12843e+04    -1.04983e+04
   -5.27316e+03    -2.60004e+04     1.21804e+03
    1.30410e+04     3.51344e+04    -1.78017e+04
   -6.88544e+02    -1.09971e+04    -5.59132e+03
    5.25800e+03    -1.46581e+03     1.60504e+04
   -3.46173e+03    -3.46859e+02     6.60816e+03
   -1.42704e+04     6.71019e+03    -2.98749e+04
   -7.73111e+03    -1.28040e+04    -3.15667e+02
   -2.06630e+03    -3.94732e+03    -1.07040e+03
   -3.76989e+03    -8.95177e+03    -9.61200e+03
    5.49931e+03     6.49446e+03    -1.29906e+04
   -6.86491e+03    -1.29504e+04    -1.87085e+04
    2.48892e+04     6.27581e+03     3.91554e+03
   -7.46938e+03     3.41351e+03    -1.44364e+04
    6.73295e+03    -8.76210e+03     2.23213e+04
   -1.23478e+04     6.55485e+03     1.09693e+04
   -1.89907e+04     1.06072e+04    -5.31228e+03
    1.96024e+04     7.29404e+03     2.46026e+04
    2.99318e+04     2.27015e+04    -7.90519e+03
   -2.23957e+04    -3.47707e+03    -1.21401e+04
   -1.67126e+04    -3.26264e+04    -7.41355e+03
    2.01664e+04     1.29576e+04     7.87626e+03
    3.52305e+03    -6.20259e+03     1.14660e+04
    1.60514e+03    -9.56440e+03    -1.05628e+04
    1.25900e+04     5.09151e+03     1.69962e+04
   -6.05965e+03     1.23855e+04    -3.13284e+04
   -6.19351e+03     6.02918e+03     1.53071e+04
   -1.75297e+04    -2.49490e+02    -3.25287e+03
   -3.49352e+04     1.13595e+04     1.89545e+04
   -1.39298e+04     2.89733e+03    -4.09404e+04
   -7.16900e+03    -3.20366e+03     1.00570e+04
   -2.49171e+04     2.53114e+04     2.63400e+04
    1.12458e+04     1.54808e+03    -1.15111e+04
   -4.30647e+04     1.44915e+04     7.14898e+02
    1.42639e+04    -1.13374e+04     1.79522e+04
   -1.06977e+04     1.57048e+04    -4.00502e+04
    1.20062e+02     2.27836e+04     2.07661e+04
   -1.87954e+03    -1.61359e+04    -2.68967e+04
   -6.44771e+03     1.48644e+04     7.39821e+03
   -2.00460e+04     4.87475e+02     9.88869e+03
    3.89941e+04     1.27854e+04     8.11480e+03
    9.00137e+02    -1.63104e+03     7.85070e+03
   -4.80012e+03     2.31101e+04     3.76736e+04
   -5.27012e+03     1.88743e+04     4.86797e+03
    9.58051e+03     9.70827e+03    -1.00162e+04
    1.05884e+04     2.46887e+04     2.47657e+04
   -3.80137e+04     1.20161e+04     9.79360e+03
   -2.27960e+04    -3.17400e+04     2.39759e+03
    8.36234e+03    -2.13933e+04     2.05171e+04
   -1.97872e+03     9.41686e+03     3.23526e+04
   -3.95234e+03     2.67089e+04     1.76383e+04
   -9.36062e+03     8.17575e+03     2.82465e+03
   -3.14893e+04     1.68993e+04    -4.31730e+03
    1.60870e+04    -7.30432e+03     2.26588e+04
    4.80025e+03     4.28449e+04     1.96367e+04
   -2.54760e+04     9.14039e+03    -3.70776e+04
   -1.35679e+04    -3.37611e+04     1.98955e+04
    4.03786e+03     3.22238e+03     1.10836e+04
    3.30366e+03     9.40917e+03     1.44295e+04
    2.47700e+03     3.34512e+04    -3.26994e+04
    1.50979e+04    -2.98580e+04     2.75258e+04
    7.62152e+03    -5.79873e+03     2.90906e+04
    2.96566e+04     5.25029e+03    -6.95248e+02
   -3.80770e+03    -1.88920e+03     7.54645e+03
    7.40747e+03    -2.03171e+04     3.50308e+03
    3.87140e+03    -8.13839e+03     1.42901e+04
   -3.89809e+04    -6.24098e+03    -1.17185e+04
   -4.47431e+03     1.93629e+04    -3.54315e+04
   -6.64314e+03    -1.02737e+04     4.10609e+04
    1.98354e+04     1.26405e+04    -6.28673e+03
    6.10481e+03    -1.25081e+04     1.23669e+04
   -3.14919e+03    -1.25520e+04    -3.27732e+04
    2.14930e+03     5.59386e+03    -3.08086e+03
   -7.13281e+03    -8.43729e+03     4.60449e+04
    2.38724e+03    -4.18744e+03     1.29155e+04
   -3.61722e+04     6.94094e+03     1.04879e+04
   -2.58273e+04    -1.42734e+04    -3.48172e+02
    1.02430e+04     8.35550e+03     1.32113e+04
   -1.26915e+04     3.05375e+03     3.73929e+04
    2.75884e+04    -2.39091e+04    -1.04790e+04
    2.01631e+04    -2.97483e+04     3.89459e+03
   -2.41638e+04     5.20784e+03    -1.07299e+03
    7.31387e+03     1.86397e+04     1.06525e+04
    8.26622e+03     2.05217e+03    -1.49565e+04
   -2.49347e+04    -2.22240e+04    -2.16109e+04
   -3.18241e+04    -1.36841e+04     2.50793e+04
    3.42579e+03     2.77050e+03     7.16995e+03
   -8.65492e+02    -1.64484e+04    -1.20955e+04
    3.55056e+03     7.99479e+03     4.00376e+04
   -1.48585e+04     2.08226e+04     2.39435e+04
   -1.43343e+04    -1.14719e+04    -6.80170e+03
   -2.14857e+04    -2.73167e+04    -1.09639e+04
   -1.09982e+04    -1.05416e+04     1.22117e+04
    1.25152e+03    -1.77661e+04     1.41569e+04
   -2.08837e+03     8.90775e+03     1.37977e+03
    1.00328e+03    -3.49467e+04    -1.30748e+04
   -1.34841e+04    -2.95714e+04     2.37343e+04
    2.98756e+04     7.98281e+02     7.26890e+03
    7.83589e+02    -6.81812e+03    -2.38065e+04
   -2.86661e+03     8.83451e+03     1.24672e+04
   -2.07034e+04    -6.28114e+03     9.33326e+03
    3.93461e+02     1.16894e+04     3.05479e+04
   -1.62073e+04     5.99686e+03    -2.21758e+04
   -1.30450e+04     4.06281e+04     2.07329e+04
    1.24595e+04    -1.15134e+04     2.88283e+02
    1.59151e+03     1.25884e+04    -2.00979e+04
    6.03747e+03    -2.24769e+04    -1.51707e+04
   -1.51934e+04    -6.75020e+03    -1.90531e+04
    1.15591e+04    -2.18588e+04    -1.39940e+03
    1.22007e+04    -1.93760e+03     1.42536e+04
    3.37852e+04    -7.50188e+03    -1.75524e+04
    1.02033e+04    -3.33634e+03    -6.27093e+03
   -2.53878e+04    -8.56531e+03    -8.86914e+03
    2.70634e+04     1.77861e+04    -1.46303e+04
   -2.58406e+02    -4.29262e+03     1.07673e+04
   -3.13809e+04    -1.34156e+04     6.77407e+03
   -5.27070e+02    -2.02466e+04     1.66725e+04
   -2.93182e+04     8.43988e+03    -1.22618e+04
    1.23898e+04     1.83954e+04     8.04413e+03
    3.78204e+04    -9.61945e+02    -9.69916e+03
    2.24043e+04    -1.86078e+04    -5.12419e+03
    1.00467e+04    -2.86091e+04     8.55108e+03
   -2.54505e+04     1.58223e+04    -1.34484e+04
    1.09008e+03     4.62453e+03     4.31611e+03
   -1.88282e+03     6.56690e+03    -5.43027e+03
   -7.97783e+03    -7.77309e+03    -1.12776e+04
    1.94250e+02     1.73390e+04    -7.79954e+03
    1.24042e+04    -3.84381e+04     2.54611e+04
   -7.76442e+03     3.75432e+04     6.27587e+03
   -1.78503e+04     2.21499e+03    -5.15633e+03
   -2.15219e+03    -2.13566e+04     2.49797e+04
   -2.26503e+03    -5.10759e+03    -2.51661e+04
   -1.34601e+04     7.25906e+03    -6.91597e+03
   -1.32536e+04    -3.55489e+04     2.47655e+03
   -2.40426e+04     2.65235e+04     2.99914e+04
    2.79663e+03     2.52464e+04     1.05191e+04
    1.57620e+03    -7.04099e+03    -2.76398e+04
   -9.32975e+02    -6.32869e+03    -9.34424e+03
    1.52196e+03     1.24531e+04     4.42559e+02
    2.11103e+04     4.26692e+03     1.44227e+04
    1.13883e+03     1.71367e+04    -2.02771e+04
   -8.35601e+03     8.78059e+03    -3.07426e+04
   -1.05299e+04    -5.95180e+03    -1.89356e+04
    2.00699e+03     3.14846e+04    -1.51292e+04
    1.02248e+03     9.06767e+03    -1.90447e+04
    6.21938e+03    -1.50106e+04    -7.40253e+03
    5.23765e+02    -3.04161e+04     1.22962e+04
    7.07022e+03    -1.97250e+04    -3.51167e+03
   -8.95828e+03     3.12420e+04     6.85407e+03
    2.99724e+03    -1.53867e+04    -7.66933e+03
    4.33413e+03     2.71288e+04    -2.11195e+04
   -1.32666e+03     5.18740e+03    -2.44547e+04
    1.46860e+04    -2.04879e+04     1.35442e+04
   -7.69099e+02    -2.09703e+04     3.73342e+04
   -8.90055e+03     1.56607e+04    -2.48348e+04
   -1.81276e+04    -8.16222e+03     4.09963e+04
   -7.19520e+03    -2.19793e+04    -1.72801e+04
    5.22354e+03    -1.15282e+03    -4.66889e+04
   -3.29772e+03    -2.07593e+04    -5.98305e+02
    9.93307e+03    -1.15864e+04    -1.84768e+04
   -2.43262e+03    -2.58951e+03     3.11346e+04
    1.33478e+04    -1.42762e+04     9.12649e+03
    1.51813e+04     9.32818e+03    -2.06432e+04
   -1.33800e+04     2.56951e+03    -1.50290e+04
    3.63013e+04     9.62452e+03    -1.54539e+04
    4.44479e+04    -1.19575e+04     1.13089e+04
    3.43520e+03     2.39944e+04     1.02836e+03
    1.58588e+02    -1.35540e+04    -8.96016e+03
   -1.03631e+04     7.45504e+03    -7.24274e+03
   -1.80403e+04     1.25817e+04     3.39202e+03
   -6.26312e+02     3.03217e+04    -2.27958e+04
   -2.29095e+04    -9.84964e+02     3.84559e+04
    1.26315e+04     2.89696e+04     1.48961e+03
   -2.74333e+03    -1.58803e+04     4.07414e+03
   -1.63410e+03     1.80890e+03     3.11328e+04
   -6.40602e+03    -3.33960e+04     3.34923e+03
   -4.48626e+04     7.34425e+03    -1.46807e+03
    3.20562e+04    -1.69419e+04     1.82333e+03
    8.62767e+03     1.57223e+04    -1.65970e+03
   -5.89415e+03    -2.92777e+04     3.63647e+04
    1.93327e+04    -2.06398e+04    -5.90974e+03
    7.94945e+03     8.39207e+03    -1.37661e+03
    3.69158e+04    -6.07160e+03    -2.66910e+04
   -6.66226e+03     2.02927e+04     2.47243e+04
    2.77917e+04    -1.60430e+04    -2.15649e+04
    1.34365e+04     3.24393e+03     9.90624e+03
   -4.38648e+03     1.91438e+04     2.18818e+04
    5.65586e+03    -1.14705e+04     7.71847e+03
   -4.87790e+03     3.11350e+04     1.11865e+03
    1.07690e+04     3.62849e+03    -1.65859e+03
   -1.71489e+03    -6.39059e+02    -5.85299e+03
    1.67720e+04     1.74427e+03    -2.29049e+04
    1.05190e+04     7.36521e+03    -3.10232e+03
   -1.01862e+04     1.41841e+04     3.77572e+04
   -3.06932e+01    -1.51634e+04    -7.26120e+03
    3.33023e+04     1.19785e+04    -5.45690e+03
    2.78610e+04     1.49085e+04    -2.27169e+04
    2.18798e+03    -8.67060e+03    -2.16296e+03
    5.22104e+03    -8.14897e+03    -7.55711e+03
    3.37863e+04     2.82963e+04    -3.49824e+03
   -6.11132e+03     9.95770e+03    -1.72211e+04
   -1.56733e+04    -2.19468e+04     5.18027e+03
    2.08617e+03     5.30581e+03     2.51289e+04
    7.10908e+03     2.30956e+04     3.40844e+04
   -2.15980e+04     7.94640e+03     2.99455e+04
   -1.46392e+03    -2.96491e+04     9.75266e+03
    1.43439e+04     9.88241e+03    -3.34988e+04
   -1.50948e+04    -1.11370e+03    -9.49486e+03
    1.84751e+04    -2.77002e+04     2.59943e+04
    1.96828e+04    -7.98899e+02     4.19688e+04
   -1.96283e+04    -2.11021e+04    -1.62369e+04
   -3.83999e+03     1.69423e+04    -2.54734e+04
    5.43210e+03     5.50230e+03    -3.33397e+03
    2.07372e+04     1.74429e+03    -2.15232e+04
   -1.02428e+04     1.65611e+04     1.34151e+03
   -2.25858e+04    -1.65478e+04    -9.34009e+02
   -2.95964e+04    -8.83927e+03     2.51876e+04
    1.97723e+04     4.55541e+03    -3.46104e+03
    8.91768e+03     2.71371e+04    -3.10036e+03
    3.26098e+04     6.88332e+03     3.36508e+04
   -2.58797e+04    -1.20244e+03     2.78588e+04
   -8.40315e+02     8.03178e+03    -3.46253e+03
   -7.85547e+03     2.81111e+03     2.83812e+04
    9.73700e+03    -2.36455e+04     5.24347e+02
    4.41606e+03    -1.42665e+04     4.58670e+03
   -6.94158e+03     3.18765e+04     2.96191e+04
   -3.31889e+04    -1.21343e+04     5.26995e+02
    1.34402e+03     3.93264e+03     5.24544e+03
    9.73967e+03    -3.73476e+04    -2.71893e+04
    1.59269e+04     9.77650e+03    -2.73036e+04
    1.72100e+04    -2.79164e+04     1.35486e+04
    8.98861e+02     1.63565e+04     1.33184e+04
   -2.72953e+04     1.19622e+04     1.85909e+03
   -1.18115e+04    -1.34413e+03     2.30350e+04
    2.17817e+03    -3.60683e+03     3.88883e+04
    1.84313e+04    -1.18905e+04     3.29685e+04
    4.32530e+03    -3.53200e+03    -6.51531e+03
    4.65668e+03    -3.05602e+03     1.54968e+04
    3.60031e+04     2.36815e+03     2.60697e+04
    1.70076e+04     3.26329e+04    -1.07548e+04
    1.72480e+04    -2.75064e+04     1.06678e+03
   -6.84682e+03     1.72126e+04     7.53721e+03
    9.10562e+03    -1.27023e+04     6.46609e+03
   -1.59077e+04    -2.18166e+04     2.78191e+04
    1.39536e+04    -1.01511e+04    -1.22580e+04
   -1.35975e+03    -3.11618e+03    -1.00391e+04
    7.09881e+03    -1.15415e+04     4.27428e+03
   -1.20728e+04    -3.25970e+04    -2.88863e+04
    1.18658e+04    -1.79389e+04    -3.40399e+04
    1.73358e+04     3.59845e+04    -3.93644e+03
    2.22346e+04    -2.21785e+03    -6.07900e+03
   -2.46652e+04    -2.05462e+04    -2.04226e+04
   -1.64899e+04    -2.32133e+04     2.26813e+04
   -1.37386e+04    -2.00703e+04     3.45263e+03
   -4.26221e+04    -1.45412e+04    -1.47814e+04
    7.64401e+03     1.78890e+04     1.02375e+04
    7.54602e+03    -9.06288e+02    -4.36041e+04
    2.33818e+04     1.60923e+04    -1.73387e+04
   -6.39311e+01    -5.85714e+03    -9.18164e+02
   -2.00364e+04    -3.12422e+03     2.34526e+03
   -3.99801e+03     1.52683e+04     4.26454e+03
    3.11516e+03     2.25907e+04    -2.90558e+04
   -1.57079e+04    -3.69107e+02     9.95974e+03
    2.12806e+03    -9.69607e+02     5.55999e+03
   -2.56244e+04    -1.28803e+04    -2.12857e+04
    1.04490e+04     5.49747e+03    -2.29982e+03
   -1.14337e+04     5.40021e+03    -5.43072e+03
   -2.64655e+04     1.53489e+04    -1.74759e+04
   -1.32446e+04    -1.37323e+04    -3.11704e+04
    1.98507e+04    -1.30630e+04     3.58015e+04
    2.45288e+04     6.28481e+03    -3.96474e+03
   -2.17006e+04    -7.11176e+03    -3.52255e+03
    2.38948e+04     3.49736e+04    -1.65058e+04
   -9.17845e+03    -4.58582e+04     1.00394e+03
    2.17598e+04     2.48092e+04     1.93185e+04
    1.98588e+04     5.67447e+02    -2.78220e+04
   -1.06831e+04    -2.56592e+03     1.91607e+04
    2.19536e+04     1.14123e+04    -3.85933e+02
   -5.38927e+03    -1.22295e+03     3.08665e+04
    1.88839e+04     5.57544e+03     3.70009e+03
    1.27751e+04     1.85410e+04     7.83455e+03
    2.00125e+04    -3.02542e+04     2.23366e+04
    9.02434e+03    -2.90549e+04    -7.86023e+03
   -1.59138e+03     4.54581e+03    -2.04767e+04
   -1.28863e+04     9.55012e+03     2.37386e+04
   -1.00925e+04     3.32880e+03    -4.49686e+03
    2.92047e+04     3.78923e+03    -1.09829e+04
   -9.45413e+03    -5.12922e+03    -6.91796e+03
    1.01623e+04    -2.84766e+04    -1.56108e+04
    3.95131e+03     3.96004e+04     2.66724e+04
   -1.15935e+04     8.01353e+03     3.98693e+03
   -1.52182e+03     1.24614e+04    -1.90749e+04
   -1.25846e+04    -1.48749e+02     1.01358e+04
   -1.57001e+04     2.71324e+04     1.08480e+03
    6.76371e+02     5.27514e+02    -4.70118e+04
    2.05476e+04    -6.02082e+03     1.04883e+04
    8.09114e+03     1.28370e+04     7.49827e+03
    4.69904e+03     1.30977e+04    -1.14201e+04
    2.40025e+04     9.05110e+03    -1.07835e+04
    2.10263e+04    -1.24805e+04    -1.02195e+04
    9.62324e+03    -1.73314e+04    -1.38831e+04
    8.58707e+03     1.33458e+04    -3.03498e+03
    6.29368e+03    -6.89865e+03     1.29389e+04
   -2.62287e+04    -1.20358e+03     4.74615e+03
    3.03417e+04     3.16273e+04    -1.74222e+04
    3.41817e+04     1.86537e+04    -2.09725e+04
    6.14251e+02     1.65051e+04     3.50878e+03
    1.04773e+04    -8.68570e+03     2.57913e+03
   -9.40498e+03     2.57469e+03    -5.26674e+03
   -2.33986e+03    -6.79370e+03     1.55008e+04
   -3.01498e+04     2.48496e+04     2.40696e+02
   -3.10602e+04    -3.01463e+04     1.72097e+04
   -5.60684e+03    -2.62011e+04     2.27870e+02
   -3.35663e+04    -1.81218e+02     2.66691e+04
    9.94399e+02    -1.56778e+04     8.41035e+03
    1.17791e+04    -2.06198e+04    -7.12050e+03
   -2.90069e+04    -1.14728e+04     1.65788e+03
   -1.44509e+04    -6.74482e+03     9.78001e+03
    2.11794e+04    -1.50984e+04     1.53816e+04
    1.88831e+04     3.00955e+03     3.25135e+04
   -2.16725e+04    -1.43808e+04     1.95127e+04
    5.84932e+03     2.78732e+03     5.09059e+03
    8.69715e+03    -1.92249e+04     1.12334e+04
    7.91042e+03     9.20740e+03     7.20902e+02
    4.90328e+03     7.02531e+03     1.86819e+02
   -1.64958e+04     2.01345e+04     2.08813e+04
   -3.18418e+02     1.46341e+04     7.31083e+03
    3.77893e+03     1.90069e+04    -1.91586e+04
   -1.39880e+04    -5.88520e+03    -9.67899e+03
   -2.76641e+04     3.48377e+03     2.10360e+04
    2.76684e+04     1.83111e+04     1.87378e+04
   -3.17312e+04    -2.77967e+03    -4.49842e+03
    1.98700e+03     5.79378e+03    -1.83232e+04
   -3.20237e+04     3.99028e+03    -5.49432e+03
   -1.41734e+03     8.26805e+03     2.82978e+03
    3.22252e+04     2.12579e+03     6.90904e+03
    7.83631e+03    -6.66893e+03     1.14603e+04
   -3.09735e+04     3.14052e+04     4.49266e+03
   -1.50949e+04     8.77199e+03     1.57907e+03
    8.35501e+03    -8.08817e+03     9.92035e+03
    9.77809e+02    -1.44264e+04    -7.83836e+03
   -1.36810e+04    -1.92013e+03    -1.29643e+04
    2.29785e+04    -1.61839e+04    -3.67796e+04
    3.98013e+04    -2.16531e+04     3.58747e+03
   -2.97966e+04     6.57373e+03     1.20570e+04
   -2.56395e+03    -1.93485e+04    -9.38390e+03
    2.88495e+04     5.23290e+03    -1.76342e+04
    4.61226e+03     5.59890e+03    -1.79829e+04
   -1.35256e+04     9.82714e+03    -4.01545e+04
    1.36583e+04    -2.59545e+04     3.10883e+03
   -2.00431e+04     5.76964e+03     1.19998e+04
   -1.16839e+04    -3.15687e+04    -6.29755e+03
   -1.69401e+04    -1.99559e+04    -2.76765e+04
   -1.47506e+03    -2.19660e+03    -4.43605e+03
    4.14804e+03    -3.40046e+04    -2.25163e+04
   -9.04341e+03    -3.27301e+03    -1.54616e+04
   -9.62374e+02     2.91843e+03     1.25353e+04
   -7.40097e+03    -2.07496e+04     1.16675e+04
    1.83657e+04     1.17994e+04    -7.06041e+02
   -1.72958e+04    -2.58893e+03     1.49526e+04
    2.08587e+04    -1.62648e+04     3.05713e+04
   -3.38975e+04    -6.88438e+03    -1.76992e+04
   -2.52883e+03    -8.84690e+03     6.36374e+03
    3.74584e+02    -4.23857e+03    -7.22858e+02
   -1.39559e+04     2.06447e+04     1.86455e+04
   -2.00050e+02     1.72064e+04    -2.27966e+04
   -7.74426e+03    -1.35197e+04    -1.03685e+04
    1.62809e+04     2.22042e+04    -1.17795e+04
   -2.26443e+04     4.18460e+03     4.14327e+04
    2.16642e+04     3.05439e+03    -4.29108e+03
    1.22889e+03    -2.01154e+04    -1.81824e+04
    1.04447e+04     3.65129e+04     1.59727e+04
    1.67981e+04    -2.62538e+04     1.25410e+04
    6.11890e+03    -3.88634e+04     1.69208e+04
    1.51019e+04     3.01828e+04     6.76220e+02
    2.05060e+04    -1.81797e+04     2.42187e+04
    3.87136e+04     2.56269e+04     9.83197e+03
    1.10038e+04     3.55209e+04     7.57614e+03
   -2.84629e+04     2.94063e+04     1.54574e+04
    3.08165e+04     2.90560e+03     2.65522e+04
    8.19509e+03    -5.79627e+03    -2.37009e+04
   -1.31058e+04    -5.94116e+03    -7.05743e+03
    1.34488e+04     2.03211e+04     2.65595e+04
    3.52425e+03    -2.16004e+04    -1.81231e+04
    2.84539e+04     6.10942e+03     1.69033e+04
    1.67643e+04    -1.51528e+04     1.23976e+04
   -7.27004e+03     1.54186e+04    -6.12584e+03
   -2.78825e+04    -4.72687e+03     1.11358e+04
   -2.19936e+04    -2.33403e+04     7.38776e+03
    2.19854e+04    -2.02556e+04     1.96252e+04
   -5.87745e+03    -7.20906e+03    -8.74737e+03
    1.93730e+04     2.78052e+03    -4.00104e+04
   -8.31871e+03    -2.31931e+04    -2.83907e+04
    1.27611e+04    -1.13001e+04     2.15303e+04
    2.44184e+02    -2.78761e+04     1.25059e+04
   -1.09871e+03     1.33409e+04     1.09126e+04
   -4.22495e+04    -2.01225e+03    -1.17878e+04
    2.94428e+04     2.91450e+04     1.21620e+04
   -8.06809e+03    -6.56641e+03     1.83547e+03
   -5.78038e+03    -1.55368e+04    -1.66021e+04
   -1.71029e+04    -2.28204e+04    -2.34047e+04
    2.03614e+04    -1.16753e+04    -1.53585e+04
   -2.76779e+04    -2.35107e+03    -5.21968e+03
    4.81348e+03    -1.28443e+04    -2.38486e+04
    2.18634e+04     1.56687e+04    -6.25364e+03
   -2.12748e+04     3.70868e+03    -4.99357e+03
   -9.93966e+03    -4.47604e+03     1.27866e+04
   -1.86587e+04     2.07780e+04    -2.30000e+04
    8.40058e+03     1.91685e+04     1.16551e+03
   -1.50673e+04    -9.14016e+03     3.99275e+03
    1.24528e+03    -5.42499e+03     1.35891e+02
    2.50106e+04    -3.03509e+02     2.61038e+03
    1.16165e+04     3.99594e+03     1.37874e+04
   -5.79564e+03    -1.20553e+03     3.90515e+04
   -3.52774e+04    -6.48506e+03    -1.10089e+04
   -2.78538e+04    -2.11549e+04     4.01747e+03
    6.59664e+03     3.74912e+03    -1.60447e+03
   -2.11109e+04    -2.77630e+04     2.39067e+04
   -1.17431e+04    -1.35526e+04    -1.54806e+04
    6.24090e+03     1.81546e+04     3.22923e+04
    3.66774e+03    -1.97072e+04    -7.63334e+03
   -4.31621e+04     1.22817e+04     1.34988e+04
   -4.90823e+03     1.26634e+04    -1.36522e+04
   -2.27711e+04    -2.14373e+04     2.25240e+04
    2.02290e+03    -2.41367e+04    -1.37797e+03
    9.11108e+03     1.95042e+04     3.61665e+04
    1.15951e+04     1.36181e+04     6.25962e+03
   -3.60617e+04    -1.95061e+02    -1.10761e+04
    2.27574e+04     2.13715e+03     1.73463e+04
   -2.17362e+04     3.10125e+04     7.56884e+03
   -6.22380e+03     1.01224e+04    -1.35092e+03
   -3.87406e+04    -1.12764e+03    -2.13115e+04
   -3.41754e+04     1.63769e+03     8.85574e+03
   -2.35117e+04     3.22350e+04    -8.44094e+03
    1.95783e+03     6.34840e+03     3.07213e+04
    1.13431e+04     1.78600e+04    -1.47561e+04
   -3.62880e+04    -1.46362e+04    -3.79417e+03
   -2.32236e+04     8.16774e+03     2.19907e+04
    9.81111e+03    -1.25995e+04     3.09890e+04
    1.09568e+03    -4.74718e+03     6.42495e+03
    7.95116e+03    -7.79633e+03    -2.87032e+04
    5.91815e+02     1.83909e+03     1.10290e+04
    6.20375e+03     2.00808e+04     3.61196e+03
   -5.49604e+03    -3.67543e+04     1.98323e+04
   -2.29327e+04    -1.10242e+04    -2.94256e+04
   -3.05034e+04    -1.77632e+04     9.28488e+03
   -2.65007e+04     7.38921e+03    -3.35831e+03
   -2.61882e+04    -1.48527e+04     3.46914e+04
    4.37827e+03     1.98509e+03    -1.09783e+04
    5.54327e+03     2.07350e+02     2.74875e+04
   -1.03501e+03    -4.33951e+03     5.39569e+03
    4.28345e+03    -1.65844e+04     2.58429e+03
    1.76677e+04    -9.29085e+03    -6.51243e+03
   -4.69864e+03    -2.48357e+04    -4.03446e+04
    1.49955e+04     1.51720e+04     3.69736e+04
   -5.85436e+02    -2.97664e+03    -5.00640e+03
   -1.24817e+04    -1.10732e+04     1.04229e+04
   -1.37775e+04     2.16962e+04     1.27258e+04
    3.53768e+03    -1.57273e+04     1.17785e+04
    2.28643e+04     1.69087e+04     1.74088e+03
   -4.94722e+03     3.45667e+03     1.06621e+04
   -2.44417e+04     1.82060e+04    -1.08525e+04
    6.48136e+03     5.07382e+02     3.67876e+04
   -1.51456e+04    -2.12013e+04    -1.57733e+04
    6.75615e+03    -9.17401e+03    -2.88522e+04
    1.28865e+04     6.02688e+03     8.56065e+03
    1.14086e+04     1.45706e+04     2.77627e+04
    1.20362e+04     1.17825e+04    -2.20928e+04
    2.15196e+04    -3.36086e+03     1.16171e+03
    2.22742e+03     7.67763e+03     9.67785e+03
    2.18738e+04    -9.96113e+03    -9.88336e+02
   -2.96459e+04     3.85763e+02     3.57428e+03
   -2.42520e+04     2.93141e+04     2.60970e+04
    1.35167e+04     2.15588e+04    -6.33821e+03
   -3.77347e+03    -2.52349e+04    -5.06483e+03
    8.27053e+03    -1.39297e+04    -2.11139e+04
   -3.67137e+03     7.94688e+03    -8.14466e+03
    2.22609e+04    -3.08756e+03    -2.82722e+04
   -4.03713e+03     6.99073e+02    -5.75889e+03
   -4.11154e+03    -7.03096e+03     8.26510e+03
    2.52786e+04     3.33110e+04    -1.14350e+04
    1.95198e+04     1.41341e+04     4.69769e+03
    8.48628e+03     5.12858e+03     2.58022e+04
   -8.49937e+03    -1.02137e+04    -2.32940e+04
    5.19163e+03    -2.75186e+04    -1.89997e+04
   -1.35675e+04     3.10809e+04    -3.10755e+04
    2.41543e+04    -3.53914e+04     5.85076e+02
   -8.00972e+03    -1.76645e+03    -6.83804e+03
    8.22210e+03    -1.44001e+04    -4.55532e+03
    7.06681e+03     7.33481e+03     3.16441e+03
   -2.30088e+03     1.39847e+04     2.06347e+03
   -7.68140e+03    -4.41713e+03    -7.20631e+03
    1.16868e+03    -5.50373e+02     1.16017e+04
    1.67195e+04     6.29322e+03     2.98804e+04
   -6.08503e+03    -7.58966e+01    -1.38047e+04
    9.47853e+03     1.59410e+04    -4.09766e+03
   -1.08954e+04     4.33710e+03    -1.83605e+04
   -1.57716e+04     1.75485e+04     2.40865e+04
    4.05475e+04     1.77825e+04     6.97809e+03
    7.28360e+03    -3.00811e+04     8.38939e+03
   -3.71214e+04    -2.89525e+03     1.54983e+04
    1.08373e+04     2.18910e+04    -3.56414e+04
   -2.25837e+04    -2.97290e+03    -9.84309e+03
   -3.12205e+04    -2.00919e+04     6.45265e+03
   -3.64887e+04     1.32564e+04    -8.13585e+03
    1.01129e+04     1.27059e+04     8.28772e+02
    1.64377e+04    -4.08160e+03     2.60055e+03
   -2.86886e+04     1.62993e+04    -2.27059e+04
    9.00135e+03     9.58850e+03     3.04951e+04
   -1.79480e+04    -2.50303e+04     1.79422e+04
   -1.14843e+04    -7.07786e+03     7.20982e+03
   -1.64413e+04    -2.08053e+04    -6.79043e+03
   -3.06591e+03     1.27942e+04    -3.30626e+04
    4.38238e+03    -1.21059e+04    -1.26850e+03
    1.06046e+04     3.90904e+03    -1.99826e+04
   -1.19975e+04     1.08195e+04    -2.73270e+04
    1.92615e+04    -8.09041e+03    -5.54730e+03
    2.29621e+04    -3.69961e+04    -1.58005e+04
    1.71262e+04    -1.11463e+04     2.57446e+04
   -4.57065e+03    -3.09016e+03     2.75239e+04
    3.02046e+03    -2.03062e+04     1.55898e+04
   -1.65833e+04     2.47010e+04    -2.65828e+03
   -1.14832e+04     1.02700e+04     1.23364e+04
   -9.20248e+03     8.86849e+03    -2.13685e+04
   -1.41834e+04     7.11888e+03     5.25520e+03
   -3.16491e+03    -1.13993e+04     3.21165e+02
   -7.05283e+02     4.47924e+03    -6.12117e+03
    1.42655e+04     2.92502e+04     2.04452e+04
    1.90512e+03     8.90750e+03     2.64266e+03
   -4.07466e+03    -2.51037e+04     2.38151e+04
   -1.55996e+03     1.16052e+03     8.52008e+03
    3.10160e+04     4.62103e+03    -9.40042e+03
    2.11504e+03    -9.26548e+03     8.77529e+03
    1.56859e+04     2.02162e+04    -3.48155e+04
    3.03568e+04     1.85996e+04    -1.19676e+04
   -7.98261e+01    -4.35657e+04     7.03874e+03
   -1.99333e+04    -2.41314e+04    -2.17380e+04
    1.48014e+03     1.94132e+04     3.49103e+03
    2.21571e+04    -1.84845e+04    -1.39345e+04
    2.35576e+04    -1.33114e+04     2.20625e+04
    1.78740e+03     2.53931e+03     1.18625e+04
    1.87974e+03     1.74277e+03    -1.17520e+04
    5.37162e+03     3.39771e+02    -6.63920e+03
   -1.64827e+03     8.68811e+03     1.56663e+03
    1.44553e+04     1.40827e+04     1.38403e+04
   -8.40467e+03     2.29154e+03    -9.77480e+03
    1.78457e+04     4.37832e+04     1.04290e+03
   -2.04891e+04    -2.86928e+04     8.95086e+03
    7.05628e+03    -5.37901e+03     6.06113e+03
    2.54641e+04    -3.91549e+02    -1.69587e+04
    1.14252e+04    -3.11175e+04     3.22894e+02
    3.13051e+04     6.00600e+03    -3.54973e+04
   -7.28826e+03     5.83389e+03    -4.42678e+03
   -2.99656e+03    -2.47899e+03     7.40352e+03
    3.62540e+03    -4.89721e+03     1.10389e+04
   -3.55368e+03     8.36454e+03    -1.26086e+04
   -2.28728e+03     3.18864e+04    -1.58763e+04
    1.02858e+03    -3.41588e+04     1.65106e+03
    8.99634e+02    -8.69249e+03     6.25289e+03
    2.45536e+03    -1.02872e+04     5.14948e+02
    4.39741e+04    -1.49687e+04    -1.13198e+04
   -1.07466e+04     7.78637e+03     8.70396e+03
   -1.15415e+04    -1.77437e+04     6.91889e+03
   -2.85723e+04     1.44974e+04    -1.84630e+04
   -1.47869e+04     8.35530e+03     5.42790e+03
   -7.06328e+03     4.63746e+03     1.90216e+04
   -1.47024e+04    -5.41075e+02     1.33335e+04
    1.13215e+04    -1.69106e+04     3.83926e+04
   -5.06617e+03    -1.36386e+04     3.89107e+03
   -1.66311e+04    -9.82147e+03     2.94929e+04
    2.85141e+03     4.87149e+03     1.31230e+04
   -4.05136e+04    -1.23684e+04     9.56970e+03
   -2.61215e+04    -6.50055e+03    -7.14041e+03
    1.46782e+03    -2.09220e+04    -2.18369e+04
   -1.68534e+04     5.68427e+03     7.66367e+03
   -2.92091e+04    -8.42312e+03    -9.34447e+03
   -1.76314e+04     3.85607e+04    -1.35550e+04
    9.34358e+03     1.78639e+04    -7.06242e+03
   -1.53875e+04    -6.59292e+03    -1.62625e+04
   -2.29492e+04     1.34597e+04    -1.06685e+04
    2.35930e+04     8.53466e+03    -2.60666e+04
    1.22410e+04    -6.66478e+03    -1.33004e+04
    1.70177e+04    -7.94672e+03     1.73339e+04
    1.70766e+04     1.14890e+03     3.16016e+04
    4.69918e+03    -4.85831e+03     1.36583e+04
    1.18836e+04     1.33249e+04    -4.85716e+03
   -8.36150e+03    -8.61073e+03    -2.90048e+03
   -1.82898e+03     2.48525e+04    -3.45521e+04
   -2.03672e+04    -1.16245e+04     3.83507e+04
   -3.73255e+04    -1.34120e+04    -2.52185e+04
    1.21411e+04     3.76405e+04     2.22237e+04
    2.37948e+04    -2.55843e+03    -2.07242e+04
   -7.67745e+03     7.24716e+03     6.93560e+02
   -1.91490e+04     2.41286e+04     5.32105e+03
    3.11196e+04     6.30221e+03     8.57478e+03
   -2.52105e+04     4.23247e+03    -2.76355e+04
    2.96262e+04     1.33673e+04    -7.04210e+03
   -1.42290e+04     6.67078e+01    -1.02518e+04
   -6.91466e+03    -1.81760e+04     2.13037e+04
    1.20060e+04     6.22396e+03     9.99203e+03
    3.36129e+03     2.63807e+04     8.34511e+03
   -4.16788e+03     6.89354e+01     8.97815e+03
   -2.32867e+04    -6.41627e+03     4.99393e+02
   -7.28231e+03     2.31838e+02     7.26923e+03
    1.23670e+04    -3.70428e+04     1.96570e+04
   -3.97653e+03     1.04324e+04     4.58918e+03
    1.63472e+04     1.42340e+04     1.50868e+03
   -1.87345e+04    -7.45580e+03    -1.91419e+04
    2.50035e+03    -2.07249e+04    -8.39788e+03
    7.38760e+03     4.53467e+04    -3.31852e+03
    2.15734e+04     1.24917e+04    -5.93037e+02
   -1.24514e+04    -8.87944e+03    -4.78934e+03
    6.31063e+03    -9.15355e+03     9.70283e+03
    1.59773e+04     3.58386e+04     8.87250e+03
    1.41803e+04    -8.63231e+03    -2.51742e+04
    3.25985e+03     2.48467e+03    -2.54539e+04
    1.27893e+04     1.30858e+04    -3.18287e+04
    1.48892e+04     3.81251e+02    -4.43785e+04
    8.00839e+03    -3.62671e+04     2.18839e+03
   -2.63180e+04    -1.05117e+04     3.16800e+04
   -8.16059e+03    -1.29524e+04    -1.53767e+04
   -4.49234e+04    -6.19849e+03    -4.87206e+03
    2.83733e+03    -9.59799e+03    -1.72193e+04
   -2.93558e+02     2.84156e+04     1.40826e+03
   -2.38538e+04    -4.62520e+03     1.44134e+04
    4.17782e+03     1.54290e+03     2.13158e+04
    2.60100e+04     3.03889e+04     7.24366e+03
    1.54679e+04     1.91803e+04    -1.25292e+04
   -4.42154e+03    -7.34602e+03     1.35005e+04
    2.72047e+04     2.18906e+04    -3.11901e+04
    1.42860e+03    -3.23005e+04    -1.55560e+03
    9.47313e+03    -9.58964e+03    -6.48312e+03
   -3.22470e+03    -8.80523e+03     3.30956e+04
   -2.33519e+04    -1.07565e+04     1.33983e+04
    3.71200e+03    -3.26489e+04     1.09972e+04
    8.14743e+03    -1.80968e+04    -1.16667e+04
    1.50454e+04     2.37166e+03    -1.50342e+04
    6.10739e+03     2.20727e+04     1.89304e+04
   -2.56339e+04    -3.28907e+04    -1.30381e+04
    2.70841e+04     5.96077e+03     5.58499e+03
   -8.36076e+03     4.18093e+03     4.93303e+03
    2.74157e+04     7.46326e+03    -1.17255e+04
    2.97343e+04     2.08329e+04    -1.46073e+04
   -5.83019e+03     1.75980e+04    -1.29122e+04
    1.74000e+04     6.92290e+03    -2.07805e+03
   -1.81158e+04    -1.04356e+04     3.04432e+04
   -1.07022e+03    -6.60040e+03     3.26116e+03
    6.52144e+01    -1.35092e+04    -4.32873e+03
   -1.08593e+04    -3.21115e+04     1.18251e+04
    1.31414e+03     4.58684e+03    -6.51853e+03
   -1.10368e+04     4.66694e+04     7.91581e+02
    1.60305e+04     1.78415e+03     7.19037e+03
    2.15105e+04     9.50615e+03     2.42193e+04
   -2.87678e+03    -3.58865e+04    -1.82483e+04
   -1.25166e+03     1.02472e+04     2.62110e+04
    4.04707e+04     8.72930e+03    -2.20827e+04
   -9.51464e+03     1.94780e+03     1.22065e+04
   -2.25509e+04    -5.91508e+03    -9.02578e+03
    7.64034e+03     2.61604e+04    -8.69078e+03
    1.46182e+03     1.09085e+04    -1.02124e+04
    9.03316e+03     1.87052e+04    -3.09503e+03
    3.23753e+04     4.01183e+03     2.53412e+04
   -5.24453e+02     1.63448e+03    -1.23701e+04
   -3.19511e+04     3.95163e+03    -2.73010e+04
   -3.04861e+04    -4.09942e+03    -1.17371e+04
    1.81752e+04    -4.78876e+03    -2.02328e+04
    1.41558e+03    -2.10640e+04     1.09616e+04
    2.83517e+03    -8.12620e+03    -6.28635e+02
   -2.45677e+03     4.49821e+03    -7.59682e+03
   -2.62625e+04     2.56818e+04     1.98476e+04
   -1.01072e+03    -2.42100e+03    -4.20984e+03
   -2.67585e+04     3.38699e+03    -2.27587e+04
    2.60654e+04     2.17977e+04     2.83855e+04
   -4.22973e+03     3.77625e+04    -6.78131e+03
    1.54032e+04     2.99179e+03    -7.88953e+03
   -1.33136e+04     9.54644e+03     1.90215e+04
    2.25052e+04     1.71421e+04     8.54063e+03
   -6.74972e+03    -1.20741e+04     3.97894e+04
    6.30951e+03    -6.81276e+03     3.66974e+03
   -1.95225e+04     1.93216e+04    -1.29457e+04
   -1.17992e+03     5.95918e+03    -3.32687e+04
    2.72639e+04     2.01641e+04    -3.22236e+04
    3.65829e+03    -3.09341e+03     5.47582e+03
   -2.12317e+04     2.10473e+03    -4.08789e+04
    1.33054e+04    -1.30282e+04     2.12797e+03
    2.47968e+03     3.51514e+03     7.83027e+03
    1.94543e+03     1.01005e+04     3.08832e+04
   -8.54073e+02    -8.09550e+03     2.36468e+04
    2.54357e+04     1.11059e+04    -3.60405e+04
    1.36414e+04    -3.12476e+04    -9.05499e+03
    2.16474e+04    -2.62433e+04    -7.20399e+03
    3.56908e+03    -1.69401e+04     1.30566e+04
    2.02808e+04     9.05044e+03    -1.72123e+04
   -1.60961e+04     2.75244e+03    -8.03197e+03
    1.20182e+03    -1.91787e+04    -1.23775e+02
    2.38028e+03     1.53046e+04    -8.25172e+03
   -1.89420e+04     8.28492e+03    -2.16951e+04
    2.52191e+03     2.33955e+04     3.43799e+04
    6.89280e+03    -1.28404e+04    -2.90634e+03
    1.89767e+04    -1.54115e+04     3.59617e+04
    1.08654e+04    -2.54116e+04    -1.35844e+04
    2.27971e+04    -5.65522e+03     1.33447e+03
   -6.68815e+03    -1.11244e+04    -1.73245e+03
    3.76605e+03    -2.31191e+02     6.64217e+03
    9.19573e+03    -9.13198e+03    -4.21890e+04
    5.52812e+03    -2.07105e+03     5.70405e+03
    2.13426e+04    -4.19572e+03    -6.00500e+03
   -7.40264e+01    -1.68627e+04     1.16852e+04
    2.94088e+03    -1.32260e+03    -6.15577e+03
    1.56120e+04     9.69047e+03    -2.67066e+04
    8.06343e+03    -1.37631e+04    -9.30972e+03
   -5.05062e+03    -4.29746e+04    -4.57872e+03
    1.77724e+04    -4.39148e+03    -2.79187e+04
    1.87574e+04     1.64672e+04     2.33290e+03
   -3.66278e+03     4.31392e+04    -1.67833e+04
    3.26331e+03     9.51722e+03     1.48371e+03
   -7.46300e+03    -2.78706e+04     1.50793e+03
   -8.75788e+02     7.09298e+03    -1.20895e+03
    7.11504e+03    -3.36137e+04     7.16467e+03
    7.82566e+03     2.20595e+04     2.94241e+04
    6.24671e+03    -2.13789e+03    -9.75181e+03
    2.60212e+04    -5.00839e+03     3.48721e+03
    9.74420e+03     2.38618e+02     2.94209e+04
    8.51127e+03     1.94311e+04     3.37643e+04
    1.12011e+04    -5.44676e+03     1.23947e+04
   -1.44111e+04    -3.41825e+04    -1.34734e+04
    1.30060e+04    -3.01620e+04     8.01030e+03
    3.54203e+04    -2.21083e+03     2.99703e+04
   -3.29734e+04     1.06982e+04     2.41761e+04
   -2.46624e+04    -1.22770e+04    -9.35379e+03
    1.11523e+04    -3.69030e+04     2.11037e+04
    1.81165e+02     8.01938e+03     1.91451e+04
   -1.95439e+04    -1.29852e+04     1.99157e+04
    4.09592e+04    -6.26008e+03    -1.16908e+04
    3.00274e+04    -3.04041e+04     2.92296e+03
   -3.87328e+03     1.40073e+04     7.93519e+03
   -1.84710e+04     4.15581e+02    -1.95354e+03
   -1.06458e+04    -1.54037e+04     1.46671e+04
   -2.90361e+04    -2.29977e+04    -5.53119e+03
   -1.02944e+04    -3.79808e+04     7.82829e+03
   -5.33083e+03     1.24905e+04     3.37460e+04
   -8.52820e+03     3.01878e+03    -1.63601e+04
   -3.29666e+03     9.91456e+03    -5.95104e+03
   -1.26111e+04     5.24378e+03    -1.95052e+04
    1.63462e+04     5.39929e+03    -2.37876e+03
    2.50473e+04    -7.53166e+03    -1.01603e+04
    1.04029e+04     2.17142e+04    -1.45521e+04
    1.54425e+04     8.08376e+03    -9.69618e+03
    4.12215e+04    -1.72913e+04     1.03318e+04
    8.50933e+03    -1.42198e+04    -1.03651e+04
    3.44051e+04    -5.97823e+03     9.37222e+03
    6.48849e+03    -1.31037e+04     7.74717e+03
    1.79622e+04     3.79090e+03    -2.39594e+03
   -3.35678e+04    -1.56664e+04     1.68821e+03
    2.57443e+04     3.42950e+04    -7.51608e+03
   -1.81509e+04    -9.98655e+03    -3.28285e+04
    3.10661e+04     1.79770e+04    -2.79525e+04
    1.95780e+04     1.83388e+04     3.72124e+04
    1.85023e+04    -2.26082e+04    -2.12598e+04
   -1.16095e+04     2.25823e+04    -7.84267e+02
   -6.70181e+03     1.09217e+04    -1.99033e+04
    1.37167e+04    -7.75134e+03    -3.06506e+04
   -1.17795e+04    -1.37400e+04     2.69441e+03
    4.38119e+03     7.51021e+03     2.48306e+04
    2.28481e+04    -2.31012e+04    -1.54958e+03
    1.32897e+04     9.10101e+03    -3.43238e+04
   -1.84872e+04    -1.17523e+04     3.47800e+03
   -2.16178e+04    -2.38326e+04     2.01778e+04
   -1.50449e+04     5.15052e+02    -1.61845e+04
    1.29927e+04     2.08127e+04     2.55828e+04
   -2.17502e+04    -2.65536e+04    -2.72428e+04
   -3.36564e+04     2.86576e+04     3.44537e+02
    1.61399e+03    -3.63361e+03     5.92860e+03
    2.76672e+03     2.11727e+04     2.39821e+04
   -2.13445e+04    -3.61519e+04    -1.92656e+04
   -9.53385e+03     3.29656e+04     1.94249e+04
    1.46461e+03     7.97664e+02    -1.24691e+04
    1.40332e+04    -2.34165e+04     9.03731e+03
    1.92196e+04    -2.41381e+04    -7.11433e+03
    1.97841e+04     2.63645e+04    -8.72243e+03
    8.56221e+03     6.47742e+03     9.04195e+03
    1.80413e+04     1.42407e+04     9.69654e+03
   -1.18322e+04     4.24623e+04    -9.09917e+03
   -1.85873e+04    -3.55987e+03     6.01949e+03
    9.11596e+03    -1.01680e+04    -6.75510e+03
    2.64950e+04    -2.86500e+04     1.10181e+04
   -6.54893e+03     8.28014e+03     9.98352e+03
    2.05545e+04     1.45673e+04     5.36260e+03
   -1.87347e+04     7.66004e+03     1.77390e+04
    1.74392e+04     1.16952e+04    -2.09956e+04
    1.76268e+04     4.71458e+03     1.23280e+03
   -1.30329e+04     3.24119e+04     1.01438e+04
    1.07214e+03    -5.21228e+03     3.26784e+03
    9.08582e+03    -3.09035e+04    -8.60543e+03
    1.30194e+03    -1.73220e+03    -3.17034e+04
    1.69008e+04    -2.91819e+04     5.23387e+03
   -2.14381e+04    -1.37241e+04     1.32482e+04
    1.41865e+04     1.69542e+04     3.70762e+04
    9.70687e+03     2.15205e+03    -1.15521e+04
    6.43128e+03     9.49663e+03    -2.92327e+03
    9.75856e+02    -2.24315e+04    -6.48796e+03
   -1.73672e+04     1.87801e+04    -2.83814e+04
   -5.05015e+03     2.41475e+04     4.08878e+03
    2.06564e+04     1.04512e+04     3.21836e+04
    1.27325e+04    -1.33300e+04     1.62245e+04
   -1.77490e+04     6.90138e+03     4.20121e+04
    2.16504e+04    -1.83655e+04    -2.71433e+04
    3.10995e+04    -1.01311e+04    -8.41932e+03
    7.47285e+03    -7.68633e+03    -5.49105e+03
   -7.11309e+03     7.38222e+03    -7.57914e+03
   -1.71585e+04    -2.23682e+04     1.72364e+04
   -1.96108e+04     8.82634e+03     6.07762e+02
   -3.20823e+03    -2.61900e+04    -5.94258e+03
   -3.07331e+03    -9.24956e+03     1.50504e+04
   -1.22044e+04     5.71784e+03     9.68269e+03
   -1.49229e+04     1.10963e+04     6.85413e+03
   -3.12059e+04    -2.30054e+04    -1.95146e+04
   -3.60102e+03    -1.57998e+04     8.77632e+03
    3.11917e+04     2.71802e+04     1.83865e+04
   -3.98938e+03    -1.38454e+04    -2.14875e+04
   -8.87696e+03     1.07677e+04    -5.42546e+02
   -6.01464e+03     3.16399e+03    -1.80062e+04
   -5.09058e+03     1.20657e+04     1.19297e+04
   -1.41379e+04    -6.46988e+03    -4.20519e+04
   -1.60028e+04     6.22930e+03    -2.77154e+04
    1.83418e+04    -2.68807e+03     3.59018e+04
    2.90057e+04    -1.18475e+04    -2.88334e+03
   -9.39454e+03    -5.56252e+03     8.77447e+03
   -1.35094e+04    -2.06568e+04     2.94966e+04
    5.41099e+02    -3.14869e+03     1.84981e+03
    1.62521e+04    -5.79409e+03     3.75184e+04
   -1.53654e+04    -2.71792e+04    -1.68510e+04
   -2.73408e+04     8.78486e+03    -1.76855e+04
    1.72660e+04    -2.71115e+04     1.96406e+04
   -4.90503e+03    -1.31820e+04     1.16171e+03
    2.00679e+04     5.43278e+03    -7.30104e+03
   -1.02731e+03    -3.30660e+03    -3.72379e+03
    1.01055e+04    -3.06907e+04    -3.13165e+04
    1.75565e+04    -4.63200e+03     1.59820e+04
    2.25323e+03     4.26764e+03     1.22026e+04
   -3.94589e+03    -3.57623e+04    -2.60874e+04
   -2.12965e+03     4.44895e+03     2.70729e+04
    7.77061e+03     2.69577e+04    -3.20921e+04
    5.52946e+03    -4.98826e+03    -4.19478e+03
   -1.23282e+04    -3.48068e+04     4.08595e+03
   -8.49082e+03    -3.38662e+04     2.05625e+04
   -9.46818e+03     1.01091e+04    -1.85180e+04
   -2.91273e+04    -1.56040e+04     4.61313e+03
    2.49915e+04     1.45286e+04    -5.94289e+03
    2.30656e+04     4.69177e+03    -9.01303e+03
    1.47422e+04     2.98422e+04    -7.95243e+03
    8.32101e+02    -1.88864e+04     1.06957e+04
    2.13195e+03     3.34638e+04    -1.01192e+04
    1.44808e+04     1.49483e+04     3.88256e+04
    3.10316e+04    -2.38831e+04     7.81330e+03
    3.15141e+04    -1.99782e+04    -7.94243e+03
   -2.74822e+03     3.32197e+04     1.54590e+04
    9.20484e+03     1.40247e+04    -2.73063e+04
   -4.85281e+03    -3.95928e+04    -2.17138e+04
   -1.38425e+04    -2.34219e+04     2.03098e+03
    4.81791e+03    -2.54756e+04    -8.33854e+03
    2.55132e+04    -2.44170e+04     2.43857e+04
    7.38307e+03    -2.05282e+04    -2.29645e+04
   -1.91614e+04     1.05760e+04     9.00412e+03
   -3.35154e+04     7.47961e+03     1.86260e+04
    1.03605e+03    -2.57706e+04    -2.28052e+04
    1.62385e+04    -4.09009e+04     9.11018e+03
    1.33604e+04     1.64303e+04    -2.27659e+04
    1.41234e+04     7.89918e+03    -2.06415e+03
   -1.54717e+04     1.92992e+04     4.49280e+03
    2.44878e+04    -4.86420e+03    -1.61521e+04
   -1.06235e+04     3.12382e+04    -2.09084e+03
    3.14776e+04     4.50666e+03     3.13762e+04
    5.18406e+03     2.17872e+04     1.75499e+04
   -3.14407e+03    -2.09097e+04    -5.16634e+03
   -5.14683e+03    -9.82766e+03    -4.43448e+04
    3.02651e+04     7.44652e+03     1.38770e+04
   -1.65221e+04     2.03105e+04     1.09737e+04
    7.44713e+01    -1.03853e+04     1.86803e+04
    2.74324e+04    -3.08525e+04     1.10754e+04
    3.34907e+04    -9.90900e+03    -2.30205e+01
    3.09534e+04    -2.92269e+04    -1.77493e+04
    1.76643e+04    -1.97936e+04     1.53354e+04
   -1.04666e+04    -4.30684e+04    -4.13781e+03
   -1.92465e+04    -3.19779e+04     4.70142e+03
   -6.91173e+03     6.10935e+03    -3.45142e+03
    9.94089e+03     2.08879e+04     4.55711e+03
   -1.00238e+03    -2.91646e+04     7.51777e+03
   -5.49680e+03    -5.80719e+03     4.76672e+03
    2.03701e+04     3.06097e+04    -2.79107e+04
    3.52244e+04     5.09505e+02     2.03139e+04
   -6.26022e+03    -8.58387e+02     8.35941e+03
    5.88531e+02    -1.09177e+04    -1.23127e+04
   -2.01319e+04     7.80022e+03    -2.01340e+04
    2.78447e+03    -2.34632e+03    -8.90414e+03
   -2.24636e+04    -4.18508e+03    -1.32092e+04
    2.72832e+04    -2.40559e+04    -4.59011e+03
   -1.34351e+04     4.11685e+03    -4.54307e+04
   -9.22895e+03    -2.09334e+04     9.81613e+03
   -3.91945e+02     1.23349e+04    -1.62942e+04
   -2.39852e+03    -4.02934e+04    -6.94042e+03
   -8.66126e+03    -1.63824e+04    -2.28955e+04
    3.57702e+04     2.33979e+03     7.40526e+03
   -2.53668e+03    -4.84397e+03     2.56547e+04
    6.37189e+03    -2.48656e+04     2.19072e+04
    4.37925e+03    -7.87479e+03    -1.06818e+04
    1.31128e+04    -4.63059e+02     1.63998e+04
   -2.01132e+04    -9.01390e+03     1.10796e+04
    1.15518e+04    -1.36880e+04     6.48075e+03
    6.21870e+03     5.13156e+03     6.44374e+03
    1.92023e+04     3.43708e+04     2.45723e+04
   -3.34326e+03     6.02678e+03    -1.39353e+04
    6.16784e+03    -1.80334e+03    -8.68286e+03
    2.71839e+04     2.07322e+04     3.10244e+04
   -2.06144e+04     3.58414e+02     1.69685e+04
    4.04550e+04    -2.77813e+03    -1.69635e+04
    1.70635e+04    -3.37645e+03    -1.67027e+04
   -3.39358e+04    -1.26874e+04     1.80460e+03
    2.85889e+03     3.61248e+04     5.83863e+03
   -2.55347e+04     5.14159e+03     3.52592e+02
   -6.09850e+03     1.20917e+03     1.40089e+04
   -9.72884e+03    -4.07484e+03     2.32872e+03
   -1.64112e+04    -2.12317e+04     1.80545e+04
    1.25822e+04     2.56986e+04     6.68583e+03
    3.75425e+03     5.32955e+03     2.58272e+04
   -2.18727e+01    -9.52618e+03    -1.50288e+04
   -2.24938e+04     1.57766e+03    -6.19281e+03
   -2.59335e+03    -1.98046e+04     1.57050e+04
   -1.60727e+04    -2.40564e+04     2.12235e+04
   -2.49788e+03    -1.61828e+04    -2.49639e+02
   -1.33451e+04    -8.23656e+03    -1.48010e+04
    4.45336e+03     5.18585e+03     5.75941e+03
   -1.23980e+04    -5.34167e+03    -5.58903e+03
   -8.33213e+03     2.90368e+04    -8.28048e+03
   -2.16899e+04    -2.42914e+04    -5.15452e+03
   -7.78400e+02    -9.80852e+02     1.80099e+04
   -8.83432e+03    -3.02478e+03     6.59637e+03
   -1.43964e+04     1.19065e+04     2.13736e+04
   -8.66914e+02     8.02714e+03    -3.43994e+04
   -9.43226e+03     1.44284e+04     5.40638e+03
    3.83052e+04    -2.79645e+04     1.89040e+03
    3.18727e+03     2.14744e+04    -3.23857e+04
   -4.14719e+04     1.23942e+04     4.22126e+03
   -1.61229e+04     1.26655e+04     6.86281e+03
   -1.35125e+04    -2.51918e+04     3.58644e+04
   -6.24417e+03    -2.19472e+03    -3.91656e+04
    2.19033e+04    -3.31587e+04     8.31268e+02
    2.78059e+04     1.04258e+03     1.93554e+04
   -1.87340e+04    -2.44384e+04    -1.94980e+04
    6.84120e+03     6.02038e+03     2.40072e+04
    1.72279e+03    -4.29856e+04     1.93060e+04
    1.48838e+04     2.11788e+03     2.20350e+04
    4.06977e+03     2.03186e+04    -1.50059e+04
   -4.06074e+04     2.52930e+04     2.14970e+03
    1.76647e+04     8.10925e+03    -4.15316e+04
    1.29394e+04    -1.28389e+04     1.97040e+04
   -1.30837e+04    -7.23326e+03     1.23455e+04
    2.33819e+04     1.33762e+04     1.92511e+04
    7.48694e+03     8.58192e+03     2.50697e+04
   -8.47049e+03     3.97680e+04    -1.83902e+04
    8.11781e+03    -8.43743e+03     1.26272e+04
    1.55572e+03    -7.24498e+03    -4.83482e+02
   -2.86682e+03    -1.27638e+04    -1.44277e+04
   -1.96174e+04    -3.58649e+04    -1.17288e+04
   -1.97877e+04    -2.22161e+04     6.24513e+02
   -1.33065e+04     1.09135e+04     2.80379e+04
    3.46713e+03    -3.30134e+04    -2.46430e+03
    1.30160e+03     7.24519e+03     2.61643e+03
   -4.05147e+03    -1.45428e+04    -2.24402e+04
   -6.17365e+03     1.72998e+04    -9.59797e+03
   -1.59410e+04    -1.61348e+04    -2.46038e+04
    1.35243e+04    -1.15452e+03    -1.32352e+04
    1.01927e+04     6.94559e+03     1.46634e+04
    1.96647e+04     1.17866e+04     8.21740e+03
   -1.12212e+04    -3.30997e+03    -5.31592e+03
    2.16437e+04    -1.45877e+02     8.42446e+03
   -1.04232e+04    -8.92053e+03     2.39454e+04
   -1.38442e+04    -5.41418e+03    -7.23779e+03
   -8.16986e+03     1.51062e+04     2.68667e+03
    2.71803e+02     9.69613e+02     9.43701e+03
    8.24183e+02     2.71301e+04     2.27780e+04
   -2.08345e+03     8.55441e+03    -3.66389e+03
   -2.15031e+04    -1.67202e+04     3.31955e+04
   -1.83233e+04     1.52946e+04     1.30738e+04
   -4.03399e+04     2.47863e+04    -1.60389e+03
   -1.08542e+04    -2.27292e+03     2.91639e+04
    1.60561e+04    -1.58702e+04     7.94560e+03
    3.80737e+03    -4.22206e+04     2.46643e+03
    2.24254e+04    -3.01754e+04    -3.48237e+03
    2.12666e+04    -3.35254e+04     7.69515e+03
   -2.51580e+03     3.84196e+03     1.88318e+04
    3.55624e+03     4.72263e+03     1.14173e+03
    1.79907e+04     9.97491e+02     3.20163e+04
   -6.22250e+03    -5.82152e+03    -8.94951e+03
    3.90308e+04    -2.39620e+04     1.34211e+04
    4.03187e+03     1.68387e+04    -9.85886e+03
   -1.86024e+04     3.81839e+04     9.06191e+03
   -2.17539e+03     2.96757e+04     3.41501e+04
    2.94463e+04    -2.33303e+04    -2.52250e+04
    9.23734e+03    -1.88705e+04    -2.80617e+04
   -2.81115e+03     3.83333e+04    -1.35601e+04
    1.03081e+04     3.71152e+04     1.46711e+04
   -8.52239e+03    -1.42510e+03     3.60246e+04
    1.20394e+04     1.32373e+03     1.44870e+04
   -3.05629e+04     1.74619e+04    -5.66473e+03
    2.96701e+04     1.85747e+04     9.43870e+03
   -1.97502e+04    -5.74779e+03    -7.12675e+03
    2.85733e+04    -9.38565e+03    -6.69103e+02
    5.73494e+02    -4.23159e+04    -8.50469e+03
   -2.73092e+04    -3.31231e+04    -1.55235e+04
    4.73364e+03     1.76860e+04     5.93629e+03
    2.13343e+04     3.76038e+04     1.81220e+04
    9.71113e+03     1.23138e+04     1.45340e+04
   -1.99759e+04     6.09785e+03     2.86451e+04
    2.25448e+04     6.33509e+02     8.77789e+03
   -8.86776e+03     2.05697e+04     1.49520e+04
   -7.61020e+03    -6.33242e+03    -1.07569e+04
    2.64986e+04    -1.01723e+03    -6.47539e+03
   -1.52074e+04    -2.07474e+03    -4.33752e+04
    7.59804e+03     5.71799e+03    -4.84885e+03
    9.21817e+03     3.14913e+03     3.01222e+04
   -7.49158e+03     1.39190e+04     8.00874e+03
   -2.86648e+04    -1.12996e+04     5.98284e+02
    2.24080e+04    -3.64358e+04     1.30674e+04
    1.99686e+04     7.34736e+03    -1.36603e+04
   -4.80285e+02     1.52385e+04     1.48737e+04
    2.77074e+04    -2.12700e+04    -1.59516e+04
   -3.98111e+03     2.95172e+04     1.07748e+04
   -8.24920e+03    -1.02964e+03    -1.13964e+04
   -8.70028e+02    -1.37595e+04     1.96983e+04
   -1.49866e+03    -1.75749e+04     7.25719e+03
   -2.58379e+04     4.14158e+03    -3.13295e+04
    2.60538e+03     1.20331e+04    -2.66517e+04
   -1.95602e+04    -3.18402e+03    -2.07998e+03
    5.21837e+03    -6.46257e+03    -3.46208e+03
    4.12831e+03    -8.94309e+03     1.92811e+03
    1.00058e+04    -1.60873e+04    -3.62826e+03
    8.71732e+03     2.13803e+04    -2.20102e+04
    2.53746e+04    -1.29554e+04     2.23584e+04
    5.64477e+03    -1.22406e+04    -4.57286e+02
    2.15980e+04     8.36158e+03    -1.34181e+04
    3.42145e+03    -3.06911e+03    -4.39962e+04
   -1.12055e+04     1.82267e+04    -6.18945e+03
    4.23969e+04    -1.11879e+03     1.28486e+04
   -1.84370e+04     1.80075e+04    -1.55120e+03
    2.54486e+03    -6.32073e+03     8.37412e+03
    2.84553e+04    -2.54861e+04     4.68983e+03
    4.85718e+03     2.39357e+03    -1.31776e+04
    5.20556e+03     1.22396e+04    -1.18353e+04
   -1.24739e+04     9.62848e+03     9.13355e+03
    1.76596e+04    -2.82606e+03    -1.64714e+04
   -7.96316e+02    -5.45916e+03    -3.46316e+03
   -2.16579e+04     4.22522e+02    -4.92694e+03
   -1.45507e+04     2.62250e+04    -1.44861e+04
   -1.97194e+04     2.12042e+04    -3.81949e+04
   -2.53905e+04     4.34592e+03    -6.43032e+03
    2.41661e+03    -2.16922e+04    -2.19288e+03
    1.73308e+04    -8.51984e+03    -9.74007e+03
   -3.17407e+04     1.67638e+04     2.39444e+04
   -2.44591e+04    -3.22945e+03     2.06016e+04
    3.51893e+04     1.98185e+03     8.23789e+03
   -2.59398e+04     1.21412e+04     2.58024e+04
    1.06527e+04     1.52715e+04     1.53409e+04
   -2.04112e+04     2.39773e+03     2.24832e+04
   -3.51888e+04    -4.91784e+02     3.02599e+04
   -9.14398e+03     5.09435e+02    -1.63482e+04
    5.44077e+03    -1.96377e+04     2.33152e+03
    1.63936e+04     5.26985e+03     3.02740e+04
   -6.33498e+02    -2.95064e+03     5.05996e+03
   -4.73295e+03    -1.57955e+03     7.89613e+03
   -7.62449e+02     1.13002e+03     2.20083e+04
    1.28167e+03     1.59070e+04     6.38579e+03
    2.56972e+02    -1.23429e+04     3.43253e+04
    6.18199e+03    -1.37191e+04    -1.99371e+04
   -9.04325e+03     3.30578e+04     2.31251e+04
   -4.12291e+04    -1.29066e+04    -1.29323e+04
   -2.22051e+03    -1.07593e+04     3.12728e+04
   -1.37714e+04    -2.52371e+03    -4.19314e+04
   -2.32916e+04    -2.84009e+03    -1.25549e+04
    8.82547e+02     1.27152e+04    -5.42167e+03
   -1.34978e+03    -1.04443e+04    -1.16848e+04
    8.56622e+03    -2.11287e+02    -2.02211e+04
   -6.18908e+03    -1.15788e+04    -1.36186e+04
   -2.19670e+04    -1.05635e+04     9.26397e+03
   -6.40038e+03     8.03033e+03    -1.52321e+03
    1.13365e+04     4.84443e+03    -3.56683e+03
   -5.56740e+03    -2.05128e+04    -1.11903e+04
    1.01232e+03     1.05624e+04     4.92837e+03
    3.09152e+03    -1.37196e+04     1.68999e+04
   -2.16929e+04     2.62374e+04    -2.43758e+04
    2.77033e+03     1.33184e+03     1.03041e+04
    1.79489e+03    -7.98158e+03    -1.98339e+03
   -2.01489e+04     1.69906e+04     1.81831e+04
   -2.70489e+04     3.40829e+04     6.82418e+03
   -1.81796e+04    -1.84456e+03     2.81856e+03
    1.55465e+04    -2.72289e+04     1.90571e+04
   -2.70443e+03     8.03969e+03     1.93041e+03
    3.42056e+04     5.70352e+03    -2.37561e+04
   -3.78696e+03     7.66584e+03    -4.04847e+04
    2.66004e+04     2.65413e+04    -2.10177e+04
    1.88323e+04     3.39439e+04     9.68003e+03
    9.26085e+03     5.13631e+03    -1.69513e+03
    6.65725e+03    -1.55736e+04    -2.27870e+04
   -5.92555e+03     9.29713e+03    -1.01039e+04
    1.49594e+03     2.73858e+04     3.12598e+04
    2.07314e+04    -2.74362e+04    -2.02580e+04
   -2.98767e+03    -9.80733e+03     1.28795e+04
    2.54053e+04    -1.48991e+04     9.67322e+03
    7.67853e+03     1.57279e+04    -2.39011e+02
    1.19553e+04    -1.35011e+03    -1.91288e+04
   -2.04062e+04    -2.97783e+04     2.49472e+02
    2.13667e+04     2.65050e+04     1.20944e+04
    2.78583e+03     1.68807e+03    -6.83354e+03
   -9.95086e+03     6.80240e+03    -4.29747e+03
   -3.02830e+04     1.50512e+04    -1.18552e+04
    2.12168e+04    -3.99215e+04     8.37554e+03
   -2.99058e+03    -4.14774e+03     6.10983e+03
    3.91246e+04     4.66379e+03    -2.16452e+04
    5.59671e+03    -3.81988e+03     9.22326e+03
   -3.33886e+04    -2.71464e+03     1.42254e+04
    7.03994e+03     3.86565e+03    -1.33103e+03
   -1.15035e+04    -1.14559e+04     3.97014e+03
   -9.87190e+03     2.14337e+03    -1.79522e+04
   -5.28878e+03     1.18162e+04     2.03566e+04
   -7.03489e+03     4.16424e+04    -1.08347e+04
    2.44329e+04    -8.23761e+03     1.95854e+04
   -3.55436e+03    -1.67809e+04    -2.84482e+04
    3.34118e+04    -5.18846e+03    -1.39949e+04
   -1.41319e+03     1.92213e+04    -2.61767e+03
   -3.00361e+04     5.57953e+03     2.04594e+04
    1.48372e+04     3.62795e+03     2.52381e+03
   -3.56082e+02     1.11842e+03    -2.24262e+04
   -4.18111e+04    -5.56421e+03     8.82658e+03
   -1.81473e+04    -1.74033e+04     7.53723e+03
    1.81693e+04     3.10906e+03    -6.21232e+03
    1.89677e+04    -1.04978e+04    -2.49211e+04
    1.68446e+03     2.40392e+04    -3.03778e+03
    4.21499e+03     4.92948e+03     7.82095e+03
    2.34345e+04    -9.72038e+03    -7.89958e+03
    1.30433e+03    -3.33622e+04    -2.75873e+04
    2.20520e+04     2.09959e+04     3.23034e+04
    1.58177e+04    -1.92040e+04    -1.26106e+04
    2.51073e+04    -2.89436e+04    -1.03058e+04
    2.20197e+04     6.87999e+03     2.02581e+04
   -3.19435e+03    -9.14350e+03     9.18998e+03
    1.72302e+04     1.69071e+04    -9.89898e+03
    4.06928e+04    -4.46155e+03    -8.76607e+02
   -3.82761e+02     1.36838e+03     2.88659e+04
   -2.09622e+04    -2.06359e+04     3.85258e+03
    2.55606e+04    -1.11487e+04    -3.52470e+04
   -2.60610e+03    -3.52975e+03     1.65334e+04
   -2.53710e+04     3.70399e+04     9.94505e+03
   -3.03682e+04    -8.47422e+03     2.37873e+04
    2.85310e+04    -2.76514e+04    -6.71360e+03
    1.65255e+04    -1.74666e+04     8.29510e+03
    2.81803e+04    -4.17534e+03     1.26738e+03
    2.70656e+04    -3.18362e+03    -5.59818e+03
   -2.16975e+04     9.24461e+03     1.29940e+04
    1.49783e+04     8.76947e+03     1.07106e+04
   -1.31757e+04     1.28287e+04    -2.42868e+04
    1.06290e+04    -3.80424e+03     7.73725e+03
   -3.26161e+04    -4.29634e+03     1.75311e+04
    2.22677e+03    -9.76285e+03     1.65945e+04
    1.56239e+04    -1.85119e+04     1.92503e+04
   -2.36272e+04     1.12316e+04     1.20989e+04
   -1.45309e+04    -3.38354e+04    -2.36996e+04
   -3.72770e+02     4.00687e+03     1.19049e+04
    1.37663e+04     3.82401e+04     9.54725e+03
    1.71803e+04    -3.62040e+04     5.59478e+03
   -3.78196e+04    -4.84634e+03     2.28017e+04
   -4.95225e+02     3.91692e+02    -1.09628e+04
    3.01013e+04     7.94731e+03     1.57070e+04
    1.44749e+04     1.37555e+04    -3.71361e+04
   -4.83506e+03    -1.41216e+04    -7.33373e+02
   -1.90223e+04     3.65481e+04     6.72134e+03
   -1.15324e+04     3.14807e+04     4.02457e+03
    2.25966e+04    -2.27036e+04     1.56491e+04
    2.20515e+04    -2.51041e+04     1.23903e+04
   -1.34699e+03    -1.40292e+04     9.26517e+03
   -4.52627e+03     2.62893e+04     3.75116e+04
   -2.82354e+04     3.52261e+04    -3.50982e+02
   -1.27344e+03     7.33691e+03     6.45056e+03
   -8.11629e+03    -9.93656e+03     7.47365e+03
    1.90983e+04     1.83489e+04     2.26007e+03
   -7.64563e+03     7.92151e+03    -4.26201e+04
   -1.82253e+04    -2.70743e+03    -1.16521e+04
   -2.13672e+04     1.97665e+04     6.84834e+03
    6.20820e+03    -1.41789e+04    -2.10456e+04
    5.03274e+03    -8.41117e+02    -1.27507e+04
    1.93758e+04    -1.05548e+04    -1.33310e+04
   -2.29524e+04     7.08477e+03    -2.60641e+03
    3.05870e+04    -3.13220e+04    -1.24700e+04
    1.44976e+04    -1.78898e+03     5.34787e+03
    9.76132e+03     1.24897e+04     2.59768e+04
   -1.01661e+03     2.03654e+03     6.30018e+03
   -6.05647e+02    -2.35914e+04    -2.49981e+04
   -2.17039e+04     3.04894e+04     1.19847e+04
    2.66108e+04     1.56406e+03     7.52547e+03
   -2.88068e+03    -4.61884e+03     1.44092e+03
    1.83954e+03    -1.11002e+04     3.61326e+03
    2.84081e+04    -1.41128e+04     6.61954e+03
    1.23461e+04     1.01376e+04     5.08240e+03
   -3.06490e+04     7.65744e+03    -3.56697e+04
    5.01010e+03    -4.26037e+03     1.25333e+04
   -6.81250e+03    -2.39545e+04     4.09404e+04
    3.96443e+02     1.81761e+03     3.62401e+04
   -2.74726e+03    -1.57494e+04     9.79673e+02
    1.30148e+04     1.20237e+04    -7.33235e+03
    1.26000e+04     5.01564e+03    -5.26885e+03
   -1.75082e+03    -7.81378e+03     1.49338e+03
    1.14125e+04     2.38508e+04     4.70776e+02
    8.84959e+03    -1.04263e+04     4.11572e+04
   -7.87135e+03    -8.30627e+03     1.51444e+04
   -1.37029e+04    -6.10936e+03     3.52691e+04
    6.90897e+02     6.82017e+03     1.14638e+04
   -3.80449e+03    -8.49019e+03    -4.09067e+03
   -6.42600e+03    -7.23106e+03     2.46198e+03
   -3.85851e+04    -2.58660e+04    -1.13299e+04
   -9.70198e+03    -1.39490e+04     2.74174e+04
    1.52865e+04     2.38118e+04    -2.32096e+04
    6.67261e+03    -5.57030e+03     1.25802e+04
   -5.44954e+03     2.57239e+03     1.17827e+04
    2.67481e+04    -1.39104e+04    -4.34949e+03
   -3.91303e+04     1.02557e+04    -1.53694e+03
   -9.43960e+03    -1.00002e+04    -3.13315e+03
    2.85910e+04     2.74671e+04    -7.40247e+03
    7.95115e+02     6.52395e+03     2.79455e+03
    2.83609e+04     3.67183e+03    -6.23987e+03
    4.16749e+02     2.39187e+02     2.34954e+04
    1.32805e+04     2.15393e+04    -3.83236e+04
   -7.37667e+03     1.05269e+04     1.73902e+04
   -1.94881e+04     1.75102e+04     3.14263e+04
   -8.16991e+03    -3.83745e+04     9.56918e+03
   -3.10130e+04     3.76939e+03    -2.39631e+04
    1.94158e+04    -1.99635e+04     1.86006e+04
    2.62343e+04     1.14181e+04    -4.85891e+03
    1.54587e+04    -1.65409e+03     7.64894e+03
    5.17854e+03     9.14344e+03     3.83653e+04
   -1.61084e+04    -2.24213e+03    -1.34976e+04
    3.21787e+04    -2.52069e+04     1.84633e+04
   -1.54272e+03     1.36139e+03     8.39018e+03
   -2.11474e+04     2.10856e+04    -9.77701e+03
   -2.16265e+04    -8.12047e+03    -5.87145e+03
   -3.53265e+04     1.01985e+04    -1.38778e+04
    2.94805e+04    -1.06982e+04     8.36814e+03
   -4.15170e+02    -2.24713e+04     3.76403e+04
   -1.48486e+04    -9.78795e+03    -1.26804e+04
    1.41111e+04    -6.14915e+03    -3.87929e+03
    2.26262e+04    -2.80804e+04     1.20295e+04
   -3.11200e+04    -3.09065e+04    -1.35640e+04
    4.08308e+02    -3.76628e+03    -3.19510e+03
    5.97459e+03    -1.90261e+04     8.96411e+03
    1.86697e+03    -6.21694e+03     2.06331e+03
    1.48907e+04     9.52747e+03    -8.81950e+03
    9.75563e+03     1.58667e+03     7.89804e+03
    7.49712e+03    -1.33492e+04     1.65700e+04
    1.81865e+04    -1.85709e+04     2.19771e+04
    4.48283e+03    -1.34488e+04     6.65411e+03
    8.37497e+03     3.80201e+03    -3.86976e+03
    2.72362e+04     2.02309e+04     1.58850e+04
   -2.33865e+04    -2.10653e+04     1.94971e+04
    1.30612e+04     4.20471e+04     1.21764e+04
    1.89097e+04    -1.77950e+04     1.00105e+03
    3.34018e+04    -6.27930e+02     1.18148e+04
    2.46144e+03    -1.14438e+04     5.27880e+02
    2.22790e+04    -5.38990e+03    -2.58849e+04
   -1.24307e+03     5.21919e+03     5.10173e+03
   -4.93858e+03    -2.35500e+04    -1.26667e+03
   -1.37936e+04    -1.91704e+04    -3.74045e+03
   -3.41533e+04     6.44888e+03     3.05217e+04
    1.11080e+04     4.79119e+03     6.73353e+03
    3.11885e+04    -1.54365e+04    -2.83442e+04
   -5.82548e+03    -1.58951e+04    -9.64510e+03
    9.46422e+03    -4.55110e+04    -5.56860e+03
   -3.61448e+03    -1.73477e+04    -1.37237e+04
    2.41951e+04    -2.45165e+04     1.36861e+04
    5.62344e+03    -1.55202e+04     9.03942e+02
    7.79765e+03     5.58144e+03    -3.60127e+04
   -1.01929e+04     2.72779e+04    -1.53564e+04
   -1.06778e+04     2.76068e+04     8.64973e+03
   -5.84806e+03    -7.08635e+03     2.23600e+04
   -7.15776e+03     1.22638e+04     1.58989e+04
    3.37595e+03     1.52062e+04     9.00157e+03
    2.50645e+04     2.91086e+03     3.94791e+04
    2.35590e+04    -2.74141e+04     2.68352e+04
    5.16624e+03     4.34019e+03    -1.71986e+04
   -2.97044e+02     2.28508e+04     1.30059e+04
    1.33772e+04    -6.33409e+02     2.84879e+03
    2.24361e+04    -4.21334e+04    -8.35312e+02
    6.12475e+02     1.97086e+04    -5.66961e+03
    1.76711e+04     6.18091e+03     2.40427e+04
    8.56055e+03     3.63673e+04     1.66468e+04
   -2.27890e+04    -2.84376e+04    -1.71173e+04
    6.50107e+02    -6.37541e+03     1.08770e+04
    5.18660e+01    -8.07342e+03    -1.30275e+04
   -5.25494e+03    -2.76623e+04     2.76727e+04
    2.18253e+04    -7.98301e+03     1.43686e+03
   -2.63032e+03    -4.33955e+02    -2.89933e+04
    2.68945e+03     5.89162e+03     8.98053e+02
   -2.23673e+04     1.24681e+04     1.96463e+04
   -3.39428e+03     1.85841e+04     1.29987e+04
    1.94821e+04    -5.47180e+02    -2.48384e+03
    4.55661e+02    -7.84092e+02    -2.10935e+04
    1.60783e+04    -3.79352e+04     3.52713e+03
   -1.84045e+04     2.63786e+04    -2.62988e+04
    1.43742e+02    -1.30237e+04    -1.08079e+04
    2.66030e+04    -1.57856e+04    -2.89076e+04
   -2.36908e+03    -1.18113e+04    -6.89376e+03
    6.35132e+03     7.77134e+03    -5.72710e+03
   -1.12526e+04    -1.66798e+04    -1.65421e+04
   -1.99315e+04     8.59239e+03    -2.10235e+04
    2.75254e+03    -2.42104e+04     1.15112e+04
    4.61653e+03     1.77078e+04    -8.48797e+03
   -1.94591e+04     3.16221e+04    -1.08049e+04
   -3.29317e+04    -1.36201e+03    -2.29443e+04
   -1.43419e+03     5.41592e+03     8.92415e+03
   -8.55421e+03    -1.59460e+04     1.03229e+04
    2.01335e+04     3.23631e+03    -1.92806e+04
   -3.02466e+03     6.04694e+03    -2.35093e+04
   -6.16072e+03     8.49673e+03    -2.00058e+04
    9.67257e+03     2.20573e+04    -4.14042e+03
    8.40026e+03    -1.54243e+04    -1.31390e+03
    1.21778e+04     6.31667e+03     3.27495e+04
   -7.55393e+03    -1.02997e+03     1.92055e+04
    9.15628e+03    -9.19748e+02    -1.27154e+04
   -1.02183e+04     5.26816e+03    -1.74459e+04
   -1.54908e+04    -1.77557e+04     1.34383e+04
   -2.74789e+04     1.17749e+04     1.38062e+04
   -9.48259e+03    -3.26852e+03    -1.28643e+04
    1.34811e+03    -6.05094e+03    -1.53998e+02
    1.42164e+04     2.32000e+04    -8.20621e+03
   -1.29370e+04    -7.41586e+03    -2.82848e+03
   -1.59940e+04    -7.57771e+03    -1.20482e+04
    1.31774e+04     1.93941e+04     7.71245e+03
    3.42230e+04     2.27589e+04    -4.93101e+02
    3.74463e+03     1.10624e+04    -1.62840e+04
   -5.93041e+03    -2.02368e+04     2.20203e+04
   -2.54837e+04    -1.35380e+04     4.02701e+02
   -2.83954e+04    -1.46311e+04    -1.78563e+04
    4.29707e+03    -3.07454e+04    -2.37758e+03
   -9.08879e+03     5.78339e+03    -3.48270e+03
   -1.32783e+04     1.08568e+04    -1.11307e+04
    9.82033e+03    -1.06818e+04    -2.67591e+04
   -2.13822e+04     7.36665e+03     9.01182e+03
    3.39659e+04     1.18795e+04    -2.12628e+04
    1.53694e+04     1.74553e+03     8.37944e+03
   -1.15045e+04    -1.45243e+04     2.49884e+04
   -4.03420e+04     1.42311e+04     1.79618e+04
    2.75934e+04     2.33240e+03    -1.63125e+04
   -7.24952e+03     8.81031e+03    -6.57015e+03
    3.70583e+04     1.25056e+04    -3.53904e+03
   -5.05858e+03    -9.82483e+02    -9.57486e+03
    8.41716e+03     3.23724e+04    -1.51664e+04
   -3.26413e+03     2.16960e+04    -6.61568e+03
   -3.82917e+04     1.15410e+04    -1.18306e+04
   -1.06301e+04     2.03187e+04    -1.03712e+04
    4.27004e+04     1.15595e+01     9.52765e+02
   -3.71352e+03     3.50438e+04    -2.88287e+04
    4.06346e+04    -1.31673e+04    -1.55946e+04
   -9.39550e+03    -1.90608e+03    -1.28529e+04
   -2.57025e+04    -7.45146e+03    -1.22175e+04
   -1.47086e+04    -1.22933e+04    -3.01405e+03
    6.35195e+03     2.07629e+03    -3.12544e+04
    1.57578e+04     1.51032e+04    -3.57642e+04
   -1.45648e+04    -5.76538e+02     8.02156e+03
   -3.46659e+04    -2.43399e+04    -1.92197e+04
   -1.17245e+03     7.67674e+03     9.81726e+03
    1.36964e+04     2.53713e+03    -2.21157e+03
    5.56027e+03    -1.59126e+04     1.24182e+04
    2.73077e+04    -1.69312e+04    -1.09956e+04
    2.24959e+04     1.43724e+04     1.70361e+04
   -2.39499e+04    -1.72423e+04    -9.83976e+03
   -2.51460e+03    -6.14325e+03     2.54694e+03
   -1.14694e+04    -1.16451e+04    -6.07881e+03
    1.76540e+04     1.03822e+04     1.16532e+04
    3.47508e+02     6.96787e+03    -1.10863e+04
   -1.77666e+04    -1.13652e+04    -1.77848e+04
    3.97888e+04    -1.91310e+04     3.07363e+03
    3.50528e+04    -3.08211e+04     1.01409e+04
   -1.60421e+04     1.33774e+04     5.03889e+03
    1.10298e+02    -3.77712e+03    -5.99975e+03
    2.18821e+03    -8.56085e+03    -1.76634e+04
    4.50460e+04     2.87551e+03     1.44986e+04
   -2.54738e+04    -1.00030e+04    -1.17067e+04
   -2.31271e+04     2.76961e+03    -1.62187e+04
   -1.15333e+04     3.28826e+04     1.48235e+04
    2.71981e+04    -1.57640e+03     2.15517e+04
   -2.31590e+04    -2.05134e+04     1.68042e+03
    4.85501e+03    -8.12461e+03     4.37597e+04
   -2.58874e+04     6.68758e+03     3.12506e+04
    1.83660e+04     6.72711e+03    -3.26870e+04
    5.89940e+03    -8.76790e+03     6.11959e+02
   -1.18308e+04    -2.18511e+04    -2.24310e+04
    3.65894e+04     6.00711e+03     1.66956e+04
    6.28154e+03     1.33987e+04     6.23960e+03
    1.79346e+04    -1.12147e+04     1.02766e+04
   -1.96030e+04    -2.51612e+04    -3.24611e+04
   -8.97676e+02    -2.76421e+04     1.69962e+04
   -1.61947e+03    -4.49046e+03     5.02351e+03
    5.45450e+02    -4.77634e+03     1.00590e+04
    3.35432e+04     9.48130e+03    -1.46900e+04
   -1.14342e+04     2.14933e+04     1.91798e+04
    1.64950e+04    -8.84246e+03     1.03746e+04
   -2.82838e+04    -1.59921e+04    -1.14399e+04
    2.79187e+04    -1.76638e+04     1.13264e+04
   -5.98889e+03    -5.42690e+03    -1.17498e+04
    2.22923e+03    -3.84410e+04     2.60949e+03
   -3.34168e+04    -2.30767e+04     1.34337e+04
   -2.08952e+03    -3.22100e+04     2.12388e+04
    7.51074e+03     2.77646e+04    -2.63839e+04
   -2.60937e+04    -2.50406e+04    -1.57925e+04
   -3.69166e+04    -9.68633e+03     2.85608e+02
   -2.59203e+03    -3.70899e+03     7.45775e+03
   -9.69029e+03     1.15757e+03     8.73823e+03
   -2.31365e+04    -9.74198e+03     1.62931e+04
    1.92797e+04    -3.64419e+04    -4.21998e+03
   -2.21854e+03    -1.37530e+03    -7.43949e+03
   -1.53224e+04     2.91966e+03    -2.60358e+04
    9.06165e+03     1.08570e+04    -8.99401e+03
    8.60513e+03     2.84599e+04     1.48219e+04
    4.09617e+04    -1.03615e+04     1.26218e+04
   -3.20522e+04     2.08362e+04     1.07427e+04
    3.76158e+03    -7.89710e+03     6.46030e+03
   -1.69944e+04     2.68322e+04     3.02995e+04
    2.78158e+04     8.13702e+03     2.36723e+04
    1.81007e+04    -2.82421e+04     1.45320e+04
   -5.13682e+03    -1.54262e+04     3.24506e+04
    1.93370e+04     2.10834e+03    -5.95812e+03
    2.24518e+03     4.54308e+03     5.29088e+03
   -3.21171e+04     1.74956e+04     2.83952e+04
    6.31512e+03     8.71298e+03     1.06373e+04
    2.58885e+03     2.58247e+04    -9.58254e+03
    5.93907e+03     5.24674e+03     7.23912e+03
   -1.22429e+04     4.40608e+04    -7.26000e+03
    2.89656e+03    -3.19769e+04     1.58214e+04
    2.33118e+04     1.17562e+04     1.42413e+03
    9.64501e+03    -2.43091e+02     2.55670e+04
    1.75589e+04     2.79934e+04    -2.48605e+04
    2.29731e+04    -9.25126e+03    -1.33973e+04
    2.50565e+04     3.14029e+03     1.07655e+04
   -8.51251e+03     1.25663e+04    -4.14817e+04
    1.99863e+04     1.77931e+04     4.41921e+02
    7.34761e+03    -3.62953e+04    -1.76357e+04
    8.79212e+02    -1.76922e+04     2.35811e+04
   -3.89601e+04     5.56597e+03     1.50685e+03
    8.90895e+03     1.80571e+03     9.19785e+03
   -3.16734e+03    -3.39966e+04    -3.04449e+03
   -2.42585e+04    -2.56866e+04     8.07814e+02
    1.10998e+04     1.75015e+04     2.51375e+04
   -1.67835e+04    -1.60974e+04    -2.83637e+03
    2.96494e+03    -2.29675e+03    -8.07008e+03
   -1.79521e+03    -1.50113e+04     1.67216e+04
    2.03657e+04     6.66884e+03     2.44816e+04
    1.41400e+04     2.06532e+04     2.40090e+03
   -1.39857e+04    -6.21369e+03    -2.54278e+04
    1.66111e+04     4.37285e+03     2.24143e+04
   -1.48751e+04     8.49460e+03    -3.13103e+03
    1.62669e+04     3.82309e+03     5.39686e+03
    3.14190e+04    -1.35629e+04    -9.92507e+03
    5.59666e+03    -2.76647e+02     6.17622e+03
   -2.63085e+04    -8.57237e+03    -2.89531e+03
    1.11654e+04    -2.49710e+04     2.67768e+04
   -5.55567e+03    -1.13830e+04    -5.96607e+03
   -7.03364e+03     4.02736e+04    -1.46131e+04
    1.17224e+04     1.94818e+04     6.40530e+02
    2.19342e+04    -1.29585e+04    -6.95919e+03
    3.08091e+03    -7.92614e+03    -4.76682e+03
   -2.08751e+04    -1.82651e+04     3.43053e+04
    3.44887e+03    -9.78737e+03     2.25179e+04
    5.87564e+03    -3.22669e+04     2.38010e+03
    3.09420e+04     2.36868e+04     6.13866e+03
    3.48662e+03    -1.84782e+04    -2.79966e+04
    3.62101e+04     5.86234e+03    -6.90537e+03
    1.80494e+04    -8.95097e+03    -1.72094e+04
    1.95806e+03     1.79144e+03    -9.87605e+03
   -4.00624e+03    -4.79597e+03     2.29803e+04
   -3.25569e+04     2.46942e+02    -1.98592e+04
   -1.96905e+04     1.34399e+04     9.43920e+03
    1.00650e+04     1.31570e+04    -1.14747e+03
    4.92433e+03     1.07411e+04     7.95823e+02
   -2.56646e+04    -1.86608e+04    -1.06315e+04
    1.19856e+04    -1.78628e+04     1.67561e+04
   -4.30744e+03    -9.51910e+02    -6.91935e+03
    2.06444e+04     1.33344e+04    -2.62688e+02
    4.25953e+02    -1.87310e+04    -1.26023e+03
   -4.41454e+03    -6.29113e+03    -2.92987e+03
   -1.27907e+04    -5.39241e+03     5.38145e+03
   -3.30162e+03    -4.41217e+03    -2.27490e+03
    4.42668e+03    -3.19563e+04     5.49809e+03
    4.21766e+03    -6.13785e+03    -1.60414e+03
    9.16663e+03    -1.65523e+04     1.26461e+04
   -1.52592e+04     7.37751e+03    -2.42630e+04
    1.67327e+04     2.85489e+04     2.32789e+04
    9.66697e+03    -7.96397e+02     2.63680e+04
    1.69846e+04    -1.50937e+04     2.93375e+04
   -3.42241e+03    -1.39862e+04    -1.03985e+04
    7.33948e+03     8.06148e+03    -1.84177e+04
   -1.77367e+04     1.05034e+04     6.99701e+03
    2.34446e+04     4.88357e+03    -2.94202e+04
    1.37815e+04     3.97148e+04    -4.29941e+03
    1.00247e+04    -7.20146e+03    -2.89282e+03
    5.44589e+03     1.25899e+04     2.53336e+04
    2.89895e+04     2.91701e+04     9.33252e+02
    1.20796e+04    -1.39069e+03    -2.74614e+04
    3.61514e+03     4.67652e+04     9.19542e+03
    3.21749e+04    -1.30395e+04    -2.20632e+04
   -9.74928e+03     3.17165e+03    -6.47706e+03
   -2.28390e+04    -2.09997e+04     1.16809e+04
    1.02671e+04    -2.13057e+03     4.20144e+04
   -8.32530e+03     6.72964e+03     8.46547e+02
    1.51841e+04    -1.92602e+03    -3.00536e+04
   -5.60880e+03     2.04578e+03     7.00702e+03
    3.31149e+03    -8.73381e+03     1.39810e+03
    1.34135e+04    -2.59053e+03    -1.52512e+04
   -1.52609e+04    -8.83556e+03     1.67379e+04
   -2.93250e+03    -3.93866e+03    -2.81882e+03
   -1.11576e+04    -9.38925e+03    -1.13154e+04
   -2.27990e+04    -2.86246e+04    -5.18770e+03
    1.09661e+04    -1.97990e+04     3.90485e+04
    9.38856e+03     3.78016e+03    -3.72994e+03
    8.41040e+02    -5.15921e+03     7.09686e+03
   -7.64695e+02     1.14285e+04    -4.44139e+04
    2.32314e+04    -6.01563e+02    -3.80581e+04
   -2.02767e+04    -3.34263e+04     1.35301e+04
    1.24885e+03    -2.74740e+03    -9.63818e+03
   -3.13015e+04    -3.54874e+04    -6.20765e+02
   -3.95781e+03     1.46778e+04     4.15570e+04
   -2.03271e+04    -1.47289e+04    -1.84988e+04
    4.66431e+03     5.10246e+03    -5.82412e+03
   -1.96385e+04     2.97430e+04     6.82313e+03
   -3.61426e+03     3.28631e+04    -1.46326e+04
    7.04110e+03     5.37911e+03    -4.38393e+03
    1.09492e+04     1.90877e+04     6.51663e+03
    4.74968e+02     5.35095e+03     1.47370e+03
    1.77167e+04    -5.65476e+03    -1.84282e+04
   -8.29970e+03    -4.71461e+03    -7.57974e+03
   -9.28045e+03     7.58630e+03     2.49526e+04
   -1.20120e+04     9.19647e+01    -9.45043e+03
   -3.20178e+04     1.84328e+04     2.99811e+04
    1.36579e+04     1.93536e+04    -2.34694e+03
   -2.50802e+03    -1.02502e+04    -5.07008e+02
    2.41438e+04     1.87325e+04    -3.32960e+04
    1.28431e+04     5.75657e+03    -1.84351e+04
    1.55129e+04    -5.73269e+03     2.46026e+04
    1.69684e+03    -6.12573e+03    -1.92356e+04
    6.39717e+03    -7.13864e+03     4.27677e+03
   -2.24817e+04     1.76690e+04    -3.76973e+02
    1.98772e+04     1.34883e+03    -1.95499e+03
   -4.74626e+03    -8.47812e+03     4.10485e+03
    1.81558e+04    -2.72114e+04    -2.08083e+04
    1.00071e+03    -5.21413e+03    -4.17920e+03
    1.61853e+04    -2.34884e+04     2.65494e+03
    4.09628e+03    -9.33893e+03    -1.81445e+04
    2.35258e+03     6.93933e+03    -3.30750e+03
    1.45799e+04     1.19441e+04     3.09940e+03
   -1.01514e+04    -4.44431e+04     1.45150e+04
   -1.17316e+04     5.66650e+03     2.13192e+04
    6.23765e+03    -1.11599e+03     7.00807e+03
    4.27356e+03    -5.05887e+03     9.32167e+03
   -1.20710e+04     9.95760e+03    -1.53664e+04
    1.70465e+04    -1.50195e+04     8.39414e+03
   -9.76259e+03    -1.90348e+04    -3.77929e+03
   -8.42867e+03     1.47080e+04     2.38637e+04
   -2.29076e+04    -1.20890e+04     1.65930e+04
   -1.02079e+04    -1.48817e+04     4.09794e+04
    1.40262e+04    -3.03316e+03    -2.40750e+04
    1.30587e+04     3.74993e+04     2.29376e+04
   -3.00725e+03     1.90605e+03    -1.64843e+04
   -3.05060e+03     5.97200e+03     6.25333e+03
    2.69655e+04    -1.27741e+04    -1.17016e+04
   -2.57743e+04    -2.68863e+04    -2.55096e+04
   -2.23085e+04     1.89064e+04     3.51706e+04
    3.00580e+04     9.21891e+03    -3.54127e+03
    2.13878e+04    -3.17034e+04     8.32769e+03
   -1.07424e+04    -1.83418e+04    -2.53561e+04
    7.31029e+03     6.84741e+03     1.87635e+04
   -1.07167e+04    -6.22481e+03    -3.91406e+04
   -3.51142e+03    -1.23289e+04    -2.93808e+04
   -4.82290e+03     4.61158e+03     8.18592e+03
    3.09688e+03    -6.98128e+03     2.88865e+03
   -2.70976e+04    -3.21344e+04    -1.22638e+04
    2.74594e+04    -1.26414e+04     3.05229e+04
   -1.55446e+04     4.99656e+03    -1.09359e+04
   -2.11130e+04     1.98378e+04    -3.70454e+04
    8.60956e+03     1.66905e+04    -5.08965e+03
   -2.11107e+04     3.19819e+04     2.72660e+03
   -3.15571e+04     6.50354e+03    -1.22123e+04
   -3.41153e+03     9.78874e+03     1.31775e+03
    1.88021e+04    -1.11757e+04    -2.85300e+04
   -3.14222e+04     1.22233e+04    -1.31837e+04
   -5.98525e+03     1.01457e+03    -1.37042e+04
   -1.90144e+04     1.55785e+04     1.47349e+04
    1.32504e+03    -1.19068e+04     3.59405e+03
    2.39431e+03     1.01038e+04    -6.69281e+03
   -4.29820e+03    -1.03191e+04     8.43769e+03
   -5.97927e+03    -1.25476e+04     1.34546e+04
    1.65846e+04    -1.65004e+04     2.67524e+04
   -1.29828e+04    -4.19312e+03     2.18884e+04
    1.15324e+04     1.13105e+04     4.24119e+03
    2.56010e+04     2.66463e+04    -2.51145e+04
   -7.71627e+03    -1.03978e+04    -8.02451e+03
    1.19256e+04     4.89359e+03     3.15439e+04
    5.29323e+03    -1.16817e+04    -7.49833e+02
   -3.45122e+04    -1.73826e+04     1.92699e+03
   -2.15901e+04     2.88305e+04     8.12579e+03
    2.94543e+04     1.63504e+04    -1.23632e+04
    6.24912e+03    -1.71019e+04    -3.49598e+04
    2.22543e+04     3.27039e+04    -1.82573e+04
   -2.21023e+04     2.07549e+04     2.17847e+04
    1.20584e+04    -1.31827e+03    -1.06832e+04
   -2.53552e+03     1.95078e+04    -2.79187e+03
    3.83588e+03     2.59847e+04    -8.23924e+03
   -6.92931e+03    -9.29073e+03     5.86428e+03
   -5.91731e+03    -1.66224e+03     2.93162e+04
   -4.92980e+03     1.14158e+03     7.04870e+03
    2.39411e+03    -1.24913e+04     1.58614e+04
    8.84706e+03    -1.92769e+04     1.68986e+04
    3.65060e+04    -4.08970e+03     2.23166e+04
    1.96526e+04     3.76165e+04     2.18035e+04
    1.49182e+04     3.99861e+04    -2.17272e+04
   -3.75985e+03     6.18829e+03     5.39013e+03
   -2.19518e+04    -2.25580e+04    -3.50515e+04
   -3.97189e+04    -9.51351e+03     2.31362e+04
    2.99497e+04    -1.63904e+04    -9.78453e+01
   -7.14117e+03    -2.79948e+04     1.96279e+04
   -2.02415e+04    -2.18707e+04     1.30303e+04
   -1.42287e+04    -1.79377e+04     2.83121e+04
   -2.97338e+04     2.63083e+04     1.40496e+04
    6.73935e+03    -2.38797e+04     6.65344e+03
    2.91649e+04    -8.66630e+03     2.17918e+04
   -7.02242e+03     4.02150e+04     2.35447e+04
   -3.99400e+03    -2.93549e+04     3.59863e+03
    2.26372e+04     1.52479e+04     1.85711e+03
    3.33447e+02     2.67616e+03    -1.64721e+04
    1.20680e+04    -8.87206e+03    -1.37134e+04
   -9.65974e+03    -2.72288e+04     1.95453e+04
   -5.44453e+03    -1.05214e+04     7.51494e+03
    4.58013e+03     8.65629e+03    -5.59075e+03
    1.50969e+04    -3.42340e+04    -1.00576e+04
   -3.40462e+04    -8.50418e+03     1.87522e+04
    1.94204e+03    -3.05456e+04    -1.29613e+04
   -1.07225e+04    -6.54632e+03    -1.44732e+04
    8.56642e+03    -4.09031e+04     6.87710e+03
    9.74157e+03     2.47831e+03     3.33785e+03
    2.72540e+03     2.11070e+03     1.84458e+04
   -1.02632e+04    -7.93443e+03     1.37811e+04
    1.06160e+04     5.38852e+03    -1.18184e+04
   -3.13986e+04     1.46641e+04    -9.91931e+03
    9.36791e+03    -1.42575e+04    -1.20104e+04
    2.35170e+03    -4.52006e+03    -2.87398e+03
   -3.06277e+04     7.72003e+03     1.57683e+04
    1.48467e+04    -2.73934e+02     6.22112e+03
   -3.71266e+04     1.07084e+04    -2.96047e+03
    1.72325e+04     5.28848e+03    -3.59022e+03
   -1.43037e+04     1.25947e+04    -4.03856e+03
   -2.32895e+04    -9.45177e+03    -1.39804e+04
    7.45459e+03    -1.34602e+04    -2.71728e+04
   -2.61253e+04    -2.64339e+04     1.24257e+04
   -2.81499e+04     2.44500e+04    -8.74759e+02
   -1.84331e+04    -1.39351e+04     8.01929e+03
   -6.25914e+03     4.66049e+03    -1.58259e+04
   -4.17080e+03    -1.60520e+04     2.00276e+04
    4.80066e+03    -5.29222e+03    -4.85640e+03
    2.23375e+04    -3.18838e+02    -1.96684e+04
   -6.40152e+03    -8.10135e+03    -1.60782e+04
   -1.57064e+03    -1.00606e+04     1.54026e+04
   -3.06351e+03    -3.14523e+03     5.34208e+03
   -2.01132e+04     8.90040e+03     9.69951e+03
   -3.34424e+04    -3.03359e+04    -1.60424e+04
    2.05330e+04    -3.96788e+03     3.37473e+04
    4.33810e+03    -5.90469e+03    -1.54696e+03
    1.55232e+04    -2.26180e+04     1.00025e+04
   -1.61956e+04    -4.95394e+03     5.92444e+02
    6.25554e+03     1.67623e+03    -2.25781e+04
    1.54548e+03     9.82948e+02     1.88704e+04
    2.28663e+04    -1.74351e+03    -2.37358e+03
    1.19267e+04    -1.17880e+04     2.71906e+04
    2.39366e+04     2.59627e+04     3.01441e+04
   -2.25222e+03     1.66526e+04    -3.79953e+04
    2.55820e+04     1.61726e+04    -2.97361e+04
    1.46964e+04     4.92021e+03     1.60556e+04
   -4.00786e+03    -3.36207e+03    -8.57485e+03
   -5.37179e+03    -1.97396e+04    -3.91543e+04
    5.57596e+03    -2.78948e+03    -1.97711e+04
    2.88361e+04    -2.12135e+04    -3.59387e+03
   -1.08415e+04     2.10148e+04    -5.46369e+03
    8.86853e+03     1.93985e+04     2.71881e+04
    3.36074e+03    -1.82444e+04     6.96174e+03
   -1.19123e+04    -1.42922e+04     1.17115e+03
   -3.74740e+04    -1.26899e+04     6.09845e+03
   -3.48216e+04    -1.54957e+04     3.22541e+03
    1.50088e+03    -2.20228e+04     1.44399e+04
   -1.63235e+04    -1.64858e+04    -3.31033e+04
   -5.18755e+03     2.28556e+04    -1.75488e+03
    2.58844e+03     3.63995e+04     6.40971e+03
   -7.65112e+03     4.08035e+03     6.76398e+03
    5.40552e+03     3.23847e+03    -7.70538e+03
   -1.39539e+03    -1.98712e+04    -1.91638e+04
   -5.27742e+03     1.75435e+04     3.38444e+03
    4.29256e+03    -4.22951e+04    -9.06216e+03
    1.47063e+04     6.20746e+02     1.92133e+04
    1.00106e+04     2.54735e+03    -4.08533e+03
    5.21451e+03    -1.19931e+04    -6.71798e+03
   -3.19820e+04     3.25995e+04    -8.14501e+03
    6.42780e+03    -6.84937e+03    -1.55796e+04
   -8.00030e+03     2.54246e+04    -1.76091e+04
   -1.83437e+03     3.40584e+03     6.14282e+03
   -1.14832e+04    -6.80786e+03    -1.25718e+04
    2.82948e+03     8.09537e+02     1.10464e+04
    1.14626e+04    -4.19538e+03     8.19118e+03
    1.08350e+04    -8.37704e+03     2.05382e+03
    6.43792e+03     1.80843e+04     2.71923e+04
   -1.06815e+04     1.37500e+04    -2.71064e+04
   -1.30667e+04    -4.92915e+03     4.02869e+04
   -1.32730e+04    -1.80787e+04     1.32269e+04
    5.92315e+03    -2.94743e+04    -3.39670e+04
   -8.40842e+03    -2.59651e+02     2.79139e+04
   -5.85084e+03    -2.43029e+04     4.04233e+04
    3.94180e+04     8.52328e+03     1.97972e+04
    2.57262e+03    -4.82089e+03    -1.60222e+04
   -6.44104e+03    -2.58057e+04     1.39456e+02
   -2.07406e+04     8.57761e+02     3.85641e+04
    2.80395e+04     1.79906e+03    -7.38086e+03
   -1.65225e+04    -8.66796e+03    -4.94071e+03
    5.80133e+03     7.21801e+03     7.75981e+03
    6.90394e+03     5.93148e+03    -2.76029e+03
    2.55768e+03     6.83854e+03    -2.89617e+03
   -9.76395e+02    -4.16446e+04     3.52565e+02
    8.98279e+03     4.31329e+04     3.38704e+03
    2.52760e+04     2.27668e+04    -3.05123e+04
   -6.57762e+03    -2.23005e+04     9.24533e+03
    5.31068e+03    -7.93461e+03    -2.42114e+04
   -2.82637e+04     3.11577e+03     2.40544e+04
    3.24380e+04     2.05024e+04    -1.04055e+04
   -1.12085e+04    -4.38301e+03    -1.87684e+04
   -1.07529e+04     3.35423e+04     1.27145e+04
    1.81181e+03     5.75422e+03    -2.32873e+03
   -1.46292e+04    -8.82154e+03     6.01317e+03
   -3.15840e+04     3.50050e+03    -1.30259e+04
    2.30011e+04    -2.75402e+04    -2.89849e+04
    6.48927e+03    -2.14679e+04     5.79582e+03
    1.76797e+03    -3.59457e+03    -7.22151e+03
   -5.16959e+03    -2.25328e+04    -7.34076e+03
    1.26540e+02    -2.47471e+03     8.64147e+03
    8.57583e+03     1.54525e+04     1.80411e+04
   -1.31390e+04     1.28077e+04    -1.03482e+04
   -3.99232e+04    -1.68739e+04     1.04487e+04
    2.31928e+04     1.99147e+04    -9.03119e+03
   -7.07292e+03     1.67138e+04    -5.08594e+03
   -1.52034e+04    -8.64458e+03     1.37031e+04
    8.50224e+03    -6.17759e+03    -4.51133e+03
   -1.56710e+04     3.03839e+03     6.17197e+03
   -2.69713e+04     5.96286e+03     4.72136e+03
    1.72552e+03    -1.80032e+04    -1.99786e+04
    3.09790e+04    -1.79105e+04     2.20251e+04
   -3.33153e+03    -1.85084e+04    -4.30039e+04
   -3.86027e+04    -1.51468e+04    -2.01493e+04
    1.34931e+04     3.03079e+04     2.81932e+04
   -1.01740e+04    -3.67027e+04     9.42716e+03
   -3.67065e+03    -2.15900e+03    -2.63569e+04
   -7.50783e+03     1.70901e+03     1.71419e+04
   -7.19965e+03     1.23882e+04     1.41829e+03
   -3.80312e+03     1.08041e+04    -4.79822e+03
    3.79588e+03     2.54537e+03     1.35699e+04
    1.83060e+03    -7.04774e+03    -7.08854e+02
   -4.29318e+04    -2.95009e+03     1.42831e+04
    3.52629e+03     8.92906e+03    -1.32132e+03
   -5.51980e+03    -7.25990e+03     5.47838e+03
    9.12964e+03    -4.07925e+03    -1.49530e+04
    1.16056e+04     3.43320e+04     2.10400e+04
    2.87822e+04    -1.89617e+04     1.19885e+04
   -1.37774e+04     9.17606e+03     9.06096e+03
   -2.12312e+04    -1.77346e+03     1.74646e+04
   -4.81045e+03    -3.74698e+03     1.04474e+03
    1.17514e+04    -3.80907e+04     1.07634e+04
    4.12764e+03     1.29040e+04    -1.87296e+04
   -2.07569e+03     8.59879e+03    -4.07977e+03
    1.31763e+04    -2.45415e+04     2.25004e+04
   -3.02074e+04     2.27035e+04    -1.73157e+03
   -3.56498e+03    -3.04343e+04    -2.71239e+04
   -3.18283e+03     2.75300e+04     3.07134e+04
   -6.35030e+03     1.12992e+03    -7.63018e+03
    2.16084e+04     1.16749e+04     7.07752e+03
    1.32301e+04     7.42792e+02     2.81485e+04
   -2.32923e+04    -8.94054e+03    -9.20114e+03
    3.63893e+04    -1.03778e+04     1.61484e+04
    1.37282e+04     3.02872e+03     1.33521e+04
    2.19742e+04     9.53197e+03     1.47473e+04
   -5.36966e+03    -2.90518e+03     3.40927e+03
   -2.79737e+03     2.33092e+04    -5.27945e+03
    2.08374e+04     2.09503e+04    -4.81840e+03
   -1.44691e+04     3.42495e+04     3.01105e+04
   -4.18341e+03    -5.97952e+03     1.82459e+04
   -7.88648e+03     5.21455e+03    -2.18035e+04
    8.41108e+03     6.84093e+03     1.80841e+04
   -1.17447e+04    -5.42582e+03    -4.71807e+01
    5.76620e+03    -6.45989e+02    -1.05774e+04
    1.06913e+04     4.77733e+03    -8.59197e+03
   -4.67596e+02    -1.63896e+04    -3.01427e+04
    3.18493e+04    -2.89985e+03     2.50459e+04
    1.92422e+03     9.30639e+03     6.59868e+03
    4.66025e+03     1.34854e+03     1.12225e+04
    1.38208e+04    -1.73637e+03     4.45567e+04
   -2.20251e+04     6.17322e+03     3.62457e+04
    2.22114e+04     8.13382e+03    -3.35010e+03
    1.59152e+04    -1.40893e+04     9.97023e+03
    5.65643e+03     9.88903e+03    -1.22601e+04
    6.08568e+02    -2.78989e+03    -7.23660e+03
    1.68050e+04     1.92440e+04     2.81520e+04
    4.26752e+02     1.36064e+04     1.66535e+04
    1.86090e+04    -1.10077e+04    -3.48417e+04
   -1.11890e+04     2.57273e+04     2.66416e+04
   -2.81739e+03     2.58844e+03    -5.35614e+03
    5.33754e+03     7.62478e+03     7.60275e+02
   -3.49214e+04     1.07177e+04     8.81342e+03
    2.57864e+04    -1.09308e+04    -1.18588e+03
   -2.74768e+04    -3.06680e+04    -2.08936e+04
   -1.95434e+04    -1.09563e+04    -1.01000e+04
    1.14895e+04     9.85555e+03     2.61620e+04
   -1.87768e+04    -2.39174e+04     4.50110e+03
   -1.98784e+04     1.08139e+04    -5.87564e+03
    1.63938e+04    -1.16113e+04    -8.77259e+03
    5.52996e+03    -2.38227e+04     4.99327e+03
    6.72155e+03    -3.41655e+03    -5.42704e+03
   -1.52443e+04     2.48469e+04     5.18676e+03
   -8.42828e+02    -4.43241e+03     3.83048e+02
    4.92083e+03    -9.85248e+03     2.60530e+03
   -1.62803e+04     3.36410e+03    -1.84738e+04
   -2.13991e+03     3.43353e+03     6.90463e+03
    4.08604e+03    -9.82171e+03    -3.14381e+04
   -1.66012e+04    -1.93423e+04     2.40716e+04
   -1.66193e+04    -3.08143e+04     6.27527e+03
    2.45598e+04     2.93125e+04    -7.60688e+02
    2.95800e+04    -1.41556e+04     1.45902e+04
    8.11291e+03    -3.42592e+04     3.25312e+04
   -2.07712e+04     3.62059e+04    -4.31441e+03
    3.35360e+04     2.07020e+03    -5.62014e+03
    9.11747e+02    -7.08083e+03     6.16540e+03
   -1.49486e+04     2.69456e+04    -6.86174e+03
   -9.33876e+03    -2.59590e+03    -4.58257e+03
   -4.35682e+03    -4.35129e+04     1.62533e+04
    2.53288e+04    -2.29480e+04    -1.30747e+04
    2.65140e+04     1.09672e+04    -2.49174e+04
   -1.68220e+03     2.85796e+04    -6.53112e+02
    5.60852e+03     4.17441e+04     7.12766e+03
   -1.79801e+04     8.03347e+02    -3.92787e+04
    2.92939e+04    -1.32361e+04    -1.63084e+04
    1.70369e+04     6.18469e+03    -1.61545e+03
    1.12999e+04    -3.16218e+03    -6.41636e+03
   -2.01898e+04     3.17707e+04    -2.06899e+04
   -3.12643e+04    -1.33387e+04    -1.38926e+04
   -5.56746e+03    -1.41189e+04     7.94936e+03
   -9.39863e+03     1.74845e+02    -1.40803e+04
    1.25004e+04     1.35241e+03     3.18302e+03
    2.10079e+04    -3.31096e+04    -1.85433e+04
    2.52146e+02    -3.28339e+03    -3.74456e+03
    2.37659e+03    -2.31944e+01    -2.80249e+04
   -1.30835e+04     1.49940e+03    -1.02190e+04
   -1.69744e+04     1.64369e+04    -1.71965e+04
   -2.69475e+04     4.42802e+03    -3.74950e+04
   -5.70230e+03    -2.10494e+04    -9.22583e+03
   -2.75831e+04    -3.42772e+04    -2.77275e+03
   -1.74838e+04     9.99672e+03    -3.76263e+04
    1.30569e+04     2.19295e+04    -1.64806e+04
    8.02256e+02    -3.11438e+03    -7.95445e+03
   -2.70428e+03     4.79537e+03     9.45430e+03
    1.75086e+04    -2.56544e+04    -3.29104e+04
    2.18117e+04     3.23330e+04    -1.55182e+04
    7.90112e+03     1.43196e+04     5.88538e+02
    7.09523e+03     2.59665e+03    -4.16672e+04
    3.32476e+04    -6.99471e+03    -1.62443e+04
   -1.47713e+04    -4.62769e+03     1.07323e+04
   -1.70987e+04     3.63381e+04    -1.18652e+04
    1.93656e+04     2.17819e+04    -3.60600e+04
   -6.11428e+03     3.24870e+03    -2.79018e+04
    1.53191e+04    -3.87917e+03    -2.44437e+04
   -1.17883e+03     1.12827e+03    -3.75165e+04
    1.77796e+04    -6.62866e+03     1.24547e+04
    3.11848e+03    -6.82869e+03     1.73409e+03
    3.35542e+03    -1.05028e+03     6.98935e+03
    3.05546e+04    -1.19152e+04    -2.36903e+04
   -3.11836e+04     2.34561e+04    -1.98033e+04
    8.38546e+03    -4.13297e+03     1.73061e+04
   -4.55699e+03    -2.61694e+03     9.16740e+03
    2.50550e+04     8.51414e+03     5.94471e+02
    3.46761e+04     4.83107e+03    -1.47800e+04
    1.76649e+04     6.11349e+03    -3.47210e+03
    2.55424e+04     4.61931e+03     4.80123e+03
   -2.41475e+04     9.78701e+03    -7.75719e+03
   -7.97438e+03     2.38111e+04     3.09765e+03
    4.89743e+03    -3.71454e+03     5.85339e+03
    4.71414e+03    -1.48216e+04     1.06649e+04
   -1.06679e+04    -1.62082e+04    -2.45446e+04
   -7.85153e+03    -8.40178e+03     2.84642e+03
    6.53563e+03    -1.15056e+04    -3.79829e+04
    2.17953e+04    -1.83824e+04     3.55997e+04
   -3.41913e+03    -2.71293e+03     1.82743e+04
   -3.15873e+03     1.28571e+04     8.87797e+03
   -1.54974e+04    -2.62794e+04     2.13670e+04
    9.73607e+03    -1.94647e+04     2.77663e+04
    2.55980e+04    -6.35323e+03     5.37253e+03
    2.06635e+04     5.00617e+03     1.53033e+04
   -6.40296e+03     3.51239e+04    -1.46148e+04
   -9.14335e+03    -1.16789e+04    -2.24507e+04
   -1.15723e+04    -2.17841e+04    -1.71926e+03
   -2.33145e+04     3.73687e+04     5.49472e+03
   -1.42894e+04    -2.56815e+04    -1.16818e+04
    2.37449e+03    -2.91364e+04    -3.31574e+04
   -3.97927e+04    -8.59398e+03     9.95579e+03
   -9.38838e+03    -1.15422e+04     3.28767e+03
   -4.30894e+04    -1.23569e+04    -7.89597e+00
   -9.57294e+03    -3.94564e+04    -1.91212e+04
   -4.78169e+02    -3.08122e+03     1.16675e+03
   -1.67073e+04     5.37750e+03     1.64043e+04
    1.51982e+03    -1.04731e+04    -2.36682e+04
    9.53525e+03    -1.68024e+04    -7.92339e+03
    1.67891e+04     7.49262e+03     9.41567e+02
    2.13508e+04    -7.85178e+03    -1.96872e+03
   -4.31032e+04     2.06662e+03    -1.46766e+03
   -2.49789e+03    -5.10576e+03     4.91008e+02
    1.52152e+04    -2.50128e+04     2.95377e+04
   -5.17116e+02    -2.50768e+04    -4.08685e+04
   -5.65369e+03    -1.92214e+03    -2.68374e+04
    2.80722e+04     1.01804e+04     2.85897e+04
    2.91761e+03    -3.87631e+03    -6.20772e+03
   -1.64668e+04    -1.99038e+04    -1.86186e+04
   -3.15877e+03     1.51601e+03     3.04157e+04
    1.36522e+04     8.59707e+03     1.53324e+04
    6.76086e+03     1.66230e+03    -1.04882e+04
   -4.61281e+02     2.81991e+03    -1.31562e+04
   -3.22473e+04     3.40391e+04    -3.95929e+03
    2.38778e+04    -2.05006e+04     1.07422e+04
    4.59593e+03    -3.70865e+04    -1.85899e+04
   -1.50685e+04    -3.92238e+03    -6.61198e+03
   -1.93404e+03     3.71623e+03     7.75187e+03
   -1.57966e+02     1.31655e+04     1.49933e+02
   -1.21579e+04    -1.42408e+04    -1.29392e+04
    4.62698e+03     1.69650e+04    -1.06700e+03
    1.24698e+04     4.49636e+03     4.57666e+04
   -2.40457e+04     1.43304e+04     9.80585e+03
    1.10756e+04     1.97795e+04    -1.10685e+04
    1.83025e+03     2.29434e+03    -1.63476e+04
   -1.53369e+04    -1.07995e+04     2.71960e+04
   -2.14793e+03     1.05121e+04     1.13200e+04
   -1.27998e+04    -5.51758e+03     3.55601e+03
   -3.80440e+04    -1.86412e+03    -1.28218e+04
    1.91395e+04     1.62338e+04    -7.41762e+03
   -1.66961e+04     3.14673e+03    -2.96855e+04
    1.18104e+04     1.51009e+04    -1.30330e+03
   -9.47768e+03     2.24816e+04     1.56396e+04
   -1.50499e+04    -1.51946e+04     9.11944e+03
    7.52023e+03    -6.08811e+03     1.21067e+04
   -1.02597e+04    -5.64002e+03     2.12362e+02
   -3.41128e+03    -2.34961e+04     1.99678e+04
   -3.37591e+04     7.88864e+02    -1.04718e+04
   -1.17325e+04    -7.54822e+03    -3.69784e+04
   -1.87119e+04     7.16707e+03    -1.99581e+04
    6.19280e+03     1.45653e+04    -1.53668e+04
    2.92522e+04     1.48910e+04    -1.52991e+04
   -3.07444e+03     9.26414e+02     1.14831e+04
   -4.75007e+04    -4.57472e+03     2.51450e+03
    2.13992e+04     2.17809e+04    -1.36892e+04
    2.30057e+03     5.73449e+03     1.94775e+04
    1.21075e+04    -4.76592e+03    -1.47385e+04
    8.84415e+03    -2.00517e+04    -1.31856e+04
    8.16990e+03    -9.45663e+03     1.86491e+04
   -8.94147e+03     1.34298e+04    -3.33346e+04
    2.82334e+04     1.40329e+04    -4.54100e+03
    1.39182e+04     5.77833e+03    -2.46708e+03
    8.26586e+03     2.63450e+04     3.27870e+04
    2.86448e+04     3.58980e+04    -1.34701e+04
    2.55234e+03    -2.61531e+03     6.39225e+03
    1.38233e+03     2.53566e+04     3.45137e+04
    2.99053e+03    -1.41948e+03     3.45292e+04
   -3.34311e+03    -2.41050e+04     9.87005e+02
   -1.73743e+04     1.89285e+04     1.73663e+04
   -6.83232e+03     1.08123e+04     1.31405e+04
    7.37488e+03     3.19643e+03     1.03952e+04
   -3.73477e+04     2.08880e+04     1.42745e+04
   -9.03758e+03    -3.31418e+03    -4.89304e+03
    2.48795e+04    -1.68529e+04    -6.40414e+03
    9.74939e+03     2.07179e+04    -1.36703e+04
   -3.30425e+03     3.96470e+01    -9.97936e+03
   -3.10633e+04     1.16384e+04    -9.52883e+03
    2.54895e+04    -1.85867e+04     1.22427e+04
   -1.32424e+04     1.86422e+04    -4.14610e+04
    7.03452e+03     5.01622e+01    -5.42992e+03
    3.73267e+03     2.48357e+04    -1.68067e+04
   -2.19641e+04    -6.59093e+02     4.55612e+03
    2.19754e+03    -4.46623e+04    -5.62504e+03
   -1.42509e+04    -2.71842e+04    -7.68976e+03
    1.79849e+04     1.01121e+04    -1.37538e+04
   -1.82933e+03    -2.48012e+03    -3.94984e+03
   -1.10608e+04    -6.82707e+03     3.49720e+04
   -1.78301e+03    -4.50966e+03    -1.32038e+03
   -1.11131e+04    -3.17032e+04     5.39336e+03
   -6.22061e+03     3.59458e+03     2.60262e+04
    3.05132e+03     1.46249e+03     7.77175e+03
   -2.48476e+04     9.06356e+03     2.78532e+04
    8.71431e+03     6.29520e+03    -2.36495e+03
    2.52864e+04    -2.26800e+04     1.13849e+04
   -2.39119e+04    -4.55538e+03    -8.19900e+03
    2.01494e+04    -3.39513e+03     2.31454e+04
    2.49859e+04    -1.01085e+04    -4.56276e+03
    1.78635e+02     9.83106e+03     6.00098e+03
   -1.68211e+04     3.19784e+04     3.09124e+04
    1.36488e+04    -3.36412e+04     1.99969e+04
   -1.87820e+04     1.20071e+04     1.62745e+04
   -1.34631e+03     7.30016e+03     1.29464e+04
    9.55989e+03    -2.05691e+04     2.89034e+04
   -8.84956e+03    -9.24543e+03     4.19707e+03
   -1.31385e+04    -7.97493e+03    -1.74863e+03
   -6.04920e+03    -3.84892e+03     5.12561e+03
   -3.36077e+04    -1.34715e+04    -8.01265e+03
   -3.77463e+03     1.70860e+04    -8.92348e+03
   -5.75098e+03    -4.49539e+04    -5.51008e+03
    7.05560e+03     7.37090e+03     1.20226e+04
   -1.14921e+04     7.53731e+03     1.04877e+04
   -2.97240e+04     3.19500e+02     2.00068e+04
   -9.53918e+03     6.52745e+03    -1.70325e+04
    2.87512e+04     2.15046e+04     9.13664e+03
    2.83866e+04     1.66018e+04    -1.23143e+04
    1.27230e+04    -1.82604e+03    -1.41016e+04
   -1.08865e+04    -1.92499e+03    -1.45525e+04
   -1.81996e+04    -5.55929e+02    -9.04388e+03
    1.79485e+04    -4.14851e+04    -1.11497e+04
    1.02942e+03    -1.80351e+04     1.27814e+04
   -6.83046e+03     1.48802e+03    -1.39094e+04
   -3.84660e+04     1.48326e+04    -1.68579e+04
    3.25276e+04    -2.44804e+04    -1.06295e+04
   -3.30667e+03     7.04038e+03     2.42588e+04
   -1.85668e+03    -7.06505e+03    -6.69333e+02
    3.37593e+04     1.90359e+03    -1.84595e+04
   -7.96387e+03    -2.98312e+04     2.69296e+04
   -1.99709e+04    -2.75895e+04     2.21678e+04
    1.44097e+04     7.53199e+03    -9.35746e+03
    1.79918e+04     1.80383e+04    -4.80334e+03
    1.52420e+04    -6.09360e+03    -3.46963e+04
   -1.98574e+04    -1.99638e+04     1.00616e+04
    1.37625e+03    -4.09970e+04     2.21299e+04
   -7.05335e+03     2.35646e+04    -2.56791e+04
   -4.34077e+03     1.56041e+04     2.49045e+04
    8.79200e+03     5.83006e+03     1.43999e+04
   -9.54590e+03     1.03395e+04     2.86575e+04
   -4.17081e+03    -4.31971e+04     1.87046e+04
    1.66034e+04     1.92031e+04     2.34006e+04
   -1.33050e+04     1.42584e+04    -2.46946e+03
   -1.15725e+04     2.69942e+04     3.41290e+04
   -3.74161e+03    -7.97123e+03    -8.37225e+03
    6.68904e+03     3.06552e+03    -6.27532e+03
    3.60829e+03     2.64373e+03    -1.50518e+04
    4.60005e+02     2.57403e+04    -2.48204e+04
   -8.05588e+03    -7.25934e+03    -1.60786e+04
   -2.20625e+04    -2.94546e+04    -2.58029e+04
    2.22646e+04     1.90304e+04    -9.91725e+03
    7.83254e+03    -4.46632e+04    -1.12996e+04
    3.05901e+03     2.19205e+02     5.73586e+03
    6.48695e+03     6.49901e+03     4.14935e+04
    9.00619e+03    -1.36328e+04    -1.40479e+04
   -1.86756e+04    -3.00570e+04     6.90465e+03
   -2.46686e+04    -2.23844e+04     2.38340e+03
    5.65807e+03    -4.33066e+02    -2.44015e+04
   -4.12749e+03    -7.10336e+03     1.56195e+04
    8.15612e+03     3.69922e+04     1.00581e+04
    2.62860e+04    -2.28536e+03     1.03492e+04
   -7.03442e+02     9.40197e+03     2.86129e+04
    8.43600e+03    -3.23039e+04    -2.86892e+04
   -3.09345e+04    -1.82732e+03    -2.69633e+04
   -2.87112e+03    -5.02308e+03    -1.92781e+02
   -1.23476e+04    -3.14603e+03     4.51931e+03
    3.90118e+03     9.30048e+03     3.35715e+04
   -3.63458e+04    -1.65102e+04     8.76075e+03
    1.11258e+03     2.23550e+04    -2.33377e+04
    2.32292e+04     6.11665e+02     1.41144e+04
   -3.50591e+03    -3.56622e+03     1.33423e+04
    1.59274e+04     1.25377e+04     1.12833e+04
    1.82361e+04    -2.27483e+03    -1.97238e+04
   -6.80091e+03     1.27078e+04     3.80678e+03
   -7.11908e+03    -2.79402e+04    -4.91851e+03
   -1.40139e+04     2.34018e+04     1.48767e+04
   -4.82883e+03     1.02875e+04    -3.21045e+03
   -9.58135e+03    -2.01247e+04     2.01805e+04
   -4.56612e+03    -5.46358e+03    -8.99562e+03
    3.15330e+04    -2.82710e+03    -1.61988e+04
   -4.00024e+03    -1.95238e+04    -1.25880e+03
   -1.88025e+03     2.39140e+02    -2.09404e+04
   -2.51009e+03    -1.58266e+04     7.34805e+03
   -1.37780e+04    -1.19351e+04    -3.87887e+04
    4.20744e+02    -1.38306e+03     1.15230e+04
    5.17245e+03    -4.64923e+03    -4.40219e+03
    1.64114e+04     1.04249e+04    -9.84204e+03
    3.41836e+03     1.24198e+04    -2.89509e+04
   -2.25821e+03    -2.45161e+03     1.18647e+04
   -1.30784e+04     3.85109e+04     5.05410e+02
   -1.61763e+04    -2.77548e+03     4.55312e+03
   -2.36585e+04    -3.49598e+04     1.42529e+04
    1.34284e+04    -1.77951e+04    -8.99409e+03
   -1.85466e+04    -3.51253e+04    -2.32065e+03
   -5.02043e+03     1.38713e+04     1.07618e+04
   -1.12312e+04     1.85513e+02     8.70978e+03
    1.23618e+04     2.01287e+04    -3.84956e+03
    6.22207e+03     3.06112e+04    -1.64110e+04
    3.14040e+04     1.51806e+04    -1.71837e+04
   -2.06663e+04    -3.77213e+04    -1.62262e+04
   -2.86053e+03     2.40055e+03     1.52950e+04
    6.68085e+03     3.72126e+03     2.39545e+04
   -4.80650e+03    -1.07069e+04    -2.69291e+04
    3.12405e+03    -1.26404e+03     5.59678e+03
   -1.29352e+04    -3.15722e+04    -7.36756e+03
   -1.26658e+04    -5.61775e+03     2.28769e+04
   -1.05171e+04    -2.76075e+04     1.35443e+04
    1.50858e+03    -6.19581e+03    -1.59443e+04
   -8.12148e+03    -3.52842e+04     5.57847e+03
   -2.47577e+04    -1.98544e+04     6.38429e+02
    1.50765e+04     1.48937e+04    -4.67398e+03
    9.78394e+03     1.18355e+04     2.94706e+04
    1.74336e+04     3.81477e+04     1.06318e+04
   -2.33423e+03    -1.40061e+04     1.44031e+04
   -6.67320e+03    -7.46316e+03    -6.28122e+03
   -1.42581e+04     1.16435e+04    -3.67027e+04
    3.04743e+02    -7.90417e+03    -3.56900e+03
   -2.00334e+04    -2.15869e+04    -1.50088e+04
   -2.64048e+03    -5.51386e+03    -5.68958e+03
    2.57731e+04     3.01751e+03     2.20824e+04
    2.47985e+04    -2.05361e+04     8.72390e+03
   -2.52790e+03    -4.11228e+04     5.88905e+03
   -7.70781e+03     1.21207e+04    -2.84288e+04
   -4.81504e+03    -7.59667e+03     1.81022e+03
   -2.17475e+04    -4.21671e+04    -1.07586e+03
   -1.89887e+04    -3.29936e+04    -7.09897e+03
    1.30325e+04    -1.37149e+03     1.52740e+04
   -1.38583e+04     7.94385e+02     2.31194e+04
   -2.11614e+04    -3.19451e+04     6.37426e+03
    3.72567e+03    -2.23437e+03    -2.82318e+04
    9.62352e+03     4.35181e+03     5.58044e+03
    4.56890e+04    -8.32509e+03     3.97535e+03
   -1.07456e+04    -9.56157e+03    -1.74341e+04
   -3.26751e+03    -3.68816e+03    -1.24042e+03
    2.78003e+03     8.20887e+03     1.92153e+04
    2.69716e+03    -2.10150e+04    -1.82291e+04
    6.93861e+03    -6.68477e+03    -2.83642e+04
   -2.06293e+03     1.42875e+04    -1.99101e+04
    1.10647e+04    -1.74593e+04    -1.89888e+04
   -9.53904e+03    -5.42634e+03    -3.66415e+04
    2.85343e+04     1.54196e+04    -1.74495e+04
   -4.67235e+04     5.27871e+03     9.12241e+03
    6.33811e+03     1.80679e+04    -1.19255e+04
    3.17085e+04     3.27824e+04    -1.85760e+03
   -6.50221e+03    -1.14933e+04    -1.23161e+04
    2.48458e+03    -2.29222e+03    -1.24764e+04
   -5.22697e+03    -7.75672e+03     7.62860e+03
   -2.34853e+04    -3.32925e+04    -8.35201e+03
   -3.03255e+04    -1.01705e+04    -3.10726e+04
   -3.01787e+03    -9.48788e+03    -6.08065e+03
    6.72047e+03     5.15460e+03    -1.05699e+04
    4.09453e+04    -8.05800e+02    -2.66873e+02
   -3.12027e+04     5.25397e+03    -6.77774e+03
   -1.10623e+04     1.25219e+04    -3.17484e+04
    1.05200e+04     3.81458e+04     1.55974e+04
   -5.01500e+03     4.60594e+03    -4.55976e+03
   -2.81100e+04     8.01787e+03    -1.56788e+04
   -1.03520e+04    -2.54363e+04     1.82654e+04
    1.94340e+04     9.63441e+02     1.58391e+04
   -1.97404e+04    -1.98965e+04    -3.42355e+04
   -9.58381e+03    -5.02103e+03    -4.40061e+03
    1.24809e+03     1.33958e+04    -1.79458e+04
   -6.42946e+03    -1.50377e+04    -1.50733e+03
   -1.96901e+04    -1.20101e+04     1.21661e+04
   -4.54012e+04    -1.95286e+03     2.19612e+03
    1.49916e+04     1.60129e+04    -2.97811e+04
    6.80639e+03     1.32378e+04    -2.14274e+04
   -1.37444e+04     1.85875e+04    -3.55879e+04
   -1.39186e+04    -6.90777e+03     7.50364e+03
    6.12695e+03     5.60253e+03     1.15282e+04
    2.74686e+03    -1.62621e+04     9.32328e+03
    2.45913e+04     2.19102e+04     1.87806e+04
   -3.02024e+04     2.89643e+04     5.43171e+03
    1.42140e+04    -6.40030e+03     6.45194e+03
    2.84856e+04    -1.94340e+04     2.05924e+04
   -3.50111e+04     1.47824e+04    -3.00834e+03
   -1.50049e+04     1.14879e+04    -1.40072e+04
    6.61265e+03     1.94054e+03    -1.25687e+04
    1.35830e+04     1.68320e+04    -2.78682e+04
    1.93471e+04    -2.03526e+03     1.45959e+04
   -1.80371e+04    -8.58954e+03     1.55446e+04
    6.86437e+03     2.06163e+04    -1.28528e+04
   -6.05689e+03     9.73782e+03    -2.86010e+04
   -1.32059e+04     2.50919e+03    -1.15464e+04
    2.01223e+04    -1.05152e+04    -1.47708e+03
   -8.84930e+03    -5.81198e+03     2.68725e+04
    3.56899e+03     1.73587e+04    -2.14529e+04
   -4.30038e+04    -8.54650e+03     7.53466e+03
   -2.66403e+04    -1.14001e+04    -3.68479e+04
   -2.63483e+04     9.25827e+03     1.48440e+04
    1.05526e+04     2.09112e+03     5.07760e+03
   -8.08070e+03     7.41297e+03    -4.98228e+03
   -5.52477e+03    -4.70693e+03    -7.10904e+03
   -1.34940e+04    -3.30076e+03     7.29322e+03
   -1.93071e+04    -3.18400e+04    -1.13139e+04
    1.17741e+04     1.98324e+04    -2.55421e+04
    8.63324e+03    -4.12854e+04    -2.00541e+04
    1.00158e+04     2.47755e+04     2.05696e+03
   -4.81520e+02     2.34807e+04     4.51748e+03
    3.49834e+04    -1.81907e+04    -1.89428e+04
   -4.40717e+03    -1.30124e+04    -2.87287e+03
   -2.92549e+04     1.47959e+04     9.82692e+03
    1.11014e+04    -1.74302e+04    -9.02547e+03
   -2.93159e+03    -4.58150e+04    -7.24121e+03
   -7.54247e+02    -1.02075e+04     1.02073e+04
    1.45286e+04     1.13844e+04     1.80749e+04
    7.76018e+03     3.45857e+04     3.11525e+04
    1.11279e+04    -2.20375e+04     2.83114e+04
    2.97620e+02     1.32577e+04    -4.05115e+04
    3.27450e+03    -6.82183e+03    -2.74190e+03
    7.85237e+02     1.87252e+04    -4.03214e+04
   -9.92453e+03    -1.37128e+04    -1.23454e+04
   -3.78034e+03     3.84489e+03     1.73826e+04
    1.11304e+04     2.08532e+04     1.43526e+02
   -3.77275e+04     4.93977e+03    -6.81558e+03
   -2.79300e+04     9.02128e+03    -1.20118e+04
   -1.16425e+04     1.31907e+04     1.09478e+04
    2.44592e+03     1.17795e+04    -1.65300e+04
   -8.15397e+03     6.55200e+03     1.45020e+04
    6.85511e+03     2.98062e+04    -1.28850e+04
   -1.30450e+04     8.25459e+03    -1.70612e+04
    1.11778e+04    -4.78377e+03     1.50661e+04
    3.83698e+04     1.87027e+04     4.81380e+03
    6.47754e+03    -5.06565e+03    -1.55939e+04
   -1.70087e+03     2.13467e+04    -8.91327e+02
   -1.09186e+04    -1.73927e+04    -2.29032e+04
    3.96919e+04    -6.85319e+02     1.88785e+04
    8.36323e+03    -7.19988e+03     6.26907e+03
   -4.71286e+03     2.04313e+04    -1.81092e+04
   -2.05166e+04    -2.03781e+04     6.58258e+03
   -5.96274e+03    -1.59983e+04    -9.57701e+03
    2.07277e+04    -5.40872e+03     1.86153e+03
   -2.22422e+04     1.50847e+04     1.35837e+04
    3.67260e+04     6.24367e+03     2.73660e+04
   -1.85035e+04    -8.06181e+03     1.14868e+04
    2.72687e+04     1.51236e+04     2.44542e+03
    4.87015e+03     8.25536e+03     1.14041e+04
   -6.98122e+02    -8.14205e+03    -5.04811e+03
   -6.70854e+03    -9.71316e+03     2.71598e+04
   -1.68223e+04     2.42555e+04    -5.35401e+03
    4.10978e+03     1.66047e+03     1.34786e+04
    3.78505e+03    -4.89878e+03    -1.03014e+04
   -7.49027e+03    -1.06070e+04     2.34495e+04
   -1.57803e+04     2.13351e+04     1.43045e+04
   -3.99628e+04     1.07420e+04     7.52852e+03
   -1.16577e+04    -1.89467e+03    -2.30909e+04
   -5.79218e+03    -1.41993e+04     9.14354e+03
    1.14472e+04     2.58776e+02     2.01314e+04
   -2.42444e+04     5.54690e+03     2.45267e+04
   -2.12064e+04     2.49975e+04     3.06235e+04
    1.35403e+03    -1.13532e+04     2.96730e+04
   -1.69660e+04    -2.27541e+04    -1.26447e+04
    3.18168e+03    -1.39209e+04    -6.16724e+03
   -7.40422e+03     3.53465e+04     7.17900e+03
   -9.59619e+02     8.52343e+03     7.13301e+03
   -1.78099e+03     6.87699e+03     5.20156e+03
   -4.89920e+02     3.65023e+04    -2.31407e+04
   -3.67445e+04    -1.30564e+04     2.33923e+04
    9.17987e+02     2.34407e+04     2.69867e+03
    1.50185e+04    -4.40942e+03     6.18518e+03
   -1.51738e+04     6.25981e+03    -1.22189e+04
   -2.17492e+04    -2.31568e+04     1.15708e+04
    2.10237e+04     1.16509e+04    -3.33741e+01
   -1.30429e+03     3.42092e+04     1.23127e+04
    9.41637e+03     2.99418e+04    -2.99756e+04
    7.20518e+03    -1.02657e+04    -2.82649e+04
    1.42396e+04    -1.32396e+04     1.82631e+04
   -1.86169e+03    -1.08691e+04    -3.41282e+03
   -3.11801e+04    -1.04388e+04     3.47066e+04
    3.02848e+04    -1.72629e+04     2.76134e+03
    2.39404e+03     2.80207e+03    -7.63576e+03
   -1.05153e+04    -2.96443e+04    -1.75644e+04
   -2.14145e+04    -3.17792e+03     3.51952e+03
   -1.71068e+04     7.12654e+03     2.55969e+04
    1.68661e+03    -3.31859e+04    -2.02799e+04
    1.12649e+04    -1.89845e+04    -3.24320e+04
    1.16968e+04    -1.95795e+03    -2.89129e+04
    3.51830e+04     2.80883e+04    -1.05768e+04
   -1.58382e+04     5.33426e+02    -1.63530e+04
    2.24543e+04    -2.65177e+04    -3.29390e+03
   -2.61223e+04    -1.76678e+04     1.72367e+04
    1.35019e+04    -4.68182e+03     5.11223e+03
    3.67770e+04    -7.81701e+03    -1.64939e+04
    8.48627e+03    -3.96561e+04     5.79477e+03
   -3.05597e+03    -2.58263e+00     1.15488e+04
    1.50166e+04    -1.64316e+04    -7.51103e+02
    1.77439e+04     2.80307e+03    -1.93258e+04
    9.39431e+03    -8.41662e+03     2.15544e+04
   -1.30950e+04    -6.88994e+03     1.24912e+03
   -1.00298e+04    -1.60063e+03    -6.41295e+03
   -2.13801e+04    -2.70589e+04    -3.15812e+03
    9.18483e+03     9.30237e+03     7.59097e+03
    2.61891e+04    -3.60984e+03     1.34783e+04
    1.98436e+04     1.64274e+03    -3.18265e+04
    8.85238e+03     2.80358e+04    -2.52766e+04
   -3.92775e+03     1.45653e+04    -1.32785e+04
    6.69485e+03     1.05646e+04    -9.28455e+03
   -3.07324e+04     3.10499e+03    -3.35719e+03
   -1.38020e+04    -1.79418e+04    -2.62037e+04
   -6.90123e+03     4.17487e+03    -2.33839e+04
   -4.21533e+03    -3.53383e+03    -4.24193e+03
   -7.43095e+03    -4.42913e+03     1.30182e+04
    1.59683e+04    -2.22802e+04     6.73290e+03
   -3.22737e+04    -4.75287e+03     9.55571e+02
    1.14543e+04    -2.80770e+04     9.40471e+03
    6.46142e+03     4.87798e+03    -1.43667e+04
    1.10018e+04    -3.76629e+03     2.52572e+04
    4.57091e+03    -3.60306e+04    -3.01921e+04
   -1.21277e+04     6.91212e+03    -3.03879e+03
    3.89484e+04    -1.68863e+04    -7.43570e+03
    6.12858e+03     2.73956e+04     3.21954e+04
   -2.18694e+03     1.64556e+04    -2.25039e+03
   -1.30292e+04     2.20669e+04     1.24435e+04
    4.39104e+03    -2.55254e+04    -3.03348e+04
   -2.50040e+04    -1.21779e+04     1.17239e+04
   -1.16094e+04    -3.52343e+04    -2.52626e+04
   -7.91943e+03    -3.27941e+04     3.29949e+04
    1.56594e+04    -4.02006e+03     1.11192e+04
    1.48902e+04    -3.28409e+03     1.37233e+04
    1.47667e+04    -4.20948e+04    -1.08652e+04
    1.44092e+04    -1.60736e+04     8.07531e+03
   -1.34839e+00     1.45157e+04     7.14448e+03
   -1.96082e+04     1.76424e+04     2.63675e+04
   -1.01085e+04    -1.35062e+04    -6.08156e+03
   -7.21235e+03    -8.63650e+03     1.41751e+04
    2.85212e+03     1.40400e+04     1.57768e+03
    6.62456e+03    -5.70933e+03    -7.52766e+03
   -1.63434e+04    -6.88691e+03    -8.70010e+03
   -1.12018e+04     3.57509e+04     2.23565e+04
   -1.42348e+04     1.68710e+04     2.79085e+03
    2.15286e+04     2.88480e+03     5.26027e+03
    1.82889e+03    -2.45271e+04     1.73004e+04
   -4.90448e+03     2.61761e+04    -1.74222e+04
   -6.08690e+03     3.95218e+04    -2.09659e+04
    1.61277e+04     1.65448e+04     3.77966e+04
    3.32195e+04     5.35410e+03    -1.01170e+04
   -2.37270e+04    -3.49869e+04    -1.93903e+04
    1.49391e+04     2.18873e+04     6.41998e+03
   -2.97621e+04    -3.01006e+04     1.35754e+04
    1.46844e+04     4.15527e+04    -1.47934e+04
    1.84258e+04     5.03454e+03     3.35286e+04
   -1.77029e+04     2.76206e+03    -5.00208e+03
   -4.34653e+03    -3.51509e+04     3.08949e+03
    1.58976e+04     5.50150e+03     8.47208e+03
   -7.83075e+03     2.77576e+04     7.67426e+03
    2.80441e+04    -2.71400e+04    -1.55504e+04
   -2.41941e+04     3.22109e+04     6.84702e+03
   -4.64917e+03     1.40838e+04    -1.54213e+04
   -2.26792e+03     3.64305e+04     1.27962e+04
   -1.27337e+04    -2.20914e+04    -3.26426e+03
    3.80813e+04    -2.08253e+04     9.41563e+03
    1.23351e+04    -1.47146e+04    -3.74634e+04
    8.42420e+03     1.69451e+04    -1.27036e+04
    4.08826e+03    -3.13103e+03    -4.97730e+03
   -3.21800e+04    -2.73013e+04     1.18303e+04
    1.10047e+04    -1.88620e+04    -6.79576e+03
   -4.55638e+03    -8.70406e+03    -1.08645e+03
    3.07945e+03     7.81610e+03    -7.83898e+03
   -1.15398e+04    -1.53196e+04    -1.69147e+04
   -2.46626e+04    -1.49721e+04    -2.25050e+04
   -2.42490e+04     1.87311e+04     8.79336e+03
   -2.56567e+04    -1.32386e+04    -1.20834e+04
    5.51397e+03     1.26681e+04     9.56056e+03
    1.68871e+04     1.86403e+04     2.39500e+03
    5.05847e+03     3.81939e+03     1.32456e+04
   -1.68570e+04    -8.62134e+03     1.19574e+04
   -2.29622e+03     5.19149e+03    -1.04667e+04
    1.51749e+03    -2.21406e+03     1.25340e+04
    2.38188e+03    -1.17050e+04    -2.34211e+03
   -3.98174e+04     1.13368e+04    -3.68053e+03
   -1.46033e+04    -9.21965e+03    -1.45267e+03
   -1.65004e+03    -3.48094e+03    -3.46354e+04
   -4.16973e+03    -3.48975e+03    -4.19202e+03
   -6.66652e+03     2.25874e+04     8.58374e+03
   -5.74365e+03    -7.18394e+03     1.33312e+04
   -3.25392e+03    -4.54679e+03    -7.25338e+03
   -1.07044e+04     1.26032e+04    -4.21786e+04
   -5.33984e+03     9.45838e+03    -2.21968e+04
   -1.18418e+04     1.21834e+04    -2.88153e+04
    2.04977e+04    -3.41758e+03    -3.52014e+04
   -2.47856e+03    -6.93392e+02     5.15183e+03
    1.56723e+04     1.18578e+04     1.49861e+04
    5.29960e+03     6.14600e+02     8.58190e+03
    7.72410e+03    -9.89970e+03     4.81708e+03
   -1.09839e+04    -5.40205e+03    -3.01488e+02
    1.98733e+04    -1.45929e+04    -1.77001e+04
   -1.03014e+03    -7.81752e+03     1.11719e+04
    1.83314e+04    -3.46713e+03    -3.25584e+04
    1.12049e+04    -9.03851e+03     3.20630e+03
   -2.99334e+04    -1.68828e+03     2.00843e+04
   -2.15063e+04    -9.34291e+03    -2.51885e+04
    8.23170e+03    -1.53120e+04     6.36881e+03
    1.94049e+04     9.83651e+03    -8.85614e+03
   -1.31607e+04     1.33393e+03     1.08608e+04
    7.43638e+03    -2.92713e+04     1.43913e+04
   -3.73836e+04    -4.68308e+03     1.35937e+04
    7.43228e+02     1.63833e+04     7.66380e+03
   -2.09910e+04    -3.28883e+04    -1.29308e+04
   -6.01820e+03     7.29322e+03    -7.30160e+03
   -1.67001e+04    -8.19446e+03    -1.23295e+04
   -1.49364e+04     2.55426e+04     1.89847e+04
   -1.06675e+04    -2.55818e+04    -2.04478e+04
    4.03196e+04     1.63694e+04     8.15933e+03
   -4.09793e+02     2.99474e+04    -3.01322e+03
    7.10333e+03     1.87150e+04     1.40439e+04
    1.63923e+04    -4.19329e+03    -3.02306e+04
    1.87600e+03     1.06110e+04    -4.60462e+02
   -4.22697e+03     1.55587e+04     1.50716e+03
   -4.56617e+02    -2.31493e+03     1.47051e+04
    1.59296e+04    -1.56218e+04     4.10646e+03
    1.31174e+04    -3.45309e+03    -8.77399e+03
    2.92184e+04    -8.13308e+03    -3.80855e+03
    4.99509e+03    -4.75837e+03    -5.93540e+03
    2.23274e+04    -1.52296e+04    -2.09416e+04
   -1.09401e+03    -5.35518e+03    -2.73563e+03
   -4.04376e+04     5.02050e+03    -1.57577e+03
   -1.12699e+04     2.80072e+01     6.62126e+03
   -2.63767e+03    -1.18365e+02    -6.05045e+03
    1.33342e+03     1.56638e+03     9.22633e+03
   -2.67214e+04    -2.80926e+04     8.19697e+01
   -3.47076e+04    -2.06237e+04    -6.47768e+03
   -4.00405e+04    -2.15514e+04     8.45741e+03
    4.03668e+04     4.87747e+03     1.58803e+04
   -1.56325e+04    -4.44478e+03     1.47984e+04
    1.23568e+03    -1.12037e+04     9.93332e+03
   -8.98215e+03    -3.93011e+03    -1.70302e+04
    2.73642e+03     6.34556e+03    -1.76529e+04
   -1.34170e+03     8.76939e+03    -1.56535e+04
    2.76723e+04     2.13956e+04    -1.49673e+04
    7.70985e+03    -3.71495e+04     2.82946e+04
    1.27690e+04     1.38243e+04     2.68263e+03
   -9.68524e+03    -8.96475e+03    -1.95238e+04
    2.32498e+04    -5.83795e+03     1.11434e+04
    2.12187e+04     2.40737e+04    -2.93908e+04
   -2.37549e+04    -1.30373e+04     1.78213e+04
   -2.39991e+04    -2.96099e+04     1.42893e+04
    6.31581e+03     6.46722e+03    -3.87875e+02
    3.16383e+03     3.27145e+01     5.39894e+03
    9.00121e+02     2.86397e+04     2.91533e+04
    1.85167e+04    -2.64644e+03    -1.39555e+04
    1.75831e+03     1.56385e+03    -1.03784e+04
    5.59704e+03    -2.88771e+04    -2.13934e+04
   -1.88035e+03     1.61126e+02     1.15624e+04
    1.21321e+04    -3.30836e+04     1.83799e+04
   -2.29083e+04     7.21732e+03     1.75178e+04
    1.84982e+04     8.77135e+03    -1.81321e+04
    6.49838e+03     2.84212e+04    -1.43758e+04
    2.98554e+04    -2.16207e+04     2.38019e+04
   -2.06363e+04    -4.53589e+03    -1.06993e+04
    5.41597e+03    -8.02449e+03     1.86871e+03
   -6.91456e+03     2.74048e+04    -1.82550e+04
   -1.23596e+04    -1.66170e+04    -5.63223e+03
   -5.51541e+03     4.70081e+03     2.80807e+04
   -1.32872e+04    -8.76686e+03     3.29440e+03
    1.66104e+04    -1.11749e+04     2.54089e+04
   -1.16457e+03     3.08270e+04    -2.55741e+04
    9.20331e+03    -6.86295e+03    -1.45153e+04
   -4.30949e+03     5.05289e+03     1.17361e+04
    3.61440e+03     3.80417e+04    -1.36278e+03
   -7.60079e+03    -1.93598e+04    -2.12845e+04
   -1.42128e+04    -2.90332e+04    -2.93131e+04
   -1.93971e+04     3.08980e+04    -9.62879e+03
   -9.56908e+03    -1.12286e+03     1.00308e+04
   -2.04384e+04     2.93519e+04    -1.15199e+04
   -1.72310e+04     2.27989e+04    -2.54812e+04
    1.23950e+04    -1.08794e+04     2.52938e+04
    7.90078e+02     1.71209e+04    -3.06444e+04
    3.38343e+04     7.65908e+03     3.84578e+03
    1.27597e+04     1.03449e+04     5.16252e+02
    2.51641e+02    -6.00688e+03    -9.83530e+03
    2.43039e+04     1.27846e+04    -1.70707e+04
   -1.10700e+04     9.87728e+03     2.01898e+04
    9.09037e+03    -6.27955e+03     2.76133e+04
   -1.81895e+03    -5.65801e+03    -3.11364e+04
   -1.41843e+04     2.83270e+04     5.15642e+03
   -1.54589e+04    -1.78751e+03     2.41927e+04
   -2.41691e+04    -2.98463e+04     2.62658e+04
   -5.56603e+03     1.99317e+04    -9.66640e+03
    5.30536e+03    -9.79366e+03     6.54518e+03
    4.78664e+03    -2.26015e+04     1.49340e+04
   -1.10491e+04    -4.24572e+04     1.63196e+04
   -3.40115e+04     9.15757e+03     1.88135e+04
   -1.83515e+04    -1.71960e+03     7.85589e+03
    7.25798e+02    -2.80217e+04    -1.30274e+04
   -1.26475e+04    -2.35735e+04     1.36619e+04
    1.29910e+04     9.59183e+03     1.24284e+04
   -3.97921e+04    -2.45012e+03    -6.94411e+03
    5.11721e+03    -4.69782e+03     9.56396e+03
    1.37266e+03    -2.31963e+03     9.54119e+03
   -2.11514e+03     3.94538e+01     2.70103e+04
    2.71558e+03     3.76512e+04     2.75675e+04
    1.37680e+04     1.29853e+04    -8.67861e+03
    1.86921e+04    -1.80151e+04    -1.02923e+04
    3.28404e+03     4.40627e+03     1.76516e+03
    2.32423e+04     1.42820e+04     3.42039e+04
   -1.88252e+04     5.01317e+03     1.14709e+04
   -1.24064e+04     1.66715e+04     1.03830e+04
    3.84375e+03    -1.37150e+04     2.14059e+04
    1.27711e+04    -6.93430e+03     3.01986e+04
   -6.88129e+03     4.30727e+04     1.31818e+04
    2.55400e+04     8.86465e+03    -9.41565e+03
    5.51605e+03     2.93608e+03    -5.14046e+03
   -4.60039e+03     1.04097e+03     1.64308e+04
   -8.01544e+03     1.25797e+04     1.12953e+04
   -1.27289e+04     1.73295e+03     2.78455e+04
    2.41548e+04    -1.94856e+03     1.25478e+04
    3.13732e+04     3.10227e+04    -1.73621e+04
    3.60320e+04     1.68334e+04    -8.66395e+03
   -2.82878e+04     1.54750e+04     2.96213e+04
   -5.78124e+03    -3.83888e+03    -1.09517e+04
   -3.53275e+04    -9.74097e+03     1.97094e+04
    8.29960e+03    -1.05444e+04    -8.24470e+03
   -6.35651e+03     2.53144e+04     1.20694e+04
   -4.70339e+03    -2.91353e+04     1.11900e+04
   -3.11570e+03     2.86735e+04    -2.72765e+04
   -5.29928e+03     7.67237e+03     2.62708e+04
   -1.22045e+04    -1.70700e+04     6.03074e+03
   -7.96391e+03     3.87591e+03    -4.21742e+03
    2.03299e+04     1.41989e+04     3.76339e+04
    6.68661e+03    -3.03856e+03    -6.46584e+03
    2.28234e+04     4.09566e+03     2.68163e+04
   -3.52603e+03     8.83773e+02    -3.52778e+04
   -5.07616e+03    -4.87672e+03    -2.51446e+03
   -2.17122e+04    -5.03880e+03     4.19126e+04
    4.02050e+04     2.05384e+04    -9.74984e+02
   -1.76026e+04     1.76802e+04     3.72962e+04
    2.23232e+04    -8.37435e+02     2.35882e+04
    1.68258e+04     2.00017e+04    -1.54694e+04
    9.33150e+02    -2.20105e+04     3.02191e+04
    7.38199e+03     1.19294e+03    -8.90511e+03
   -2.13497e+04    -1.83021e+03     1.51442e+04
   -5.85212e+03     2.94451e+03    -2.96086e+04
    2.66438e+04     2.85888e+04     4.20812e+02
    2.19958e+04     5.62569e+03    -3.07991e+04
    1.89247e+04    -2.99010e+04     1.33178e+04
    3.31416e+04     4.74605e+03     2.72812e+02
   -4.74281e+03    -2.80375e+04     1.89157e+04
    7.87589e+03     2.68771e+04     2.52031e+03
   -1.21175e+04     4.07621e+04     9.67808e+03
    6.99721e+03     1.80027e+04    -1.85386e+04
   -4.89603e+03    -1.05060e+04     1.73985e+04
    1.53960e+04     3.50513e+04    -1.40626e+04
    1.91077e+04    -1.88664e+04    -1.19801e+04
   -9.33467e+03    -1.14868e+03     1.66018e+04
   -4.58190e+03    -2.29825e+03     3.79996e+03
   -2.77134e+04     2.88995e+04     1.29286e+04
    1.89204e+04     5.27143e+03     2.18431e+04
    1.23135e+04     1.31406e+04     8.85335e+03
    1.20052e+03     1.25735e+04    -8.08799e+03
   -2.84938e+03     3.03631e+04    -1.30066e+04
   -1.51681e+04    -2.38996e+04    -3.76452e+04
    1.20252e+04     2.19596e+04     1.19225e+04
    1.72404e+04    -8.73378e+01    -1.50579e+04
    1.21106e+04    -1.74554e+04     2.59009e+04
   -4.30640e+03    -9.73260e+03    -1.17756e+04
    4.49528e+04     7.34355e+03     1.42703e+03
    2.78712e+03     3.00256e+03    -1.87140e+04
    1.37217e+04    -3.73012e+04    -1.42957e+04
    1.71508e+04    -2.78616e+04     1.14302e+04
   -9.47561e+02    -4.51750e+03     2.92276e+04
    2.27659e+03     3.32442e+04    -6.67261e+02
   -2.68595e+04    -1.52991e+04    -3.78557e+03
   -7.37132e+03    -1.11408e+04     2.16953e+03
   -1.38889e+04    -1.23275e+04    -2.89164e+04
    9.04531e+02    -5.85678e+03    -7.62448e+02
    1.43364e+04    -2.16690e+04    -2.18494e+04
    1.02079e+04    -1.55198e+04    -3.67747e+03
   -3.27302e+04     1.15087e+04    -2.08527e+04
   -2.22213e+04    -2.20552e+04     4.09803e+02
   -1.88360e+04    -4.68008e+02     4.95871e+03
    2.29405e+04    -1.08099e+04    -3.83350e+03
   -8.77668e+03     7.45650e+03     1.00196e+04
    7.53047e+03     4.22973e+03     1.05692e+04
   -1.23190e+04    -2.78549e+04    -8.14715e+03
    6.15302e+03     8.99620e+03     2.35990e+04
    1.13308e+04     2.44019e+04    -1.42933e+04
   -1.37934e+04     1.71065e+04     2.63527e+04
   -9.08812e+03     7.97267e+03     2.75922e+04
    1.21279e+04     1.58836e+04     2.15229e+04
   -1.99926e+04     9.23619e+03     2.25320e+04
    1.69275e+04     1.83950e+04    -1.07635e+04
   -2.66228e+04     1.49193e+04    -2.59349e+04
   -7.45284e+03     2.51344e+03    -8.94409e+03
   -1.19201e+04     1.24483e+04    -1.86547e+04
    7.03578e+03     2.86403e+04     1.99562e+04
   -1.82379e+04     5.07271e+03    -2.80687e+04
    1.59930e+04    -6.06830e+03    -2.77866e+04
    2.22467e+04     2.04071e+04     2.14225e+04
    2.46063e+04     1.98812e+04    -1.37450e+04
    4.87036e+03     7.89813e+03    -1.84742e+03
   -7.32062e+03    -3.58994e+04     3.83262e+03
   -1.12053e+04     7.31134e+03    -1.15800e+04
    4.74891e+03     1.12067e+04    -2.01773e+04
   -1.55674e+04     2.92600e+04    -3.24140e+04
    2.53438e+02    -3.72877e+04    -1.88027e+04
   -1.08748e+04    -2.21872e+04     1.00800e+04
    2.36027e+04    -6.25724e+03     1.20537e+04
    5.57549e+03    -8.66047e+03    -2.01604e+04
   -2.54274e+04    -2.70692e+04     1.87650e+04
   -1.08505e+04     4.13682e+03     1.00988e+04
    7.84268e+03    -1.87811e+02     6.52232e+03
   -2.02307e+04    -1.10734e+04    -8.76094e+02
   -2.12813e+03    -2.44809e+04     3.54730e+04
    2.48181e+04    -3.15857e+03     2.20157e+04
    4.96971e+03     1.68763e+04     1.19595e+04
   -1.05111e+04     1.73401e+04     1.81239e+03
   -3.61923e+03    -5.66008e+03     8.97637e+03
   -4.51157e+04    -4.65230e+03     1.55323e+04
   -7.03370e+03     1.74132e+04     2.85439e+04
   -3.23424e+03    -8.54111e+03     3.93382e+03
   -8.69752e+03    -1.26680e+04    -2.05086e+04
   -1.68139e+02     1.54206e+03    -7.64146e+03
   -1.23567e+03     1.35588e+04     1.31915e+04
   -1.22466e+04    -2.48453e+04    -1.95139e+04
   -1.88117e+03    -1.03847e+04    -7.65731e+03
    8.58401e+03     5.04787e+02    -1.06519e+04
    3.22183e+04    -9.74191e+03     8.96862e+03
   -2.13821e+04    -1.83980e+04     4.66402e+03
   -2.57457e+02    -1.28546e+04    -2.32226e+04
    1.34533e+04    -2.06668e+04    -1.16265e+04
    3.18073e+04     3.49663e+03     1.23725e+04
    8.17899e+03     2.87042e+04     2.67763e+04
   -9.18853e+03     1.16678e+04     4.95529e+03
   -2.46921e+04     2.15907e+04    -9.72722e+03
   -1.12625e+04    -1.79775e+04    -1.96773e+04
   -4.47883e+03    -9.28502e+03    -1.04642e+04
   -2.09217e+04     5.97834e+02     2.85349e+04
    1.98028e+04    -1.16266e+04    -1.29360e+04
    1.97186e+02     8.26336e+03    -2.10338e+04
    4.18394e+03     1.42834e+04    -1.03105e+02
   -8.49315e+03    -9.45343e+03     1.22041e+04
    6.98496e+02     2.03702e+04     3.37210e+03
    1.55422e+04    -7.17634e+03    -1.50494e+04
   -2.90327e+03     1.72377e+04     6.54514e+03
    1.45647e+04     1.46586e+04    -1.01873e+03
   -7.99004e+02     3.39265e+04    -2.68891e+03
    1.78294e+04     4.10915e+03     8.78056e+03
    3.39305e+04    -1.39745e+04    -1.26035e+04
   -3.83175e+04     1.48493e+04    -3.77845e+02
    1.52566e+04     3.72481e+03     2.11871e+03
    3.50535e+04     4.19373e+03    -2.68624e+04
    4.48980e+02     1.89549e+04     2.54356e+04
   -2.45174e+04     6.56883e+03     1.16133e+04
    2.79267e+04    -2.82209e+04     1.43059e+03
   -1.88956e+04     8.36459e+03    -2.99022e+04
   -5.70378e+03     1.12211e+04    -1.20078e+03
   -1.65518e+03     1.37949e+04     1.99022e+04
   -2.57422e+04    -5.77882e+03    -3.46502e+04
    2.29700e+04    -2.91583e+04    -2.41406e+04
   -1.50031e+04    -9.76258e+03     2.04534e+04
   -2.08986e+04     2.29597e+04    -2.24185e+04
   -1.73103e+04    -4.28614e+03    -9.74103e+03
   -3.02671e+03    -1.60591e+04     6.28855e+03
    2.23899e+04     2.82536e+03     1.17742e+04
    5.42564e+02    -1.08205e+04    -2.83267e+04
   -1.69312e+04    -5.64227e+03    -8.43230e+03
    8.80121e+03    -2.90975e+04     3.23683e+04
   -2.37541e+03    -5.34311e+03     2.97285e+04
   -8.77973e+03     1.93505e+04    -2.71249e+04
   -6.85077e+03     1.13056e+04     4.45153e+03
   -1.46776e+03    -9.20729e+03    -1.28678e+04
   -8.23044e+03     1.79763e+03     8.53172e+03
    3.27513e+04     5.73601e+03     1.26810e+04
    2.90189e+04    -2.04319e+04     6.46704e+03
    1.85675e+04    -2.09508e+04    -3.09587e+04
    1.46867e+04     1.59246e+04     8.92848e+03
    2.96574e+04    -2.19634e+04    -1.47470e+04
   -2.76633e+04    -4.35968e+03    -2.72720e+04
    2.65282e+03    -2.22127e+04     3.17660e+04
   -8.08056e+03     4.47240e+03    -2.89308e+04
   -3.21455e+04    -3.00685e+04     8.49995e+03
    1.05841e+04     1.76720e+04     2.23003e+04
    1.15831e+04     3.99766e+03     5.02269e+03
   -4.70032e+03     4.75632e+03     1.71717e+04
   -6.58690e+03    -9.70098e+03    -1.03548e+04
   -4.05920e+04    -1.27085e+04     8.10041e+03
   -1.92068e+04    -9.13632e+03     2.23031e+03
   -8.87890e+03    -3.04439e+03     1.36994e+04
    2.29939e+03    -1.39820e+04     1.08100e+04
    1.18779e+04    -2.50189e+04    -1.56837e+04
   -1.28331e+04     8.39152e+03     4.21565e+04
   -3.17926e+03     5.79347e+03    -7.57891e+03
    9.86271e+03    -2.69595e+04     3.07716e+04
    3.46214e+02    -4.06796e+04    -1.81969e+04
   -1.64196e+04     1.25772e+04    -2.65981e+04
   -8.88304e+03     5.85367e+03    -1.05792e+04
   -8.10463e+02     1.39728e+03     1.08908e+04
   -1.00609e+03    -1.45320e+04    -7.39833e+03
   -2.52699e+04     6.66970e+03    -1.82425e+04
   -1.53114e+04    -5.20330e+03     2.84517e+04
    2.12560e+04     3.99209e+03     8.84996e+03
    5.65572e+03     3.02827e+02    -6.21254e+03
   -1.80226e+04     3.83508e+04     9.09679e+03
   -2.49056e+03    -6.67681e+03     6.29101e+02
    1.55740e+04    -5.73669e+03     2.10984e+04
    3.97052e+03     2.85159e+04     1.98944e+04
   -3.84878e+04     1.88852e+04     7.73936e+03
   -3.40114e+04     2.61805e+04    -1.00540e+04
   -5.54727e+03     3.34677e+03     1.26615e+04
   -2.69266e+04    -1.48057e+04    -3.28185e+04
    1.71937e+04    -1.19395e+03    -7.07867e+03
   -1.61450e+03    -7.48321e+03     6.20114e+03
   -3.69617e+03     2.20354e+04    -4.82974e+02
   -5.20807e+03    -6.74167e+03     1.14800e+04
   -8.25565e+03    -3.30340e+03    -2.13146e+04
    2.58920e+04     1.23470e+04    -1.40573e+04
    2.19008e+03    -2.47925e+04    -2.11270e+04
    8.69520e+03     2.43532e+04     1.72091e+04
    1.08209e+03    -1.54945e+04    -8.79096e+03
    3.20657e+04     3.15485e+04    -1.35698e+04
   -1.33982e+04     2.54461e+04     2.37418e+04
    7.25429e+03    -1.25082e+04    -1.90802e+03
   -2.67326e+04    -6.62316e+03    -1.30744e+04
    1.46994e+04     3.62568e+03     5.60899e+03
    2.07258e+04     1.21137e+04    -1.81112e+04
   -2.19665e+04    -2.77948e+02     3.33866e+04
   -4.22220e+03     1.17564e+04     1.48728e+03
    4.06509e+03    -4.29693e+03    -5.25980e+03
    4.11179e+03    -1.58237e+03     8.76803e+03
    3.22832e+03    -4.48038e+03    -3.45630e+03
   -6.20406e+03     1.91127e+04    -2.01688e+04
    7.22835e+03     3.05925e+03     1.22439e+04
    5.53503e+03     1.30693e+04     1.70749e+04
   -7.53843e+02     1.00503e+04    -3.51493e+03
    1.15811e+04    -3.79792e+04     2.16078e+04
    3.86748e+03    -3.50717e+04     8.48589e+03
   -9.48201e+03    -3.87970e+03    -4.38333e+03
    7.95457e+03     9.32462e+03    -1.57958e+03
   -3.44879e+04    -5.05432e+03    -1.72681e+02
   -1.20844e+04    -4.58374e+03    -2.31252e+03
   -1.97609e+04     3.61821e+04     2.00538e+04
    1.87448e+03     1.99406e+04    -1.61093e+04
   -8.73218e+02    -6.73396e+03     5.88112e+03
   -1.22438e+04     5.36618e+03    -4.73320e+03
   -1.15972e+04     3.21366e+04     3.19522e+04
   -5.23499e+03     1.05698e+04     2.62590e+04
   -2.32044e+03    -4.37603e+03    -2.81186e+03
   -9.00089e+02    -4.52987e+03    -2.00179e+03
   -8.06587e+03    -2.95214e+04     1.19942e+04
   -2.72111e+04     2.63819e+04    -2.09203e+03
    2.81391e+04     2.73400e+03     1.38806e+04
   -1.39458e+04     2.31321e+04    -2.47219e+04
    2.41726e+04    -1.58035e+04    -2.72797e+04
   -2.14322e+04     8.78356e+03     1.51759e+04
   -6.86484e+03    -6.02594e+03    -9.69875e+03
   -1.50710e+04     1.89919e+04     2.87607e+04
   -6.85203e+03    -2.65607e+04    -5.47519e+03
   -8.44894e+03    -2.82315e+04    -1.48917e+04
    2.06013e+04     2.29771e+03    -9.50576e+02
   -1.42593e+04     1.14336e+03    -1.24830e+04
   -4.37052e+04    -1.41050e+04    -1.31337e+04
    1.00907e+03     7.09365e+03    -1.60704e+04
    2.41404e+04    -4.04922e+04    -4.35586e+03
   -6.22822e+03     1.93099e+03     6.30666e+03
   -1.20480e+03     2.42705e+04     2.40562e+04
   -3.34587e+04    -2.29970e+04     2.40198e+04
    1.46460e+04     4.94387e+03    -5.54456e+02
    1.06570e+03    -1.33878e+04     4.64398e+03
    1.53235e+04     6.56203e+03     9.69163e+03
   -1.75643e+04    -3.46760e+04     2.58909e+04
   -1.46249e+04     3.34546e+04     3.05772e+04
   -2.82976e+04     3.15314e+04    -1.49696e+04
    2.63275e+04    -2.84891e+04    -1.78115e+04
    2.06646e+03    -3.35413e+03     1.99072e+04
    9.96990e+03     8.06503e+03     3.31200e+03
    1.55224e+04    -1.54102e+02     1.33717e+03
    1.76259e+04    -3.10672e+03     1.89741e+04
   -2.73225e+04    -3.10623e+04     1.59103e+04
   -5.40816e+03     7.02001e+03    -7.20163e+03
    1.67628e+04    -3.81996e+04     9.17828e+03
    4.17748e+04     2.02671e+04    -2.89252e+03
    3.48462e+04    -2.50357e+04    -1.45200e+04
    3.01872e+03    -3.16359e+04     1.81066e+03
   -7.98756e+03     9.10359e+03     1.08070e+04
    5.44913e+02    -1.47326e+04     2.25832e+03
   -1.62655e+04    -3.16903e+04     7.22076e+03
    2.67898e+03     2.22230e+04     1.54359e+04
   -1.22820e+04     4.80632e+03     1.04128e+04
   -3.70139e+03    -5.79529e+03    -2.29933e+04
    2.74701e+04    -7.01679e+03    -3.10355e+04
   -7.86723e+03     1.70085e+04     1.44907e+04
   -1.76381e+04    -2.87806e+04     1.71655e+04
   -1.18215e+04    -1.09015e+04     1.04285e+04
   -7.47240e+01     1.94266e+04     2.15904e+04
   -2.12173e+04    -2.19724e+03     1.89109e+04
    1.70597e+04    -2.86312e+04    -1.58854e+04
    1.89363e+02     8.55179e+03    -9.87426e+03
   -3.48481e+03     4.39477e+04     6.39015e+03
   -1.20038e+04    -1.26997e+04     8.18672e+03
    5.29738e+03    -2.04995e+04     1.73762e+04
   -3.56787e+04     1.23417e+04     2.51109e+04
    3.81340e+04    -1.87591e+04    -1.12438e+04
   -8.91149e+03    -1.87412e+04     1.67735e+04
   -1.24887e+04     5.28980e+02     8.99505e+03
    7.25624e+03     8.39693e+03     1.47407e+04
    2.58716e+04     1.26297e+04    -3.53235e+04
   -2.07269e+04    -3.42052e+04    -7.10719e+03
   -3.04657e+03    -2.22073e+04    -7.40814e+03
   -1.10570e+04    -3.47889e+03     1.43593e+04
   -1.11919e+04     4.16462e+04     2.15488e+03
    4.30472e+03    -1.24757e+04    -1.61467e+04
   -2.82942e+03     1.00673e+04     6.16305e+03
    2.67679e+04     1.04305e+04     1.55048e+03
   -6.08183e+03    -5.14958e+03    -2.67620e+03
   -2.58939e+04    -1.72604e+04     1.46986e+04
    1.93036e+04    -4.78221e+03     5.11221e+03
   -2.02487e+04    -3.74715e+01    -2.91179e+04
    6.74610e+03    -1.09393e+04     1.12721e+04
    4.07998e+03     2.10165e+04    -3.62131e+04
    1.11783e+04     2.21895e+03    -5.50005e+03
    2.05850e+04    -1.08579e+04    -1.89157e+04
    4.57947e+03     8.09983e+03     3.15098e+03
    2.13292e+03    -3.86438e+03    -6.62748e+03
    6.50842e+03    -5.90865e+02    -1.51638e+04
    7.62274e+03     3.42853e+04     1.43011e+04
    1.14532e+04    -8.15991e+01     7.27350e+03
    2.19923e+04     2.80761e+04    -4.74305e+03
   -1.12687e+04    -4.19362e+03    -4.62859e+03
   -5.65860e+03    -3.66312e+03    -9.57171e+03
    9.73759e+03     8.04370e+03    -1.15625e+04
   -1.59726e+04     1.14730e+04     2.42920e+04
    4.69608e+02    -5.61324e+03     2.05188e+04
   -8.34869e+02     2.26042e+04    -1.08709e+04
    3.65514e+03    -1.29579e+04    -2.23962e+03
   -1.34478e+03    -1.90652e+04    -2.48361e+02
    2.04732e+04    -2.79746e+03    -2.08996e+03
    1.61420e+04    -2.99426e+03     3.14019e+04
    1.14526e+03    -4.08998e+04     2.05431e+04
    8.68869e+03    -2.76191e+04    -4.25458e+02
   -1.70676e+04    -1.04236e+04    -1.24473e+04
   -1.22012e+04    -1.40793e+04     2.21663e+04
   -3.20675e+04    -1.30256e+04    -2.87650e+04
   -6.59600e+03     4.04721e+04    -9.17313e+02
   -1.71121e+04    -2.68343e+03    -1.73300e+04
   -6.50078e+03    -4.46867e+03    -1.69843e+04
   -2.24113e+04     2.49753e+04    -4.98208e+03
    1.05035e+04    -1.27599e+04     8.08264e+03
    1.63487e+04     3.40475e+03     1.69139e+03
   -5.66416e+03    -5.90997e+03     1.16109e+04
   -3.13971e+04    -2.42031e+04    -2.14115e+04
    1.42480e+04     8.22877e+03     5.66998e+03
   -3.26698e+03     1.58037e+04     2.87573e+04
   -2.36416e+04     7.49484e+03     3.73717e+04
   -1.51828e+04     8.14639e+03     3.34789e+04
    5.98810e+03     1.18267e+04     2.80503e+04
   -1.44025e+04    -4.36972e+04    -1.89316e+03
    2.25451e+03    -4.83563e+03     2.49203e+03
    1.02113e+04    -2.17140e+04     3.85791e+04
    2.51502e+04    -2.01251e+04    -1.47948e+04
    4.57424e+03    -3.69957e+04     1.88772e+04
    3.22549e+04     7.90527e+03    -8.71818e+03
   -1.44884e+04     5.07311e+03    -9.00493e+03
    1.15729e+04     1.70527e+04    -1.27936e+04
    6.91208e+02    -6.82278e+03    -1.61640e+04
    1.99491e+04     8.66621e+03     1.37233e+04
    3.57902e+02     4.00548e+03     2.44757e+04
   -7.28793e+03     1.34673e+04     3.04968e+04
    1.03797e+03    -7.00959e+02     5.63047e+03
   -7.68717e+02    -2.38851e+04    -2.64487e+04
    3.70537e+04     5.98855e+03     1.54985e+04
   -2.22779e+04     8.73035e+03    -7.81040e+03
   -1.65784e+04     1.63067e+04    -3.23036e+03
    1.28255e+04    -2.20409e+04    -1.53403e+04
   -2.00804e+04     6.57268e+03    -2.58553e+03
    5.56351e+03    -8.03478e+03     1.61866e+03
    1.60060e+04     1.33020e+04     2.19633e+04
    1.08702e+04     3.37513e+03     9.45086e+03
    2.31804e+04    -1.76130e+04    -4.10355e+03
    3.79216e+03     1.54818e+04    -2.61879e+03
   -1.75305e+04    -4.07972e+04    -1.21012e+04
    1.21717e+03    -4.10232e+03    -7.06196e+03
    2.57147e+04     1.16506e+04    -2.11370e+03
   -1.02079e+04     6.46841e+03    -1.27504e+04
    2.80853e+04     3.33326e+04    -1.71050e+04
   -1.48969e+04    -1.17781e+04     1.08951e+02
   -3.00919e+04    -1.88479e+04    -1.97356e+04
   -2.63921e+04     9.31435e+03    -3.81929e+04
   -5.53889e+03     2.32098e+03     1.06537e+04
    2.34793e+04     3.00255e+04    -2.75408e+04
   -1.72665e+04     2.73761e+04    -2.48136e+04
   -1.57833e+04    -5.54804e+03    -3.12816e+04
    8.72795e+03     2.25641e+03     1.43976e+04
    1.40399e+04     2.64932e+03    -4.06351e+04
    1.27170e+04     1.02934e+04    -1.06349e+04
   -1.54837e+04    -8.44402e+03    -1.30926e+04
   -8.28638e+03     2.75083e+04    -8.83062e+03
    3.41088e+03    -7.44903e+03     8.61713e+02
   -5.46357e+03     1.86662e+04    -2.00696e+04
    3.54623e+04    -2.04981e+04     1.32462e+04
    2.00393e+04     2.05558e+04    -9.34193e+02
   -8.70786e+03    -3.48571e+04    -2.78333e+04
   -2.79932e+04     1.61600e+04     2.71836e+04
   -2.05119e+04     2.43207e+04     1.68484e+02
   -6.67658e+03    -1.08554e+04    -1.03456e+04
   -9.67749e+02    -3.76311e+04     2.79383e+04
   -3.76316e+04     8.55638e+03     1.64845e+04
   -2.31390e+04     7.95096e+03     2.39051e+04
    3.51287e+03    -1.75220e+04     1.13598e+04
    8.99812e+03    -1.71072e+04    -3.78249e+04
   -3.17772e+04    -4.31836e+03     1.12516e+04
   -3.30825e+03     1.39085e+04     2.06649e+04
    6.01259e+03     1.46873e+04    -6.78079e+03
    1.50499e+04     2.45011e+00    -5.20902e+03
    1.17636e+04     1.59416e+04     9.07907e+03
    2.88540e+04    -9.63446e+03     1.94020e+04
   -1.60585e+04    -3.75156e+04    -7.62108e+03
    3.55313e+04     2.07518e+04    -1.94758e+04
   -2.11169e+03    -1.15306e+04     2.06096e+04
   -3.20750e+04    -2.67004e+04     1.92848e+04
    5.03380e+03     6.00548e+03    -8.01529e+03
    4.97009e+02     1.78208e+02     5.85510e+03
   -1.25334e+04    -2.33082e+04     1.58426e+03
   -1.16079e+04    -1.63469e+02     1.89246e+04
   -2.15620e+04     4.98924e+03     3.04839e+04
    4.17652e+03    -5.65340e+03    -3.68421e+03
    3.63295e+04    -1.73339e+04    -1.77585e+03
    9.75320e+03     1.02005e+04     6.37627e+03
    3.16726e+04     2.42228e+04     6.76278e+03
   -1.79648e+04     1.86460e+04    -2.77750e+04
    4.39976e+04     5.37103e+03    -1.33776e+04
    3.32358e+04    -1.10578e+04    -1.77040e+04
   -3.65689e+03    -8.66963e+02     6.58727e+03
   -2.78485e+04    -1.70103e+04    -6.80610e+03
   -3.81964e+04     9.10957e+03    -1.18629e+04
   -1.64127e+04     1.82556e+04     2.80727e+04
   -2.47980e+03    -4.93943e+03     7.58442e+03
   -2.28202e+03    -9.45250e+03    -2.03391e+04
   -9.69189e+02     2.44256e+04    -1.16590e+03
    1.97024e+04    -1.36362e+04    -1.83278e+04
    9.38537e+03    -1.70995e+04     2.83247e+02
   -1.66559e+04     1.76168e+04    -2.72751e+04
    2.20896e+04     1.06918e+04    -1.18930e+04
   -3.65722e+04     2.05353e+04     1.71635e+04
   -3.01446e+04    -1.96270e+03    -2.81005e+04
   -3.01266e+03    -2.43894e+04    -2.80112e+04
   -3.48199e+04    -2.35119e+04     1.20888e+04
    9.65855e+02    -9.55438e+02     2.43808e+04
    9.49001e+03     1.16347e+04    -3.14564e+04
    4.14981e+04    -1.42811e+04     4.09185e+03
   -3.60183e+04     6.86507e+03    -1.12054e+04
   -3.67402e+03     1.84406e+04    -2.12416e+04
   -1.31229e+04    -2.15181e+04     1.77037e+04
    2.35286e+04    -1.16729e+04    -8.02721e+02
    6.81659e+03     4.16251e+04    -1.29774e+03
   -2.55164e+04     1.10500e+04    -2.05482e+04
    2.25183e+03    -2.99684e+03     9.72789e+03
   -1.05033e+04    -1.87997e+04    -2.00044e+04
    3.77895e+04    -1.42535e+04     5.48738e+03
   -6.40083e+03    -3.35209e+04     3.20981e+04
    7.38470e+03    -5.60756e+03    -6.51629e+03
    3.21204e+04    -2.18553e+04    -4.82741e+03
   -8.13044e+03    -2.80038e+04    -2.76132e+04
   -1.65789e+03    -2.23200e+03     5.38635e+03
   -1.84449e+04    -2.10365e+04    -2.19013e+04
   -1.04343e+03    -2.10651e+03     1.15140e+04
    1.87413e+03     1.20649e+04    -6.01353e+03
   -1.00326e+04    -3.18530e+03    -3.97574e+03
    5.61601e+03    -4.11993e+04    -4.63857e+03
   -5.89759e+03     1.05671e+04     1.76433e+04
   -2.46200e+03     4.95174e+03    -7.95073e+03
    3.13340e+04     2.37656e+04     1.26632e+04
   -3.56267e+04     3.53597e+03    -8.60722e+03
    2.25050e+04     2.60065e+04     7.97707e+02
   -6.14724e+03    -7.75631e+03    -3.13366e+04
   -2.53401e+04    -1.53380e+04     2.48782e+03
   -7.55619e+02    -1.38649e+04    -4.19100e+04
   -9.31902e+02    -2.73121e+04    -1.40852e+04
    6.79967e+03    -2.14011e+04    -1.30050e+04
   -7.65294e+03    -3.45976e+03     1.64560e+03
    2.63879e+04    -9.57447e+03    -1.93345e+04
   -1.01905e+04     1.61927e+04     2.62954e+04
    4.05277e+04    -6.39460e+03     9.01067e+03
    1.16675e+04    -7.51510e+03     4.44222e+03
    2.76862e+04    -2.38290e+04     1.61241e+02
    3.19286e+03     1.70829e+04    -4.20133e+03
    1.72598e+04    -4.89775e+03     2.11186e+04
   -2.13147e+04     2.60894e+04    -1.62637e+04
   -3.00112e+04    -1.46853e+04     4.04397e+03
   -4.56428e+04     6.93597e+03     3.05855e+03
   -2.60489e+04     2.18194e+04     2.08368e+04
   -2.66208e+03     4.18160e+02     6.69544e+03
    1.12846e+04    -1.07601e+04     1.63662e+03
    3.27548e+04    -1.88889e+04    -2.73704e+04
   -1.58704e+04     4.28410e+03     4.45712e+04
    1.31815e+04     1.07599e+02     1.68228e+04
    1.71687e+03    -2.23267e+03    -3.76855e+04
    2.06824e+04    -2.95911e+04     3.87790e+03
   -9.98463e+03     2.02420e+04     2.67569e+04
   -1.82389e+04     8.01145e+03    -3.49105e+03
    5.02102e+03     3.60526e+03     2.11077e+04
   -8.94307e+03    -3.79424e+04     2.72549e+03
    2.35659e+04     6.27590e+03     4.14893e+03
    3.83511e+04     1.33881e+04    -2.10466e+04
    3.08322e+03    -4.72159e+03     1.51355e+04
   -2.49081e+04     2.85621e+04    -1.35047e+03
    1.63988e+04    -9.43561e+03     4.12761e+03
    1.13189e+04    -3.36933e+04    -1.73561e+04
   -2.16340e+04     2.64776e+04    -6.93373e+03
    2.31582e+03     1.58236e+04     8.76666e+03
    1.35775e+04     1.96549e+04     3.91154e+04
   -1.05081e+04    -3.53662e+03     1.27493e+04
    1.69915e+04    -1.09856e+04     6.08761e+03
   -2.05240e+03    -3.77024e+03    -3.71963e+03
   -2.45678e+04    -5.71766e+03     6.45570e+03
   -8.49838e+03    -1.84948e+03     6.45022e+03
    2.64228e+04     9.64361e+02     2.88189e+03
    7.43848e+03     1.46641e+04     2.28634e+02
    1.04886e+04     6.21252e+03    -1.87812e+04
    4.55657e+03    -8.67668e+03     1.21392e+04
    2.91365e+03     2.99442e+04     2.39450e+03
    1.79444e+04    -5.29113e+03     1.31651e+04
   -1.39282e+04    -1.27680e+04     1.29424e+04
    2.76125e+04     2.22125e+03     1.16412e+04
    1.69903e+04    -8.78381e+03     6.03793e+03
   -9.71811e+03     3.09661e+04    -1.87177e+04
   -2.66878e+04    -1.95106e+04    -2.91868e+04
   -1.42244e+04     2.71401e+04     1.46928e+04
   -1.40721e+04     1.08872e+04     8.36391e+03
   -2.96103e+04    -1.56091e+04    -1.84021e+04
    1.41462e+03     1.08812e+04     4.01764e+04
   -2.43104e+04     1.30202e+04     6.32806e+03
   -3.77409e+04     1.18868e+04    -7.05333e+03
   -1.99338e+04    -2.61382e+04     1.66715e+04
   -4.55599e+04     3.75241e+03    -4.55434e+03
   -3.65127e+04     1.38719e+04    -3.35043e+03
    1.54984e+03     1.63376e+04     1.00890e+03
   -1.56521e+04    -1.43067e+04     1.66349e+04
   -1.81150e+04     7.16281e+03     1.21107e+04
    9.77158e+03     5.93956e+03    -1.01389e+04
    1.09973e+04    -3.57089e+04    -2.05885e+04
    2.57493e+04     3.23388e+03     1.34425e+04
    8.92794e+03     6.98269e+03     1.22470e+04
   -1.55446e+04     2.50784e+04    -2.29142e+04
   -9.07921e+02    -1.70815e+04    -5.46640e+03
    3.68204e+03    -9.10579e+03    -1.69493e+04
   -1.90468e+04    -3.01236e+04    -2.61894e+04
   -4.51532e+03    -1.45888e+03    -2.12515e+04
   -4.58731e+03    -6.49862e+02     1.48016e+04
   -8.39555e+02    -1.37858e+04     2.64299e+04
   -2.29703e+04    -9.46090e+03     3.24248e+04
   -2.03814e+04    -5.47604e+03     1.32839e+04
   -4.01712e+03     4.15272e+03    -1.39903e+04
   -1.97359e+03    -6.06732e+03    -1.79217e+03
   -6.01492e+03     4.32198e+04    -1.35493e+04
   -1.42912e+04    -2.53793e+03    -3.64247e+04
    3.33379e+04     2.37021e+03     2.65417e+04
   -2.37862e+03     7.97804e+03    -3.10161e+04
   -1.73330e+04    -6.93980e+03    -8.82545e+03
    2.09658e+04    -7.00024e+03    -6.00953e+03
    3.19561e+03     2.01972e+04    -7.91253e+03
    1.13737e+04     1.37274e+04    -2.35323e+03
    1.19295e+04     2.39156e+04     4.42586e+03
    9.90189e+03    -1.59307e+04    -2.50072e+04
   -1.78120e+04     3.98505e+04    -3.03897e+03
   -1.11968e+04    -4.11367e+03    -3.95908e+04
    1.67963e+04    -2.06490e+04    -5.48328e+03
    2.52420e+04    -5.66578e+03     3.42050e+04
    1.81252e+04    -2.63555e+04    -1.23236e+04
   -1.75665e+04     9.87652e+03     2.60077e+04
   -1.44230e+04    -2.70906e+04    -2.02987e+04
   -1.75559e+03     5.01993e+03     1.60803e+04
    1.11953e+04     1.25953e+04    -8.95416e+03
    2.74275e+03    -1.53459e+03    -6.89236e+03
   -1.51397e+04     2.03640e+04     4.06506e+04
    2.59000e+04     1.60214e+03     3.58243e+04
   -8.93656e+03     9.86466e+03    -8.33828e+02
   -6.88143e+01    -4.59041e+03    -3.47122e+04
    5.09130e+03     1.37461e+04    -4.41026e+03
    4.76687e+03     4.68624e+03     1.87123e+04
   -7.66418e+03    -5.28038e+03    -1.33238e+04
   -2.01803e+04    -2.00057e+03     1.03301e+04
   -3.39745e+04     6.28503e+03    -1.76072e+04
    1.19044e+04    -1.83327e+04     2.27081e+04
   -4.30431e+03     6.78357e+03     1.06162e+04
    2.73176e+03     3.46741e+04     2.84607e+02
    1.18822e+04     1.69937e+04    -1.40616e+04
    3.62685e+03     2.53978e+04    -1.85782e+04
    4.51602e+03    -4.53447e+04     9.79287e+03
   -1.52326e+04     3.81637e+04     2.34343e+04
   -1.05984e+04     1.46131e+04     2.83302e+04
    2.56009e+04     3.04006e+04     1.85513e+04
    9.90663e+03     1.15799e+04    -1.63744e+03
    6.51765e+03    -1.60589e+04     1.71207e+04
   -3.70705e+04    -1.26768e+03     2.41509e+04
    1.27128e+04    -1.30550e+04    -4.24911e+04
    1.29486e+04    -1.71584e+04    -1.41304e+04
   -6.45626e+02    -9.60156e+02    -5.79104e+03
   -7.30090e+03     1.77521e+04    -4.13467e+04
   -3.32353e+04    -1.44114e+04     1.41925e+04
   -4.73736e+03     1.53349e+04    -2.11691e+04
   -3.11701e+04    -1.78706e+04     2.50695e+03
    1.30470e+04    -4.03054e+04    -1.13592e+04
   -1.18579e+04     4.28285e+04    -1.33766e+03
   -1.85877e+04     3.02010e+04    -1.63071e+04
    7.85829e+03     1.01699e+04    -2.83874e+03
    5.14401e+02    -3.59175e+04    -6.83732e+03
    1.01738e+04    -1.64471e+04     2.36105e+04
    2.02940e+03     1.19130e+04    -9.80984e+03
    2.11312e+02    -2.07309e+04     1.68779e+04
    6.16775e+03     2.17511e+04    -2.02350e+04
   -3.25810e+03    -9.35444e+03     3.70206e+03
   -5.40615e+03    -2.30518e+04     8.06796e+02
   -5.67124e+03     1.12527e+04     7.11273e+03
   -3.95371e+04     2.49793e+03     2.36006e+04
    2.00736e+04    -2.82097e+03     7.87441e+03
   -6.78498e+02    -1.89564e+04    -2.35153e+04
    4.51088e+03    -6.14324e+03    -2.58046e+03
    4.90913e+03    -1.78453e+04    -1.71802e+04
    1.02681e+04    -1.93050e+04    -3.46476e+04
   -1.15837e+04     1.38413e+04     9.85510e+03
    3.67096e+03    -3.14934e+04    -1.46512e+04
    1.83136e+03     2.35454e+03     1.38024e+04
    4.57898e+03     2.49554e+04    -9.43266e+02
    7.99251e+03    -1.36757e+04     3.40892e+04
   -2.42622e+04    -3.69993e+04    -9.24220e+03
   -3.57258e+03    -4.79009e+03     2.07266e+03
    5.22955e+03     1.96924e+04     3.44538e+04
    3.06226e+04     3.11259e+04     1.02632e+03
    2.14128e+04    -3.97477e+04     1.10668e+04
   -6.19029e+03    -1.03561e+04    -3.53329e+04
    1.28606e+04     1.08474e+04     5.78837e+03
   -2.20915e+04    -1.86037e+04    -4.78026e+03
   -1.04201e+04    -4.67122e+03     1.01827e+04
   -5.79740e+03    -1.89130e+04    -3.43541e+04
    1.59176e+04    -1.11677e+04    -1.40672e+04
    8.65850e+03     6.57353e+03     3.28584e+03
   -3.31325e+04    -1.41199e+04    -2.15305e+04
    2.23371e+04     1.17746e+04    -2.57085e+04
    1.04186e+04     1.45277e+03     1.27607e+04
    4.64693e+04    -1.12639e+04    -1.92012e+03
   -1.01510e+04     2.04974e+04     4.11920e+04
   -3.87552e+03     1.54977e+03     8.25309e+03
    2.20943e+04    -3.48276e+03     2.76138e+04
    9.33819e+03    -4.01381e+04    -1.40467e+04
    1.10491e+04     1.14275e+04    -3.02167e+04
   -2.30334e+04     1.50991e+04    -1.29586e+04
    1.80552e+04    -9.45574e+03     5.68628e+03
    1.02745e+04     2.20354e+04    -3.23894e+03
    3.38222e+03    -2.35960e+03    -5.63205e+03
   -7.08871e+03    -3.79188e+03    -3.76213e+04
   -9.27582e-01    -7.23312e+03    -5.95655e+02
   -1.76453e+04    -3.43396e+04     2.52370e+04
    1.61702e+03     1.55641e+04    -1.58319e+04
    5.87562e+03     6.81789e+03    -2.21337e+03
    1.17295e+02     5.60876e+03     1.27591e+04
   -4.87137e+03     2.32749e+03    -1.90944e+04
   -1.13896e+04    -7.40478e+03    -2.32093e+04
    6.33149e+03     3.10145e+04     2.17257e+03
   -2.80779e+03     4.73844e+03    -1.87833e+04
   -2.94704e+04    -1.91762e+04     1.38527e+04
   -3.05221e+04    -1.59079e+04     2.48898e+03
   -9.37694e+03     2.07477e+04     2.14154e+03
   -1.13090e+04     1.38268e+03    -8.69251e+03
    5.38363e+03    -2.07946e+04    -9.28881e+03
    1.09734e+04    -8.66881e+03    -7.28475e+03
    1.14967e+04     6.39502e+03    -2.06373e+03
   -1.63365e+04    -3.89447e+03     9.98086e+03
    2.36096e+04    -4.54774e+03     4.17744e+03
   -2.57611e+03     4.49089e+03     5.77108e+03
    4.80387e+03    -3.24848e+03    -1.74973e+04
    2.64685e+04     1.11847e+04     3.53795e+03
   -7.10884e+03    -3.21257e+04     1.23204e+04
   -7.16644e+03    -3.82099e+04     5.06454e+03
   -6.69460e+03     3.59049e+03     1.54961e+04
   -8.72315e+03    -1.21684e+04     2.36132e+04
    8.58661e+03    -1.28141e+04    -3.35255e+04
   -2.22469e+03    -2.94596e+03     6.72558e+03
    3.40960e+04    -7.69491e+03    -1.97952e+04
    2.16637e+04     1.13052e+04     5.33458e+03
    2.30858e+04    -3.18751e+04     1.11395e+04
    9.90819e+03    -2.11241e+03     6.01314e+03
   -6.33235e+03    -3.71494e+02     2.29222e+04
    6.68465e+03    -5.77210e+03    -1.72893e+04
   -9.24606e+03    -1.14763e+03    -1.44585e+04
    1.58111e+04    -5.18434e+03     3.60780e+03
   -3.68920e+04     7.97390e+03     4.99299e+03
   -1.15193e+04    -3.09563e+03     1.95469e+04
   -4.36222e+03     3.49235e+03     5.61060e+03
   -2.21159e+03     1.72035e+04    -5.03812e+03
    1.51029e+03    -7.26935e+03    -1.16859e+04
    2.15604e+04     3.09073e+02     1.15264e+04
   -3.65228e+04    -2.62465e+04    -1.47509e+04
    8.25066e+03    -2.57267e+04    -3.62845e+04
    1.12083e+04    -4.15348e+03     1.67383e+04
   -4.36586e+04    -5.79542e+03     3.02562e+03
    1.87137e+04    -2.09656e+04    -2.61258e+04
   -6.62792e+01    -2.39668e+03     4.93341e+03
   -1.31231e+04     2.76866e+03     2.32075e+04
    8.13794e+03    -1.16001e+04    -9.98700e+03
   -3.09990e+03     2.19445e+02    -1.22990e+04
    2.66577e+04    -1.08276e+04     3.53756e+04
    1.58805e+04     3.22053e+04     1.14171e+04
    1.46133e+04     5.19066e+03    -1.16170e+04
   -2.84536e+04     2.63322e+04    -2.32590e+03
   -1.10047e+04    -7.07852e+03    -1.84778e+03
   -2.45508e+04    -2.99721e+04     2.43993e+04
   -1.77704e+04    -1.15462e+04    -8.73042e+03
    2.34973e+04    -1.83510e+04     4.50764e+03
    4.76650e+02     8.75971e+03     2.59541e+04
    1.31072e+04     2.55961e+03    -5.37429e+03
   -4.38773e+03     8.52413e+03     9.37467e+03
    5.68186e+03     7.16902e+03     1.07890e+04
   -1.69979e+04     1.35628e+04    -4.27728e+03
   -3.00321e+03     2.16626e+03     1.65498e+04
   -4.22734e+04    -6.53320e+03    -1.18936e+04
    5.80891e+03    -2.18085e+03    -9.79033e+03
   -3.90880e+03    -1.53468e+04     3.36521e+04
   -5.82839e+03     7.25458e+03     9.85760e+03
   -1.82075e+04     8.47720e+03     7.48325e+03
   -1.98106e+04    -9.83037e+03     8.33952e+03
    1.67887e+04    -7.46193e+03     1.26316e+04
    1.13196e+03     5.25259e+03    -3.96471e+03
   -1.58541e+04    -3.36374e+04    -1.00512e+04
    2.16722e+03    -3.26012e+04    -1.04810e+04
   -1.93997e+04    -6.40990e+02     9.52164e+03
   -2.63763e+04    -3.61577e+03    -7.53873e+03
    1.67696e+04    -2.26576e+04    -1.22093e+04
    2.16789e+04    -2.24783e+04     1.64981e+04
    7.41315e+03    -1.52399e+04    -8.42473e+03
    1.26866e+03    -7.15630e+03    -5.85187e+03
   -3.22406e+04     2.88673e+04    -2.69069e+03
    3.41445e+04    -8.91572e+03    -1.07639e+04
   -3.44559e+03    -3.11664e+04     1.00327e+04
   -2.40754e+04    -4.22894e+03     1.26374e+04
   -9.33228e+03    -1.28460e+03     2.25935e+04
   -1.07167e+04     3.59404e+04    -8.84291e+03
    2.74209e+04    -3.33903e+04    -1.28819e+04
   -4.92328e+03    -1.48281e+03    -5.30102e+03
    1.55774e+04     1.28351e+04    -5.99047e+03
    1.08756e+04     3.13352e+03     8.53793e+03
    1.29570e+03    -8.68324e+03     1.83845e+03
    3.69292e+04     1.16509e+04    -1.46398e+04
   -2.23876e+03    -3.31023e+04    -1.31970e+04
   -1.42069e+04     8.61268e+03     1.50964e+03
   -1.10719e+04    -2.14871e+03    -1.17418e+04
    9.69859e+03    -1.70686e+04     1.21768e+04
   -7.15734e+03    -9.00578e+03     3.22563e+04
    1.85625e+04    -3.12854e+04     2.58679e+04
   -2.24338e+04     1.04479e+04    -8.62263e+03
   -6.68527e+03    -2.85261e+04    -3.53120e+03
   -1.98916e+04    -1.40873e+04    -3.73826e+04
   -1.20882e+04     1.68333e+04    -3.63482e+04
    1.18282e+04     3.77549e+03    -8.96204e+03
   -3.20029e+04    -3.26405e+04    -6.68859e+03
   -1.07940e+04     6.24908e+03     9.95073e+03
    3.38080e+03     3.87293e+04     1.00477e+04
    1.49861e+04    -1.45796e+04    -2.63475e+04
   -2.73953e+04     2.88338e+04     2.25173e+04
    1.10294e+04     6.12226e+03    -1.08323e+04
   -2.70956e+04    -1.46266e+04    -5.96505e+03
   -1.73378e+04     1.06352e+04    -8.78815e+03
   -2.08786e+04     3.76010e+04     5.11008e+02
   -3.71988e+04    -2.52835e+04     1.36980e+04
   -6.91410e+03     2.70807e+04     1.93634e+04
    7.69794e+03    -6.21443e+03    -2.46488e+04
   -1.06427e+04     1.41436e+04     2.15785e+04
   -1.73113e+04     4.39291e+04     1.85986e+03
   -5.92748e+02     7.59141e+03    -3.86960e+02
   -2.38828e+03    -1.40465e+04     2.20885e+03
    7.44888e+03     1.90870e+04     4.14387e+03
   -5.60850e+03     1.58051e+04    -1.35453e+04
   -2.28114e+03    -1.44499e+04    -3.50745e+03
   -6.40948e+03     2.39619e+04     3.16693e+04
   -1.59446e+04    -5.20808e+03    -4.44997e+04
   -1.44609e+04    -1.44933e+04     4.05300e+04
    2.68197e+04     2.57343e+03    -1.74280e+04
    7.43669e+03     2.32139e+04     2.21606e+04
   -3.33514e+04     1.10590e+04     2.55968e+04
    1.39074e+04    -1.62307e+04    -1.68689e+04
   -3.75785e+04    -1.85959e+04     1.29060e+04
   -6.32418e+03     2.60071e+04     1.32166e+04
   -1.09755e+04     1.32362e+04    -2.39790e+04
    1.05912e+03     4.15032e+02    -7.16609e+03
    1.85628e+04    -1.16076e+04     6.71962e+03
    1.91769e+04     6.76405e+03    -3.49673e+04
    1.96803e+04    -5.56910e+03    -2.77246e+04
   -7.01522e+03    -4.68280e+04    -1.36706e+03
    3.31682e+04     1.36897e+03    -2.13059e+03
    4.06127e+03     1.58721e+04     1.19274e+04
    4.49749e+03     8.38953e+02     6.06787e+03
   -4.14124e+03    -1.30253e+04     2.00926e+04
    9.66888e+03    -2.00913e+04    -2.44369e+04
   -1.17406e+04     3.92808e+04     2.01946e+04
   -2.49136e+04    -7.32277e+02    -1.30198e+04
   -1.41478e+04    -1.68479e+04    -3.33483e+04
   -2.07895e+04     1.66717e+04    -2.90119e+04
    3.97871e+04    -3.02530e+03     2.35524e+04
    2.51470e+03    -5.51832e+03    -1.90181e+04
   -9.25368e+03     2.81123e+03    -1.19150e+04
    3.10525e+04    -1.97765e+04    -2.56925e+04
   -3.23943e+04    -2.66190e+04    -2.58316e+03
    1.04616e+03    -2.79914e+04     2.59823e+04
    1.21349e+04     2.32861e+04     9.83982e+03
   -2.04208e+03    -8.78219e+03    -2.94236e+04
   -6.93774e+03    -1.40677e+04     4.18457e+04
    1.18322e+04     3.79599e+04    -1.29171e+04
   -3.84683e+04     2.86005e+03     2.76792e+04
    1.62830e+04     6.18583e+03     1.97022e+04
   -1.75772e+03     1.55521e+04     1.60940e+04
    1.27761e+04    -1.34157e+04    -1.25877e+04
    1.10336e+04    -5.78580e+03     5.88530e+03
   -1.48702e+04    -2.23035e+03     1.43325e+04
    1.17025e+04    -1.07949e+04    -3.58959e+03
   -2.18064e+04     1.08248e+04    -1.02742e+04
    5.41967e+03     2.85957e+04     1.35949e+04
    1.69481e+04     1.04062e+04     3.31602e+04
    4.36571e+03     1.27234e+04     7.15023e+03
    1.42906e+04     2.97310e+04    -2.08473e+03
    9.59368e+03     1.05550e+04     1.05195e+04
   -9.68127e+02     1.72044e+04    -1.49387e+04
   -6.44144e+03     2.60369e+04    -5.68926e+03
    8.46560e+03    -8.08019e+03    -8.20898e+03
   -8.55036e+03    -1.19839e+04     5.38923e+03
    1.02246e+04     4.77575e+03     2.26308e+04
    1.56806e+04     2.41330e+04     5.46892e+03
   -1.22210e+04    -1.00905e+04    -4.42318e+04
   -1.44071e+04     6.47707e+03     1.40921e+04
   -1.04859e+04     1.78023e+03    -1.43449e+04
   -4.06149e+04     5.19145e+03    -2.02325e+04
    2.40600e+04     1.70447e+04     4.89005e+03
   -2.85146e+04     1.70898e+04     2.17701e+04
    2.36457e+04    -9.25752e+03    -4.34821e+03
   -1.17498e+04    -7.50192e+03     1.58180e+04
   -7.87269e+03     8.28547e+03    -1.91691e+03
    2.94524e+04     2.25372e+04    -3.01776e+04
    1.70192e+04     1.32048e+04    -2.26058e+03
    1.60062e+04    -1.82468e+04    -2.64707e+04
   -1.36025e+04     1.01600e+04    -3.28414e+04
   -1.85340e+04     7.10875e+03     1.77546e+04
    7.20565e+03     1.80475e+04    -1.33466e+04
    1.29361e+04    -3.70425e+03     1.86544e+04
    1.44423e+04     5.33421e+03    -1.68294e+04
   -1.06377e+04     8.48852e+03     2.64068e+03
    4.67586e+03     1.86323e+04     3.48735e+04
   -9.64772e+03     1.87240e+04     7.29545e+02
   -2.21736e+04    -5.73435e+03     1.71835e+03
    1.03379e+04    -4.67896e+03    -1.24026e+04
    2.25191e+04     2.29428e+03     8.47502e+03
   -1.85729e+03     1.35886e+03     2.26060e+04
   -6.58459e+02    -4.22862e+03     1.30153e+04
   -2.10039e+04     4.75289e+03    -1.73384e+04
    3.61369e+03     1.45422e+04     1.20726e+04
    3.99845e+04     2.22409e+04    -1.00677e+04
   -1.47604e+03    -3.50252e+03     2.02814e+03
   -2.12418e+04    -1.91807e+04    -8.79660e+03
    1.72243e+04     5.72610e+03    -1.62137e+04
   -4.87820e+03     2.33671e+04    -3.51167e+04
    2.67836e+02     1.18961e+03     2.29620e+04
    2.77209e+04    -1.24718e+04     1.14100e+04
   -1.81828e+04    -1.94893e+04    -2.41572e+04
   -9.20461e+02     2.03124e+04     1.87962e+04
    5.37706e+03     6.59228e+02    -1.17779e+04
    1.64010e+03    -4.00954e+03     1.20287e+04
    1.17565e+04     1.48081e+04     2.85813e+04
    6.18184e+03     1.43770e+04     1.07332e+04
    3.28822e+02     2.07996e+04     8.22172e+03
   -2.14322e+04    -1.34982e+04     3.96780e+03
    1.70214e+04     1.95649e+04    -3.45376e+04
    1.79270e+04     3.55585e+04     1.76336e+04
    2.99802e+03     3.30821e+04    -2.27917e+04
   -1.70984e+04    -1.14233e+04     7.65815e+03
    2.89995e+04     9.42564e+03    -1.03374e+03
   -2.06491e+03     6.57337e+03    -8.30607e+03
    2.45082e+04     9.69642e+03    -2.53278e+03
    1.64554e+04     2.47832e+04     1.67052e+04
   -3.63461e+03     2.96169e+04     1.67009e+04
    2.18407e+04     8.27705e+03    -3.08436e+04
   -1.89374e+04    -5.04117e+03     5.60743e+02
    2.66429e+04     1.45448e+04    -3.61024e+04
    3.29106e+04    -2.70977e+04    -1.09539e+04
    2.80840e+04     1.60781e+03     2.42584e+03
    1.65113e+04     2.41697e+04     1.24549e+04
    1.58181e+04    -4.23113e+03     5.43899e+03
   -2.40140e+03    -5.87469e+03     6.65271e+02
   -1.26317e+04     8.51214e+03     1.75583e+04
    1.93898e+04    -1.06391e+04     3.13291e+04
    3.63231e+03     2.70231e+04    -1.07049e+04
    3.89878e+03    -6.11998e+03     5.67500e+03
    1.46312e+04     2.17584e+04     8.48935e+03
    1.59473e+04    -2.64622e+04     1.72655e+04
    1.29504e+04    -2.58376e+04     2.08632e+04
    4.33264e+03    -2.23699e+04    -1.26975e+03
   -4.65341e+03    -2.39366e+03    -1.19314e+04
   -4.11424e+03    -1.07481e+04     2.16006e+04
   -1.29350e+04    -2.68615e+04     2.61476e+04
    1.20161e+04    -7.75968e+03     7.41599e+03
   -1.71862e+04     8.92290e+03     3.81324e+04
   -5.31441e+03    -6.74769e+03     2.58707e+03
    2.06810e+03     1.37348e+04     1.67340e+04
   -1.39351e+04     2.11413e+04     5.90993e+03
   -9.48302e+03    -7.46592e+03    -7.05700e+03
    1.40286e+04    -3.70468e+02     2.16214e+03
    5.36952e+03    -3.09505e+04     9.22631e+03
   -5.67773e+03     1.73808e+04    -1.21395e+04
   -2.35745e+04     2.89114e+04     2.01139e+04
   -2.41113e+04    -1.15752e+04    -1.74784e+04
   -7.95993e+03    -1.26910e+04     1.24282e+04
   -5.94049e+03    -2.48414e+03    -5.31064e+03
    1.60437e+04    -2.89611e+04    -1.52945e+03
   -1.69259e+04    -2.46783e+04    -1.24378e+03
    3.88481e+04    -2.71942e+04     7.54720e+02
   -2.05197e+03    -1.20974e+04     3.15110e+04
   -2.17745e+04     1.83696e+04    -2.13778e+04
   -2.11536e+03    -4.87253e+03     4.50636e+03
    4.94452e+03     7.34953e+03     7.94189e+03
   -1.83346e+04    -3.02080e+04     2.35325e+04
   -5.67816e+03     1.89531e+04    -2.22606e+04
    2.30603e+03     1.32283e+04     1.93641e+04
   -1.89196e+04    -2.86451e+04    -1.25661e+04
    2.62787e+02     1.03044e+04     2.81786e+03
    2.68680e+04    -1.49242e+04     9.06873e+03
    1.97026e+04     1.21328e+04     1.43269e+04
   -2.49353e+04    -2.24604e+04     1.34038e+04
    1.08928e+04     3.01043e+04     5.94769e+03
   -1.92222e+04    -1.33161e+04    -2.07408e+04
   -1.03015e+04    -5.42907e+03     3.69484e+04
   -7.52023e+03     1.39938e+04     1.05394e+04
    5.20143e+03     3.71202e+04     2.44852e+04
    3.07433e+03    -1.29324e+04    -3.88882e+03
    3.70785e+04    -8.42663e+03     2.12453e+04
    3.71660e+04    -6.96965e+03    -2.58466e+04
    2.55305e+04     3.05386e+04     3.46171e+02
    1.74525e+04    -1.06895e+04     2.38282e+04
    1.84287e+04    -1.71317e+04     4.95420e+03
    9.27187e+03     3.20126e+04     1.63959e+04
   -1.20785e+04    -1.87679e+04    -3.63528e+03
    4.55957e+03     9.02619e+02    -7.42809e+03
    1.57760e+04     8.53517e+02    -1.34824e+04
    1.00916e+04     2.76984e+04     3.17539e+03
   -1.63320e+04     3.34536e+03    -1.21353e+04
   -1.52259e+04    -2.62839e+04     1.04082e+04
   -5.57316e+03    -1.76104e+04     8.00796e+03
   -2.01143e+04    -1.13764e+04    -1.84928e+04
   -3.20734e+04     1.27895e+04    -2.90350e+04
    3.42472e+03    -2.32628e+03    -6.29120e+03
    1.33396e+03     3.40987e+04     1.96522e+04
    2.74002e+04    -2.37020e+04    -2.05633e+04
   -2.18115e+04    -2.82064e+04     5.94391e+03
    1.55320e+04     1.64455e+04    -1.22888e+04
    1.03008e+04    -1.15684e+03     2.24693e+04
   -1.05447e+04     1.85166e+03     2.71378e+04
   -6.20945e+03     2.14173e+04    -1.98777e+04
    3.19504e+04     3.14272e+04    -9.31689e+03
   -8.17311e+02    -8.69893e+03    -3.96820e+03
    7.04094e+02    -7.65747e+03     4.59755e+03
   -2.86973e+04    -1.84060e+04     5.82127e+03
   -1.01481e+04     2.42133e+04     1.65283e+03
    1.53641e+04     9.40381e+03     3.25999e+04
   -7.13106e+02     4.82631e+03    -2.50712e+04
    2.30917e+03    -1.73209e+04    -2.01546e+04
    7.34648e+03     1.48222e+04     7.94145e+03
    2.64318e+04    -2.84436e+04     6.67983e+03
    6.97340e+03    -1.02069e+04    -1.08968e+04
    1.75425e+04    -2.96936e+03     2.77870e+04
    6.01786e+03     3.54398e+04     9.39822e+03
   -9.69597e+03     1.86466e+04     1.83074e+04
   -8.57916e+02    -2.38864e+04     7.61216e+03
    1.43632e+04     4.50251e+02     1.71958e+04
   -3.13906e+04    -7.85669e+02    -1.95479e+04
    7.57406e+03    -1.66386e+04    -3.88039e+04
   -1.10424e+04    -4.08141e+04     2.21733e+04
   -1.03665e+04     9.07788e+03     6.55977e+02
    4.66275e+03    -6.05608e+03    -1.37986e+03
   -9.73674e+03     1.00503e+04    -6.76292e+03
    2.49039e+04    -1.01898e+04    -1.12045e+04
   -2.22628e+04     2.67252e+03     8.01025e+03
    1.22254e+04    -5.97464e+03    -2.56391e+04
   -1.42037e+04    -3.00856e+04     1.15666e+04
    1.93658e+04    -1.00336e+04    -1.96359e+04
    1.54005e+03    -1.17547e+04    -5.01604e+03
    3.34484e+04    -2.57334e+04    -3.65424e+02
    6.03905e+03     2.56812e+04     3.54301e+04
   -3.27092e+04     8.18636e+03     2.34464e+04
   -1.77680e+04     9.24086e+03     1.23103e+04
    6.69169e+03     4.09775e+04    -7.08137e+03
   -8.32060e+02    -3.64509e+03     6.02232e+02
   -1.23865e+04     1.13838e+04    -4.24458e+03
    2.02388e+04     4.09955e+04     1.32161e+04
   -8.57961e+03     7.05535e+03     4.60688e+04
   -1.32719e+04    -9.15978e+03    -1.28522e+04
   -4.44873e+03     9.38241e+02     2.53813e+04
    1.30524e+04     4.12596e+04     7.48234e+03
   -2.92600e+04    -5.41600e+03    -2.47327e+03
   -2.44951e+04    -2.50767e+04    -2.82366e+04
    4.02385e+04     7.30670e+03     1.88413e+04
    1.19001e+04    -1.89765e+04    -2.65275e+04
    1.18199e+04    -2.66129e+04     1.36475e+04
   -6.15882e+03     4.88304e+03    -6.12877e+03
   -3.39618e+03    -1.04858e+03     2.60083e+04
   -3.85589e+03    -6.86251e+03    -1.12718e+03
    8.14366e+03     1.32467e+04     2.33367e+03
   -2.94078e+03    -3.44501e+03    -4.97638e+03
   -5.31994e+03    -6.04510e+03     1.52357e+02
   -2.69993e+03     5.54460e+03    -4.12966e+03
    6.87750e+03    -3.98070e+04    -1.18740e+04
   -5.54695e+03    -4.93661e+03    -2.57477e+04
   -2.13453e+04     2.70488e+04    -2.81548e+04
   -1.24736e+04    -8.64478e+03     2.07036e+04
    1.44571e+04    -1.29893e+04    -2.32589e+04
   -4.07227e+04     9.69702e+03     8.90795e+03
    1.03738e+04     7.54348e+03     1.68221e+04
   -3.77593e+03     3.09210e+03    -5.59096e+03
   -1.17327e+04    -2.37764e+04    -1.56040e+04
   -6.77558e+03     2.01353e+03     9.62405e+03
    9.78523e+02    -2.13045e+03     7.43609e+03
   -3.47586e+04    -3.92122e+02    -2.46640e+04
    1.42833e+04     1.32501e+04    -1.56027e+03
    2.56302e+04    -9.33482e+03     3.30986e+04
    8.55928e+03     2.57053e+04     5.03213e+03
   -2.69761e+03    -1.28089e+04    -3.97602e+03
   -1.11336e+03     9.83328e+03     4.05589e+03
   -1.40341e+03    -1.33844e+04     1.14606e+04
   -4.49376e+03    -1.13455e+04     1.33169e+04
   -3.83790e+04    -7.51492e+01     1.92920e+04
   -2.12218e+04    -2.20853e+03    -1.50278e+04
    6.45947e+03    -7.03242e+03    -1.00556e+04
    1.20251e+04    -1.28157e+04     6.40414e+02
   -9.39881e+03    -1.00127e+04     4.49478e+03
   -1.64445e+04    -1.38269e+04     6.92364e+03
   -3.44665e+04    -2.35341e+03    -9.33649e+03
    2.10709e+04    -4.33188e+03    -1.56403e+04
    1.39647e+03     3.84858e+03    -8.72654e+03
    3.51533e+04     9.84550e+03     2.22203e+04
   -6.06723e+03     6.67966e+03     1.07135e+04
   -9.91517e+03    -5.91223e+03    -5.61309e+03
    2.53781e+04    -2.17879e+04     8.65712e+03
   -3.83013e+03    -1.63900e+04    -3.73839e+03
   -9.59853e+03    -2.32396e+03    -1.95652e+04
    2.27423e+04     9.33213e+03     1.47018e+04
   -2.38041e+04     9.83313e+03    -3.88866e+03
    1.09551e+04     2.09245e+04    -1.53986e+04
    3.39708e+04     1.80674e+04    -1.72362e+04
   -4.50708e+02     4.34987e+03    -2.70391e+04
    1.44921e+04     4.37011e+03     9.96656e+03
   -1.74182e+04    -2.08154e+04     3.70971e+04
   -1.45121e+04    -1.75286e+04     2.71019e+03
   -1.21746e+04     1.19540e+04    -9.34869e+03
   -2.90392e+04     2.53740e+04    -1.59602e+04
   -5.45870e+03    -1.52612e+04    -6.53234e+03
    8.10912e+03     1.99127e+04    -5.17891e+03
   -9.03564e+03     9.73326e+03     9.01612e+03
    3.92850e+04    -4.82360e+03    -2.13996e+04
   -1.08679e+04    -6.16679e+03     3.61175e+03
    4.10185e+03     3.30992e+04     2.32568e+04
   -2.12258e+04    -3.34467e+03     7.58810e+03
    1.72729e+04    -1.24146e+04     3.02351e+03
   -3.83498e+04    -3.16259e+03     2.82768e+04
   -1.15694e+04    -2.52838e+04     2.41473e+04
    9.85774e+03     1.76908e+04    -1.94825e+04
    3.64004e+03    -1.04286e+04     1.77769e+04
    3.81988e+04     6.75338e+03     1.62643e+04
   -3.70484e+03     4.88744e+03     3.69734e+04
   -1.15538e+04    -4.34461e+03    -1.02094e+04
    3.32780e+04     9.93906e+03     2.88232e+04
   -1.38765e+04    -2.07280e+04     3.01359e+04
   -1.41191e+04     1.09212e+04    -9.54399e+03
    1.85195e+04    -1.72588e+04    -1.87801e+04
    2.06311e+04    -3.87599e+04    -1.86363e+04
    3.36303e+04     1.14817e+04    -1.23855e+03
    1.23601e+04     3.75139e+04    -2.72749e+04
   -2.14034e+04    -2.54755e+04    -3.03382e+04
    5.77656e+00     2.38357e+04    -1.42703e+04
    1.37767e+02     4.09038e+04     1.11952e+04
   -1.43108e+04    -1.17560e+04    -9.25567e+03
    9.63090e+03     1.98353e+03    -3.74599e+04
   -2.26265e+04    -5.73614e+03    -3.40727e+04
   -6.19697e+03    -7.57613e+03    -2.27037e+04
   -1.66870e+04     1.66537e+04     1.07248e+04
    2.06859e+04     2.55229e+04     5.41206e+03
   -7.20504e+03     3.19904e+04     2.17888e+04
   -5.78459e+03     2.96799e+04     2.26615e+04
    7.46451e+03     3.23557e+04    -7.62418e+03
   -1.41497e+04     2.50311e+04    -1.08254e+04
   -6.86145e+03    -1.33198e+04    -1.13042e+04
    9.05265e+03     2.50502e+03    -1.98413e+04
   -3.08378e+03     1.38449e+04    -7.40007e+03
   -1.44614e+03     1.93266e+04     1.01015e+04
    4.72572e+03     6.72012e+03     5.70844e+03
    1.17862e+04     1.08605e+04    -2.01234e+04
    1.62552e+04    -1.59509e+04    -1.04340e+04
   -2.11207e+04     2.51562e+04     1.53729e+04
   -1.35824e+03     5.39450e+03    -3.05789e+04
   -2.32265e+04    -5.72421e+03    -2.76586e+04
    2.10333e+03     6.19047e+03     1.95040e+03
    2.09044e+04    -2.73920e+04    -7.78308e+03
   -2.34988e+04    -9.80904e+03     5.42457e+03
    7.23641e+03     4.47802e+03    -5.18330e+03
   -1.25955e+04     4.78067e+03    -3.50434e+04
   -1.12805e+02    -1.78127e+04    -1.25657e+04
   -2.22929e+04     2.49058e+04    -1.56141e+04
   -3.04357e+04    -2.32676e+04    -3.60569e+03
    1.15703e+04    -2.69306e+04     1.69667e+04
    1.47583e+04    -2.46042e+03     9.88396e+02
   -2.99982e+04     8.00229e+02    -5.91121e+03
    7.81125e+03    -1.63542e+04     2.87400e+04
    2.30062e+04     1.69293e+04     1.62658e+04
   -6.98737e+02     2.20273e+03    -8.01784e+03
   -3.60430e+04     9.68025e+03    -3.62953e+03
   -2.44855e+04     5.24355e+03     3.31939e+04
    1.31058e+04     3.60949e+03     2.31738e+04
    2.55867e+04    -3.15104e+04    -8.71338e+03
   -2.62463e+04     1.59758e+04    -9.41067e+03
    2.69486e+04    -1.32089e+04    -1.14503e+04
    6.39897e+02     3.32758e+04    -7.70141e+03
    7.71804e+02    -2.80325e+03    -8.16586e+03
   -1.28152e+04    -5.21890e+03    -3.04563e+03
    1.70316e+04     7.53089e+01    -1.40400e+04
    4.25063e+04    -1.93251e+03     8.53689e+03
   -3.63915e+04    -6.12040e+03    -2.08269e+04
    1.76875e+04     3.49025e+04     2.72386e+04
    3.91434e+03     5.74220e+03    -6.97444e+03
   -2.28936e+04    -7.73023e+03    -3.06642e+03
   -8.81690e+02    -1.52782e+04     2.81498e+03
    2.43147e+04     1.60316e+04     2.83248e+04
    4.00746e+02    -2.47021e+04    -3.21647e+03
    1.15910e+04     6.18974e+03    -6.51034e+02
    6.36592e+03     6.22076e+03    -7.10816e+03
   -2.29592e+04     2.15852e+03     3.97311e+04
    2.64820e+03    -3.20394e+04     9.33197e+03
   -4.04330e+04    -3.20346e+03     9.65493e+03
    2.74058e+03     2.33816e+04     1.98416e+04
   -1.47621e+04     1.06236e+04    -4.81151e+03
    2.65727e+04    -2.00856e+04    -1.95312e+04
    1.99109e+03    -2.12193e+04     9.03640e+03
   -3.86812e+04    -5.50853e+02    -7.94466e+02
   -1.35204e+04     1.82741e+04    -3.38133e+03
   -8.57638e+03    -7.43060e+03     1.03982e+04
    7.92046e+03    -1.28677e+04    -6.49153e+03
    3.17108e+04     1.05168e+04    -6.20816e+03
    4.95570e+02     1.84019e+04    -1.63343e+04
   -1.19329e+04     8.63844e+01     2.77715e+04
   -2.29880e+04    -2.23368e+04    -4.75673e+03
    9.70668e+03     4.90107e+03    -7.63076e+03
    2.00796e+04    -2.39595e+04    -2.63440e+04
   -7.12980e+03    -2.43827e+04     1.81102e+04
   -1.47442e+04    -3.36712e+04    -6.21929e+03
    5.20759e+03    -6.98453e+02    -6.98696e+03
   -2.19964e+03    -3.91484e+03    -5.63001e+03
   -1.18040e+04     1.54855e+04     1.88832e+03
   -1.95433e+04     3.44221e+04    -1.19306e+04
    9.53393e+03    -4.31349e+03    -1.83205e+04
   -1.33785e+04    -3.05380e+04     8.89974e+03
    2.66229e+04     5.75902e+03    -1.27422e+04
    9.04320e+03     6.51567e+03     8.67119e+03
   -8.97513e+03    -2.03964e+04     4.56573e+03
   -6.86115e+03    -1.46422e+03     1.48132e+04
   -1.45148e+04    -1.26842e+04     1.18227e+04
   -3.98775e+03    -5.16859e+03     1.04077e+04
    2.08700e+04    -2.17298e+04    -3.15955e+04
   -1.04409e+04    -4.26856e+03     1.16562e+04
    7.03867e+03     9.57105e+03    -1.92962e+04
    1.40700e+03     9.45133e+03    -1.73552e+04
   -3.16814e+04     1.25226e+04    -9.93152e+03
    8.98325e+03     6.18969e+03     5.54723e+02
    2.79444e+04     1.46751e+04    -3.94565e+03
   -1.73051e+04    -3.39109e+04     2.62028e+03
   -3.02897e+04    -8.03171e+03     1.35633e+03
   -2.35039e+04     1.49991e+04     2.17564e+04
   -3.63361e+04     2.76231e+03    -1.42847e+04
   -2.23873e+04    -3.05143e+04     2.14997e+04
   -9.37152e+03    -5.32591e+03     2.56428e+04
   -3.23866e+04     1.35355e+04    -1.10902e+03
    2.16301e+04     2.69082e+04    -5.29663e+02
    3.97741e+03    -1.98799e+04    -1.88328e+04
   -1.37223e+04    -1.55623e+04     1.13773e+03
    2.15920e+03    -4.22805e+03    -5.26510e+03
    3.21683e+03    -9.00013e+03     1.39242e+04
    1.38753e+04    -1.40364e+04     7.91234e+03
    2.70648e+04     3.18803e+03     1.59778e+04
   -8.56222e+03     2.31152e+04     1.22885e+04
    1.01885e+03     1.99308e+04    -2.69767e+04
    4.30815e+03     3.13829e+04    -1.36634e+03
   -1.13467e+04     6.33647e+03     2.34843e+04
    2.53355e+04     3.87044e+04     1.20180e+04
   -4.44061e+03    -1.79279e+03     1.06849e+04
    1.70062e+04    -3.12682e+03    -3.62746e+03
   -1.13048e+04    -3.46883e+04    -2.33596e+04
    5.81906e+02     4.73359e+03    -6.35966e+03
   -8.34963e+03    -1.20721e+04     3.94060e+04
    3.11040e+04    -3.12245e+04     1.68595e+04
    6.80700e+03    -1.02491e+04    -2.53213e+02
   -1.96321e+04    -3.86567e+03    -6.50716e+03
   -4.85183e+03     4.31500e+04     1.12607e+04
   -6.13388e+03     4.64080e+04    -9.95768e+03
   -1.12991e+04     1.19104e+04    -3.41208e+03
   -2.05183e+04    -1.40939e+04    -1.17574e+04
    5.85010e+03     2.50283e+04    -4.21073e+03
    5.70971e+03     3.13935e+04     3.45462e+04
    2.22857e+04     5.01125e+03     2.27431e+04
    7.48702e+03    -6.42979e+03     3.93737e+04
   -1.91876e+04    -1.27997e+04    -5.78919e+03
    1.42203e+04    -5.95889e+03     1.07811e+04
   -2.53608e+04     2.85627e+04     1.62899e+04
   -3.04145e+04    -1.73066e+04    -3.27194e+03
   -1.71937e+03     1.83172e+04    -2.55271e+04
    2.23672e+04    -9.30525e+03     3.09358e+04
    1.92844e+04    -8.82984e+03     3.77965e+04
    1.68728e+03     1.12456e+04     5.06562e+03
    1.89754e+04    -1.62302e+04     1.54394e+04
    2.73356e+04    -7.60773e+03     1.98380e+04
    2.38511e+04    -9.16544e+03    -2.01953e+04
    1.19324e+04     1.23747e+04    -2.07644e+04
   -1.63652e+03     6.50721e+02     2.96154e+04
    9.56604e+03     1.54409e+04    -1.32777e+04
   -4.92481e+03    -9.93886e+03     1.92322e+04
    2.93910e+04    -1.48514e+04    -1.98686e+03
    2.85649e+04    -1.15833e+04    -1.86385e+04
   -1.12349e+04     1.85854e+04     1.30130e+04
    1.33038e+04    -5.77267e+03    -7.78226e+03
    5.73263e+03    -1.56016e+04    -5.20723e+03
    2.00754e+04     1.53818e+04    -2.92863e+03
   -1.40634e+02    -3.60073e+03     1.36753e+03
   -3.52779e+04    -2.56701e+04     4.01916e+03
    4.31622e+04    -2.93952e+03     1.62563e+04
    1.20992e+04     2.18234e+02     3.98110e+03
    7.77496e+03    -1.61924e+04    -2.89300e+04
   -8.55217e+02     2.03283e+04     2.02750e+04
    2.21578e+03    -1.46162e+04     1.05799e+04
    3.41281e+03     5.80238e+03    -1.95371e+03
    9.24214e+03    -2.36884e+04     2.84322e+04
    1.92509e+04    -4.33379e+02     3.20937e+04
   -3.40622e+04     2.15166e+04     2.43755e+04
    6.53958e+03    -1.46995e+04     5.23552e+02
   -1.80089e+04     5.35741e+03    -1.94702e+03
   -2.26382e+04    -1.93109e+04    -1.29131e+04
   -3.36367e+04    -2.95174e+04    -1.03863e+04
    2.77689e+04     1.14792e+04     2.21870e+04
    2.62043e+04    -6.93140e+03     3.63450e+04
    5.66190e+02     3.62616e+04     1.92089e+03
   -3.34985e+03    -1.66545e+03     4.68254e+03
    1.60900e+04     4.43984e+04    -6.92478e+03
   -3.01198e+04     9.12273e+03    -1.05469e+04
   -4.15353e+04     1.80479e+04    -7.63880e+03
    1.39295e+04     5.76321e+03    -2.78620e+03
    2.13146e+03    -2.41415e+03     6.09423e+03
    6.59157e+02     3.50812e+03    -1.32900e+04
    5.48385e+03    -9.67916e+03     5.84904e+03
    1.41309e+03     1.80745e+04    -1.96432e+04
    1.00980e+04    -1.64078e+04     1.41745e+04
   -3.35097e+04     1.73992e+04     2.41950e+04
    2.08488e+04     1.93399e+04     2.07474e+04
   -4.50771e+03     2.38569e+04     1.55078e+04
   -1.99457e+04     3.06262e+04    -2.00647e+04
    1.49692e+04     3.00093e+04     3.30963e+04
    7.08515e+03    -3.79092e+03    -1.02286e+04
    8.51246e+02     9.67848e+02    -8.39613e+03
    7.11079e+03     9.70405e+03     1.51702e+04
   -3.59738e+04     5.62939e+03     1.94335e+04
   -2.10877e+04     2.54868e+04    -1.11200e+04
   -3.82063e+04    -1.69019e+04    -1.72972e+04
    2.32260e+04     2.90763e+04    -1.78908e+04
   -6.69855e+03     4.32785e+03     3.80366e+04
   -7.22932e+03    -3.48356e+03    -4.44002e+04
    1.85824e+03     1.82160e+04    -1.47843e+04
   -1.69371e+04     3.20891e+03     1.02668e+04
   -2.53108e+03    -5.36418e+03     2.16158e+03
   -2.46803e+04    -2.74156e+04     1.54998e+04
    1.24019e+04     2.80059e+04     1.62937e+04
   -2.74580e+04    -1.08206e+04     9.74370e+02
    7.22673e+03     1.91001e+04    -1.41194e+04
   -2.85191e+03    -1.95806e+04    -3.11447e+04
   -3.60787e+04    -9.93599e+03     5.13173e+01
    2.04670e+03     4.06751e+03    -3.30708e+04
    2.80737e+04     3.12545e+03    -2.58103e+04
    1.69334e+02     1.10076e+04    -1.15477e+04
   -2.75771e+03    -8.56072e+02     8.47776e+03
   -3.56800e+04    -1.66461e+04    -7.10565e+03
   -6.48831e+03    -4.32858e+03    -7.67638e+02
    2.00833e+04    -3.04295e+04     1.69542e+04
    2.27521e+02    -6.73135e+03     3.42199e+03
    3.73103e+03     1.46882e+04     2.53772e+04
    9.41736e+02     1.03155e+04     7.48634e+03
   -6.77798e+03    -2.24158e+04     3.38987e+04
   -3.17176e+04    -5.25225e+01     2.35458e+04
    6.76181e+03     1.24034e+04    -2.97827e+04
   -2.24921e+04     2.99777e+03    -3.06137e+03
   -5.69709e+03    -1.41957e+04    -2.23455e+03
   -5.01812e+02     9.63965e+03    -1.55636e+02
   -2.67866e+04    -8.68047e+03    -4.62851e+03
   -6.96323e+03     1.72125e+04    -2.54034e+04
    1.87840e+03     7.88677e+03     8.31231e+03
    2.06278e+04    -4.45016e+03    -3.41722e+04
    8.31049e+03     6.09288e+03    -1.86288e+03
   -8.22868e+03     4.44580e+04     3.42109e+03
   -2.85724e+04    -1.73630e+04     5.41236e+03
   -3.08978e+04     1.77959e+04    -2.68422e+01
    3.41373e+04    -3.23066e+04     2.83046e+03
   -7.01985e+03    -8.02976e+03    -1.30742e+04
    5.12425e+03    -4.09249e+03    -1.14122e+04
   -3.51936e+04    -1.35894e+04     1.35912e+04
   -1.17414e+04    -1.88989e+04    -5.87238e+02
   -3.92296e+04     1.46133e+04     1.37153e+03
    3.65314e+03     2.30339e+04    -1.61262e+04
    2.09154e+04     9.43714e+03    -5.14252e+03
   -6.94417e+03    -2.18528e+04    -6.41343e+03
    4.45005e+03    -5.78545e+03    -2.47073e+03
   -1.75682e+04     1.07320e+04     7.05696e+03
   -2.40589e+04    -1.73416e+04    -3.27582e+04
    2.25008e+04    -2.68985e+03     1.04957e+04
   -1.64807e+04     6.70936e+03     1.43323e+04
    1.42356e+04     1.27589e+04    -1.69409e+04
    1.99907e+03     8.76445e+03     1.86070e+03
    3.40719e+04    -5.49074e+03     1.87618e+04
   -1.20693e+04    -2.74059e+03     4.84595e+03
    1.32466e+04     1.05788e+04    -2.04681e+04
   -6.96583e+03    -2.61772e+04    -1.95320e+04
   -1.02308e+03    -4.29656e+03     1.27710e+04
   -8.13724e+03     9.65394e+02     1.92899e+04
   -7.35988e+03     1.59930e+03     1.40560e+04
    4.29543e+04    -8.38179e+03     9.50937e+03
    2.96339e+04     1.30049e+04    -1.55364e+04
    7.31215e+02     1.28073e+04    -3.95500e+04
    2.01321e+04    -7.04385e+03    -2.06605e+04
    2.11955e+02     2.86442e+04     2.25175e+04
    2.87467e+04    -2.66850e+04    -1.41153e+04
   -4.61118e+03     2.10268e+04    -1.94868e+04
   -2.82793e+04    -2.66333e+04    -2.30534e+04
   -7.83844e+03    -6.83476e+03    -2.34756e+03
   -9.52698e+01     4.00195e+04    -1.86725e+04
   -1.93937e+04    -2.25298e+04     2.84310e+04
    1.34924e+04     5.13526e+03     2.16862e+03
    3.07077e+04    -7.05904e+03     3.72122e+03
    2.85230e+03     1.44630e+04     9.15341e+03
    4.22643e+03    -1.08173e+04     1.69629e+04
   -3.15026e+03     9.13707e+03    -1.42689e+04
   -3.40069e+03    -8.16045e+03    -1.80699e+03
    2.11597e+04     1.61280e+04    -3.70062e+03
   -2.33129e+04     3.60905e+04    -1.04865e+04
   -2.41724e+04     3.79040e+03    -2.91814e+03
   -2.79217e+04     1.32209e+04    -1.56997e+04
    1.66834e+02    -7.57248e+03     6.92631e+03
   -1.64428e+04    -7.57251e+03    -2.97375e+04
    2.84284e+04     2.86043e+03    -2.48731e+04
    1.08979e+04    -3.00494e+04    -5.26766e+03
   -6.02290e+03    -2.21173e+03    -4.67783e+04
   -5.30082e+03    -1.71660e+03    -1.53809e+04
    1.58801e+04    -1.68707e+04     1.77362e+04
   -1.50850e+04     2.12967e+03     5.07778e+03
    1.20182e+03    -1.58735e+04     7.42748e+03
   -2.17365e+04     1.24616e+04    -1.11080e+04
    4.02573e+02    -2.32224e+03     6.42557e+03
    1.73378e+03     2.51517e+04    -1.80497e+02
    1.31400e+03     8.12412e+03    -3.28993e+03
   -1.61070e+04    -4.32291e+02     1.00422e+04
    2.18910e+04    -1.73749e+04    -2.24959e+04
   -5.86106e+03     4.89648e+03    -4.17569e+03
   -2.92544e+03    -4.16236e+04    -2.31436e+04
   -1.99447e+04    -7.31914e+03    -2.73058e+04
   -6.35673e+03    -7.97850e+03     3.44807e+03
    4.96703e+03    -4.54672e+04     1.18054e+04
    2.40485e+04     2.06969e+04    -2.82140e+04
   -4.58505e+03     2.39251e+04     1.94474e+04
    1.22413e+03    -4.00886e+03    -7.37022e+03
    4.33109e+03     2.95860e+04    -6.33188e+03
   -2.93999e+04    -1.99944e+04    -2.83295e+04
    1.13696e+02     5.81967e+03     1.73171e+04
   -1.81466e+04    -3.24585e+04    -2.83396e+04
    9.86649e+03    -7.06613e+03    -1.13182e+04
   -8.95664e+03    -1.01131e+04     1.72106e+04
   -4.52853e+03     1.16052e+04     4.24014e+03
    2.61937e+04    -5.52501e+03    -2.27311e+04
    1.12204e+04     2.89763e+03    -1.11846e+04
    4.72877e+04    -2.81307e+03     6.15251e+02
   -1.94946e+04    -7.94887e+02     1.04318e+04
    2.38406e+04    -1.61733e+03     4.02221e+04
    1.59531e+03    -2.90174e+03    -8.30279e+03
   -2.43168e+04     8.39807e+03     3.07998e+03
   -1.57973e+02     2.38315e+03     6.62442e+03
   -1.22701e+03    -2.66991e+02     6.33907e+03
   -1.77792e+03     2.79903e+03    -1.08595e+04
    1.06108e+04     2.80861e+04     9.36300e+02
   -2.60569e+04     3.71395e+03     5.41480e+03
    2.79757e+03     1.18093e+04    -3.88037e+03
    1.37755e+03    -1.99683e+04     1.86601e+04
    5.61390e+03    -3.30168e+04     7.93695e+03
   -5.49170e+03     1.46646e+04    -2.22526e+04
    4.31151e+04     1.15908e+02     1.94516e+04
   -9.47465e+03    -1.17645e+04     1.40755e+04
